/*******************************************************************************
 * Size: 14 px
 * Bpp: 1
 * Opts: --font SourceHanSansSC-Regular.ttf --size 14 --bpp 1 --format lvgl -r 0x20-0x7E,0x4E00-0x9FFF --output ../my_chinese_font.c
 ******************************************************************************/

#ifdef LV_LVGL_H_INCLUDE_SIMPLE
#include "lvgl.h"
#else
#include "lvgl.h"
#endif

#ifndef MY_CHINESE_FONT
#define MY_CHINESE_FONT 1
#endif

#if MY_CHINESE_FONT

/*-----------------
 *    BITMAPS
 *----------------*/

/*Store the image of the glyphs*/
static LV_ATTRIBUTE_LARGE_CONST const uint8_t glyph_bitmap[] = {
    /* U+0020 " " */
    0x0,

    /* U+0022 "\"" */
    0x99, 0x99,

    /* U+0023 "#" */
    0x49, 0x24, 0xbf, 0x49, 0x24, 0xbf, 0x52, 0x49,
    0x0,

    /* U+0024 "$" */
    0x23, 0xa3, 0x8, 0x61, 0xc3, 0x8, 0x62, 0xe2,
    0x0,

    /* U+0025 "%" */
    0x70, 0x8d, 0x90, 0x89, 0x8, 0xa0, 0x8a, 0xed,
    0xdb, 0x75, 0x10, 0x91, 0x9, 0x10, 0x9b, 0x10,
    0xe0,

    /* U+0026 "&" */
    0x38, 0x22, 0x11, 0x9, 0x87, 0x3, 0x7, 0xc5,
    0x32, 0x8e, 0x67, 0x9e, 0x60,

    /* U+0027 "'" */
    0xf0,

    /* U+0028 "(" */
    0x29, 0x29, 0x24, 0x92, 0x24, 0x88,

    /* U+0029 ")" */
    0x89, 0x22, 0x49, 0x24, 0xa4, 0xa0,

    /* U+002A "*" */
    0x25, 0x1c, 0xe1, 0x0,

    /* U+002B "+" */
    0x10, 0x20, 0x47, 0xf1, 0x2, 0x4, 0x0,

    /* U+002C "," */
    0xf6, 0x0,

    /* U+002D "-" */
    0xf0,

    /* U+002E "." */
    0xf0,

    /* U+002F "/" */
    0x8, 0x42, 0x21, 0x8, 0x84, 0x22, 0x10, 0x84,
    0x40,

    /* U+0030 "0" */
    0x31, 0x28, 0x61, 0x86, 0x18, 0x61, 0x85, 0x23,
    0x0,

    /* U+0031 "1" */
    0x63, 0x82, 0x8, 0x20, 0x82, 0x8, 0x20, 0x8f,
    0xc0,

    /* U+0032 "2" */
    0x7b, 0x30, 0x41, 0x4, 0x20, 0x84, 0x21, 0x8f,
    0xc0,

    /* U+0033 "3" */
    0x78, 0x98, 0x10, 0x20, 0xc7, 0x1, 0x1, 0x3,
    0x8d, 0xf0,

    /* U+0034 "4" */
    0xc, 0x18, 0x51, 0xa2, 0x4c, 0xb1, 0x7f, 0x4,
    0x8, 0x10,

    /* U+0035 "5" */
    0x7c, 0x81, 0x2, 0x7, 0xc8, 0xc0, 0x81, 0x3,
    0x89, 0xe0,

    /* U+0036 "6" */
    0x39, 0x8, 0x20, 0xbb, 0x38, 0x61, 0x85, 0x33,
    0x80,

    /* U+0037 "7" */
    0xfc, 0x20, 0x84, 0x10, 0x42, 0x8, 0x20, 0x82,
    0x0,

    /* U+0038 "8" */
    0x39, 0x14, 0x51, 0x28, 0xe4, 0xe1, 0x87, 0x37,
    0x80,

    /* U+0039 "9" */
    0x73, 0x28, 0x61, 0x87, 0x37, 0x41, 0x8, 0x27,
    0x0,

    /* U+003A ":" */
    0xf0, 0xf,

    /* U+003B ";" */
    0xf0, 0xf, 0x60,

    /* U+003C "<" */
    0x2, 0x1c, 0xc6, 0x6, 0x3, 0x81, 0x80,

    /* U+003D "=" */
    0xfc, 0x0, 0x3f,

    /* U+003E ">" */
    0x1, 0xc0, 0xe0, 0x31, 0xcc, 0x20, 0x0,

    /* U+003F "?" */
    0x79, 0x10, 0x41, 0x8, 0x43, 0xc, 0x0, 0xc3,
    0x0,

    /* U+0040 "@" */
    0xf, 0x81, 0x6, 0x20, 0x24, 0x1, 0xc7, 0x18,
    0x91, 0x91, 0x19, 0x11, 0x93, 0x2c, 0xdc, 0x40,
    0x2, 0x0, 0x1f, 0x0,

    /* U+0041 "A" */
    0x18, 0x18, 0x14, 0x34, 0x24, 0x26, 0x62, 0x7e,
    0x43, 0x41, 0xc1,

    /* U+0042 "B" */
    0xf9, 0x1a, 0x14, 0x28, 0xdf, 0x21, 0xc1, 0x83,
    0xf, 0xf0,

    /* U+0043 "C" */
    0x3c, 0xc5, 0x4, 0x8, 0x10, 0x20, 0x40, 0x40,
    0xc4, 0xf0,

    /* U+0044 "D" */
    0xf9, 0x1a, 0x14, 0x18, 0x30, 0x60, 0xc1, 0x85,
    0x1b, 0xe0,

    /* U+0045 "E" */
    0xfe, 0x8, 0x20, 0x83, 0xe8, 0x20, 0x82, 0xf,
    0xc0,

    /* U+0046 "F" */
    0xfe, 0x8, 0x20, 0x83, 0xe8, 0x20, 0x82, 0x8,
    0x0,

    /* U+0047 "G" */
    0x1e, 0x61, 0x40, 0x80, 0x80, 0x87, 0x81, 0x81,
    0x41, 0x61, 0x1e,

    /* U+0048 "H" */
    0x83, 0x6, 0xc, 0x18, 0x3f, 0xe0, 0xc1, 0x83,
    0x6, 0x8,

    /* U+0049 "I" */
    0xff, 0xe0,

    /* U+004A "J" */
    0x8, 0x42, 0x10, 0x84, 0x21, 0xc, 0x5c,

    /* U+004B "K" */
    0x85, 0x1a, 0x64, 0x8b, 0x1e, 0x36, 0x44, 0x8d,
    0xa, 0x8,

    /* U+004C "L" */
    0x82, 0x8, 0x20, 0x82, 0x8, 0x20, 0x82, 0xf,
    0xc0,

    /* U+004D "M" */
    0xc3, 0xc3, 0xc3, 0xa5, 0xa5, 0xa5, 0x95, 0x99,
    0x99, 0x99, 0x81,

    /* U+004E "N" */
    0x83, 0x87, 0x8d, 0x1b, 0x32, 0x66, 0xc5, 0x8f,
    0xe, 0x18,

    /* U+004F "O" */
    0x3e, 0x31, 0x90, 0x50, 0x18, 0xc, 0x6, 0x3,
    0x1, 0x41, 0x31, 0x8f, 0x80,

    /* U+0050 "P" */
    0xf9, 0xe, 0xc, 0x18, 0x30, 0xbe, 0x40, 0x81,
    0x2, 0x0,

    /* U+0051 "Q" */
    0x3e, 0x31, 0x90, 0x50, 0x18, 0xc, 0x6, 0x3,
    0x1, 0x41, 0x1b, 0x83, 0x1, 0x80, 0x38,

    /* U+0052 "R" */
    0xfd, 0xe, 0xc, 0x18, 0x7f, 0xa6, 0x46, 0x85,
    0xe, 0x8,

    /* U+0053 "S" */
    0x7a, 0x18, 0x20, 0x60, 0xe0, 0xc1, 0x6, 0x37,
    0x80,

    /* U+0054 "T" */
    0xff, 0x10, 0x10, 0x10, 0x10, 0x10, 0x10, 0x10,
    0x10, 0x10, 0x10,

    /* U+0055 "U" */
    0x83, 0x6, 0xc, 0x18, 0x30, 0x60, 0xc1, 0x82,
    0x88, 0xe0,

    /* U+0056 "V" */
    0xc1, 0xc3, 0x42, 0x42, 0x66, 0x24, 0x24, 0x24,
    0x1c, 0x18, 0x18,

    /* U+0057 "W" */
    0xc6, 0x14, 0x63, 0x46, 0x24, 0x72, 0x65, 0x26,
    0x92, 0x29, 0x62, 0x9c, 0x28, 0xc3, 0xc, 0x30,
    0xc0,

    /* U+0058 "X" */
    0x42, 0x66, 0x24, 0x34, 0x18, 0x18, 0x18, 0x24,
    0x24, 0x42, 0xc3,

    /* U+0059 "Y" */
    0xc2, 0x89, 0x11, 0x42, 0x85, 0x4, 0x8, 0x10,
    0x20, 0x40,

    /* U+005A "Z" */
    0xfe, 0xc, 0x30, 0x41, 0x82, 0x8, 0x10, 0x41,
    0x83, 0xf8,

    /* U+005B "[" */
    0xf2, 0x49, 0x24, 0x92, 0x49, 0xc0,

    /* U+005C "\\" */
    0x82, 0x10, 0x84, 0x10, 0x84, 0x10, 0x84, 0x10,
    0x84,

    /* U+005D "]" */
    0xe4, 0x92, 0x49, 0x24, 0x93, 0xc0,

    /* U+005F "_" */
    0xff,

    /* U+0060 "`" */
    0x19, 0x90,

    /* U+0061 "a" */
    0x78, 0x10, 0x4f, 0xc6, 0x18, 0xdd,

    /* U+0062 "b" */
    0x82, 0x8, 0x2e, 0xce, 0x18, 0x61, 0x86, 0x2f,
    0x0,

    /* U+0063 "c" */
    0x39, 0x8, 0x20, 0x82, 0x4, 0xe,

    /* U+0064 "d" */
    0x2, 0x4, 0x9, 0xf4, 0x70, 0x60, 0xc1, 0x82,
    0x8c, 0xe8,

    /* U+0065 "e" */
    0x39, 0x38, 0x7f, 0x82, 0x4, 0xe,

    /* U+0066 "f" */
    0x3a, 0x11, 0xe4, 0x21, 0x8, 0x42, 0x10,

    /* U+0067 "g" */
    0x7f, 0xa, 0x16, 0x67, 0x90, 0x20, 0x3e, 0x83,
    0xd, 0xf0,

    /* U+0068 "h" */
    0x82, 0x8, 0x2e, 0xc6, 0x18, 0x61, 0x86, 0x18,
    0x40,

    /* U+0069 "i" */
    0x9f, 0xe0,

    /* U+006A "j" */
    0x20, 0x12, 0x49, 0x24, 0x93, 0x80,

    /* U+006B "k" */
    0x82, 0x8, 0x22, 0x9a, 0xca, 0x34, 0x9a, 0x28,
    0xc0,

    /* U+006C "l" */
    0xaa, 0xaa, 0xac,

    /* U+006D "m" */
    0xb9, 0xd8, 0xc6, 0x10, 0xc2, 0x18, 0x43, 0x8,
    0x61, 0xc, 0x21,

    /* U+006E "n" */
    0xbb, 0x18, 0x61, 0x86, 0x18, 0x61,

    /* U+006F "o" */
    0x38, 0x8a, 0xc, 0x18, 0x30, 0x51, 0x1c,

    /* U+0070 "p" */
    0xbb, 0x38, 0x61, 0x86, 0x18, 0xbc, 0x82, 0x8,
    0x0,

    /* U+0071 "q" */
    0x3e, 0x8e, 0xc, 0x18, 0x30, 0x51, 0x9d, 0x2,
    0x4, 0x8,

    /* U+0072 "r" */
    0xbc, 0x88, 0x88, 0x88,

    /* U+0073 "s" */
    0x74, 0x20, 0xc1, 0x86, 0x3e,

    /* U+0074 "t" */
    0x44, 0xf4, 0x44, 0x44, 0x43,

    /* U+0075 "u" */
    0x86, 0x18, 0x61, 0x86, 0x18, 0xdd,

    /* U+0076 "v" */
    0xc2, 0x8d, 0x13, 0x22, 0xc5, 0xe, 0xc,

    /* U+0077 "w" */
    0x44, 0x68, 0xc9, 0x29, 0x35, 0x22, 0xa4, 0x53,
    0xc, 0x61, 0x8c,

    /* U+0078 "x" */
    0x44, 0xd8, 0xa0, 0xc3, 0x85, 0x13, 0x62,

    /* U+0079 "y" */
    0xc2, 0x8d, 0x11, 0x22, 0xc5, 0x6, 0xc, 0x10,
    0x61, 0x80,

    /* U+007A "z" */
    0x7c, 0x21, 0x84, 0x31, 0x84, 0x3f,

    /* U+007B "{" */
    0x69, 0x24, 0x94, 0x49, 0x24, 0xc0,

    /* U+007C "|" */
    0xff, 0xff,

    /* U+007D "}" */
    0xc9, 0x24, 0x91, 0x49, 0x25, 0x80,

    /* U+007E "~" */
    0xe4, 0x70,

    /* U+4E00 "一" */
    0xff, 0xf8,

    /* U+4E01 "丁" */
    0xff, 0xf0, 0x20, 0x2, 0x0, 0x20, 0x2, 0x0,
    0x20, 0x2, 0x0, 0x20, 0x2, 0x0, 0x20, 0x1e,
    0x0,

    /* U+4E03 "七" */
    0x8, 0x0, 0x40, 0x2, 0x0, 0x10, 0x0, 0x9f,
    0x3f, 0x83, 0xa0, 0x1, 0x0, 0x8, 0x0, 0x40,
    0x2, 0x4, 0x10, 0x20, 0xfe, 0x0,

    /* U+4E07 "万" */
    0xff, 0xf0, 0x80, 0x8, 0x0, 0x80, 0xf, 0xe1,
    0x2, 0x10, 0x21, 0x6, 0x30, 0x62, 0x4, 0x40,
    0x48, 0x3c,

    /* U+4E08 "丈" */
    0x1, 0x0, 0x10, 0x1, 0xf, 0xff, 0x1, 0x2,
    0x10, 0x21, 0x1, 0x30, 0x1a, 0x0, 0xe0, 0xe,
    0x3, 0xb8, 0xe0, 0x70,

    /* U+4E09 "三" */
    0x7f, 0xe0, 0x0, 0x0, 0x0, 0x0, 0x3f, 0xc0,
    0x0, 0x0, 0x0, 0x0, 0x0, 0xf, 0xff,

    /* U+4E0A "上" */
    0x2, 0x0, 0x10, 0x0, 0x80, 0x4, 0x0, 0x20,
    0x1, 0xf8, 0x8, 0x0, 0x40, 0x2, 0x0, 0x10,
    0x0, 0x81, 0xff, 0xf0,

    /* U+4E0B "下" */
    0xff, 0xf0, 0x40, 0x4, 0x0, 0x60, 0x7, 0x80,
    0x4c, 0x4, 0x60, 0x40, 0x4, 0x0, 0x40, 0x4,
    0x0, 0x40,

    /* U+4E0D "不" */
    0xff, 0xf0, 0x20, 0x6, 0x0, 0xf0, 0x1f, 0x83,
    0x66, 0x66, 0x3c, 0x61, 0x6, 0x0, 0x60, 0x6,
    0x0, 0x60,

    /* U+4E0E "与" */
    0x10, 0x1, 0x0, 0x1f, 0xf2, 0x0, 0x20, 0x2,
    0x0, 0x3f, 0xf0, 0x1, 0x0, 0x2f, 0xfa, 0x0,
    0x20, 0x2, 0x3, 0xc0,

    /* U+4E10 "丐" */
    0xff, 0xf0, 0x60, 0x6, 0x6, 0x7e, 0x46, 0x4,
    0x60, 0x46, 0x7, 0xff, 0x0, 0x10, 0x2, 0x0,
    0x20, 0x3e,

    /* U+4E11 "丑" */
    0x7f, 0xe0, 0x41, 0x2, 0x8, 0x10, 0x40, 0x82,
    0x3f, 0xf0, 0x20, 0x81, 0x4, 0x18, 0x60, 0xc3,
    0x4, 0x11, 0xff, 0xf0,

    /* U+4E13 "专" */
    0x4, 0x0, 0x40, 0x7f, 0xe0, 0x80, 0xff, 0xf1,
    0x0, 0x10, 0x1, 0xfe, 0x0, 0x40, 0x8, 0x1f,
    0x0, 0x30, 0x0, 0x80,

    /* U+4E14 "且" */
    0x3f, 0xe1, 0x1, 0x8, 0x8, 0x7f, 0xc2, 0x2,
    0x10, 0x10, 0x80, 0x87, 0xfc, 0x20, 0x21, 0x1,
    0x3f, 0xfe,

    /* U+4E16 "世" */
    0x2, 0x21, 0x11, 0x8, 0x88, 0x44, 0x4f, 0xff,
    0x91, 0x10, 0x88, 0x84, 0x44, 0x23, 0xe1, 0x0,
    0x8, 0x0, 0x7f, 0xf0,

    /* U+4E18 "丘" */
    0x0, 0x21, 0xff, 0xc, 0x0, 0x60, 0x3, 0x0,
    0x1f, 0xfc, 0xc1, 0x6, 0x8, 0x30, 0x41, 0x82,
    0xc, 0x11, 0xff, 0xf0,

    /* U+4E19 "丙" */
    0xff, 0xf0, 0x60, 0x6, 0x7, 0xff, 0x44, 0x34,
    0x63, 0x47, 0x34, 0x9b, 0x70, 0xf6, 0x3, 0x40,
    0x34, 0xe,

    /* U+4E1A "业" */
    0x9, 0x0, 0x90, 0x9, 0x8, 0x91, 0x49, 0x24,
    0x92, 0x29, 0x42, 0x94, 0x9, 0x0, 0x90, 0x9,
    0xf, 0xff,

    /* U+4E1B "丛" */
    0x10, 0x40, 0x82, 0x4, 0x30, 0x21, 0x81, 0xc,
    0xc, 0x60, 0xf3, 0x84, 0xb4, 0x21, 0x22, 0x18,
    0xb1, 0x86, 0x0, 0xf, 0xff, 0x80,

    /* U+4E1C "东" */
    0x4, 0x0, 0xc0, 0xff, 0xf1, 0x0, 0x12, 0x2,
    0x20, 0x7f, 0xe0, 0x20, 0x32, 0x42, 0x26, 0x62,
    0x2c, 0x21, 0xe, 0x0,

    /* U+4E1D "丝" */
    0x18, 0x60, 0x82, 0xc, 0x30, 0x49, 0x34, 0xd1,
    0x3c, 0xf0, 0x41, 0x6, 0x18, 0x61, 0x83, 0xef,
    0xc0, 0x1, 0xff, 0xf0,

    /* U+4E22 "丢" */
    0x0, 0x67, 0xf8, 0x4, 0x0, 0x40, 0x7f, 0xe0,
    0x40, 0x4, 0xf, 0xff, 0x8, 0x1, 0x88, 0x30,
    0x47, 0xfe, 0x70, 0x20,

    /* U+4E24 "两" */
    0xff, 0xf0, 0x90, 0x9, 0x7, 0xfe, 0x49, 0x24,
    0x92, 0x59, 0xa5, 0x7e, 0x72, 0x66, 0x42, 0x40,
    0x24, 0xe,

    /* U+4E25 "严" */
    0x7f, 0xf0, 0x90, 0x29, 0x22, 0x96, 0x9, 0x47,
    0xff, 0x40, 0x4, 0x0, 0x40, 0x4, 0x0, 0x40,
    0x8, 0x0, 0x0, 0x0,

    /* U+4E27 "丧" */
    0x2, 0x0, 0x10, 0x1f, 0xfc, 0x44, 0x43, 0x24,
    0x9, 0x3, 0xff, 0xe6, 0x42, 0x33, 0x21, 0x8e,
    0xc, 0x30, 0x7c, 0xe2, 0x0, 0x80,

    /* U+4E2A "个" */
    0x2, 0x0, 0x38, 0x3, 0x60, 0x31, 0x83, 0x26,
    0x61, 0xc, 0x8, 0x0, 0x40, 0x2, 0x0, 0x10,
    0x0, 0x80, 0x4, 0x0, 0x20, 0x0,

    /* U+4E2D "中" */
    0x4, 0x0, 0x80, 0x10, 0x7f, 0xf8, 0x43, 0x8,
    0x61, 0xc, 0x21, 0xff, 0xf0, 0x84, 0x10, 0x2,
    0x0, 0x40,

    /* U+4E30 "丰" */
    0x2, 0x0, 0x10, 0x1f, 0xfc, 0x4, 0x0, 0x20,
    0x3f, 0xf8, 0x8, 0x0, 0x40, 0x2, 0x7, 0xff,
    0xc0, 0x80, 0x4, 0x0, 0x20, 0x0,

    /* U+4E32 "串" */
    0x4, 0x0, 0x83, 0xff, 0x62, 0x2c, 0x45, 0xff,
    0x81, 0x7, 0xff, 0x84, 0x30, 0x87, 0xff, 0xc2,
    0x10, 0x40,

    /* U+4E34 "临" */
    0x22, 0x2, 0x20, 0xa7, 0xfa, 0x40, 0xac, 0x8a,
    0x84, 0xa0, 0xa, 0x7f, 0xa4, 0x9a, 0x49, 0xa4,
    0x92, 0x7f, 0x24, 0x10,

    /* U+4E38 "丸" */
    0x4, 0x0, 0x20, 0x1, 0x0, 0xff, 0x80, 0x44,
    0x2, 0x20, 0xd1, 0x3, 0x8, 0xc, 0x40, 0xd2,
    0x4, 0x12, 0xc0, 0x9c, 0x7, 0x80,

    /* U+4E39 "丹" */
    0x3f, 0xe1, 0x1, 0x9, 0x88, 0x46, 0x42, 0x2,
    0x7f, 0xfc, 0x80, 0x84, 0x4, 0x20, 0x22, 0x1,
    0x30, 0x9, 0x3, 0xc0,

    /* U+4E3A "为" */
    0x24, 0x2, 0x40, 0x14, 0x0, 0x40, 0x7f, 0xf0,
    0x41, 0x4, 0x10, 0x91, 0x9, 0x91, 0x9, 0x30,
    0x16, 0x3, 0x41, 0xe0,

    /* U+4E3B "主" */
    0x0, 0x0, 0x60, 0x3, 0x7, 0xfe, 0x6, 0x0,
    0x60, 0x6, 0x7, 0xfe, 0x6, 0x0, 0x60, 0x6,
    0x0, 0x60, 0xff, 0xf0,

    /* U+4E3D "丽" */
    0xff, 0xf8, 0x0, 0x0, 0x0, 0xfb, 0xe4, 0x51,
    0x22, 0x89, 0x55, 0x4a, 0xae, 0x45, 0x12, 0x28,
    0x91, 0x44, 0xba, 0x60,

    /* U+4E3E "举" */
    0x4, 0x42, 0x44, 0x30, 0x8f, 0xff, 0x10, 0x82,
    0x64, 0x66, 0x2b, 0xfd, 0x6, 0xf, 0xff, 0x6,
    0x0, 0x60, 0x6, 0x0,

    /* U+4E43 "乃" */
    0x7f, 0xc1, 0xc, 0x10, 0x81, 0x8, 0x10, 0x81,
    0x1f, 0x10, 0x12, 0x1, 0x20, 0x16, 0x1, 0x40,
    0x18, 0x1e,

    /* U+4E45 "久" */
    0xc, 0x0, 0x20, 0x0, 0xfc, 0x4, 0x20, 0x30,
    0x81, 0x84, 0x4, 0x18, 0x0, 0xa0, 0x6, 0xc0,
    0x31, 0x81, 0x83, 0x18, 0x6, 0x40, 0x0,

    /* U+4E48 "么" */
    0x4, 0x0, 0xc0, 0x8, 0x1, 0x8, 0x21, 0x84,
    0x30, 0x82, 0x0, 0x40, 0x8, 0xc1, 0x4, 0x20,
    0x27, 0xff, 0x0, 0x10,

    /* U+4E49 "义" */
    0x2, 0x0, 0x10, 0x88, 0x44, 0x22, 0x41, 0x2,
    0x4, 0x20, 0x33, 0x0, 0x90, 0x3, 0x0, 0x18,
    0x3, 0x30, 0x70, 0xe6, 0x1, 0x80,

    /* U+4E4B "之" */
    0x4, 0x0, 0x60, 0x2, 0xf, 0xfe, 0x0, 0x40,
    0xc, 0x1, 0x80, 0x30, 0x4, 0x1, 0x80, 0x70,
    0xd, 0x0, 0x8f, 0xf0,

    /* U+4E4C "乌" */
    0x4, 0x0, 0x40, 0x3f, 0xe2, 0x4, 0x20, 0x42,
    0x1c, 0x20, 0x3, 0xff, 0x0, 0x1f, 0xfd, 0x0,
    0x10, 0x3, 0x0, 0xe0,

    /* U+4E4D "乍" */
    0x18, 0x0, 0x80, 0xf, 0xfe, 0x48, 0x4, 0x40,
    0x43, 0xf8, 0x10, 0x0, 0x80, 0x7, 0xf0, 0x20,
    0x1, 0x0, 0x8, 0x0,

    /* U+4E4E "乎" */
    0x0, 0x71, 0xfc, 0x0, 0xc0, 0x26, 0x61, 0x32,
    0x9, 0xb0, 0xc, 0x1f, 0xff, 0x3, 0x0, 0x18,
    0x0, 0xc0, 0x6, 0x0, 0xe0, 0x0,

    /* U+4E4F "乏" */
    0x0, 0x63, 0xfc, 0x1, 0x0, 0x8, 0x0, 0x0,
    0x3f, 0xf0, 0x1, 0x0, 0x10, 0x3, 0x0, 0x30,
    0x1e, 0x1, 0xa0, 0x8, 0xff, 0x0,

    /* U+4E50 "乐" */
    0x0, 0x61, 0xfe, 0x8, 0x0, 0xc4, 0x4, 0x20,
    0x21, 0x1, 0xff, 0xc0, 0x40, 0x32, 0x41, 0x11,
    0x10, 0x8d, 0x4, 0x30, 0xe0, 0x0,

    /* U+4E52 "乒" */
    0x0, 0x1, 0xfe, 0x8, 0x0, 0x40, 0x3, 0xff,
    0x10, 0x40, 0x82, 0x4, 0x10, 0xff, 0xf8, 0x40,
    0x6, 0x0, 0xc0, 0x0, 0x0, 0x0,

    /* U+4E53 "乓" */
    0x0, 0x1, 0xfe, 0x8, 0x0, 0x40, 0x3, 0xff,
    0x10, 0x40, 0x82, 0x4, 0x10, 0xff, 0xf8, 0x0,
    0x0, 0x30, 0x0, 0x60, 0x1, 0x0,

    /* U+4E54 "乔" */
    0x0, 0x47, 0xf8, 0x4, 0x0, 0x40, 0xff, 0xf1,
    0x98, 0x30, 0xc5, 0xf, 0x90, 0x91, 0x8, 0x10,
    0x82, 0x8, 0x40, 0x80,

    /* U+4E56 "乖" */
    0x0, 0x47, 0xf8, 0x4, 0xf, 0xff, 0x4, 0x1,
    0x48, 0xf4, 0xe1, 0x48, 0x34, 0x9d, 0x4f, 0x4,
    0x0, 0x40, 0x4, 0x0,

    /* U+4E58 "乘" */
    0x0, 0x47, 0xf8, 0x4, 0xf, 0xff, 0x14, 0x8f,
    0x4e, 0x14, 0x83, 0x69, 0xdf, 0xf1, 0xd8, 0x34,
    0xcc, 0x43, 0x4, 0x0,

    /* U+4E59 "乙" */
    0xff, 0xc0, 0x18, 0x3, 0x0, 0x60, 0xc, 0x1,
    0x80, 0x30, 0x6, 0x0, 0xc0, 0x18, 0x1, 0x80,
    0x17, 0xfe,

    /* U+4E5D "九" */
    0x4, 0x0, 0x10, 0x0, 0x40, 0x1, 0x0, 0x7f,
    0xc0, 0x11, 0x0, 0x44, 0x3, 0x10, 0x8, 0x40,
    0x21, 0x1, 0x4, 0x48, 0x11, 0xc0, 0x7c,

    /* U+4E5E "乞" */
    0x8, 0x0, 0x80, 0x7, 0xfe, 0x40, 0x4, 0x0,
    0x2f, 0xf0, 0x6, 0x0, 0x60, 0xc, 0x0, 0xc0,
    0x8, 0x2, 0x40, 0x11, 0xff, 0x80,

    /* U+4E5F "也" */
    0x1, 0x0, 0x88, 0x4, 0x44, 0x23, 0xe1, 0xf1,
    0x38, 0x88, 0x44, 0x42, 0x22, 0x11, 0x60, 0x88,
    0x44, 0x2, 0x20, 0x10, 0xff, 0x0,

    /* U+4E60 "习" */
    0xff, 0xe0, 0x4, 0x80, 0x8c, 0x10, 0xc2, 0x8,
    0x40, 0x28, 0x39, 0x38, 0x38, 0x4, 0x0, 0x80,
    0xe0,

    /* U+4E61 "乡" */
    0x0, 0x0, 0xc0, 0x20, 0x18, 0x67, 0xf0, 0xc,
    0x6, 0xb, 0xff, 0x60, 0xc0, 0x30, 0x1c, 0xe,
    0xe, 0x0,

    /* U+4E66 "书" */
    0x4, 0x40, 0x46, 0x4, 0x37, 0xfc, 0x4, 0x40,
    0x44, 0xff, 0xf0, 0x41, 0x4, 0x10, 0x41, 0x4,
    0x30, 0x4e, 0x4, 0x0,

    /* U+4E70 "买" */
    0x7f, 0xf0, 0x2, 0x22, 0x21, 0xa0, 0x42, 0x3,
    0x20, 0x2, 0xf, 0xff, 0x4, 0x0, 0xf0, 0x18,
    0xce, 0x3,

    /* U+4E71 "乱" */
    0xc, 0x87, 0x84, 0x4, 0x20, 0x21, 0xf, 0xe8,
    0x8, 0x40, 0x42, 0xf, 0x90, 0x44, 0x82, 0x24,
    0x51, 0x22, 0xf9, 0x14, 0x4f, 0x0,

    /* U+4E73 "乳" */
    0x6, 0x7, 0xc4, 0x4, 0xa0, 0xa9, 0x5, 0x48,
    0x3f, 0x40, 0x32, 0x3, 0x10, 0x16, 0x87, 0xc4,
    0x4, 0x22, 0x21, 0x17, 0xf, 0x80,

    /* U+4E7E "乾" */
    0x10, 0x80, 0x8c, 0x3f, 0x40, 0x23, 0xff, 0xe0,
    0x43, 0x3, 0xf7, 0x90, 0x8c, 0xfc, 0xc0, 0x84,
    0x3f, 0x42, 0x26, 0x11, 0x1f, 0x80,

    /* U+4E86 "了" */
    0xff, 0xe0, 0x18, 0x6, 0x1, 0x0, 0x40, 0x8,
    0x1, 0x0, 0x20, 0x4, 0x0, 0x80, 0x10, 0x1e,
    0x0,

    /* U+4E88 "予" */
    0x3f, 0xe0, 0x6, 0x3, 0x40, 0x7, 0xf, 0xff,
    0x81, 0x8, 0x8, 0x80, 0x44, 0x2, 0x0, 0x10,
    0x0, 0x80, 0x1c, 0x0,

    /* U+4E89 "争" */
    0x8, 0x0, 0xfe, 0x8, 0x20, 0xc2, 0x7, 0xfe,
    0x1, 0x13, 0xff, 0xe0, 0x44, 0x2, 0x23, 0xff,
    0x0, 0x80, 0x4, 0x1, 0xe0, 0x0,

    /* U+4E8B "事" */
    0x2, 0x7, 0xff, 0xc0, 0x80, 0xff, 0xc6, 0x22,
    0xf, 0xe1, 0xff, 0x80, 0x44, 0xff, 0xf8, 0x11,
    0x1f, 0xf8, 0x4, 0x0, 0xe0, 0x0,

    /* U+4E8C "二" */
    0x7f, 0xe0, 0x0, 0x0, 0x0, 0x0, 0x0, 0x0,
    0x0, 0x0, 0x0, 0x0, 0x0, 0xf, 0xff,

    /* U+4E8E "于" */
    0x7f, 0xe0, 0x20, 0x2, 0x0, 0x20, 0x2, 0xf,
    0xff, 0x2, 0x0, 0x20, 0x2, 0x0, 0x20, 0x2,
    0x1, 0xc0,

    /* U+4E8F "亏" */
    0x7f, 0xe0, 0x0, 0x0, 0xf, 0xff, 0x10, 0x1,
    0x0, 0x10, 0x1, 0xfc, 0x0, 0x40, 0x4, 0x0,
    0x40, 0x3c,

    /* U+4E91 "云" */
    0x7f, 0xe0, 0x0, 0x0, 0x0, 0x0, 0xff, 0xf0,
    0x80, 0x18, 0x81, 0x8, 0x20, 0x46, 0x1e, 0x7e,
    0x20, 0x0,

    /* U+4E92 "互" */
    0xff, 0xf8, 0x40, 0x4, 0x0, 0x3f, 0x81, 0x4,
    0x8, 0x20, 0xc1, 0x7, 0xf8, 0x0, 0x40, 0x6,
    0x0, 0x31, 0xff, 0xf0,

    /* U+4E94 "五" */
    0x7f, 0xe0, 0x40, 0xc, 0x0, 0x80, 0x3f, 0xc0,
    0x84, 0x8, 0xc0, 0x88, 0x18, 0x8f, 0xff,

    /* U+4E95 "井" */
    0x10, 0x81, 0x8, 0x10, 0x8f, 0xff, 0x10, 0x81,
    0x8, 0x10, 0x81, 0x8, 0xff, 0xf1, 0x8, 0x20,
    0x86, 0x8, 0xc0, 0x80,

    /* U+4E9A "亚" */
    0xff, 0xf8, 0x44, 0x2, 0x20, 0x91, 0x24, 0x89,
    0x14, 0x50, 0xa2, 0x85, 0x18, 0x8, 0x80, 0x44,
    0x3f, 0xfe,

    /* U+4E9B "些" */
    0x11, 0x1, 0x10, 0x51, 0x25, 0xdc, 0x51, 0x5,
    0x11, 0xfd, 0xf8, 0x0, 0x0, 0x3, 0xfe, 0x0,
    0x0, 0x0, 0xff, 0xf0,

    /* U+4EA1 "亡" */
    0x4, 0x0, 0x20, 0x2, 0xf, 0xff, 0x20, 0x2,
    0x0, 0x20, 0x2, 0x0, 0x20, 0x2, 0x0, 0x20,
    0x3, 0xfe,

    /* U+4EA4 "交" */
    0x4, 0x0, 0x20, 0xff, 0xf1, 0x8, 0x30, 0xc6,
    0x2, 0xd0, 0x90, 0x98, 0xd, 0x0, 0x60, 0xf,
    0x3, 0xe, 0xc0, 0x30,

    /* U+4EA5 "亥" */
    0x4, 0x0, 0x20, 0xff, 0xf0, 0x80, 0x10, 0x83,
    0xf0, 0x32, 0x20, 0xc4, 0x38, 0x84, 0x30, 0xf,
    0x83, 0x86, 0xc0, 0x20,

    /* U+4EA6 "亦" */
    0x0, 0x0, 0x40, 0x2, 0xf, 0xff, 0x9, 0x0,
    0x90, 0x69, 0x64, 0x92, 0xc9, 0x39, 0x91, 0x11,
    0x2, 0x10, 0x47, 0x0,

    /* U+4EA7 "产" */
    0x2, 0x0, 0x20, 0x7f, 0xf1, 0x4, 0x8, 0x40,
    0x88, 0x7f, 0xf4, 0x0, 0x40, 0x4, 0x0, 0x40,
    0x4, 0x0, 0x80, 0x0, 0x0,

    /* U+4EA9 "亩" */
    0x4, 0x0, 0x20, 0xff, 0xf0, 0x0, 0x0, 0x7,
    0xfe, 0x44, 0x24, 0x42, 0x7f, 0xe4, 0x42, 0x44,
    0x27, 0xfe, 0x40, 0x20,

    /* U+4EAB "享" */
    0x2, 0x7, 0xff, 0xc0, 0x0, 0x7f, 0xc2, 0x2,
    0x1f, 0xf0, 0x0, 0xf, 0xfc, 0x3, 0x87, 0xff,
    0xc0, 0x80, 0x4, 0x0, 0xe0, 0x0,

    /* U+4EAC "京" */
    0x4, 0x0, 0x60, 0xff, 0xf0, 0x0, 0x3f, 0xc2,
    0x4, 0x20, 0x43, 0xfc, 0x6, 0x2, 0x64, 0x66,
    0x6c, 0x63, 0x1c, 0x0,

    /* U+4EAD "亭" */
    0x4, 0xf, 0xff, 0x0, 0x3, 0xfc, 0x20, 0x43,
    0xfc, 0x0, 0xf, 0xff, 0x80, 0x1b, 0xfd, 0x2,
    0x0, 0x20, 0x1e, 0x0,

    /* U+4EAE "亮" */
    0x4, 0xf, 0xff, 0x0, 0x3, 0xfc, 0x20, 0x43,
    0xfc, 0x0, 0xf, 0xff, 0x80, 0x11, 0xf8, 0x10,
    0x83, 0x9, 0xe0, 0xf0,

    /* U+4EB2 "亲" */
    0x4, 0x0, 0x60, 0x7f, 0xe1, 0x8, 0x10, 0x8f,
    0xff, 0x6, 0x0, 0x60, 0xff, 0xf0, 0x60, 0x26,
    0xc4, 0x62, 0xc, 0x0,

    /* U+4EBA "人" */
    0x2, 0x0, 0x10, 0x0, 0x80, 0x4, 0x0, 0x20,
    0x2, 0x80, 0x14, 0x0, 0xb0, 0x8, 0x80, 0xc6,
    0xc, 0x18, 0xc0, 0x64, 0x0, 0x0,

    /* U+4EBF "亿" */
    0x10, 0x0, 0xbf, 0xc8, 0xc, 0xc0, 0xce, 0xc,
    0x50, 0x40, 0x84, 0x4, 0x40, 0x24, 0x9, 0x20,
    0x49, 0xfc, 0x40, 0x0,

    /* U+4EC0 "什" */
    0x10, 0x80, 0x84, 0x8, 0x20, 0x41, 0x6, 0x8,
    0x77, 0xfe, 0x82, 0x4, 0x10, 0x20, 0x81, 0x4,
    0x8, 0x20, 0x41, 0x2, 0x8, 0x0,

    /* U+4EC1 "仁" */
    0x10, 0x0, 0x80, 0x9, 0xfc, 0xc0, 0x6, 0x0,
    0x50, 0x0, 0x80, 0x4, 0x0, 0x20, 0x1, 0x0,
    0xb, 0xfe, 0x40, 0x0,

    /* U+4EC5 "仅" */
    0x10, 0x0, 0xff, 0x89, 0x4, 0xc8, 0x2e, 0x22,
    0x51, 0x10, 0x8d, 0x4, 0x38, 0x20, 0x81, 0xa,
    0x9, 0x8c, 0x50, 0x30,

    /* U+4EC6 "仆" */
    0x11, 0x0, 0x88, 0x8, 0x40, 0x42, 0x6, 0x1c,
    0x70, 0xb2, 0x84, 0xc4, 0x23, 0x21, 0x1, 0x8,
    0x8, 0x40, 0x42, 0x2, 0x10, 0x0,

    /* U+4EC7 "仇" */
    0x12, 0x0, 0x90, 0xc, 0x80, 0x44, 0x6, 0xfe,
    0x31, 0x12, 0x88, 0x84, 0x44, 0x22, 0x21, 0x21,
    0x9, 0xa, 0x58, 0x53, 0x83, 0x80,

    /* U+4ECA "今" */
    0x1, 0x0, 0xc, 0x0, 0x48, 0x6, 0x18, 0x32,
    0x31, 0x84, 0x20, 0x0, 0xf, 0xfc, 0x0, 0x20,
    0x1, 0x0, 0xc, 0x0, 0x60, 0x3, 0x0,

    /* U+4ECB "介" */
    0x0, 0x0, 0x60, 0xf, 0x1, 0x98, 0x30, 0xcc,
    0x3, 0x10, 0x81, 0x8, 0x10, 0x81, 0x8, 0x30,
    0x86, 0x8, 0xc0, 0x80,

    /* U+4ECD "仍" */
    0x10, 0x0, 0xff, 0x8, 0x88, 0x44, 0x46, 0x26,
    0x71, 0x3c, 0x88, 0x24, 0x41, 0x24, 0x9, 0x20,
    0x49, 0x2, 0x50, 0x33, 0x87, 0x0,

    /* U+4ECE "从" */
    0x10, 0x81, 0x8, 0x10, 0x81, 0x8, 0x10, 0x81,
    0x88, 0x29, 0x82, 0x58, 0x25, 0x46, 0x24, 0x42,
    0x2c, 0x41, 0x0, 0x0,

    /* U+4ED1 "仑" */
    0x2, 0x0, 0x28, 0x2, 0x20, 0x60, 0xce, 0x3,
    0x88, 0x20, 0x46, 0x3, 0xc0, 0x10, 0x0, 0x81,
    0x4, 0x8, 0x3f, 0xc0,

    /* U+4ED3 "仓" */
    0x2, 0x0, 0x38, 0x1, 0x60, 0x31, 0x83, 0x3,
    0x7f, 0xec, 0x41, 0x2, 0x8, 0x10, 0x40, 0x8e,
    0x4, 0x8, 0x20, 0x41, 0xfe, 0x0,

    /* U+4ED4 "仔" */
    0x10, 0x0, 0xbf, 0xc8, 0xc, 0x40, 0x86, 0x8,
    0x70, 0x40, 0xbf, 0xe4, 0x10, 0x20, 0x81, 0x4,
    0x8, 0x20, 0x41, 0x2, 0x38, 0x0,

    /* U+4ED6 "他" */
    0x10, 0x80, 0x52, 0x2, 0x48, 0x89, 0x3e, 0x67,
    0x8a, 0xb2, 0x22, 0x48, 0x89, 0x22, 0x24, 0xb8,
    0x90, 0x12, 0x40, 0x49, 0x2, 0x27, 0xf8,

    /* U+4ED7 "仗" */
    0x18, 0x40, 0x82, 0xc, 0x10, 0x5f, 0xf6, 0x4,
    0x72, 0x22, 0x91, 0x4, 0x58, 0x23, 0x81, 0xc,
    0x8, 0xe0, 0x4c, 0xc2, 0x81, 0x80,

    /* U+4ED8 "付" */
    0x10, 0x20, 0x81, 0xc, 0x8, 0x5f, 0xf6, 0x2,
    0x70, 0x12, 0x98, 0x84, 0x44, 0x21, 0x21, 0x1,
    0x8, 0x8, 0x40, 0x42, 0x1e, 0x0,

    /* U+4ED9 "仙" */
    0x10, 0x80, 0x84, 0xc, 0x20, 0x41, 0x6, 0x48,
    0xf2, 0x46, 0x92, 0x24, 0x91, 0x24, 0x89, 0x24,
    0x49, 0x22, 0x4f, 0xf2, 0x0, 0x80,

    /* U+4EDF "仟" */
    0x10, 0x0, 0x83, 0x8d, 0xe0, 0x41, 0x6, 0x8,
    0x70, 0x42, 0xbf, 0xe4, 0x10, 0x20, 0x81, 0x4,
    0x8, 0x20, 0x41, 0x2, 0x8, 0x0,

    /* U+4EE3 "代" */
    0x11, 0x40, 0x89, 0x8, 0x44, 0x42, 0x6, 0x3f,
    0xf7, 0x82, 0x84, 0x4, 0x10, 0x20, 0x81, 0x4,
    0x8, 0x32, 0x40, 0x92, 0x3, 0x0,

    /* U+4EE4 "令" */
    0x0, 0x0, 0xc, 0x0, 0x78, 0x3, 0x30, 0x32,
    0x31, 0x84, 0x60, 0x0, 0xf, 0xfc, 0x0, 0x60,
    0x3, 0x0, 0x78, 0x0, 0xc0, 0x0, 0xc0,

    /* U+4EE5 "以" */
    0x40, 0x44, 0x84, 0x44, 0x44, 0x64, 0x40, 0x44,
    0x8, 0x40, 0x84, 0x8, 0x59, 0x86, 0x34, 0x86,
    0x21, 0xc3,

    /* U+4EEA "仪" */
    0x10, 0x0, 0xa4, 0x8d, 0x24, 0x48, 0x26, 0x21,
    0x71, 0x12, 0x88, 0x84, 0x2c, 0x21, 0x41, 0x4,
    0x8, 0x50, 0x4c, 0x62, 0x81, 0x80,

    /* U+4EEC "们" */
    0x0, 0x0, 0x97, 0xc4, 0x42, 0x48, 0x16, 0x40,
    0xb2, 0x6, 0x90, 0x24, 0x81, 0x24, 0x9, 0x20,
    0x49, 0x2, 0x48, 0x12, 0x43, 0x80,

    /* U+4EF0 "仰" */
    0x10, 0x0, 0x98, 0x5, 0x3e, 0x49, 0x16, 0x48,
    0xb2, 0x46, 0x92, 0x24, 0x91, 0x24, 0x89, 0x2c,
    0x4b, 0xae, 0x41, 0x2, 0x8, 0x0,

    /* U+4EF2 "仲" */
    0x10, 0x80, 0x84, 0x8, 0x20, 0x5f, 0xf6, 0x88,
    0xb4, 0x46, 0xa2, 0x25, 0x11, 0x2f, 0xf9, 0x4,
    0x8, 0x20, 0x41, 0x2, 0x8, 0x0,

    /* U+4EF6 "件" */
    0x10, 0x80, 0xb4, 0x9, 0x20, 0x4f, 0xe6, 0xc8,
    0x74, 0x40, 0x82, 0x5, 0xff, 0x20, 0x81, 0x4,
    0x8, 0x20, 0x41, 0x2, 0x8, 0x0,

    /* U+4EF7 "价" */
    0x10, 0x80, 0x8a, 0x8, 0xd8, 0xcc, 0x66, 0xc1,
    0xd1, 0x10, 0x88, 0x84, 0x44, 0x22, 0x21, 0x31,
    0x9, 0x8, 0x50, 0x40,

    /* U+4EFB "任" */
    0x18, 0x10, 0x8f, 0x8f, 0xa0, 0x41, 0x6, 0x8,
    0x70, 0x42, 0xbf, 0xe4, 0x10, 0x20, 0x81, 0x4,
    0x8, 0x20, 0x41, 0x2, 0xff, 0x80,

    /* U+4EFD "份" */
    0x11, 0x20, 0x44, 0x82, 0x21, 0x9, 0x84, 0x6c,
    0xa, 0xaf, 0xc2, 0x11, 0x8, 0x44, 0x21, 0x10,
    0x8c, 0x42, 0x61, 0xb, 0x18,

    /* U+4EFF "仿" */
    0x10, 0x81, 0x84, 0xb, 0xfe, 0xc6, 0x6, 0x30,
    0x51, 0xf8, 0x88, 0x44, 0x42, 0x22, 0x11, 0x20,
    0x89, 0xc, 0x51, 0xc0,

    /* U+4F01 "企" */
    0x0, 0x0, 0xc, 0x0, 0x78, 0x2, 0x30, 0x31,
    0x33, 0x84, 0x70, 0x10, 0x4, 0x7c, 0x11, 0x0,
    0x44, 0x1, 0x10, 0x4, 0x40, 0x7f, 0xf8,

    /* U+4F0A "伊" */
    0x8, 0x0, 0xbf, 0x88, 0x44, 0x42, 0x26, 0xff,
    0xd0, 0x8a, 0x84, 0x44, 0x22, 0x27, 0xf1, 0x8,
    0x8, 0xc0, 0x4c, 0x2, 0xc0, 0x0,

    /* U+4F0D "伍" */
    0x10, 0x0, 0xbf, 0xc8, 0x40, 0x42, 0x6, 0x10,
    0x70, 0x82, 0x9f, 0xc4, 0x22, 0x21, 0x31, 0x11,
    0x8, 0x88, 0x44, 0x42, 0xff, 0x80,

    /* U+4F0F "伏" */
    0x10, 0xa0, 0x85, 0x88, 0x24, 0x41, 0x6, 0xff,
    0xd0, 0x40, 0x86, 0x4, 0x28, 0x21, 0x41, 0x1b,
    0x8, 0x88, 0x48, 0x22, 0x80, 0x80,

    /* U+4F10 "伐" */
    0x11, 0x40, 0x89, 0x8, 0x40, 0x42, 0xf6, 0xfc,
    0x70, 0x8a, 0x84, 0xc4, 0x14, 0x20, 0xc1, 0x4,
    0x8, 0xd2, 0x58, 0x92, 0x3, 0x0,

    /* U+4F11 "休" */
    0x18, 0x80, 0x84, 0xc, 0x20, 0x41, 0x6, 0xff,
    0xf0, 0xe2, 0x87, 0x4, 0x54, 0x26, 0xb1, 0x64,
    0x8e, 0x22, 0x41, 0x2, 0x8, 0x0,

    /* U+4F17 "众" */
    0x2, 0x0, 0x60, 0xf, 0x1, 0x98, 0x70, 0x6d,
    0xb, 0x10, 0x83, 0x8, 0x39, 0x82, 0xd4, 0x67,
    0x44, 0x22, 0x84, 0x10,

    /* U+4F18 "优" */
    0x19, 0x0, 0x89, 0x4, 0x44, 0x42, 0x26, 0xff,
    0xb0, 0x82, 0x85, 0x4, 0x28, 0x22, 0x41, 0x12,
    0x8, 0x92, 0x48, 0x92, 0x87, 0x80,

    /* U+4F19 "伙" */
    0x10, 0x80, 0x84, 0x8, 0x20, 0x49, 0x16, 0x49,
    0x72, 0x48, 0xa2, 0xc4, 0x10, 0x21, 0x41, 0xa,
    0x8, 0x98, 0x4c, 0x62, 0x80, 0x80,

    /* U+4F1A "会" */
    0x3, 0x0, 0x1e, 0x0, 0xcc, 0xc, 0xc, 0xef,
    0xd8, 0x0, 0x7, 0xff, 0x81, 0x0, 0x8, 0x60,
    0x40, 0x83, 0xff, 0x0, 0x0,

    /* U+4F1E "伞" */
    0x0, 0x0, 0x10, 0x3, 0x60, 0x71, 0xce, 0x23,
    0xd1, 0x10, 0x49, 0x2, 0x48, 0x2, 0x7, 0xff,
    0xc0, 0x80, 0x4, 0x0, 0x20, 0x0,

    /* U+4F1F "伟" */
    0x11, 0x0, 0x88, 0xb, 0xfc, 0x42, 0x6, 0x10,
    0x77, 0xf8, 0x84, 0x5, 0xff, 0x21, 0x19, 0x8,
    0xc8, 0x46, 0x42, 0x72, 0x10, 0x0,

    /* U+4F20 "传" */
    0x0, 0x0, 0x84, 0x5, 0xfc, 0x42, 0x6, 0x10,
    0x77, 0xfe, 0x88, 0x4, 0x7e, 0x20, 0x21, 0x2,
    0x8, 0x70, 0x41, 0x82, 0x4, 0x0,

    /* U+4F24 "伤" */
    0x11, 0x1, 0x20, 0x23, 0xf2, 0x40, 0x68, 0x8e,
    0x8, 0xaf, 0xf2, 0x9, 0x21, 0x12, 0x11, 0x23,
    0x12, 0x61, 0x28, 0x70,

    /* U+4F26 "伦" */
    0x0, 0xc0, 0x43, 0x1, 0x1c, 0x8, 0xc8, 0x66,
    0x19, 0xe8, 0x32, 0x21, 0x8, 0x98, 0x23, 0x80,
    0x88, 0x2, 0x20, 0x88, 0x82, 0x23, 0xf0,

    /* U+4F2A "伪" */
    0x11, 0x1, 0x90, 0x25, 0x2, 0x10, 0x6f, 0xfe,
    0x11, 0xa1, 0x12, 0x29, 0x22, 0x52, 0x21, 0x24,
    0x12, 0x83, 0x30, 0xe0,

    /* U+4F2F "伯" */
    0x0, 0x1, 0x8, 0x11, 0x82, 0x7f, 0x24, 0x16,
    0x41, 0xa4, 0x12, 0x7f, 0x24, 0x12, 0x41, 0x24,
    0x12, 0x7f, 0x24, 0x10,

    /* U+4F30 "估" */
    0x10, 0x80, 0x84, 0x8, 0x20, 0x5f, 0xf6, 0x8,
    0x70, 0x40, 0x82, 0x4, 0xfe, 0x24, 0x11, 0x20,
    0x89, 0x4, 0x48, 0x22, 0x7f, 0x0,

    /* U+4F34 "伴" */
    0x18, 0x80, 0xa4, 0x8d, 0x24, 0x45, 0x46, 0x8,
    0x73, 0xfa, 0x82, 0x4, 0x10, 0x2f, 0xf9, 0x4,
    0x8, 0x20, 0x41, 0x2, 0x8, 0x0,

    /* U+4F36 "伶" */
    0x10, 0x0, 0x8c, 0x4, 0x50, 0x44, 0xc6, 0x43,
    0x3c, 0x4e, 0x80, 0x4, 0xfe, 0x20, 0x21, 0x2,
    0x8, 0xf0, 0x41, 0x2, 0x4, 0x0,

    /* U+4F38 "伸" */
    0x10, 0x80, 0x84, 0xb, 0xfe, 0x51, 0x16, 0x88,
    0xf7, 0xfc, 0xa2, 0x25, 0x11, 0x2f, 0xf9, 0x4,
    0x8, 0x20, 0x41, 0x2, 0x8, 0x0,

    /* U+4F3A "伺" */
    0x8, 0x0, 0xbf, 0xc4, 0x2, 0x4f, 0xd6, 0x0,
    0xb0, 0x6, 0x8f, 0x24, 0x89, 0x24, 0x49, 0x1e,
    0x49, 0x2, 0x40, 0x12, 0x3, 0x80,

    /* U+4F3C "似" */
    0x10, 0x11, 0xa8, 0x89, 0x44, 0xc9, 0x26, 0x49,
    0x52, 0x8, 0x90, 0x84, 0x96, 0x27, 0x31, 0x32,
    0x48, 0x32, 0x41, 0x10,

    /* U+4F43 "佃" */
    0x8, 0x0, 0xbf, 0xc5, 0x22, 0x49, 0x16, 0x48,
    0xf2, 0x46, 0x9f, 0xe4, 0x91, 0x24, 0x89, 0x24,
    0x49, 0x22, 0x4f, 0xf2, 0x40, 0x80,

    /* U+4F46 "但" */
    0x18, 0x0, 0xbf, 0x8d, 0x4, 0x48, 0x26, 0x41,
    0x73, 0xfa, 0x90, 0x44, 0x82, 0x24, 0x11, 0x3f,
    0x88, 0x0, 0x40, 0x2, 0xff, 0x80,

    /* U+4F4D "位" */
    0x1, 0x0, 0x88, 0x8, 0x20, 0x5f, 0xe6, 0x0,
    0x32, 0x12, 0x90, 0x84, 0xcc, 0x22, 0x41, 0x12,
    0x8, 0x90, 0x40, 0x82, 0xff, 0x80,

    /* U+4F4E "低" */
    0x10, 0x70, 0xbe, 0x9, 0x10, 0xc8, 0x86, 0x44,
    0x53, 0xfc, 0x91, 0x4, 0x8c, 0x24, 0x21, 0x25,
    0x49, 0x6a, 0x4c, 0xb0,

    /* U+4F4F "住" */
    0x11, 0x0, 0x88, 0x8, 0x20, 0x5f, 0xe6, 0x18,
    0x70, 0xc2, 0x86, 0x5, 0xfe, 0x21, 0x81, 0xc,
    0x8, 0x60, 0x43, 0x3, 0xff, 0x80,

    /* U+4F51 "佑" */
    0x10, 0x80, 0x8c, 0xc, 0x40, 0x5f, 0xf6, 0x10,
    0x71, 0x2, 0x88, 0x4, 0xfe, 0x2e, 0x11, 0xd0,
    0x88, 0x84, 0x47, 0xe2, 0x21, 0x0,

    /* U+4F53 "体" */
    0x10, 0x80, 0x84, 0x8, 0x20, 0x5f, 0xf6, 0x1c,
    0x30, 0xe2, 0x8a, 0x84, 0x54, 0x24, 0x91, 0x64,
    0x8e, 0xfa, 0x41, 0x2, 0x8, 0x0,

    /* U+4F55 "何" */
    0x10, 0x1, 0x7f, 0xc8, 0x4, 0xc0, 0x2e, 0xf9,
    0x54, 0x48, 0xa2, 0x45, 0xf2, 0x28, 0x11, 0x40,
    0x88, 0x4, 0x41, 0xe0,

    /* U+4F59 "余" */
    0x2, 0x0, 0x28, 0x6, 0x20, 0x60, 0xcd, 0xfd,
    0x81, 0x1, 0xff, 0xc0, 0x40, 0x12, 0xc1, 0x11,
    0x10, 0x84, 0x1c, 0x0,

    /* U+4F5B "佛" */
    0x19, 0x40, 0x8a, 0xf, 0xfe, 0x42, 0x96, 0x14,
    0xf3, 0xfe, 0xb5, 0x5, 0x28, 0x2f, 0xf9, 0xa,
    0x48, 0x92, 0x4c, 0xb2, 0xc4, 0x0,

    /* U+4F5C "作" */
    0x11, 0x0, 0x98, 0x8, 0xfe, 0xcd, 0x6, 0xc8,
    0x54, 0x7c, 0x82, 0x4, 0x10, 0x20, 0xf9, 0x4,
    0x8, 0x20, 0x41, 0x0,

    /* U+4F60 "你" */
    0x12, 0x0, 0x90, 0xd, 0x80, 0x4f, 0xf6, 0x48,
    0xf4, 0x4a, 0x8a, 0x84, 0xd6, 0x24, 0x91, 0x24,
    0x8a, 0x22, 0x41, 0x2, 0x18, 0x0,

    /* U+4F63 "佣" */
    0x18, 0x0, 0xbf, 0xcd, 0x22, 0x49, 0x16, 0x48,
    0xf3, 0xfe, 0x92, 0x24, 0x91, 0x27, 0xf9, 0x24,
    0x4b, 0x22, 0x51, 0x12, 0x8b, 0x80,

    /* U+4F69 "佩" */
    0x0, 0x0, 0xbf, 0xc2, 0x81, 0xa, 0xfc, 0x68,
    0x91, 0xaf, 0xc2, 0xab, 0xa, 0xac, 0x2a, 0xb0,
    0xaa, 0xc2, 0xaf, 0x4c, 0x23, 0x30, 0x8c,

    /* U+4F70 "佰" */
    0x10, 0x1, 0xff, 0x21, 0x2, 0x10, 0x27, 0xe6,
    0x42, 0xe4, 0x22, 0x42, 0x27, 0xe2, 0x42, 0x24,
    0x22, 0x7e, 0x24, 0x20,

    /* U+4F73 "佳" */
    0x18, 0x80, 0x84, 0x5, 0xfc, 0x41, 0x6, 0x8,
    0x37, 0xfe, 0x80, 0x4, 0x10, 0x27, 0xf1, 0x4,
    0x8, 0x20, 0x41, 0x2, 0xff, 0x80,

    /* U+4F7F "使" */
    0x10, 0x80, 0x84, 0xb, 0xfe, 0x41, 0x6, 0xff,
    0xf4, 0x46, 0xa2, 0x25, 0xff, 0x20, 0x81, 0x2c,
    0x8, 0xc0, 0x4d, 0x82, 0x83, 0x80,

    /* U+4F84 "侄" */
    0x10, 0x0, 0xbf, 0xc4, 0x40, 0x44, 0x46, 0x63,
    0x37, 0xfa, 0x80, 0x4, 0x10, 0x27, 0xf1, 0x4,
    0x8, 0x20, 0x41, 0x2, 0xff, 0x80,

    /* U+4F88 "侈" */
    0x11, 0x80, 0x9f, 0x89, 0x88, 0x56, 0x86, 0x18,
    0x57, 0x60, 0x87, 0xe4, 0x62, 0x2d, 0x31, 0x7,
    0x8, 0x60, 0x5c, 0x0,

    /* U+4F8B "例" */
    0x10, 0x9, 0xfc, 0x49, 0xa, 0x48, 0x56, 0x7a,
    0xb2, 0x54, 0xa4, 0xa5, 0xa5, 0x27, 0x29, 0x11,
    0x48, 0x82, 0x48, 0x12, 0x83, 0x80,

    /* U+4F8D "侍" */
    0x10, 0x80, 0x84, 0xd, 0xfc, 0x41, 0x6, 0x8,
    0x77, 0xfe, 0x80, 0x85, 0xff, 0x20, 0x21, 0x11,
    0x8, 0xc8, 0x40, 0x42, 0xe, 0x0,

    /* U+4F9B "供" */
    0x12, 0x20, 0x91, 0x8, 0x88, 0x5f, 0xf6, 0x22,
    0x71, 0x12, 0x88, 0x84, 0x44, 0x2f, 0xf9, 0x0,
    0x8, 0x88, 0x48, 0x22, 0x80, 0x80,

    /* U+4F9D "依" */
    0x10, 0x0, 0x84, 0x4, 0x20, 0x5f, 0xf6, 0x18,
    0x31, 0xc4, 0x9a, 0x65, 0xcc, 0x22, 0x41, 0x11,
    0x8, 0x8c, 0x47, 0x32, 0x60, 0x80,

    /* U+4FA0 "侠" */
    0x10, 0x80, 0x84, 0xb, 0xfe, 0x41, 0x6, 0x49,
    0x71, 0x50, 0x82, 0x5, 0xff, 0x20, 0x81, 0xa,
    0x8, 0xd8, 0x4c, 0x62, 0x80, 0x80,

    /* U+4FA3 "侣" */
    0x13, 0xf1, 0x90, 0x88, 0x84, 0xc4, 0x2e, 0x3f,
    0x50, 0x0, 0x9f, 0xe4, 0x83, 0x24, 0x19, 0x20,
    0xc9, 0xfe, 0x48, 0x30,

    /* U+4FA5 "侥" */
    0x12, 0x0, 0x91, 0x8b, 0xf0, 0x42, 0x66, 0x1e,
    0x71, 0xe6, 0xb1, 0xe4, 0x0, 0x3f, 0xf9, 0x12,
    0x8, 0x90, 0x48, 0x93, 0x87, 0x80,

    /* U+4FA6 "侦" */
    0x18, 0x80, 0x87, 0xcc, 0x20, 0x41, 0x6, 0x7f,
    0x72, 0xa, 0x92, 0x44, 0x92, 0x24, 0x91, 0x24,
    0x88, 0x58, 0x46, 0x62, 0xc0, 0x80,

    /* U+4FA7 "侧" */
    0x10, 0x9, 0x7c, 0x4a, 0x2a, 0x55, 0x56, 0xaa,
    0xb5, 0x56, 0xaa, 0xa5, 0x55, 0x2a, 0xa9, 0x55,
    0x49, 0xc2, 0x49, 0x12, 0x89, 0x80,

    /* U+4FA8 "侨" */
    0x10, 0x30, 0xbe, 0xc, 0x20, 0x42, 0x6, 0xff,
    0xb1, 0x92, 0x88, 0x85, 0x83, 0x2a, 0x29, 0x11,
    0x8, 0x88, 0x48, 0x42, 0xc2, 0x0,

    /* U+4FAE "侮" */
    0x0, 0x0, 0x90, 0x9, 0xfe, 0x58, 0x6, 0xff,
    0x32, 0x4a, 0x91, 0x45, 0xff, 0x25, 0x11, 0x24,
    0x89, 0xfe, 0x40, 0x42, 0xe, 0x0,

    /* U+4FAF "侯" */
    0x10, 0x0, 0xbf, 0x8, 0x8, 0x5f, 0xf2, 0x20,
    0x31, 0x2, 0x9f, 0xc5, 0x90, 0x20, 0x81, 0x7f,
    0xc8, 0x60, 0x46, 0xc2, 0xc1, 0x80,

    /* U+4FB5 "侵" */
    0x17, 0xf0, 0xbf, 0x88, 0x4, 0xcf, 0xee, 0x0,
    0x57, 0xfc, 0xa0, 0x24, 0xfe, 0x22, 0x21, 0xa,
    0x8, 0x70, 0x5c, 0x70,

    /* U+4FBF "便" */
    0x10, 0x0, 0xff, 0xc8, 0x20, 0x5f, 0xe6, 0x89,
    0x77, 0xf8, 0xa2, 0x45, 0x12, 0x2f, 0xf1, 0x44,
    0x9, 0x40, 0x47, 0x2, 0xc7, 0x80,

    /* U+4FC3 "促" */
    0x0, 0x0, 0xbf, 0x89, 0x4, 0x48, 0x26, 0x41,
    0x33, 0xfa, 0x82, 0x4, 0x90, 0x24, 0xf1, 0x24,
    0x9, 0xa0, 0x57, 0x2, 0x8f, 0x80,

    /* U+4FC4 "俄" */
    0x11, 0x40, 0xba, 0x8b, 0x94, 0x44, 0x96, 0x24,
    0x37, 0xfe, 0x89, 0x4, 0x4a, 0x27, 0x51, 0x53,
    0x8, 0x9a, 0x45, 0x52, 0xe1, 0x80,

    /* U+4FCA "俊" */
    0x11, 0x0, 0x91, 0x9, 0xfc, 0x5c, 0x26, 0x22,
    0x72, 0x8, 0xa4, 0x4, 0x7e, 0x26, 0x21, 0x5a,
    0x8, 0x70, 0x46, 0xc2, 0xc1, 0x80,

    /* U+4FCF "俏" */
    0x14, 0x90, 0xa4, 0x8c, 0xac, 0x41, 0x6, 0x7f,
    0x32, 0xa, 0x90, 0x44, 0xfe, 0x24, 0x11, 0x3f,
    0x89, 0x4, 0x48, 0x22, 0x47, 0x0,

    /* U+4FD0 "俐" */
    0x10, 0x8, 0xb8, 0x4b, 0x92, 0x44, 0x96, 0x24,
    0xb7, 0xe6, 0x89, 0x24, 0xe9, 0x27, 0x49, 0x52,
    0x4c, 0x82, 0x44, 0x12, 0x23, 0x80,

    /* U+4FD7 "俗" */
    0x10, 0x0, 0x4c, 0x83, 0x61, 0xb, 0x22, 0x61,
    0xc1, 0x8d, 0xa, 0x63, 0xb, 0x6, 0x27, 0xf0,
    0x90, 0x42, 0x41, 0x9, 0x4, 0x27, 0xf0,

    /* U+4FD8 "俘" */
    0x10, 0x30, 0xbe, 0x9, 0x24, 0x49, 0x26, 0x2a,
    0x73, 0xf8, 0x81, 0x84, 0x10, 0x2f, 0xf9, 0x4,
    0x8, 0x20, 0x41, 0x2, 0x18, 0x0,

    /* U+4FDD "保" */
    0x10, 0x0, 0xbf, 0x8d, 0x4, 0x48, 0x26, 0x7f,
    0x50, 0x42, 0x82, 0x5, 0xff, 0x21, 0xc1, 0x15,
    0x9, 0xac, 0x59, 0x32, 0x8, 0x0,

    /* U+4FE1 "信" */
    0x10, 0x80, 0x84, 0xb, 0xfe, 0xc0, 0x6, 0x7f,
    0x50, 0x0, 0x9f, 0xc4, 0x0, 0x20, 0x1, 0x3f,
    0x89, 0x4, 0x48, 0x22, 0x7f, 0x0,

    /* U+4FE9 "俩" */
    0x10, 0x1, 0x7f, 0xc8, 0x50, 0x42, 0x86, 0xff,
    0xb4, 0xa4, 0xa5, 0x25, 0x6d, 0x2a, 0xe9, 0x54,
    0xcb, 0x22, 0x50, 0x12, 0x83, 0x80,

    /* U+4FED "俭" */
    0x11, 0x1, 0x8c, 0x8, 0x98, 0xc8, 0x67, 0xfe,
    0xf0, 0x0, 0xa4, 0x44, 0x94, 0x24, 0xa1, 0x2,
    0xb, 0xfe, 0x40, 0x0,

    /* U+4FEE "修" */
    0x0, 0x0, 0x88, 0x8, 0xfe, 0x46, 0x26, 0xce,
    0x34, 0x72, 0xbc, 0x65, 0x18, 0x2b, 0x31, 0x42,
    0xa, 0x66, 0x40, 0xc2, 0x38, 0x0,

    /* U+4FEF "俯" */
    0x0, 0x0, 0x84, 0xb, 0xfe, 0x52, 0x26, 0x91,
    0x34, 0xbe, 0xac, 0x45, 0x6a, 0x29, 0x51, 0x4a,
    0x8a, 0x44, 0x52, 0x23, 0x13, 0x0,

    /* U+4FF1 "俱" */
    0x0, 0x0, 0xbf, 0x85, 0x4, 0x4f, 0xe6, 0x41,
    0x73, 0xfa, 0x90, 0x44, 0xfe, 0x24, 0x11, 0x7f,
    0xc8, 0x8, 0x4c, 0x62, 0xc0, 0x80,

    /* U+4FFA "俺" */
    0x11, 0x0, 0x88, 0xf, 0xfe, 0x44, 0x46, 0x4a,
    0x77, 0xfc, 0x92, 0x64, 0xfe, 0x24, 0x91, 0x3f,
    0x89, 0x20, 0x41, 0x12, 0xf, 0x80,

    /* U+500D "倍" */
    0x10, 0x80, 0x84, 0x5, 0xfe, 0x44, 0x46, 0x22,
    0x31, 0x12, 0xbf, 0xe4, 0x0, 0x27, 0xf1, 0x20,
    0x89, 0x4, 0x48, 0x22, 0x7f, 0x0,

    /* U+5012 "倒" */
    0x10, 0x9, 0xfd, 0x49, 0x4a, 0xca, 0x56, 0xfa,
    0xf1, 0x14, 0x88, 0xa5, 0xf5, 0x22, 0x29, 0x14,
    0x4f, 0xc2, 0x40, 0x70,

    /* U+5014 "倔" */
    0x10, 0x0, 0xbf, 0xc9, 0x2, 0x4f, 0xf2, 0x40,
    0x32, 0x22, 0x95, 0x24, 0xa9, 0x25, 0xf9, 0x32,
    0x49, 0x92, 0x54, 0x92, 0x9f, 0x80,

    /* U+5018 "倘" */
    0x10, 0x81, 0xe4, 0xc9, 0xac, 0x45, 0x46, 0x8,
    0x37, 0xff, 0xa0, 0x25, 0x39, 0x29, 0x49, 0x4a,
    0x4a, 0x72, 0x52, 0x12, 0x87, 0x80,

    /* U+5019 "候" */
    0x0, 0x0, 0x9f, 0x88, 0x4, 0x57, 0xf6, 0x90,
    0x34, 0x80, 0xab, 0xc5, 0x48, 0x2b, 0xf9, 0x42,
    0x8, 0x28, 0x42, 0x22, 0x60, 0x80,

    /* U+501A "倚" */
    0x18, 0x80, 0x84, 0xd, 0xfe, 0x41, 0x6, 0x36,
    0x76, 0xa, 0xbf, 0xe4, 0x2, 0x27, 0x91, 0x24,
    0x89, 0xe4, 0x48, 0x22, 0x7, 0x0,

    /* U+501F "借" */
    0x12, 0x20, 0x91, 0xb, 0xfe, 0x44, 0x46, 0x22,
    0x77, 0xfe, 0x80, 0x4, 0xfe, 0x24, 0x11, 0x3f,
    0x89, 0x4, 0x48, 0x22, 0x7f, 0x0,

    /* U+5021 "倡" */
    0x0, 0x0, 0xbf, 0x8d, 0x4, 0x4f, 0xe6, 0x41,
    0x33, 0xfa, 0x80, 0x5, 0xff, 0x28, 0x9, 0x7f,
    0xca, 0x2, 0x50, 0x12, 0xff, 0x80,

    /* U+5026 "倦" */
    0x10, 0x80, 0xb5, 0xc, 0xa8, 0x4f, 0xe6, 0x10,
    0x77, 0xfc, 0x88, 0x84, 0xfe, 0x2a, 0x29, 0x11,
    0x8, 0x98, 0x44, 0x22, 0x3f, 0x0,

    /* U+503A "债" */
    0x10, 0x80, 0xff, 0x88, 0x20, 0x4f, 0xe6, 0x8,
    0x77, 0xbc, 0x9f, 0xc4, 0x82, 0x24, 0x91, 0x24,
    0x88, 0x70, 0x46, 0x62, 0xc0, 0x80,

    /* U+503C "值" */
    0x18, 0x80, 0x84, 0x5, 0xfe, 0x41, 0x6, 0x7f,
    0x32, 0xa, 0x9f, 0xc4, 0x82, 0x27, 0xf1, 0x20,
    0x89, 0xfc, 0x48, 0x22, 0xff, 0x80,

    /* U+503E "倾" */
    0x10, 0x1, 0xf, 0xca, 0x10, 0x53, 0xe6, 0xf1,
    0x74, 0xa8, 0xa5, 0x45, 0x2a, 0x2b, 0x51, 0x6a,
    0x88, 0x18, 0x41, 0x22, 0x30, 0x80,

    /* U+5047 "假" */
    0x0, 0x0, 0xbd, 0xe2, 0x90, 0x8a, 0x42, 0x2f,
    0x79, 0xa0, 0x6, 0x8f, 0x8b, 0xfe, 0x28, 0x48,
    0xbc, 0xc2, 0x83, 0xa, 0x16, 0x29, 0x88,

    /* U+504E "偎" */
    0x0, 0x0, 0xbf, 0x85, 0x24, 0x4f, 0xe6, 0x49,
    0x73, 0xf8, 0x80, 0x5, 0xff, 0x22, 0x81, 0x12,
    0x88, 0x98, 0x4f, 0x62, 0x61, 0x80,

    /* U+504F "偏" */
    0x0, 0x0, 0xc4, 0x5, 0xfe, 0x48, 0x16, 0x7f,
    0xf2, 0x2, 0x9f, 0xe4, 0xd5, 0x26, 0xa9, 0x3f,
    0xcb, 0xaa, 0x55, 0x52, 0xab, 0x80,

    /* U+505A "做" */
    0x14, 0x40, 0x51, 0x2, 0x44, 0xb, 0xde, 0x64,
    0xc9, 0x93, 0x2a, 0x4d, 0xb, 0xd4, 0x29, 0x50,
    0xa4, 0x82, 0x92, 0xb, 0xd4, 0x28, 0x88,

    /* U+505C "停" */
    0x10, 0x80, 0xff, 0xcc, 0x0, 0x4f, 0xe6, 0x41,
    0x33, 0xfa, 0x80, 0x5, 0xff, 0x28, 0x9, 0x3f,
    0x88, 0x20, 0x41, 0x2, 0x38, 0x0,

    /* U+5065 "健" */
    0x10, 0x40, 0xff, 0xe2, 0x24, 0x89, 0x7f, 0x64,
    0x4b, 0xbf, 0xe2, 0x24, 0x8, 0xfe, 0x2a, 0x40,
    0xb7, 0xf2, 0x44, 0xa, 0xc0, 0x30, 0xfc,

    /* U+5076 "偶" */
    0x10, 0x0, 0xbf, 0x8d, 0x24, 0x4f, 0xe6, 0x49,
    0x73, 0xf8, 0x82, 0x5, 0xff, 0x28, 0x89, 0x45,
    0x4a, 0xfa, 0x50, 0x12, 0x83, 0x80,

    /* U+5077 "偷" */
    0x0, 0x0, 0x8c, 0x8, 0x90, 0x58, 0x66, 0xfe,
    0x30, 0xa, 0xbd, 0x45, 0x2a, 0x2f, 0x51, 0x4a,
    0x8b, 0xd4, 0x52, 0x22, 0xb3, 0x0,

    /* U+507F "偿" */
    0x10, 0x80, 0xb4, 0x88, 0xa8, 0x5f, 0xf6, 0x80,
    0xb5, 0xfe, 0x80, 0x4, 0x0, 0x2f, 0xf9, 0x9,
    0x8, 0x88, 0x4b, 0xe2, 0x60, 0x80,

    /* U+5080 "傀" */
    0x10, 0x80, 0xbf, 0x89, 0x24, 0xcf, 0xee, 0x49,
    0x13, 0xf8, 0x84, 0x4, 0x34, 0x23, 0xd1, 0x17,
    0x89, 0x22, 0x51, 0xf0,

    /* U+5085 "傅" */
    0x10, 0xa0, 0xff, 0xc8, 0x20, 0x4f, 0xe6, 0x49,
    0x73, 0xf8, 0x9f, 0xc4, 0x96, 0x20, 0x21, 0x7f,
    0xc9, 0x88, 0x42, 0x42, 0xe, 0x0,

    /* U+508D "傍" */
    0x10, 0x80, 0xff, 0xc8, 0x88, 0x44, 0x46, 0xff,
    0xf4, 0x4, 0x82, 0x5, 0xff, 0x23, 0x1, 0x1f,
    0x88, 0x84, 0x48, 0x22, 0x86, 0x0,

    /* U+50A8 "储" */
    0x10, 0x40, 0xc2, 0x49, 0x7c, 0x40, 0xa6, 0x6,
    0x36, 0xfc, 0x92, 0x4, 0xbe, 0x24, 0x91, 0x27,
    0x89, 0xa4, 0x49, 0xe2, 0x9, 0x0,

    /* U+50AC "催" */
    0x10, 0x80, 0xa4, 0x49, 0x22, 0x4f, 0xf6, 0x28,
    0x32, 0x62, 0x9f, 0xe5, 0x98, 0x2f, 0xf9, 0x26,
    0x9, 0xfe, 0x49, 0x82, 0x7f, 0x80,

    /* U+50B2 "傲" */
    0x12, 0x20, 0x48, 0x82, 0xf6, 0x8, 0x9e, 0x6f,
    0xcb, 0x8b, 0x22, 0xf6, 0x89, 0xe, 0x27, 0x30,
    0xa4, 0x42, 0x93, 0xa, 0x5a, 0x33, 0x88,

    /* U+50BB "傻" */
    0x11, 0x1, 0x7f, 0x8a, 0x94, 0x53, 0x26, 0xa5,
    0x77, 0xf8, 0x89, 0x85, 0xe2, 0x27, 0xe1, 0x73,
    0x8, 0xf0, 0x47, 0x82, 0xc3, 0x80,

    /* U+50CF "像" */
    0x19, 0x0, 0x9e, 0xd, 0x10, 0x5f, 0xe6, 0x49,
    0x73, 0xf8, 0x8c, 0x5, 0xd6, 0x21, 0x61, 0x77,
    0x8, 0x54, 0x5c, 0x92, 0x18, 0x0,

    /* U+50DA "僚" */
    0x0, 0x0, 0x88, 0x7, 0xfe, 0x46, 0x96, 0x63,
    0x33, 0xf8, 0xf0, 0x64, 0xfe, 0x27, 0xf1, 0x4,
    0x9, 0x24, 0x51, 0x32, 0x38, 0x0,

    /* U+50E7 "僧" */
    0x16, 0x10, 0x91, 0xb, 0xfe, 0x51, 0x56, 0xaa,
    0xf4, 0x44, 0xbf, 0xe4, 0x0, 0x27, 0xf1, 0x20,
    0x89, 0xfc, 0x4f, 0xe2, 0x41, 0x0,

    /* U+50F5 "僵" */
    0x0, 0x0, 0xff, 0xc9, 0xfc, 0x49, 0x26, 0x7f,
    0x33, 0xfa, 0x80, 0x5, 0xff, 0x27, 0xf1, 0x3f,
    0x89, 0xfc, 0x40, 0x2, 0xff, 0x80,

    /* U+50FB "僻" */
    0x10, 0x20, 0xf9, 0xa, 0x7e, 0x52, 0xa6, 0xf5,
    0x34, 0x7c, 0xa3, 0xe5, 0xe4, 0x2d, 0x21, 0x6f,
    0xcd, 0x48, 0x6e, 0x42, 0x42, 0x0,

    /* U+5112 "儒" */
    0x17, 0xf8, 0x7f, 0xe2, 0x88, 0x88, 0xbc, 0x67,
    0xf2, 0x82, 0x2, 0xff, 0xc9, 0xfe, 0x25, 0x48,
    0x95, 0x22, 0x54, 0x89, 0x56,

    /* U+5121 "儡" */
    0x10, 0x0, 0xbf, 0x89, 0x24, 0x4f, 0xe6, 0x49,
    0x33, 0xfa, 0x80, 0x5, 0xef, 0x2d, 0xa9, 0x7b,
    0xcb, 0x6a, 0x5e, 0xf2, 0x98, 0x80,

    /* U+513F "儿" */
    0x10, 0x80, 0x84, 0x4, 0x20, 0x21, 0x1, 0x8,
    0x8, 0x40, 0x42, 0x2, 0x10, 0x20, 0x89, 0x4,
    0x50, 0x23, 0x1, 0xe0,

    /* U+5141 "允" */
    0x4, 0x0, 0x60, 0x2, 0x0, 0x21, 0x2, 0x4,
    0x3f, 0xf1, 0xa4, 0xc1, 0x20, 0x9, 0x0, 0x48,
    0x4, 0x42, 0x62, 0x1c, 0x1f, 0x0,

    /* U+5143 "元" */
    0x7f, 0xe0, 0x0, 0x0, 0x0, 0x0, 0xff, 0xf1,
    0x90, 0x11, 0x1, 0x10, 0x11, 0x13, 0x11, 0x61,
    0x1c, 0x1f,

    /* U+5144 "兄" */
    0x3f, 0xf0, 0x80, 0x42, 0x1, 0x8, 0x4, 0x20,
    0x10, 0xff, 0xc0, 0x88, 0x2, 0x20, 0x8, 0x80,
    0x62, 0x13, 0x8, 0xb0, 0x3e,

    /* U+5145 "充" */
    0x6, 0x0, 0x20, 0xff, 0xf1, 0x80, 0x10, 0x82,
    0x4, 0x7f, 0xe0, 0x93, 0x9, 0x1, 0x10, 0x11,
    0x12, 0x11, 0xc1, 0xf0,

    /* U+5146 "兆" */
    0x9, 0x0, 0x48, 0x92, 0x48, 0x52, 0xc2, 0x94,
    0x4, 0x80, 0x26, 0x7, 0x2c, 0xc9, 0x10, 0x88,
    0x4, 0x44, 0x42, 0x2c, 0x1f, 0x0,

    /* U+5148 "先" */
    0x36, 0x2, 0x60, 0x3f, 0xe4, 0x60, 0x46, 0x0,
    0x60, 0xff, 0xf1, 0x90, 0x11, 0x1, 0x10, 0x11,
    0x12, 0x11, 0xc1, 0xf0,

    /* U+5149 "光" */
    0x2, 0x3, 0x11, 0x88, 0x88, 0x64, 0x41, 0x24,
    0x1, 0x3, 0xff, 0xe1, 0x10, 0x8, 0x80, 0xc4,
    0x4, 0x22, 0xc1, 0x1c, 0xf, 0x80,

    /* U+514B "克" */
    0x4, 0x0, 0x40, 0xff, 0xf0, 0x40, 0x3f, 0xc2,
    0x4, 0x20, 0x43, 0xfc, 0x9, 0x1, 0x90, 0x11,
    0x12, 0x11, 0xc1, 0xf0,

    /* U+514D "免" */
    0x8, 0x0, 0x7e, 0x4, 0x20, 0x43, 0x7, 0xff,
    0x11, 0x88, 0x8c, 0x47, 0xfe, 0x2, 0x80, 0x24,
    0x3, 0x22, 0x31, 0x16, 0xf, 0x80,

    /* U+5151 "兑" */
    0x20, 0x81, 0x8, 0x11, 0x7, 0xfc, 0x40, 0x44,
    0x4, 0x40, 0x47, 0xfc, 0x9, 0x1, 0x90, 0x11,
    0x3, 0x11, 0xc1, 0xf0,

    /* U+5154 "兔" */
    0x8, 0x0, 0x7c, 0x4, 0x60, 0x42, 0x7, 0xff,
    0x11, 0x8, 0x88, 0x47, 0xfe, 0x5, 0x40, 0x2b,
    0x2, 0x4e, 0x62, 0x16, 0x1f, 0x80,

    /* U+515A "党" */
    0x4, 0x2, 0x44, 0x24, 0x4f, 0xff, 0x80, 0x1b,
    0xfd, 0x20, 0x42, 0x4, 0x3f, 0xc0, 0xb0, 0x13,
    0x3, 0x31, 0xc1, 0xf0,

    /* U+515C "兜" */
    0x0, 0x1, 0x90, 0x1b, 0xfc, 0x91, 0x24, 0xf9,
    0x24, 0x49, 0x62, 0x4d, 0xfe, 0x8, 0x80, 0x44,
    0x6, 0x22, 0x61, 0x1e, 0xf, 0x80,

    /* U+5162 "兢" */
    0x10, 0x40, 0x82, 0x3f, 0x7c, 0x20, 0x8f, 0xdf,
    0x42, 0x8a, 0x14, 0x5f, 0xbe, 0x48, 0xa2, 0x45,
    0x13, 0xaa, 0xb2, 0x58, 0x33, 0x80,

    /* U+5165 "入" */
    0x18, 0x0, 0x60, 0x1, 0x80, 0xc, 0x0, 0x70,
    0x2, 0x80, 0x26, 0x1, 0x10, 0x10, 0xc1, 0x83,
    0x18, 0xd, 0x0, 0x20,

    /* U+5168 "全" */
    0x3, 0x0, 0x1e, 0x0, 0xcc, 0x6, 0x18, 0x20,
    0x11, 0x7f, 0xa0, 0x30, 0x0, 0xc0, 0x1f, 0xe0,
    0xc, 0x0, 0x30, 0x0, 0xc0, 0x7f, 0xf8,

    /* U+516B "八" */
    0x0, 0x80, 0x22, 0x0, 0x88, 0x2, 0x10, 0x8,
    0x40, 0x21, 0x1, 0x4, 0x4, 0x8, 0x10, 0x20,
    0x80, 0x46, 0x1, 0x90, 0x2,

    /* U+516C "公" */
    0x19, 0x80, 0x84, 0xc, 0x10, 0xc0, 0xc4, 0x63,
    0x42, 0x8, 0x20, 0x3, 0x10, 0x10, 0xc1, 0x2,
    0x1f, 0xf8, 0x0, 0x60,

    /* U+516D "六" */
    0x4, 0x0, 0x40, 0x6, 0x0, 0x0, 0xff, 0xf0,
    0x0, 0x0, 0x1, 0x8, 0x30, 0xc2, 0x4, 0x60,
    0x2c, 0x3, 0x80, 0x10,

    /* U+5170 "兰" */
    0x20, 0x41, 0x8, 0x1, 0x87, 0xff, 0x0, 0x0,
    0x0, 0x0, 0x7, 0xfe, 0x0, 0x0, 0x0, 0x0,
    0xf, 0xff,

    /* U+5171 "共" */
    0x10, 0x40, 0x82, 0x4, 0x10, 0xff, 0xe1, 0x4,
    0x8, 0x20, 0x41, 0x2, 0x8, 0xff, 0xf8, 0x0,
    0x6, 0x30, 0x60, 0xc6, 0x3, 0x0, 0x0,

    /* U+5173 "关" */
    0x20, 0x41, 0x8, 0x10, 0x87, 0xfe, 0x6, 0x0,
    0x60, 0x6, 0xf, 0xff, 0x6, 0x0, 0xd0, 0x19,
    0x83, 0xc, 0xc0, 0x30,

    /* U+5174 "兴" */
    0x0, 0x0, 0x20, 0xf1, 0x4, 0x84, 0x62, 0x22,
    0x10, 0x20, 0x1, 0x1f, 0xff, 0x0, 0x0, 0xc6,
    0xc, 0x18, 0xc0, 0x6c, 0x1, 0x80,

    /* U+5175 "兵" */
    0x0, 0x1, 0xfe, 0x8, 0x0, 0x40, 0x3, 0xff,
    0x10, 0x40, 0x82, 0x4, 0x10, 0xff, 0xf8, 0x0,
    0x4, 0x30, 0xc0, 0x60, 0x1, 0x0,

    /* U+5176 "其" */
    0x10, 0x40, 0x82, 0x3f, 0xfe, 0x20, 0x81, 0xfc,
    0x8, 0x20, 0x41, 0x3, 0xf8, 0x10, 0x47, 0xff,
    0xc2, 0x20, 0x60, 0xcc, 0x1, 0x80,

    /* U+5177 "具" */
    0x3f, 0xe1, 0x1, 0xf, 0xf8, 0x40, 0x43, 0xfe,
    0x10, 0x10, 0xff, 0x84, 0x4, 0xff, 0xf8, 0xc6,
    0xc, 0x1d, 0x80, 0x30,

    /* U+5178 "典" */
    0x8, 0x80, 0x44, 0x1f, 0xfc, 0x91, 0x24, 0x89,
    0x3f, 0xf9, 0x22, 0x49, 0x12, 0x48, 0x97, 0xff,
    0xc2, 0x20, 0x60, 0xce, 0x1, 0x80,

    /* U+517B "养" */
    0x10, 0x81, 0x8, 0x7f, 0xf0, 0x40, 0x7f, 0xe0,
    0x40, 0xff, 0xf1, 0x8, 0xf0, 0xe9, 0x9, 0x10,
    0x83, 0x8, 0x60, 0x80,

    /* U+517C "兼" */
    0x20, 0x41, 0x8, 0xff, 0xf0, 0x90, 0x7f, 0xe0,
    0x92, 0xff, 0xf0, 0x92, 0x9, 0x27, 0xfe, 0x19,
    0x86, 0x96, 0x89, 0x10,

    /* U+517D "兽" */
    0x10, 0x40, 0x44, 0x1f, 0xfc, 0x84, 0x27, 0xff,
    0x21, 0x8, 0xf7, 0x9f, 0xff, 0x0, 0x1, 0xff,
    0x8, 0x8, 0x7f, 0xc2, 0x2, 0x0,

    /* U+5180 "冀" */
    0x9, 0x3, 0xcf, 0x1e, 0x42, 0x1, 0xe3, 0xfe,
    0x11, 0x10, 0xff, 0x87, 0xfc, 0x7f, 0xf0, 0xc4,
    0x3f, 0xfe, 0x31, 0x8e, 0x3, 0x80,

    /* U+5185 "内" */
    0x4, 0x0, 0x80, 0x10, 0x7f, 0xf8, 0x43, 0x8,
    0x63, 0x8c, 0x59, 0x91, 0xbc, 0x1e, 0x0, 0xc0,
    0x18, 0xe,

    /* U+5188 "冈" */
    0xff, 0xf0, 0x6, 0x6, 0xd8, 0x99, 0xa3, 0x1c,
    0x61, 0x8c, 0x59, 0x99, 0x36, 0x16, 0x0, 0xc0,
    0x70,

    /* U+518C "册" */
    0x3d, 0xe1, 0x29, 0x9, 0x48, 0x4a, 0x42, 0x52,
    0x7f, 0xfd, 0x94, 0x88, 0xa4, 0x45, 0x22, 0x29,
    0x11, 0x89, 0x3c, 0xc0,

    /* U+518D "再" */
    0x7f, 0xf0, 0x10, 0xf, 0xf8, 0x44, 0x42, 0x22,
    0x1f, 0xf0, 0x88, 0x84, 0x44, 0xff, 0xf9, 0x1,
    0x8, 0x8, 0x41, 0xc0,

    /* U+5192 "冒" */
    0xff, 0xf0, 0x6, 0xfe, 0xdf, 0xd8, 0x2, 0xff,
    0x90, 0x13, 0xfe, 0x40, 0x4f, 0xf9, 0x1, 0x3f,
    0xe0,

    /* U+5195 "冕" */
    0x7f, 0xe5, 0xfa, 0x40, 0x25, 0xfa, 0x1f, 0x82,
    0x18, 0xff, 0xe4, 0x22, 0x7f, 0xe0, 0x50, 0x19,
    0x1e, 0x1f,

    /* U+5197 "冗" */
    0x7f, 0xf9, 0x0, 0x24, 0x0, 0x90, 0x2, 0xf,
    0xc0, 0x21, 0x0, 0x84, 0x2, 0x10, 0x8, 0x40,
    0x41, 0x13, 0x4, 0x90, 0x1e,

    /* U+5199 "写" */
    0xff, 0xf9, 0x1, 0x90, 0x11, 0xfc, 0x30, 0x2,
    0x0, 0x3f, 0xe0, 0x6, 0xff, 0x40, 0x4, 0x0,
    0x40, 0x3c,

    /* U+519B "军" */
    0xff, 0xf8, 0x81, 0x88, 0x17, 0xfe, 0x10, 0x2,
    0x20, 0x3f, 0xe0, 0x20, 0x2, 0xf, 0xff, 0x2,
    0x0, 0x20,

    /* U+519C "农" */
    0x2, 0x0, 0x10, 0x1f, 0xfc, 0x8c, 0x24, 0x61,
    0x5, 0x0, 0x64, 0x86, 0x38, 0xd0, 0x80, 0x86,
    0x4, 0x18, 0x3c, 0x61, 0x1, 0x0,

    /* U+51A0 "冠" */
    0xff, 0xf4, 0x0, 0x80, 0x8, 0xf8, 0x40, 0x3f,
    0xfe, 0x91, 0x24, 0x89, 0x14, 0x48, 0x22, 0x47,
    0x52, 0x3, 0x1f, 0xe0,

    /* U+51A4 "冤" */
    0x7f, 0xf9, 0x30, 0x24, 0xf8, 0x8c, 0x40, 0x7f,
    0xf0, 0x88, 0x42, 0x21, 0xf, 0xfc, 0x5, 0x0,
    0x34, 0x81, 0x90, 0x98, 0x7e,

    /* U+51AC "冬" */
    0x8, 0x1, 0xfc, 0x30, 0xc7, 0x98, 0xcf, 0x0,
    0xf0, 0x70, 0xec, 0x83, 0x7, 0x0, 0x8, 0x3c,
    0x0, 0x38, 0x0, 0x0,

    /* U+51AF "冯" */
    0x4f, 0xf1, 0x0, 0x89, 0x84, 0x8, 0x20, 0x42,
    0x3, 0xfc, 0x80, 0x24, 0x1, 0x6f, 0xea, 0x0,
    0x50, 0x4, 0x1, 0xe0,

    /* U+51B0 "冰" */
    0x1, 0x4, 0x8, 0x30, 0x40, 0x82, 0x21, 0xd2,
    0x2, 0xe0, 0x16, 0xc, 0xa8, 0x49, 0x46, 0xc9,
    0x2c, 0x44, 0x2, 0x0, 0x70, 0x0,

    /* U+51B2 "冲" */
    0x0, 0x88, 0x8, 0x40, 0x82, 0xff, 0x8, 0x90,
    0x89, 0x28, 0x92, 0xff, 0x48, 0x94, 0x8, 0x80,
    0x88, 0x8, 0x0, 0x80,

    /* U+51B3 "决" */
    0x0, 0x82, 0x4, 0x9, 0xfc, 0x41, 0x20, 0x9,
    0x0, 0x48, 0x2, 0x41, 0xff, 0x21, 0x81, 0xa,
    0x10, 0x90, 0x8c, 0x41, 0xc1, 0x80,

    /* U+51B5 "况" */
    0x47, 0xf1, 0x20, 0x85, 0x4, 0x8, 0x20, 0x41,
    0x3, 0xf8, 0x49, 0x4, 0x48, 0x62, 0x42, 0x12,
    0x41, 0x12, 0x30, 0xf0,

    /* U+51B6 "冶" */
    0x0, 0x2, 0x8, 0x8, 0xd8, 0x64, 0x40, 0x41,
    0x7, 0xfc, 0x0, 0x2, 0xfe, 0x24, 0x11, 0x20,
    0x99, 0x4, 0x88, 0x24, 0x7f, 0x0,

    /* U+51B7 "冷" */
    0x0, 0x8, 0x10, 0xc2, 0x84, 0x44, 0x4c, 0x61,
    0x13, 0x0, 0x0, 0xfe, 0x40, 0x64, 0xc, 0xc6,
    0x88, 0x30, 0x80, 0x80,

    /* U+51BB "冻" */
    0x2, 0x8, 0x20, 0x5f, 0xf4, 0x40, 0x5, 0x0,
    0x90, 0xf, 0xe2, 0x10, 0x45, 0x4, 0x92, 0x89,
    0x39, 0x11, 0x3, 0x0,

    /* U+51C0 "净" */
    0x6, 0x4, 0x3e, 0x12, 0x10, 0xd1, 0x1, 0xff,
    0x0, 0x88, 0x7f, 0xe4, 0x22, 0x61, 0x12, 0x7f,
    0xb0, 0x41, 0x2, 0x0, 0x70, 0x0,

    /* U+51C4 "凄" */
    0x1, 0x82, 0xff, 0xd0, 0x60, 0x5f, 0xe0, 0x19,
    0xf, 0xfc, 0x6, 0x44, 0xec, 0x5f, 0xfa, 0x33,
    0x10, 0xf1, 0xe, 0xe1, 0x80, 0x0,

    /* U+51C6 "准" */
    0x84, 0x88, 0x88, 0x4f, 0xf5, 0x88, 0x18, 0x82,
    0xff, 0x8, 0x84, 0xff, 0x48, 0x88, 0x88, 0x8f,
    0xf0, 0x80,

    /* U+51C9 "凉" */
    0x0, 0x82, 0x4, 0x13, 0xfe, 0x40, 0x2, 0x7f,
    0x2, 0x8, 0x10, 0x44, 0xfe, 0x20, 0x81, 0x24,
    0x93, 0x26, 0x91, 0x10, 0x38, 0x0,

    /* U+51CC "凌" */
    0x0, 0x82, 0x3f, 0x98, 0x20, 0x41, 0x2, 0xff,
    0x81, 0x0, 0x18, 0xc1, 0x21, 0x23, 0xf1, 0x31,
    0x12, 0x58, 0x81, 0x4, 0x77, 0x4, 0x4,

    /* U+51CF "减" */
    0x0, 0x51, 0x1, 0x22, 0xff, 0x8a, 0x10, 0xb,
    0xc8, 0x21, 0x20, 0xbb, 0xb, 0x2c, 0x2c, 0xa1,
    0x2e, 0x85, 0x86, 0x74, 0x26, 0x11, 0x18,

    /* U+51D1 "凑" */
    0x81, 0xd, 0xff, 0x42, 0x2, 0xfe, 0x2, 0x1,
    0xff, 0xc, 0x43, 0xfb, 0x51, 0x4, 0xfe, 0xc2,
    0x88, 0x46, 0x18, 0x0,

    /* U+51DB "凛" */
    0x1, 0x9, 0xff, 0x40, 0x6, 0xfe, 0xb, 0xa0,
    0xba, 0x2f, 0xe6, 0x0, 0x47, 0xcd, 0xff, 0x85,
    0x41, 0x93, 0x17, 0x10,

    /* U+51DD "凝" */
    0x18, 0x0, 0xc7, 0xd7, 0x84, 0x72, 0xc0, 0xf3,
    0x4, 0x7c, 0x7c, 0xa6, 0x94, 0x5f, 0xba, 0x25,
    0x31, 0xa9, 0x11, 0xc1, 0x13, 0x80,

    /* U+51E0 "几" */
    0x1f, 0xc0, 0x82, 0x4, 0x10, 0x20, 0x81, 0x4,
    0x8, 0x20, 0x41, 0x2, 0x8, 0x20, 0x41, 0x2,
    0x58, 0x13, 0x80, 0xf0,

    /* U+51E1 "凡" */
    0x1f, 0xc0, 0x82, 0x4, 0x10, 0x20, 0x81, 0x44,
    0x9, 0x20, 0x45, 0x2, 0x8, 0x20, 0x41, 0x2,
    0x58, 0x13, 0x80, 0xf0,

    /* U+51E4 "凤" */
    0x3f, 0xf0, 0x80, 0x42, 0x1, 0xb, 0xf4, 0x20,
    0x50, 0x82, 0x42, 0x69, 0x8, 0xc4, 0x23, 0x91,
    0x1b, 0x55, 0x85, 0x50, 0x2,

    /* U+51EB "凫" */
    0x4, 0x3, 0xfe, 0x20, 0x22, 0xc2, 0x22, 0xe2,
    0x0, 0x3f, 0xf0, 0x1, 0x1f, 0x11, 0x13, 0x11,
    0x3, 0x11, 0xe1, 0xf0,

    /* U+51ED "凭" */
    0x10, 0x70, 0xbc, 0x8, 0x20, 0xdf, 0xfa, 0x8,
    0x10, 0x40, 0x9f, 0xe0, 0x0, 0x1f, 0xc0, 0xc2,
    0x4, 0x12, 0x60, 0x9e, 0x7, 0x80,

    /* U+51EF "凯" */
    0x20, 0x5, 0x4f, 0x2a, 0x49, 0xf2, 0x40, 0x12,
    0x7c, 0x90, 0x24, 0x81, 0x24, 0xf9, 0x24, 0x9,
    0x20, 0x8b, 0xf4, 0x58, 0x43, 0x80,

    /* U+51F0 "凰" */
    0x3f, 0xf0, 0x88, 0x42, 0xfd, 0xa, 0x14, 0x2f,
    0xd0, 0xa1, 0x42, 0x79, 0xf, 0xf4, 0x22, 0x11,
    0x3f, 0x44, 0x21, 0x57, 0xfb,

    /* U+51F3 "凳" */
    0x7d, 0x45, 0x9b, 0x3f, 0x4c, 0x3, 0x3f, 0xc3,
    0xfc, 0x10, 0x8f, 0xff, 0x1f, 0x81, 0x9, 0x20,
    0x9c, 0xf,

    /* U+51F6 "凶" */
    0x0, 0x42, 0x8, 0x90, 0x98, 0xd1, 0x86, 0x18,
    0x71, 0x8d, 0x99, 0x8d, 0xe0, 0x58, 0x1, 0xff,
    0xf0, 0x1,

    /* U+51F8 "凸" */
    0x1f, 0x2, 0x20, 0x44, 0x8, 0x8f, 0x1f, 0x0,
    0x60, 0xc, 0x1, 0x80, 0x30, 0x7, 0xff, 0xc0,
    0x10,

    /* U+51F9 "凹" */
    0xf1, 0xf2, 0x26, 0x44, 0xc8, 0x99, 0xf3, 0x0,
    0x60, 0xc, 0x1, 0x80, 0x3f, 0xfe, 0x0, 0x80,

    /* U+51FA "出" */
    0x4, 0x8, 0x89, 0x11, 0x22, 0x24, 0x44, 0xff,
    0x81, 0x4, 0x23, 0x84, 0x70, 0x8e, 0x11, 0xff,
    0xf0, 0x6,

    /* U+51FB "击" */
    0x6, 0x0, 0x60, 0x7f, 0xe0, 0x60, 0x6, 0x0,
    0x60, 0xff, 0xf0, 0x60, 0x46, 0x24, 0x62, 0x46,
    0x27, 0xfe, 0x0, 0x20,

    /* U+51FD "函" */
    0x7f, 0xc0, 0x18, 0x86, 0x1a, 0x4d, 0x95, 0x98,
    0xf1, 0x95, 0x9e, 0x4d, 0x9c, 0x18, 0x1, 0xff,
    0xf0, 0x1,

    /* U+51FF "凿" */
    0x4, 0x81, 0x25, 0x1, 0x21, 0xff, 0xf0, 0x88,
    0x24, 0x49, 0x7f, 0x48, 0x42, 0x5f, 0xd2, 0x10,
    0x90, 0x84, 0xff, 0xe0, 0x1, 0x0,

    /* U+5200 "刀" */
    0x7f, 0xf8, 0x30, 0x41, 0x82, 0x8, 0x10, 0x40,
    0x82, 0x4, 0x30, 0x21, 0x1, 0x18, 0x19, 0x80,
    0x90, 0x3c,

    /* U+5201 "刁" */
    0x7f, 0xe0, 0x4, 0x0, 0x80, 0x90, 0x62, 0x18,
    0x4c, 0xb, 0x1, 0x0, 0x20, 0xc, 0xf, 0x0,

    /* U+5203 "刃" */
    0x7f, 0xf0, 0x21, 0x2, 0x12, 0x21, 0x26, 0x14,
    0x41, 0x44, 0x10, 0x81, 0x18, 0x33, 0x2, 0x41,
    0xe0,

    /* U+5206 "分" */
    0x8, 0x80, 0x42, 0x4, 0x18, 0x60, 0x46, 0x1,
    0x3f, 0xf4, 0x10, 0x80, 0x84, 0xc, 0x20, 0x41,
    0x4, 0x8, 0xc3, 0x80,

    /* U+5207 "切" */
    0x23, 0xf9, 0x4, 0x4b, 0x23, 0xe1, 0x12, 0x8,
    0x90, 0x44, 0x82, 0x24, 0xa1, 0x39, 0x9, 0x18,
    0x41, 0x86, 0x8, 0xe0,

    /* U+520A "刊" */
    0x0, 0x1f, 0xe1, 0x10, 0x91, 0x9, 0x10, 0x91,
    0x9, 0xfe, 0x91, 0x9, 0x10, 0x91, 0x9, 0x10,
    0x11, 0x1, 0x10, 0x70,

    /* U+5211 "刑" */
    0x0, 0x1f, 0xf1, 0x24, 0x92, 0x49, 0x24, 0x9f,
    0xf9, 0x24, 0x92, 0x49, 0x24, 0x96, 0x41, 0x44,
    0x14, 0x41, 0x84, 0x70,

    /* U+5212 "划" */
    0x28, 0x12, 0xc1, 0x24, 0x92, 0x9, 0xfe, 0x92,
    0x29, 0x14, 0x91, 0xc9, 0x18, 0x91, 0x1, 0x2a,
    0x14, 0xa1, 0x86, 0x70,

    /* U+5217 "列" */
    0x0, 0x1f, 0xe1, 0x20, 0x92, 0x9, 0x7e, 0x94,
    0x49, 0x44, 0x9a, 0x49, 0x38, 0x91, 0x89, 0x10,
    0x12, 0x1, 0xc0, 0x70,

    /* U+5218 "刘" */
    0x10, 0x11, 0x1, 0x10, 0x9f, 0xe9, 0x4, 0x94,
    0x89, 0x28, 0x91, 0x89, 0x18, 0x93, 0x41, 0x24,
    0x14, 0x1, 0x80, 0x70,

    /* U+5219 "则" */
    0x0, 0x17, 0xe1, 0x42, 0x55, 0x25, 0x52, 0x55,
    0x25, 0x52, 0x55, 0x25, 0x52, 0x55, 0x25, 0x28,
    0x16, 0x61, 0xc2, 0x70,

    /* U+521A "刚" */
    0x0, 0x1f, 0xe1, 0x82, 0x98, 0xa9, 0xaa, 0x9a,
    0xa9, 0x92, 0x99, 0x29, 0x9a, 0x9a, 0xa9, 0xa2,
    0x18, 0x21, 0x8e, 0xf0,

    /* U+521B "创" */
    0x8, 0x8, 0x62, 0x44, 0x92, 0x46, 0x96, 0x14,
    0x9f, 0x24, 0x89, 0x24, 0x49, 0x22, 0x49, 0x72,
    0x48, 0x42, 0x42, 0x13, 0xf7, 0x80,

    /* U+521D "初" */
    0x10, 0x0, 0x9f, 0xdf, 0x22, 0x11, 0x11, 0x88,
    0x8a, 0x44, 0xe2, 0x3a, 0xa1, 0x11, 0x8, 0x88,
    0x44, 0x86, 0x2c, 0xe0,

    /* U+5220 "删" */
    0x0, 0x17, 0x71, 0x55, 0x55, 0x55, 0x55, 0x55,
    0x55, 0xff, 0xd5, 0x55, 0x55, 0x55, 0x55, 0x55,
    0x19, 0x51, 0xbb, 0x30,

    /* U+5224 "判" */
    0x10, 0x1d, 0x21, 0x54, 0x95, 0x49, 0x10, 0x9f,
    0xe9, 0x10, 0x91, 0x9, 0xfe, 0x91, 0x9, 0x20,
    0x16, 0x1, 0x40, 0x70,

    /* U+5228 "刨" */
    0x20, 0x12, 0x1, 0x7e, 0x54, 0x25, 0xfa, 0x54,
    0xa5, 0x4a, 0x57, 0xa5, 0x42, 0x54, 0xe5, 0x41,
    0x14, 0x11, 0x7f, 0x70,

    /* U+5229 "利" */
    0x4, 0x17, 0x81, 0x90, 0x91, 0x9, 0xfe, 0x91,
    0x9, 0x38, 0x93, 0x49, 0x52, 0x99, 0x1, 0x90,
    0x11, 0x1, 0x10, 0x70,

    /* U+522B "别" */
    0x0, 0x3f, 0x86, 0x14, 0xc2, 0x98, 0x52, 0xf2,
    0x48, 0x4f, 0xe9, 0x25, 0x24, 0xa5, 0x10, 0xa2,
    0x19, 0x8e,

    /* U+522E "刮" */
    0x6, 0x17, 0xc1, 0xd8, 0x51, 0x85, 0x18, 0x5f,
    0xf5, 0x18, 0x51, 0x85, 0x7e, 0x54, 0x25, 0x42,
    0x17, 0xe1, 0x42, 0x70,

    /* U+5230 "到" */
    0x0, 0x1f, 0xe1, 0xfe, 0x92, 0x89, 0x44, 0x9f,
    0xe9, 0x10, 0x91, 0x9, 0xfe, 0x91, 0x9, 0x16,
    0x1f, 0x81, 0x80, 0x70,

    /* U+5236 "制" */
    0x50, 0x15, 0x5, 0x7e, 0x59, 0x5, 0xff, 0x51,
    0x5, 0x10, 0x57, 0xe5, 0x52, 0x55, 0x21, 0x52,
    0x15, 0x61, 0x10, 0x70,

    /* U+5237 "刷" */
    0x0, 0x17, 0xf1, 0x41, 0x54, 0x15, 0x7f, 0x54,
    0x85, 0x7f, 0x56, 0x95, 0x69, 0x56, 0x95, 0x69,
    0x1a, 0xb1, 0x88, 0x30,

    /* U+5238 "券" */
    0x0, 0x2, 0x24, 0x14, 0x87, 0xfe, 0x8, 0xf,
    0xff, 0x10, 0x86, 0x4, 0xff, 0xf0, 0x84, 0x8,
    0xc3, 0x8, 0x63, 0x80,

    /* U+5239 "刹" */
    0x4, 0x1c, 0x41, 0x28, 0x93, 0x89, 0xc6, 0x91,
    0x9, 0xfe, 0x91, 0x9, 0x54, 0x95, 0x61, 0x92,
    0x19, 0x1, 0x30, 0x70,

    /* U+523A "刺" */
    0x10, 0x11, 0x1, 0xfe, 0x91, 0x9, 0xfe, 0x99,
    0x29, 0x92, 0x99, 0x29, 0x34, 0x93, 0x89, 0x56,
    0x19, 0x1, 0x10, 0x70,

    /* U+523B "刻" */
    0x10, 0x10, 0x81, 0xff, 0x51, 0x5, 0x22, 0x54,
    0x45, 0x7c, 0x51, 0xb5, 0x22, 0x5c, 0x45, 0x1e,
    0x17, 0x31, 0xc0, 0x70,

    /* U+523D "刽" */
    0x8, 0x11, 0x81, 0x36, 0x56, 0x35, 0xc1, 0x5b,
    0xe5, 0x0, 0x5f, 0xf5, 0x10, 0x52, 0x45, 0x22,
    0x17, 0xf1, 0x1, 0x70,

    /* U+5242 "剂" */
    0x10, 0x10, 0x81, 0xff, 0x54, 0x45, 0x3c, 0x51,
    0xc5, 0xe3, 0x52, 0x45, 0x24, 0x52, 0x41, 0x64,
    0x14, 0x41, 0x84, 0x70,

    /* U+5243 "剃" */
    0x22, 0x9, 0x10, 0x45, 0x12, 0xd6, 0x90, 0x94,
    0xbf, 0xa5, 0x21, 0x2f, 0xe9, 0x19, 0x48, 0xc8,
    0x4a, 0x43, 0x96, 0x10, 0x83, 0x80,

    /* U+524A "削" */
    0xa4, 0x1a, 0x51, 0xad, 0x12, 0x11, 0xfd, 0x18,
    0x51, 0xfd, 0x18, 0x51, 0x85, 0x1f, 0xd1, 0x84,
    0x18, 0x41, 0x9c, 0xf0,

    /* U+524D "前" */
    0x10, 0x60, 0xc2, 0x3f, 0xfe, 0x0, 0x0, 0x1,
    0x3e, 0x49, 0x12, 0x4f, 0x92, 0x44, 0x92, 0x24,
    0x9f, 0x24, 0x88, 0x24, 0xc7, 0x0,

    /* U+5251 "剑" */
    0x8, 0x8, 0xe0, 0x4d, 0x92, 0xc6, 0x9c, 0x14,
    0xdf, 0x24, 0x1, 0x29, 0x49, 0x4a, 0x49, 0x52,
    0x41, 0x2, 0xfe, 0x10, 0x7, 0x80,

    /* U+5254 "剔" */
    0x0, 0x17, 0xe1, 0x42, 0x57, 0xe5, 0x42, 0x57,
    0xe5, 0x20, 0x53, 0xf5, 0x5a, 0x5a, 0xa5, 0x2a,
    0x1d, 0x21, 0xe, 0x30,

    /* U+5256 "剖" */
    0x10, 0x11, 0x81, 0xff, 0x56, 0x25, 0x24, 0x52,
    0x45, 0xff, 0x50, 0x5, 0x7e, 0x54, 0x25, 0x42,
    0x17, 0xe1, 0x42, 0x70,

    /* U+5265 "剥" */
    0x0, 0x17, 0xc1, 0x4, 0x57, 0xc5, 0x4, 0x5f,
    0xf5, 0x10, 0x59, 0x25, 0x56, 0x53, 0xc5, 0x52,
    0x19, 0x1, 0x70, 0x70,

    /* U+5267 "剧" */
    0x0, 0x17, 0xe1, 0x42, 0x54, 0x25, 0x7e, 0x54,
    0x85, 0x7f, 0x54, 0x85, 0x48, 0x57, 0xe5, 0xa2,
    0x1b, 0xe1, 0x22, 0x30,

    /* U+5269 "剩" */
    0x6, 0x1f, 0x81, 0x10, 0x5f, 0xf5, 0x34, 0x5f,
    0x55, 0x36, 0x57, 0x55, 0xb7, 0x51, 0xc5, 0x32,
    0x1d, 0x1, 0x10, 0x70,

    /* U+526A "剪" */
    0x10, 0x8f, 0xff, 0x0, 0x27, 0xd2, 0x7d, 0x27,
    0xd2, 0x44, 0x20, 0x84, 0xff, 0xe0, 0xc2, 0x18,
    0x2e, 0x1c,

    /* U+526F "副" */
    0x0, 0x1f, 0xf1, 0x0, 0x57, 0xe5, 0x42, 0x57,
    0xe5, 0x0, 0x5f, 0xf5, 0x89, 0x58, 0x95, 0xff,
    0x1f, 0xf1, 0x81, 0x70,

    /* U+5272 "割" */
    0x10, 0xf, 0xf8, 0x60, 0x53, 0xfe, 0x91, 0x4,
    0xbf, 0x24, 0x41, 0x3f, 0xe9, 0x10, 0x4b, 0xf2,
    0x50, 0x82, 0xfc, 0x14, 0x23, 0x0,

    /* U+527F "剿" */
    0x4a, 0x19, 0x61, 0x52, 0x56, 0x95, 0xfe, 0x59,
    0xa5, 0xfe, 0x5f, 0xe5, 0x18, 0x5f, 0xf5, 0x3c,
    0x1d, 0xb1, 0x98, 0x70,

    /* U+5288 "劈" */
    0x0, 0x43, 0xe2, 0x11, 0x6c, 0xf9, 0x44, 0x3f,
    0xbe, 0x23, 0x97, 0xd7, 0x88, 0x0, 0x3, 0xff,
    0x81, 0x4, 0x38, 0x27, 0xe, 0x0,

    /* U+529B "力" */
    0x4, 0x0, 0x40, 0x4, 0x7, 0xff, 0x4, 0x10,
    0x41, 0x4, 0x10, 0x81, 0x8, 0x11, 0x81, 0x30,
    0x36, 0x2, 0xc1, 0xe0,

    /* U+529D "劝" */
    0x0, 0x80, 0x8, 0xf8, 0x80, 0xbf, 0x48, 0x96,
    0x89, 0x30, 0x91, 0x9, 0x39, 0x12, 0x91, 0x4a,
    0x18, 0x61, 0xc, 0x60,

    /* U+529E "办" */
    0x4, 0x0, 0x20, 0x1, 0x0, 0xff, 0x80, 0x44,
    0x12, 0x38, 0x91, 0x49, 0x8a, 0x48, 0x48, 0xc2,
    0x44, 0x10, 0x41, 0x8c, 0x38, 0x0,

    /* U+529F "功" */
    0x0, 0x8f, 0x88, 0x20, 0x82, 0x7f, 0x20, 0x92,
    0x9, 0x20, 0x92, 0x9, 0x39, 0x1e, 0x11, 0x2,
    0x10, 0x63, 0x8, 0x60,

    /* U+52A0 "加" */
    0x20, 0x2, 0x0, 0x21, 0xff, 0xd1, 0x25, 0x12,
    0x51, 0x25, 0x12, 0x51, 0x25, 0x14, 0x51, 0x45,
    0x1c, 0x5f, 0x9d, 0x10,

    /* U+52A1 "务" */
    0x8, 0x1, 0xfe, 0x70, 0x44, 0x98, 0xf, 0xf,
    0xf, 0x4, 0x7, 0xfe, 0xc, 0x20, 0x82, 0x30,
    0x6c, 0x1c,

    /* U+52A3 "劣" */
    0x2, 0x0, 0x93, 0x8, 0x94, 0x85, 0x90, 0x38,
    0xf, 0x1, 0xc8, 0x0, 0x40, 0x7f, 0xf0, 0x20,
    0x83, 0xc, 0x30, 0x4e, 0xe, 0x0,

    /* U+52A8 "动" */
    0x0, 0x8f, 0xc8, 0x0, 0x80, 0x3f, 0x3, 0xff,
    0xc9, 0x20, 0x94, 0x89, 0x48, 0x94, 0x51, 0xfd,
    0x18, 0x31, 0x2, 0xe0,

    /* U+52A9 "助" */
    0x0, 0x87, 0xc8, 0x44, 0x84, 0x7f, 0x7f, 0xf4,
    0x49, 0x44, 0x97, 0xc9, 0x44, 0x94, 0x51, 0x79,
    0x18, 0x21, 0x6, 0xe0,

    /* U+52AA "努" */
    0x10, 0x1, 0x8f, 0xff, 0x44, 0xc9, 0x26, 0x8e,
    0xc, 0x73, 0x94, 0x60, 0x40, 0x7f, 0xf0, 0x20,
    0x83, 0x4, 0x30, 0x6e, 0xe, 0x0,

    /* U+52AB "劫" */
    0x10, 0x41, 0x4, 0xfe, 0x41, 0x3f, 0x10, 0x51,
    0x5, 0xfe, 0x53, 0x5, 0x24, 0x94, 0x49, 0x7e,
    0x9c, 0x11, 0x2, 0x70,

    /* U+52B1 "励" */
    0x0, 0x43, 0xfa, 0x10, 0x10, 0x80, 0x87, 0xef,
    0xa8, 0x25, 0x79, 0x2a, 0x49, 0x52, 0x4a, 0x96,
    0x58, 0xa2, 0xc5, 0x1a, 0xd7, 0x0,

    /* U+52B2 "劲" */
    0x0, 0x43, 0xf2, 0x1, 0x90, 0x18, 0x81, 0x9f,
    0xbb, 0x24, 0x1, 0x2f, 0xc9, 0x18, 0x48, 0xc6,
    0x46, 0xa2, 0xf9, 0x14, 0x13, 0x80,

    /* U+52B3 "劳" */
    0x10, 0x81, 0x8, 0xff, 0xf1, 0x8, 0xff, 0xf8,
    0x41, 0x4, 0x7, 0xfe, 0x8, 0x20, 0x82, 0x18,
    0x63, 0x4, 0xc1, 0xc0,

    /* U+52BF "势" */
    0x21, 0x1, 0x8, 0x3f, 0xf8, 0x42, 0x4f, 0xb2,
    0x11, 0xd5, 0x90, 0xe0, 0x80, 0xff, 0xe0, 0x61,
    0x2, 0x8, 0x60, 0x4e, 0x1c, 0x0,

    /* U+52C3 "勃" */
    0x10, 0x81, 0x8, 0xfe, 0x81, 0x8, 0xff, 0xf8,
    0x29, 0x7c, 0x90, 0x89, 0x12, 0x9f, 0xd9, 0x11,
    0x11, 0x11, 0x72, 0xe0,

    /* U+52C7 "勇" */
    0x7f, 0xe0, 0x8c, 0x7, 0x87, 0xe7, 0x7f, 0xf6,
    0x21, 0x7f, 0xf6, 0x21, 0x7f, 0xf0, 0x41, 0x18,
    0x3e, 0xe,

    /* U+52C9 "勉" */
    0x10, 0x41, 0xe2, 0x9, 0x10, 0x93, 0xff, 0xe4,
    0xa5, 0x25, 0x29, 0x2f, 0xc9, 0xc, 0x88, 0xac,
    0x45, 0xcc, 0x48, 0x1c, 0x7f, 0x80,

    /* U+52CB "勋" */
    0x0, 0x43, 0xf2, 0x10, 0x90, 0xff, 0xf0, 0x1f,
    0xbf, 0x25, 0x9, 0x2a, 0x49, 0x52, 0x4a, 0x92,
    0x54, 0xa2, 0x59, 0x1c, 0x37, 0x0,

    /* U+52D2 "勒" */
    0x48, 0x42, 0x42, 0x3f, 0x90, 0x90, 0x83, 0x1f,
    0xfe, 0x26, 0x51, 0x32, 0x89, 0xfc, 0x88, 0x84,
    0x7f, 0xe2, 0x26, 0x31, 0x67, 0x0,

    /* U+52D8 "勘" */
    0x44, 0x47, 0xf2, 0x11, 0x10, 0xfb, 0xf4, 0x44,
    0xbe, 0x25, 0x11, 0x3f, 0xc9, 0x58, 0x8b, 0x24,
    0x59, 0x64, 0xfa, 0x20, 0x27, 0x0,

    /* U+52DF "募" */
    0x10, 0x8f, 0xff, 0x10, 0x83, 0xfc, 0x20, 0x43,
    0xfc, 0x3f, 0xc0, 0x80, 0xff, 0xf2, 0x44, 0xff,
    0xf0, 0x84, 0x71, 0x80,

    /* U+52E4 "勤" */
    0x24, 0x47, 0xf2, 0x9, 0x10, 0x33, 0xf7, 0xe4,
    0xa9, 0x25, 0xf9, 0x22, 0x9, 0xfe, 0x48, 0x84,
    0x5f, 0xa2, 0x26, 0x1e, 0xf3, 0x0,

    /* U+52FA "勺" */
    0x10, 0x1, 0x0, 0x3f, 0xf2, 0x1, 0x40, 0x1d,
    0x1, 0x88, 0x10, 0x41, 0x6, 0x10, 0x1, 0x0,
    0x10, 0x3, 0x1, 0xe0,

    /* U+52FE "勾" */
    0x10, 0x1, 0x0, 0x3f, 0xf2, 0x1, 0x4c, 0x1c,
    0x81, 0x9b, 0x11, 0x11, 0x20, 0x97, 0xf9, 0x0,
    0x10, 0x3, 0x1, 0xe0,

    /* U+52FF "勿" */
    0x10, 0x3, 0x0, 0x3f, 0xf2, 0x49, 0x4c, 0x9c,
    0x89, 0x89, 0x11, 0x11, 0x31, 0x12, 0x21, 0x46,
    0x10, 0x43, 0x8, 0xe0,

    /* U+5300 "匀" */
    0x8, 0x1, 0x0, 0x1f, 0xf2, 0x1, 0x60, 0x1c,
    0xc1, 0x2, 0x10, 0x1, 0x7, 0x93, 0xc1, 0x0,
    0x10, 0x1e,

    /* U+5305 "包" */
    0x18, 0x1, 0x0, 0x3f, 0xe2, 0x2, 0x40, 0x2b,
    0xf2, 0x21, 0x22, 0x12, 0x3f, 0x22, 0xe, 0x20,
    0x12, 0x1, 0x3f, 0xf0,

    /* U+5306 "匆" */
    0x10, 0x1, 0x0, 0x3f, 0xf2, 0x49, 0x44, 0x9b,
    0x89, 0xf, 0x11, 0x31, 0x33, 0xd6, 0x21, 0x44,
    0x30, 0x8e,

    /* U+5308 "匈" */
    0x8, 0x0, 0xc0, 0x7, 0xfe, 0x40, 0x14, 0x10,
    0x95, 0xa4, 0x99, 0x24, 0xe9, 0x29, 0xc9, 0x2,
    0x4f, 0xf2, 0x0, 0x10, 0x7, 0x0,

    /* U+5315 "匕" */
    0x80, 0x20, 0x8, 0x1a, 0x18, 0xb8, 0x30, 0x8,
    0x2, 0x1, 0x80, 0x60, 0x17, 0xf8,

    /* U+5316 "化" */
    0x12, 0x1, 0x20, 0x22, 0x36, 0x22, 0x62, 0x4a,
    0x28, 0xa3, 0x2, 0x60, 0x2e, 0x2, 0x21, 0x22,
    0x12, 0x21, 0x23, 0xe0,

    /* U+5317 "北" */
    0x9, 0x0, 0x48, 0x2, 0x40, 0x12, 0x2f, 0x96,
    0x4, 0xe0, 0x24, 0x1, 0x20, 0x9, 0x0, 0xc8,
    0x7a, 0x43, 0x12, 0x10, 0x9f, 0x0,

    /* U+5319 "匙" */
    0x0, 0x83, 0xe4, 0x1f, 0x24, 0x89, 0x67, 0xcc,
    0x0, 0x43, 0xfa, 0x2, 0x10, 0x50, 0x8a, 0xf4,
    0x54, 0x3f, 0x60, 0x9, 0xff, 0x80,

    /* U+5320 "匠" */
    0xff, 0xf8, 0x0, 0x9f, 0xc9, 0x0, 0x90, 0x9,
    0xfe, 0x90, 0x89, 0x8, 0xb0, 0x8a, 0x8, 0xa0,
    0x8f, 0xff,

    /* U+5323 "匣" */
    0xff, 0xf8, 0x0, 0xbf, 0xea, 0x22, 0xbf, 0xea,
    0x22, 0xa2, 0x2b, 0xfe, 0x82, 0x8, 0x20, 0x80,
    0xf, 0xff,

    /* U+532A "匪" */
    0xff, 0xf8, 0x0, 0x85, 0xb, 0xde, 0x85, 0xb,
    0xde, 0x85, 0xb, 0xde, 0x85, 0x8, 0x50, 0x80,
    0xf, 0xff,

    /* U+5339 "匹" */
    0xff, 0xf8, 0x90, 0x89, 0x8, 0x90, 0x89, 0x8,
    0x90, 0x91, 0x19, 0x11, 0xa1, 0xf8, 0x0, 0xff,
    0xf0,

    /* U+533A "区" */
    0xff, 0xf8, 0x0, 0x80, 0xc9, 0x8, 0x8d, 0x8,
    0x60, 0x87, 0x8, 0xd8, 0x98, 0xca, 0x4, 0x80,
    0xf, 0xff,

    /* U+533B "医" */
    0xff, 0xf8, 0x80, 0x88, 0x9, 0xfe, 0xb2, 0x8,
    0x20, 0xbf, 0xf8, 0x30, 0x85, 0x89, 0x84, 0xa0,
    0xf, 0xff,

    /* U+533E "匾" */
    0xff, 0xf8, 0x20, 0x9f, 0xe9, 0x2, 0x9f, 0xc9,
    0xfe, 0x9a, 0xab, 0xfe, 0xaa, 0xaa, 0xaa, 0x80,
    0xf, 0xff,

    /* U+533F "匿" */
    0xff, 0xf8, 0x0, 0x84, 0x89, 0xfe, 0x82, 0xb,
    0xff, 0x8c, 0x9, 0xfe, 0xb8, 0x28, 0xfe, 0x80,
    0xf, 0xff,

    /* U+5341 "十" */
    0x2, 0x0, 0x10, 0x0, 0x80, 0x4, 0x0, 0x20,
    0x1, 0x3, 0xff, 0xe0, 0x40, 0x2, 0x0, 0x10,
    0x0, 0x80, 0x4, 0x0, 0x20, 0x0,

    /* U+5343 "千" */
    0x1, 0xf3, 0xf0, 0x0, 0x80, 0x4, 0x0, 0x20,
    0x7f, 0xfc, 0x8, 0x0, 0x40, 0x2, 0x0, 0x10,
    0x0, 0x80, 0x4, 0x0,

    /* U+5347 "升" */
    0x2, 0x40, 0xe2, 0x3c, 0x10, 0x20, 0x81, 0x4,
    0x8, 0x23, 0xff, 0xe2, 0x8, 0x10, 0x40, 0x82,
    0x8, 0x10, 0xc0, 0x8c, 0x4, 0x0,

    /* U+5348 "午" */
    0x10, 0x1, 0x80, 0xf, 0xfc, 0xc4, 0x4, 0x20,
    0x41, 0x0, 0x8, 0x1f, 0xff, 0x2, 0x0, 0x10,
    0x0, 0x80, 0x4, 0x0, 0x20, 0x0,

    /* U+534A "半" */
    0x2, 0x21, 0x11, 0xc, 0x88, 0x24, 0x80, 0x20,
    0x3f, 0xf8, 0x8, 0x0, 0x40, 0xff, 0xf8, 0x10,
    0x0, 0x80, 0x4, 0x0, 0x20, 0x0,

    /* U+534E "华" */
    0x19, 0x0, 0x88, 0x8c, 0x78, 0xef, 0xb, 0x50,
    0x18, 0x84, 0xc7, 0xc0, 0x40, 0x2, 0x7, 0xff,
    0xc0, 0x80, 0x4, 0x0, 0x20, 0x0,

    /* U+534F "协" */
    0x21, 0x1, 0x8, 0x8, 0x40, 0x4f, 0xcf, 0x12,
    0x10, 0x90, 0x94, 0xc5, 0x25, 0x2a, 0x29, 0x11,
    0x49, 0x8, 0x58, 0x43, 0x9c, 0x0,

    /* U+5351 "卑" */
    0x6, 0x1, 0xff, 0x88, 0x84, 0x44, 0x23, 0xff,
    0x11, 0x8, 0xff, 0xc1, 0xb0, 0x71, 0x87, 0xff,
    0xc0, 0x60, 0x3, 0x0, 0x18, 0x0,

    /* U+5352 "卒" */
    0x2, 0x0, 0x10, 0x3f, 0xfe, 0x30, 0x81, 0x4,
    0x1c, 0x60, 0xb6, 0x98, 0x63, 0x2, 0x7, 0xff,
    0xc0, 0x80, 0x4, 0x0, 0x20, 0x0,

    /* U+5353 "卓" */
    0x4, 0x0, 0x1f, 0x81, 0x0, 0xff, 0xc4, 0x2,
    0x20, 0x11, 0xff, 0x88, 0x4, 0x7f, 0xe0, 0x20,
    0x3f, 0xfe, 0x8, 0x0, 0x40, 0x0,

    /* U+5355 "单" */
    0x10, 0x40, 0x46, 0x1f, 0xfc, 0x84, 0x27, 0xff,
    0x21, 0x9, 0xff, 0xc0, 0x40, 0x2, 0x7, 0xff,
    0xc0, 0x80, 0x4, 0x0,

    /* U+5356 "卖" */
    0x6, 0x0, 0x60, 0x7f, 0xe0, 0x60, 0xff, 0xf1,
    0xa2, 0x62, 0x1, 0x20, 0xff, 0xf0, 0x40, 0xd,
    0x87, 0x7, 0xc0, 0x10,

    /* U+5357 "南" */
    0x6, 0x0, 0x60, 0xff, 0xf0, 0x60, 0x7f, 0xe4,
    0x9a, 0x49, 0x25, 0xfa, 0x46, 0x25, 0xfe, 0x46,
    0x24, 0x62, 0x46, 0xe0,

    /* U+535A "博" */
    0x20, 0xa1, 0x4, 0x8b, 0xfe, 0x41, 0xf, 0x7f,
    0x13, 0xf8, 0x9f, 0xc4, 0x92, 0x20, 0x21, 0xff,
    0xc9, 0x8, 0x46, 0x42, 0xe, 0x0,

    /* U+535C "卜" */
    0x81, 0x2, 0x4, 0xc, 0x1e, 0x27, 0x43, 0x81,
    0x2, 0x4, 0x8, 0x0,

    /* U+5360 "占" */
    0x8, 0x1, 0x0, 0x20, 0x7, 0xf0, 0x80, 0x10,
    0x2, 0x7, 0xfe, 0x80, 0x50, 0xa, 0x1, 0x7f,
    0xe8, 0x4,

    /* U+5361 "卡" */
    0x2, 0x0, 0x10, 0x0, 0xfc, 0x4, 0x0, 0x20,
    0x7f, 0xfc, 0x8, 0x0, 0x40, 0x3, 0xc0, 0x11,
    0x80, 0x80, 0x4, 0x0, 0x20, 0x0,

    /* U+5362 "卢" */
    0x2, 0x0, 0x10, 0x0, 0xfe, 0x4, 0x3, 0xfe,
    0x10, 0x10, 0x80, 0x87, 0xfc, 0x20, 0x21, 0x0,
    0x10, 0x0, 0x80, 0x8, 0x0, 0x0,

    /* U+5364 "卤" */
    0x4, 0x0, 0x40, 0x7, 0xf0, 0x40, 0xff, 0xe8,
    0x1a, 0x99, 0x28, 0x62, 0x8f, 0x2b, 0x1a, 0x80,
    0x2f, 0xfe, 0x80, 0x20,

    /* U+5366 "卦" */
    0x10, 0x81, 0x8, 0xfe, 0x81, 0x8, 0x10, 0x8f,
    0xec, 0x0, 0xa1, 0x9, 0xfe, 0x81, 0x8, 0x10,
    0x8f, 0xe8, 0x0, 0x80,

    /* U+5367 "卧" */
    0x0, 0x8f, 0xc8, 0x90, 0x89, 0x8, 0x90, 0x8f,
    0xc8, 0x84, 0xe8, 0x4b, 0xfc, 0x99, 0x8, 0x90,
    0x8f, 0xc8, 0x0, 0x80,

    /* U+536B "卫" */
    0x7f, 0xf0, 0x20, 0x81, 0x4, 0x8, 0x20, 0x41,
    0x2, 0x8, 0x13, 0xc0, 0x80, 0x4, 0x0, 0x20,
    0x1, 0x1, 0xff, 0xf0,

    /* U+5370 "印" */
    0x0, 0x7, 0x9f, 0x41, 0x14, 0x11, 0x41, 0x17,
    0xd1, 0x41, 0x14, 0x11, 0x41, 0x14, 0xd1, 0xf1,
    0x70, 0x10, 0x1, 0x0,

    /* U+5371 "危" */
    0x18, 0x0, 0xfc, 0xc, 0x40, 0x42, 0x7, 0xff,
    0x10, 0x0, 0xbf, 0x5, 0x8, 0x28, 0x41, 0x4e,
    0x12, 0x4, 0x90, 0x28, 0xff, 0x0,

    /* U+5373 "即" */
    0x7c, 0xf4, 0x49, 0x44, 0x97, 0xc9, 0x44, 0x94,
    0x49, 0x7c, 0x94, 0x89, 0x48, 0xb5, 0xc8, 0xe4,
    0x80, 0x8,

    /* U+5374 "却" */
    0x10, 0x1, 0xf, 0xfe, 0x91, 0x9, 0x10, 0x91,
    0x9, 0xfe, 0x91, 0x9, 0x24, 0x92, 0x49, 0x5e,
    0xb6, 0x28, 0x0, 0x80,

    /* U+5375 "卵" */
    0xc, 0x7, 0x1f, 0x41, 0x14, 0x51, 0x55, 0x55,
    0x55, 0x55, 0x54, 0x51, 0x5d, 0x1e, 0x91, 0x9,
    0x73, 0x10, 0x61, 0x0,

    /* U+5377 "卷" */
    0x22, 0x41, 0x48, 0x7f, 0xe0, 0xc0, 0xff, 0xf3,
    0x8, 0x5f, 0xe9, 0x9, 0x10, 0x81, 0x30, 0x10,
    0x21, 0xfc,

    /* U+5378 "卸" */
    0x20, 0x4, 0x1f, 0x7d, 0x1d, 0x11, 0x11, 0x1f,
    0xf1, 0x11, 0x15, 0xd1, 0x51, 0x15, 0x11, 0x53,
    0x3f, 0xd0, 0x1, 0x0,

    /* U+537F "卿" */
    0x37, 0xba, 0x25, 0x55, 0x2a, 0xaf, 0x55, 0x4a,
    0xab, 0xd5, 0x50, 0xae, 0xa5, 0x54, 0xa9, 0x3d,
    0xcb, 0x28, 0x80, 0x40,

    /* U+5382 "厂" */
    0x7f, 0xf4, 0x0, 0x40, 0x4, 0x0, 0x40, 0x4,
    0x0, 0x40, 0x4, 0x0, 0x40, 0xc, 0x0, 0x80,
    0x8, 0x0,

    /* U+5385 "厅" */
    0x7f, 0xfa, 0x0, 0x10, 0x0, 0xbf, 0xe4, 0x10,
    0x20, 0x81, 0x4, 0x8, 0x20, 0x41, 0x2, 0x8,
    0x20, 0x41, 0xe, 0x0,

    /* U+5386 "历" */
    0x7f, 0xfa, 0x0, 0x10, 0x80, 0x84, 0x5, 0xff,
    0x21, 0x9, 0x8, 0x48, 0x82, 0x44, 0x12, 0x20,
    0xa2, 0x9, 0x23, 0xc0,

    /* U+5389 "厉" */
    0x7f, 0xf4, 0x0, 0x40, 0x5, 0xff, 0x44, 0x4,
    0x40, 0x47, 0xe4, 0x42, 0x48, 0x24, 0x82, 0x90,
    0x6b, 0x1c,

    /* U+538B "压" */
    0x7f, 0xfa, 0x0, 0x10, 0x40, 0x82, 0x4, 0x10,
    0x2f, 0xf9, 0x4, 0x8, 0x28, 0x41, 0x22, 0x8,
    0xb0, 0x41, 0x7f, 0xf0, 0x0, 0x0,

    /* U+538C "厌" */
    0x7f, 0xf2, 0x0, 0x10, 0x50, 0x82, 0x44, 0x10,
    0x2f, 0xf9, 0x4, 0x8, 0x50, 0x42, 0x82, 0x22,
    0x23, 0x9, 0x30, 0x20, 0x0, 0x0,

    /* U+5395 "厕" */
    0x7f, 0xfa, 0x0, 0x97, 0xd4, 0xaa, 0xa5, 0x55,
    0x2a, 0xa9, 0x55, 0x4a, 0xaa, 0x55, 0x52, 0x50,
    0xa6, 0x45, 0x62, 0xe0,

    /* U+5398 "厘" */
    0x7f, 0xf4, 0x0, 0x5f, 0xe5, 0x12, 0x5f, 0xe5,
    0x12, 0x5f, 0xe4, 0x10, 0x5f, 0xe4, 0x10, 0x81,
    0xb, 0xff,

    /* U+539A "厚" */
    0x7f, 0xfa, 0x0, 0x17, 0xf8, 0xbf, 0xc5, 0x2,
    0x27, 0xe1, 0x7f, 0x88, 0x18, 0x41, 0x7, 0xff,
    0xe0, 0x41, 0x1e, 0x0,

    /* U+539F "原" */
    0x7f, 0xf4, 0x10, 0x5f, 0xe5, 0x2, 0x5f, 0xe5,
    0x2, 0x50, 0x25, 0xfe, 0x41, 0xd, 0x96, 0xb1,
    0x38, 0x70,

    /* U+53A2 "厢" */
    0x7f, 0xfa, 0x0, 0x12, 0x7c, 0x92, 0x27, 0xf1,
    0x24, 0xf9, 0x74, 0x4b, 0xa2, 0x69, 0xf2, 0x48,
    0xa2, 0x7d, 0x12, 0x20,

    /* U+53A6 "厦" */
    0x7f, 0xf2, 0x0, 0x17, 0xfc, 0x9f, 0xc4, 0x82,
    0x27, 0xf1, 0x3f, 0x89, 0xfc, 0x47, 0xe7, 0xe2,
    0x20, 0xe1, 0x78, 0xe0,

    /* U+53A8 "厨" */
    0x7f, 0xfa, 0x0, 0x9f, 0xc4, 0x80, 0x25, 0xef,
    0xa9, 0x9, 0x7a, 0x4a, 0x4a, 0x54, 0x12, 0xa0,
    0xa7, 0xc5, 0x40, 0xe0,

    /* U+53BB "去" */
    0x2, 0x0, 0x10, 0x1f, 0xfc, 0x4, 0x0, 0x20,
    0x1, 0x3, 0xff, 0xe1, 0x80, 0x8, 0xc0, 0x82,
    0x8, 0x8, 0xff, 0xe0, 0x1, 0x0,

    /* U+53BF "县" */
    0x3f, 0xc2, 0x4, 0x3f, 0xc2, 0x4, 0x20, 0x43,
    0xfc, 0x20, 0x4f, 0xff, 0x18, 0x82, 0x4, 0x7f,
    0xe0, 0x2,

    /* U+53C1 "叁" */
    0xc, 0x80, 0xc2, 0xf, 0xfc, 0x8, 0x20, 0xc0,
    0x7f, 0xfc, 0x41, 0xf, 0xfe, 0x80, 0x9, 0xff,
    0x0, 0x0, 0x0, 0x7, 0xff, 0x0,

    /* U+53C2 "参" */
    0x4, 0x80, 0xc2, 0xf, 0xfc, 0x8, 0x20, 0x40,
    0x7f, 0xfc, 0x63, 0x6, 0x6c, 0xfc, 0x98, 0x18,
    0x47, 0x18, 0x3, 0x83, 0xe0, 0x0,

    /* U+53C8 "又" */
    0xff, 0xe1, 0x1, 0x8, 0x10, 0x60, 0x81, 0x8,
    0xc, 0xc0, 0x24, 0x0, 0xc0, 0xf, 0x0, 0xcc,
    0x38, 0x1d, 0x0, 0x20,

    /* U+53C9 "叉" */
    0x7f, 0xf0, 0x40, 0x41, 0x22, 0x4, 0x48, 0x8,
    0x40, 0x33, 0x0, 0x68, 0x0, 0xc0, 0x7, 0x80,
    0x73, 0x87, 0x3, 0x80, 0x0,

    /* U+53CA "及" */
    0x7f, 0x80, 0x84, 0x4, 0x40, 0x33, 0xe1, 0x83,
    0xe, 0x10, 0x91, 0x84, 0x48, 0x21, 0x82, 0x1e,
    0x23, 0x9c, 0x0, 0x20,

    /* U+53CB "友" */
    0x8, 0x0, 0x80, 0x8, 0xf, 0xff, 0x10, 0x1,
    0xfc, 0x18, 0x42, 0x8c, 0x24, 0x86, 0x30, 0x47,
    0x89, 0xce, 0x0, 0x10,

    /* U+53CC "双" */
    0x7d, 0xf8, 0x28, 0x41, 0x24, 0xc9, 0x22, 0xc9,
    0xc, 0x58, 0x21, 0x83, 0x8c, 0x14, 0x61, 0x25,
    0x98, 0xc6, 0x84, 0x10,

    /* U+53CD "反" */
    0x0, 0xe1, 0xfc, 0x8, 0x0, 0x40, 0x2, 0x0,
    0x1f, 0xf0, 0xa0, 0x84, 0x8c, 0x24, 0x41, 0x14,
    0x8, 0x60, 0x8d, 0x85, 0xc7, 0x80, 0x0,

    /* U+53D1 "发" */
    0x12, 0x60, 0x48, 0xc2, 0x20, 0xf, 0xfe, 0x6,
    0x0, 0x10, 0x0, 0xff, 0x3, 0x8, 0x1a, 0x60,
    0x4d, 0x6, 0x18, 0x10, 0xd8, 0x1c, 0x18,

    /* U+53D4 "叔" */
    0x20, 0x1, 0xf, 0x8f, 0x44, 0x42, 0x22, 0x9,
    0x7f, 0x48, 0x42, 0x8a, 0x94, 0x54, 0x44, 0xb2,
    0x24, 0x28, 0x22, 0x27, 0x61, 0x80,

    /* U+53D6 "取" */
    0xfc, 0x2, 0x5f, 0x92, 0x44, 0xf2, 0x24, 0x92,
    0x24, 0x91, 0xe2, 0x89, 0x18, 0x4c, 0x47, 0xc6,
    0x2, 0x4c, 0x14, 0x20,

    /* U+53D7 "受" */
    0x0, 0x6f, 0xf8, 0x64, 0x22, 0x24, 0xff, 0xf8,
    0x1, 0x80, 0x13, 0xfc, 0x30, 0xc1, 0x98, 0xf,
    0x0, 0xf0, 0xf0, 0xf0,

    /* U+53D8 "变" */
    0x0, 0x0, 0x20, 0xff, 0xf0, 0x90, 0x29, 0x44,
    0x92, 0x9, 0x17, 0xfc, 0x30, 0xc1, 0x98, 0x7,
    0x1, 0xf8, 0xe0, 0x70,

    /* U+53D9 "叙" */
    0x10, 0x1, 0xcf, 0xd9, 0x45, 0x86, 0x2f, 0xc9,
    0x8, 0x48, 0x42, 0x5f, 0xd4, 0x10, 0x62, 0xa2,
    0x24, 0xb9, 0x23, 0x63, 0x31, 0x80,

    /* U+53DB "叛" */
    0x10, 0x34, 0xaf, 0x15, 0x40, 0xb2, 0x1, 0x1f,
    0xfe, 0xc8, 0x46, 0x42, 0x32, 0xff, 0x61, 0x13,
    0x8, 0x98, 0xcd, 0xa4, 0x59, 0x80,

    /* U+53E0 "叠" */
    0x3f, 0xc0, 0x70, 0x7f, 0xf6, 0x92, 0x39, 0xec,
    0x22, 0xff, 0xdb, 0xfd, 0x20, 0x43, 0xfc, 0x3f,
    0xcf, 0xff,

    /* U+53E3 "口" */
    0xff, 0xe0, 0x18, 0x6, 0x1, 0x80, 0x60, 0x18,
    0x6, 0x1, 0x80, 0x7f, 0xf8, 0x4,

    /* U+53E4 "古" */
    0x2, 0x0, 0x10, 0x0, 0x81, 0xff, 0xf0, 0x20,
    0x1, 0x0, 0x8, 0x7, 0xfc, 0x20, 0x21, 0x1,
    0x8, 0x8, 0x7f, 0xc2, 0x2, 0x0,

    /* U+53E5 "句" */
    0x8, 0x1, 0x0, 0x1f, 0xf2, 0x1, 0x20, 0x15,
    0xf1, 0x11, 0x11, 0x11, 0x11, 0x11, 0xf1, 0x10,
    0x10, 0x1, 0x1, 0xe0,

    /* U+53E6 "另" */
    0x7f, 0xc8, 0x9, 0x1, 0x20, 0x27, 0xfc, 0x8,
    0x3f, 0xf0, 0x42, 0x8, 0x42, 0x9, 0x81, 0x60,
    0xe0,

    /* U+53E8 "叨" */
    0xf7, 0xf9, 0x11, 0x91, 0x19, 0x11, 0x91, 0x19,
    0x11, 0x92, 0x19, 0x21, 0xf2, 0x10, 0x61, 0xc,
    0x30, 0x8e,

    /* U+53EA "只" */
    0x3f, 0xf1, 0x0, 0x88, 0x4, 0x40, 0x22, 0x1,
    0x10, 0x8, 0xff, 0xc0, 0x0, 0x8, 0x40, 0x43,
    0xc, 0xc, 0xc0, 0x10, 0x0, 0x0,

    /* U+53EB "叫" */
    0x0, 0x20, 0x7, 0xc8, 0xc9, 0x19, 0x23, 0x24,
    0x64, 0x8c, 0x91, 0x92, 0x3e, 0x7e, 0x18, 0x80,
    0x10, 0x2,

    /* U+53EC "召" */
    0x7f, 0xf0, 0x41, 0x4, 0x10, 0x83, 0x11, 0xee,
    0x0, 0x3f, 0xf2, 0x3, 0x20, 0x32, 0x3, 0x20,
    0x33, 0xff,

    /* U+53ED "叭" */
    0xf2, 0x44, 0x92, 0x24, 0x91, 0x24, 0x89, 0x24,
    0x49, 0x22, 0x50, 0x92, 0x84, 0xf4, 0x20, 0x61,
    0x82, 0x4, 0x0, 0x0,

    /* U+53EE "叮" */
    0xf7, 0xfc, 0x82, 0x24, 0x11, 0x20, 0x89, 0x4,
    0x48, 0x22, 0x41, 0x12, 0x8, 0xf0, 0x40, 0x2,
    0x0, 0x10, 0x7, 0x80,

    /* U+53EF "可" */
    0xff, 0xf0, 0x4, 0x0, 0x47, 0xe4, 0x42, 0x44,
    0x24, 0x42, 0x44, 0x24, 0x7e, 0x40, 0x4, 0x0,
    0x40, 0x1c,

    /* U+53F0 "台" */
    0x8, 0x2, 0x20, 0x82, 0x20, 0x2f, 0xfe, 0x0,
    0x5f, 0xf2, 0x2, 0x40, 0x48, 0x9, 0xff, 0x20,
    0x20,

    /* U+53F2 "史" */
    0x2, 0x0, 0x10, 0x1f, 0xfc, 0x84, 0x24, 0x21,
    0x21, 0x9, 0xff, 0xc0, 0x40, 0x22, 0x0, 0xa0,
    0x3, 0x0, 0x7e, 0xe, 0xf, 0x80,

    /* U+53F3 "右" */
    0x0, 0x0, 0xc0, 0x8, 0xf, 0xff, 0x18, 0x1,
    0x0, 0x30, 0x3, 0xfe, 0x50, 0x29, 0x2, 0x10,
    0x21, 0xfe, 0x10, 0x20,

    /* U+53F6 "叶" */
    0x0, 0x80, 0x8, 0xf0, 0x89, 0x8, 0x90, 0x89,
    0xff, 0x90, 0x89, 0x8, 0x90, 0x8f, 0x8, 0x80,
    0x80, 0x8, 0x0, 0x80,

    /* U+53F7 "号" */
    0x3f, 0xc2, 0x4, 0x20, 0x43, 0xfc, 0x0, 0xf,
    0xff, 0x10, 0x3, 0xfc, 0x0, 0x40, 0x4, 0x0,
    0x40, 0x38,

    /* U+53F8 "司" */
    0xff, 0xe0, 0x4, 0x0, 0xff, 0x90, 0x2, 0xfc,
    0x50, 0x8a, 0x11, 0x42, 0x2f, 0xc5, 0x0, 0x80,
    0xf0,

    /* U+53F9 "叹" */
    0xf, 0xe7, 0xa0, 0xa5, 0x9, 0x24, 0x49, 0x22,
    0x49, 0x22, 0x45, 0x12, 0x30, 0xf1, 0x84, 0x1e,
    0x1, 0x98, 0x30, 0x20,

    /* U+53FC "叼" */
    0xf7, 0xf2, 0x6, 0x40, 0xc8, 0x59, 0x13, 0x26,
    0x64, 0x8f, 0xa1, 0x80, 0x20, 0xc, 0x7, 0x0,

    /* U+53FD "叽" */
    0x7, 0xcf, 0x44, 0x94, 0x49, 0x44, 0x94, 0x49,
    0x44, 0x94, 0x49, 0x44, 0xf4, 0x48, 0x85, 0x8,
    0x51, 0x7,

    /* U+5401 "吁" */
    0x7, 0xf7, 0x84, 0x24, 0x21, 0x21, 0x9, 0x8,
    0x4f, 0xfe, 0x42, 0x12, 0x10, 0xf0, 0x84, 0x4,
    0x0, 0x20, 0x7, 0x0,

    /* U+5403 "吃" */
    0x2, 0xf, 0x20, 0x97, 0xf9, 0x40, 0x9c, 0x9,
    0x3e, 0x90, 0xc9, 0x18, 0x91, 0xf, 0x20, 0x84,
    0x10, 0x41, 0x7, 0xf0,

    /* U+5404 "各" */
    0x8, 0x0, 0x80, 0x1f, 0xc3, 0xc, 0xc9, 0x80,
    0x60, 0x1d, 0x8e, 0x7, 0x3f, 0xc2, 0x4, 0x20,
    0x42, 0x4, 0x3f, 0xc0,

    /* U+5406 "吆" */
    0x1, 0x8f, 0x10, 0x93, 0x9, 0x22, 0x94, 0x69,
    0x7c, 0x90, 0x8f, 0x1a, 0x83, 0x28, 0x21, 0x7,
    0xf0, 0x61,

    /* U+5408 "合" */
    0x0, 0x0, 0x10, 0x1, 0x40, 0x11, 0x83, 0x6,
    0x6f, 0xec, 0x0, 0x7, 0xfc, 0x20, 0x21, 0x1,
    0x8, 0x8, 0x7f, 0xc2, 0x2, 0x0,

    /* U+5409 "吉" */
    0x6, 0x0, 0x60, 0xff, 0xf0, 0x60, 0x6, 0x7,
    0xfe, 0x0, 0x0, 0x0, 0x3f, 0xe2, 0x6, 0x20,
    0x62, 0x6, 0x3f, 0xe0,

    /* U+540A "吊" */
    0x7f, 0xc8, 0x9, 0x1, 0x3f, 0xe0, 0x40, 0x8,
    0x3f, 0xfc, 0x21, 0x84, 0x30, 0x86, 0x13, 0x82,
    0x0,

    /* U+540C "同" */
    0xff, 0xf8, 0x1, 0xbf, 0x98, 0x1, 0x80, 0x19,
    0xf1, 0x91, 0x19, 0x11, 0x9f, 0x19, 0x1, 0x90,
    0x18, 0xf,

    /* U+540D "名" */
    0xc, 0x3, 0xfc, 0xc1, 0x28, 0x40, 0xd0, 0xc,
    0xf, 0xfe, 0x81, 0x10, 0x22, 0x4, 0x7f, 0x88,
    0x10,

    /* U+540E "后" */
    0x0, 0xf1, 0xf8, 0x8, 0x0, 0x40, 0x3, 0xff,
    0x90, 0x0, 0x80, 0x5, 0xfe, 0x28, 0x11, 0x40,
    0x92, 0x4, 0x9f, 0xe4, 0x81, 0x0,

    /* U+540F "吏" */
    0x4, 0x0, 0x40, 0xff, 0xf0, 0x40, 0x7f, 0xe4,
    0x42, 0x44, 0x27, 0xfe, 0x24, 0x2, 0x40, 0x18,
    0x3, 0xe0, 0xc1, 0xf0,

    /* U+5410 "吐" */
    0x0, 0x80, 0x4, 0x3c, 0x21, 0x21, 0x9, 0x8,
    0x4b, 0xfa, 0x42, 0x12, 0x10, 0x90, 0x87, 0x84,
    0x20, 0x20, 0x1f, 0xf0,

    /* U+5411 "向" */
    0x4, 0x1, 0x3, 0xff, 0xc0, 0x18, 0x3, 0x3e,
    0x64, 0x4c, 0x89, 0x9f, 0x32, 0x6, 0x40, 0xc0,
    0xf0,

    /* U+5413 "吓" */
    0xff, 0xfc, 0x84, 0x24, 0x21, 0x21, 0xc9, 0xb,
    0x48, 0x4e, 0x42, 0x1e, 0x10, 0x80, 0x80, 0x4,
    0x0, 0x20, 0x1, 0x0,

    /* U+5415 "吕" */
    0x7f, 0x90, 0x24, 0x9, 0x2, 0x7f, 0x80, 0xf,
    0xfe, 0x1, 0x80, 0x60, 0x18, 0x7, 0xff,

    /* U+5417 "吗" */
    0x7, 0xef, 0x2, 0x94, 0x29, 0x42, 0x94, 0x69,
    0x7f, 0x90, 0x1f, 0x1, 0x8f, 0xd8, 0x1, 0x0,
    0x30, 0xe,

    /* U+541B "君" */
    0x7f, 0xe0, 0x21, 0x3f, 0xfe, 0x10, 0x40, 0x82,
    0x3f, 0xf0, 0x40, 0x7, 0xfe, 0xd0, 0x14, 0x80,
    0x87, 0xfc, 0x20, 0x20,

    /* U+541D "吝" */
    0x0, 0x0, 0x60, 0xff, 0xf1, 0xc, 0x9, 0x80,
    0x60, 0x39, 0xcc, 0x3, 0x3f, 0xc2, 0x4, 0x20,
    0x43, 0xfc, 0x20, 0x40,

    /* U+541E "吞" */
    0x7f, 0xf0, 0x30, 0x1, 0x1, 0xff, 0xf0, 0x88,
    0x8, 0x60, 0xc1, 0x8f, 0xff, 0xa0, 0x29, 0x1,
    0xf, 0xf8, 0x40, 0x40,

    /* U+541F "吟" */
    0x0, 0x87, 0x8a, 0x24, 0xc9, 0x2f, 0x29, 0x8,
    0x48, 0x2, 0x5f, 0xde, 0x4, 0x80, 0x24, 0x2,
    0x0, 0x10, 0x1, 0x0,

    /* U+5420 "吠" */
    0x1, 0x0, 0x14, 0xf1, 0x29, 0x13, 0x91, 0x9,
    0xff, 0x91, 0x9, 0x10, 0xf2, 0x88, 0x28, 0x82,
    0x40, 0x44, 0x18, 0x30,

    /* U+5426 "否" */
    0xff, 0xf0, 0x20, 0xe, 0x1, 0xec, 0x66, 0x38,
    0x61, 0x0, 0x3, 0xfe, 0x20, 0x62, 0x6, 0x3f,
    0xe2, 0x6,

    /* U+5427 "吧" */
    0xf7, 0xf4, 0xa4, 0xa5, 0x25, 0x29, 0x29, 0x7f,
    0x4a, 0xb, 0xd0, 0x50, 0x80, 0x84, 0x8, 0x20,
    0x81, 0xfc,

    /* U+5428 "吨" */
    0x0, 0x87, 0x84, 0x25, 0xff, 0x21, 0x9, 0x8,
    0x4a, 0x4a, 0x52, 0x52, 0x92, 0xf7, 0xf4, 0x4,
    0xa0, 0x20, 0x1, 0x10, 0xf, 0x80,

    /* U+5429 "吩" */
    0x2, 0x4f, 0x24, 0x92, 0x69, 0x42, 0x94, 0x19,
    0x7e, 0x93, 0x2f, 0x22, 0x82, 0x28, 0x22, 0x4,
    0x20, 0x8c,

    /* U+542B "含" */
    0x2, 0x0, 0x28, 0x6, 0x30, 0xec, 0xec, 0x11,
    0x9f, 0xf0, 0x2, 0x7, 0xfc, 0x20, 0x21, 0x1,
    0xf, 0xf8, 0x40, 0x40,

    /* U+542C "听" */
    0x0, 0x77, 0x9c, 0x24, 0x81, 0x24, 0x9, 0x3f,
    0xc9, 0x22, 0x49, 0x12, 0x48, 0xf2, 0x44, 0x22,
    0x1, 0x10, 0x10, 0x80,

    /* U+542D "吭" */
    0x0, 0x0, 0x8, 0x3c, 0x21, 0x2f, 0xf9, 0x0,
    0x49, 0xe2, 0x49, 0x12, 0x48, 0x92, 0x47, 0x92,
    0x21, 0x92, 0x8, 0x90, 0x87, 0x80,

    /* U+542E "吮" */
    0x1, 0x7, 0x98, 0x24, 0x89, 0x28, 0x69, 0x5f,
    0x4f, 0x26, 0x49, 0x12, 0x48, 0xf2, 0x44, 0x22,
    0x43, 0x12, 0x30, 0xf0,

    /* U+542F "启" */
    0x2, 0x0, 0x10, 0x3f, 0xf2, 0x1, 0x20, 0x13,
    0xff, 0x20, 0x2, 0x0, 0x2f, 0xf2, 0x81, 0x48,
    0x14, 0xff, 0x48, 0x10,

    /* U+5431 "吱" */
    0x0, 0x87, 0x84, 0x25, 0xff, 0x21, 0x9, 0x8,
    0x48, 0x42, 0x5f, 0xd2, 0x44, 0x92, 0x27, 0x8a,
    0x20, 0x20, 0x6, 0xc0, 0xc1, 0x80,

    /* U+5434 "吴" */
    0x7f, 0xc4, 0x4, 0x40, 0x47, 0xfc, 0x0, 0x7,
    0xfe, 0x4, 0x0, 0x40, 0xff, 0xf0, 0x60, 0x9,
    0x7, 0xe, 0x80, 0x10,

    /* U+5435 "吵" */
    0x0, 0x80, 0x4, 0x3c, 0x21, 0x25, 0x49, 0x49,
    0x4a, 0x4a, 0x52, 0x12, 0x12, 0xf0, 0x24, 0x3,
    0x20, 0x30, 0x3, 0x0, 0xe0, 0x0, 0x0,

    /* U+5438 "吸" */
    0xff, 0xe4, 0x92, 0x24, 0x91, 0x24, 0xe9, 0x21,
    0x4a, 0x8b, 0xd6, 0x90, 0x9c, 0x84, 0xc0, 0x47,
    0x6, 0xce, 0x0, 0x0,

    /* U+5439 "吹" */
    0x3, 0x7, 0x90, 0x24, 0xff, 0x2c, 0x29, 0x49,
    0x4c, 0x4a, 0x42, 0x12, 0x10, 0xf1, 0x44, 0x1b,
    0x1, 0x8c, 0x18, 0x30,

    /* U+543B "吻" */
    0x4, 0xe, 0x40, 0xaf, 0xfa, 0x95, 0xba, 0x5a,
    0x2d, 0xa4, 0x9e, 0xc9, 0x99, 0x18, 0x33, 0x6,
    0x30, 0xe,

    /* U+543C "吼" */
    0x0, 0x47, 0x7a, 0x28, 0xd1, 0x4c, 0x8a, 0x44,
    0x52, 0x22, 0x9d, 0x15, 0x88, 0xa4, 0x47, 0x22,
    0x21, 0x12, 0x8, 0x90, 0xc7, 0x80,

    /* U+5440 "呀" */
    0x7, 0xf7, 0x81, 0x25, 0x89, 0x28, 0x49, 0x42,
    0x4b, 0xfe, 0x41, 0x92, 0x14, 0xf1, 0x24, 0x31,
    0x2, 0x8, 0x1, 0xc0,

    /* U+5446 "呆" */
    0x7f, 0xe6, 0x2, 0x60, 0x27, 0xfe, 0x6, 0x0,
    0x60, 0xff, 0xf0, 0xf0, 0x1f, 0x83, 0x6c, 0xc6,
    0x30, 0x60,

    /* U+5448 "呈" */
    0x3f, 0xc2, 0x4, 0x20, 0x43, 0xfc, 0x0, 0x0,
    0x0, 0x7f, 0xe0, 0x40, 0x7f, 0xe0, 0x40, 0x4,
    0xf, 0xff,

    /* U+544A "告" */
    0x32, 0x2, 0x20, 0x7f, 0xe4, 0x20, 0x2, 0xf,
    0xff, 0x0, 0x0, 0x0, 0x3f, 0xc2, 0x4, 0x20,
    0x43, 0xfc, 0x20, 0x40,

    /* U+5450 "呐" */
    0x0, 0x8f, 0x8, 0x90, 0x89, 0x7f, 0x94, 0x99,
    0x49, 0x94, 0x99, 0x55, 0x95, 0x5f, 0x63, 0x84,
    0x10, 0x41, 0x4, 0x70,

    /* U+5455 "呕" */
    0x7, 0xff, 0x40, 0x94, 0x39, 0x52, 0x94, 0xa9,
    0x44, 0x94, 0xcf, 0x4a, 0x85, 0x38, 0x70, 0x7,
    0xf0,

    /* U+5458 "员" */
    0x7f, 0xc4, 0x4, 0x7f, 0xc0, 0x0, 0x0, 0x7,
    0xfe, 0x40, 0x64, 0x46, 0x44, 0x64, 0x46, 0xb,
    0x87, 0xe, 0x80, 0x0,

    /* U+545B "呛" */
    0x1, 0x0, 0x10, 0xf2, 0x89, 0x64, 0x9c, 0x39,
    0xfc, 0x94, 0x49, 0x44, 0x94, 0x4f, 0x5c, 0x84,
    0x20, 0x42, 0x7, 0xe0,

    /* U+545C "呜" */
    0x1, 0xf, 0x7e, 0x94, 0x29, 0x42, 0x94, 0xe9,
    0x40, 0x97, 0xff, 0x1, 0x8f, 0xd8, 0x1, 0x0,
    0x30, 0x6,

    /* U+5462 "呢" */
    0x7, 0xf7, 0xa0, 0xa5, 0x5, 0x2f, 0xe9, 0x40,
    0x4a, 0x82, 0x54, 0xd2, 0xb8, 0xf5, 0x4, 0x48,
    0x2, 0x44, 0x33, 0xe0,

    /* U+5468 "周" */
    0x3f, 0xf2, 0x1, 0x2f, 0xd2, 0x21, 0x22, 0x12,
    0xfd, 0x20, 0x12, 0xfd, 0x28, 0x56, 0xfd, 0x48,
    0x14, 0x87,

    /* U+5473 "味" */
    0x0, 0x80, 0x4, 0x3c, 0x21, 0x2f, 0xe9, 0x8,
    0x48, 0x42, 0x5f, 0xf2, 0x38, 0x91, 0xc7, 0x95,
    0x21, 0x2c, 0x11, 0x30, 0x8, 0x0,

    /* U+5475 "呵" */
    0xff, 0xf9, 0x2, 0x97, 0xa9, 0x4a, 0x94, 0xa9,
    0x4a, 0x94, 0xaf, 0x7a, 0x80, 0x20, 0x2, 0x0,
    0xe0,

    /* U+547B "呻" */
    0x0, 0x8f, 0x8, 0x97, 0xf9, 0x49, 0x94, 0x99,
    0x7f, 0x94, 0x99, 0x49, 0xf7, 0xf8, 0x49, 0x80,
    0x80, 0x8, 0x0, 0x80,

    /* U+547C "呼" */
    0x1, 0xee, 0xf0, 0xa1, 0x2a, 0x52, 0xa5, 0x2a,
    0x10, 0xaf, 0xfe, 0x10, 0x81, 0x8, 0x10, 0x1,
    0x0, 0x70,

    /* U+547D "命" */
    0x2, 0x0, 0x60, 0x9, 0x3, 0xc, 0xdf, 0xb0,
    0x0, 0x79, 0xe4, 0x92, 0x49, 0x24, 0x92, 0x79,
    0x64, 0x10, 0x1, 0x0,

    /* U+5486 "咆" */
    0x2, 0x0, 0x10, 0x3d, 0xfd, 0x28, 0x29, 0xf9,
    0x4e, 0x4a, 0x52, 0x52, 0x92, 0x97, 0x97, 0xa3,
    0xa1, 0x0, 0x8, 0x10, 0x7f, 0x0,

    /* U+548C "和" */
    0x1c, 0xf, 0x1f, 0x11, 0x1f, 0xd1, 0x31, 0x13,
    0x91, 0x59, 0x15, 0x51, 0x91, 0x11, 0x1f, 0x11,
    0x11, 0x11,

    /* U+548F "咏" */
    0x2, 0x0, 0xe, 0x3c, 0x1, 0x2f, 0x9, 0x8,
    0x48, 0x4a, 0x7b, 0x92, 0x58, 0x92, 0xe7, 0xa5,
    0x23, 0x24, 0x21, 0x10, 0x38, 0x0,

    /* U+5490 "咐" */
    0x2, 0x2f, 0x22, 0x94, 0x29, 0x5f, 0x9c, 0x29,
    0xd2, 0x95, 0x29, 0x4a, 0xf4, 0xa8, 0x42, 0x84,
    0x20, 0x42, 0x4, 0xe0,

    /* U+5492 "咒" */
    0x7c, 0xf2, 0x24, 0x91, 0x24, 0xf9, 0xe0, 0x0,
    0x0, 0x0, 0x7f, 0x2, 0x8, 0x10, 0x40, 0x82,
    0x4c, 0x13, 0x80, 0xf0,

    /* U+5495 "咕" */
    0x0, 0x87, 0x84, 0x24, 0x21, 0x2f, 0xf9, 0x8,
    0x48, 0x42, 0x42, 0x12, 0xfe, 0xf4, 0x14, 0x20,
    0xa1, 0x4, 0xf, 0xe0, 0x41, 0x0,

    /* U+5496 "咖" */
    0x4, 0xe, 0x40, 0xa4, 0xfa, 0xf9, 0xa5, 0x9a,
    0x59, 0xa5, 0x9a, 0x59, 0xe5, 0x98, 0x99, 0x8a,
    0xf1, 0xa9, 0x36, 0x0,

    /* U+5499 "咙" */
    0x2, 0xf, 0x26, 0x92, 0x9, 0x20, 0x9f, 0xf9,
    0x28, 0x92, 0xa9, 0x2a, 0x94, 0xcf, 0x4c, 0x4,
    0x90, 0xb9, 0x18, 0xf0,

    /* U+54A7 "咧" */
    0x0, 0x1e, 0xf1, 0xa4, 0x5a, 0x45, 0xa7, 0x5a,
    0x95, 0xa9, 0x5a, 0xd5, 0xb2, 0x5e, 0x25, 0x84,
    0x10, 0xc1, 0x8, 0x30,

    /* U+54A8 "咨" */
    0x0, 0x2, 0x10, 0xd, 0xfc, 0x19, 0x20, 0x98,
    0x38, 0xa2, 0x19, 0xc1, 0x2, 0x3f, 0xe1, 0x1,
    0x8, 0x8, 0x40, 0x43, 0xfe, 0x0,

    /* U+54AA "咪" */
    0x0, 0x87, 0xa4, 0xa5, 0x25, 0x25, 0x49, 0x2a,
    0x48, 0x42, 0x7f, 0xf2, 0x38, 0xf1, 0xc4, 0x15,
    0x1, 0x24, 0x11, 0x10, 0x8, 0x0,

    /* U+54AC "咬" */
    0x0, 0x87, 0x84, 0x25, 0xff, 0x24, 0x49, 0x23,
    0x4a, 0xa, 0x48, 0x92, 0x28, 0xf1, 0x44, 0x4,
    0x20, 0x70, 0x4, 0xc0, 0xc1, 0x80,

    /* U+54B1 "咱" */
    0x0, 0x8f, 0x8, 0x97, 0xf9, 0x41, 0x94, 0x19,
    0x7f, 0x94, 0x19, 0x41, 0x97, 0xff, 0x41, 0x84,
    0x10, 0x7f, 0x4, 0x10,

    /* U+54B3 "咳" */
    0x0, 0x80, 0x4, 0x3d, 0xff, 0x22, 0x9, 0x10,
    0x49, 0x12, 0x5f, 0x12, 0x12, 0x91, 0x37, 0xb3,
    0x20, 0x30, 0x6, 0x60, 0xc1, 0x0,

    /* U+54B8 "咸" */
    0x0, 0xc0, 0x5, 0x80, 0x24, 0xff, 0xf4, 0x8,
    0x2f, 0x49, 0x2, 0x8b, 0xd4, 0x52, 0xe2, 0x96,
    0x17, 0xb3, 0x26, 0x98, 0x63, 0x80,

    /* U+54BD "咽" */
    0xf, 0xfe, 0x81, 0xa8, 0x9a, 0x89, 0xab, 0xfa,
    0x89, 0xa8, 0x9e, 0x95, 0x8b, 0x58, 0xe3, 0xf,
    0xf0, 0x81,

    /* U+54C0 "哀" */
    0x0, 0x0, 0x18, 0x1f, 0xfe, 0x0, 0x1, 0xfe,
    0x8, 0x10, 0x40, 0x83, 0xfc, 0x5, 0x18, 0xc5,
    0x9a, 0x30, 0x12, 0xc1, 0xe1, 0x88, 0x0,

    /* U+54C1 "品" */
    0x3f, 0xc2, 0x4, 0x20, 0x43, 0xfc, 0x0, 0x0,
    0x0, 0xf9, 0xf8, 0x91, 0x89, 0x18, 0x91, 0xf9,
    0xf8, 0x91,

    /* U+54C4 "哄" */
    0x2, 0x27, 0x91, 0x24, 0x89, 0x2f, 0xf9, 0x22,
    0x49, 0x12, 0x48, 0x92, 0x44, 0x9f, 0xff, 0x80,
    0x20, 0x88, 0x8, 0x20, 0x80, 0x80,

    /* U+54C6 "哆" */
    0x1, 0x87, 0x9f, 0xa5, 0x89, 0x26, 0x89, 0x18,
    0x4f, 0x62, 0x47, 0xf2, 0x62, 0xf5, 0xb4, 0x7,
    0x0, 0x30, 0xe, 0x0, 0x80, 0x0,

    /* U+54C8 "哈" */
    0x1, 0x8f, 0x18, 0x92, 0x49, 0x42, 0x9b, 0xd9,
    0x0, 0x97, 0xef, 0x42, 0x84, 0x28, 0x42, 0x7,
    0xe0, 0x42,

    /* U+54CD "响" */
    0x0, 0x8f, 0x10, 0x97, 0xf9, 0x41, 0x95, 0xd9,
    0x55, 0x95, 0x5f, 0x55, 0xf5, 0xd8, 0x51, 0x4,
    0x10, 0x43,

    /* U+54CE "哎" */
    0x2, 0x40, 0x24, 0xff, 0xf9, 0x24, 0x94, 0x29,
    0x42, 0x92, 0x49, 0x24, 0xf3, 0xc8, 0x18, 0x1,
    0x80, 0x66, 0xc, 0x30,

    /* U+54D1 "哑" */
    0xf, 0xf7, 0x12, 0x28, 0x91, 0x44, 0xaa, 0xa5,
    0x55, 0x2a, 0xa9, 0x5c, 0xcc, 0x82, 0x44, 0x12,
    0x0, 0x90, 0x3f, 0xf0,

    /* U+54D7 "哗" */
    0x2, 0x40, 0x12, 0xbd, 0x15, 0x28, 0xc9, 0xcc,
    0x4a, 0xa6, 0x51, 0xd2, 0x10, 0x90, 0x87, 0xff,
    0xe0, 0x20, 0x1, 0x0, 0x8, 0x0,

    /* U+54DF "哟" */
    0xe4, 0x8a, 0x48, 0xac, 0xfa, 0xa9, 0xbf, 0x1a,
    0x49, 0xa4, 0x5a, 0xe5, 0xe8, 0x58, 0x11, 0x1e,
    0x10, 0x6,

    /* U+54E5 "哥" */
    0xff, 0xf8, 0x1, 0xf, 0xc8, 0x42, 0x43, 0xf2,
    0x0, 0x13, 0xff, 0xe7, 0xe4, 0x21, 0x21, 0x9,
    0xf, 0xc8, 0x1, 0xc0,

    /* U+54E8 "哨" */
    0x0, 0x80, 0x24, 0xbd, 0x25, 0x25, 0x49, 0x7f,
    0x4a, 0xa, 0x50, 0x52, 0xfe, 0x94, 0x17, 0x3f,
    0xa1, 0x4, 0x8, 0x20, 0x47, 0x0,

    /* U+54E9 "哩" */
    0x7, 0xf7, 0xa4, 0xa5, 0x25, 0x2f, 0xe9, 0x49,
    0x4b, 0xfa, 0x42, 0x1e, 0x10, 0xf7, 0xf4, 0x4,
    0x0, 0x20, 0x1f, 0xf0,

    /* U+54EA "哪" */
    0xf, 0x7e, 0x55, 0xa5, 0x5a, 0xf6, 0xa5, 0x6a,
    0x56, 0xa5, 0x5a, 0xf5, 0xe5, 0x58, 0x97, 0x19,
    0x41, 0x34,

    /* U+54ED "哭" */
    0x7d, 0xf2, 0x28, 0x91, 0x44, 0xfb, 0xe0, 0x24,
    0x1, 0x1b, 0xff, 0xe0, 0xa0, 0x5, 0x80, 0xc6,
    0x1c, 0x1d, 0x80, 0x30,

    /* U+54EE "哮" */
    0x1, 0x0, 0x11, 0xf7, 0xe9, 0x12, 0x9f, 0xf9,
    0x8, 0x97, 0xe9, 0x64, 0xfc, 0x88, 0xff, 0x80,
    0x80, 0x8, 0x3, 0x80,

    /* U+54F2 "哲" */
    0x20, 0x6f, 0xb8, 0x22, 0x2, 0xbf, 0xf2, 0x42,
    0x24, 0x24, 0x44, 0x4, 0x3f, 0xc2, 0x4, 0x20,
    0x42, 0x4, 0x3f, 0xc0,

    /* U+54FA "哺" */
    0x0, 0xa7, 0x84, 0xa7, 0xff, 0x21, 0x9, 0x8,
    0x4b, 0xfa, 0x52, 0x52, 0xfe, 0xf4, 0x94, 0x3f,
    0x81, 0x24, 0x9, 0x20, 0x4b, 0x0,

    /* U+54FC "哼" */
    0x0, 0x8f, 0xff, 0x90, 0x9, 0x7e, 0x97, 0xe9,
    0x0, 0x97, 0xef, 0x4, 0x80, 0x80, 0x8, 0x0,
    0x80, 0x38,

    /* U+5501 "唁" */
    0x1, 0xf, 0x8, 0x97, 0x69, 0x7e, 0x90, 0x9,
    0x7e, 0x90, 0xf, 0x7e, 0x84, 0x28, 0x42, 0x4,
    0x20, 0x7e,

    /* U+5506 "唆" */
    0x0, 0x0, 0xb, 0x3c, 0x89, 0x2f, 0xe9, 0x0,
    0x49, 0x1a, 0x74, 0x32, 0x7e, 0xf6, 0x24, 0x4b,
    0x20, 0x70, 0x7, 0xc0, 0xc3, 0x80,

    /* U+5507 "唇" */
    0x7f, 0xf4, 0x0, 0x5f, 0xc7, 0xff, 0x52, 0x25,
    0x1c, 0x5c, 0xe4, 0x1, 0x5f, 0xe9, 0x2, 0x90,
    0x29, 0xfe,

    /* U+5509 "唉" */
    0x0, 0x80, 0xb, 0x3c, 0x89, 0x2f, 0xe9, 0x21,
    0x49, 0x2, 0x5f, 0xd2, 0x90, 0xf7, 0xfc, 0xc,
    0x20, 0x50, 0x4, 0x40, 0xc1, 0x80,

    /* U+5510 "唐" */
    0x1, 0x7, 0xff, 0x41, 0x5, 0xfe, 0x41, 0x27,
    0xff, 0x41, 0x25, 0xfe, 0x41, 0x5, 0xfe, 0x50,
    0x29, 0x2, 0x9f, 0xe0,

    /* U+5520 "唠" */
    0x2, 0x4f, 0xff, 0x92, 0x49, 0x0, 0x97, 0xf9,
    0x81, 0x91, 0x9, 0x7e, 0xf1, 0x28, 0x12, 0x82,
    0x20, 0x62, 0xc, 0xc0,

    /* U+5524 "唤" */
    0x1, 0x0, 0x30, 0xe3, 0xca, 0x44, 0xaf, 0xea,
    0x4a, 0xa4, 0xaa, 0x4a, 0xaf, 0xfe, 0x18, 0x83,
    0x40, 0x66, 0x18, 0x30,

    /* U+5527 "唧" */
    0xf, 0x7e, 0x95, 0xa9, 0x5a, 0xf5, 0xa9, 0x5a,
    0xf5, 0xa8, 0x5e, 0xa5, 0x89, 0x58, 0xf7, 0x19,
    0x40, 0x4,

    /* U+552C "唬" */
    0x0, 0x87, 0x7, 0xa8, 0x21, 0x5f, 0xfa, 0x89,
    0x55, 0xf2, 0xa2, 0x55, 0xc, 0xe9, 0xc4, 0x4a,
    0x22, 0x50, 0x26, 0x91, 0x67, 0x80,

    /* U+552E "售" */
    0x0, 0x1, 0x10, 0x3f, 0xf6, 0x10, 0xbf, 0xe3,
    0xfe, 0x21, 0x3, 0xff, 0x20, 0x3, 0xfe, 0x20,
    0x22, 0x2, 0x3f, 0xe0,

    /* U+552F "唯" */
    0x2, 0x47, 0xb2, 0x25, 0xff, 0x38, 0x89, 0xff,
    0x4a, 0x22, 0x51, 0x12, 0xfe, 0xf7, 0xf4, 0x22,
    0x1, 0xfc, 0x8, 0x0,

    /* U+5531 "唱" */
    0x7, 0xef, 0x42, 0x97, 0xe9, 0x42, 0x97, 0xe9,
    0x0, 0x97, 0xff, 0x43, 0x87, 0xf8, 0x43, 0x4,
    0x30, 0x7f,

    /* U+553E "唾" */
    0x1, 0xf7, 0x14, 0x28, 0x21, 0x5f, 0xea, 0x2a,
    0x57, 0xfe, 0x8a, 0x9c, 0x54, 0x8f, 0xf4, 0x4,
    0x0, 0x20, 0xf, 0xe0,

    /* U+5543 "啃" */
    0x0, 0x80, 0x48, 0xe4, 0xea, 0x48, 0xaf, 0xfa,
    0x0, 0xa7, 0xea, 0x42, 0xe7, 0xe8, 0x7e, 0x84,
    0x20, 0x42, 0x4, 0x60,

    /* U+5544 "啄" */
    0xf7, 0xfc, 0x88, 0x25, 0xc7, 0x31, 0x69, 0x36,
    0x4f, 0x73, 0xc3, 0x50, 0x2a, 0x86, 0x48, 0x46,
    0x40, 0xe0,

    /* U+5546 "商" */
    0x0, 0x0, 0x20, 0xff, 0xf1, 0x8, 0x9, 0x87,
    0xfe, 0x49, 0x25, 0xe, 0x5f, 0x25, 0x12, 0x5f,
    0x25, 0x2, 0x40, 0xe0,

    /* U+554A "啊" */
    0xf, 0xfe, 0xa1, 0xad, 0xda, 0xd5, 0xad, 0x5a,
    0xb5, 0xab, 0x5e, 0xbd, 0x8f, 0x18, 0x81, 0x8,
    0x10, 0x87,

    /* U+5561 "啡" */
    0x2, 0x40, 0x24, 0xe2, 0x4a, 0xe7, 0xa2, 0x4a,
    0x24, 0xae, 0x7a, 0x24, 0xa2, 0x4f, 0xe7, 0x82,
    0x40, 0x24, 0x2, 0x40,

    /* U+5564 "啤" */
    0x0, 0x87, 0xbf, 0xa5, 0x25, 0x2f, 0xe9, 0x49,
    0x4b, 0xfa, 0x45, 0x1e, 0xc8, 0x8f, 0xf8, 0x2,
    0x0, 0x10, 0x0, 0x80,

    /* U+5565 "啥" */
    0x1, 0xe, 0x2c, 0xac, 0x7b, 0xbd, 0xa1, 0xa,
    0xff, 0xa1, 0xa, 0x10, 0xe7, 0xe8, 0x42, 0x4,
    0x20, 0x7e,

    /* U+5566 "啦" */
    0x4, 0x4e, 0x44, 0xa4, 0xa, 0xff, 0xa4, 0x1a,
    0x52, 0xa7, 0x2a, 0xca, 0xe4, 0xa8, 0x4a, 0x84,
    0xa0, 0x44, 0xd, 0xf0,

    /* U+5570 "啰" */
    0x7, 0xff, 0x55, 0x95, 0x59, 0x7f, 0x91, 0x9,
    0x3f, 0x94, 0x2f, 0x12, 0x80, 0xc8, 0xc, 0x1,
    0x80, 0x60, 0x0, 0x0,

    /* U+5578 "啸" */
    0x1, 0x7, 0x3f, 0xa8, 0x45, 0x7f, 0xfa, 0x11,
    0x57, 0xfa, 0x84, 0x15, 0x22, 0xad, 0x57, 0x6a,
    0xa3, 0x54, 0x2a, 0x21, 0x11, 0x0,

    /* U+557C "啼" */
    0x0, 0x87, 0xbf, 0xa4, 0x89, 0x2f, 0xf9, 0x40,
    0xc8, 0x42, 0x5f, 0xde, 0x92, 0x84, 0x94, 0x24,
    0x81, 0x2c, 0x1, 0x0,

    /* U+5582 "喂" */
    0x7, 0xee, 0x52, 0xa7, 0xea, 0x52, 0xa7, 0xea,
    0x0, 0xaf, 0xfe, 0x48, 0x84, 0xe8, 0x44, 0x5,
    0x60, 0x63,

    /* U+5584 "善" */
    0x0, 0x0, 0xc6, 0x1f, 0xfc, 0x4, 0x3, 0xfe,
    0x7f, 0xfc, 0x89, 0x9f, 0xff, 0x0, 0x1, 0xff,
    0x8, 0x8, 0x40, 0x43, 0xfe, 0x0,

    /* U+5587 "喇" */
    0x4, 0x10, 0x41, 0xff, 0x5a, 0x45, 0xaf, 0x5b,
    0x55, 0xb5, 0x5a, 0xf5, 0xe6, 0x58, 0xd1, 0x95,
    0x13, 0x41, 0x4, 0x70,

    /* U+5589 "喉" */
    0x4, 0xe, 0x5e, 0xa4, 0x2a, 0xbf, 0xb9, 0xb,
    0x90, 0xab, 0xfa, 0xa8, 0xeb, 0xf8, 0x8c, 0x88,
    0xc0, 0x92, 0xa, 0x10,

    /* U+558A "喊" */
    0x0, 0x67, 0x82, 0xa5, 0xfd, 0x28, 0x89, 0x7d,
    0x4a, 0x2a, 0x5f, 0x52, 0xdc, 0xfa, 0xa4, 0x5d,
    0x22, 0x9a, 0x11, 0x60, 0x91, 0x0,

    /* U+5598 "喘" */
    0x1, 0x80, 0x99, 0xe9, 0x9a, 0x99, 0xa6, 0x6a,
    0xff, 0xa1, 0xa, 0xff, 0xea, 0x58, 0xa5, 0x8a,
    0x50, 0xa5, 0xa, 0x70,

    /* U+559C "喜" */
    0x2, 0x7, 0xff, 0xc0, 0x80, 0x7b, 0xc3, 0xfe,
    0x10, 0x10, 0xff, 0x83, 0x18, 0xff, 0xf8, 0x0,
    0xf, 0xf8, 0x40, 0x43, 0xfe, 0x0,

    /* U+559D "喝" */
    0x7, 0xf7, 0xa0, 0xa5, 0xfd, 0x28, 0x29, 0x7f,
    0x49, 0x2, 0x57, 0xfe, 0x91, 0x85, 0x4c, 0x20,
    0xc1, 0xf4, 0x0, 0xe0,

    /* U+55A7 "喧" */
    0x0, 0x0, 0x18, 0xff, 0xf9, 0x81, 0x97, 0xe9,
    0x0, 0x97, 0xe9, 0x42, 0x97, 0xef, 0x42, 0x87,
    0xe0, 0x0, 0xf, 0xf0,

    /* U+55B3 "喳" */
    0x1, 0x0, 0x10, 0xef, 0xfa, 0x34, 0xad, 0x3a,
    0x0, 0xa7, 0xea, 0x42, 0xa7, 0xee, 0x42, 0x87,
    0xe0, 0x0, 0x1f, 0xf0,

    /* U+55B7 "喷" */
    0x0, 0x80, 0x4, 0x39, 0xfd, 0x44, 0x4a, 0xff,
    0xd1, 0x12, 0x9f, 0xd4, 0x82, 0xe4, 0x94, 0x24,
    0xa1, 0x24, 0x6, 0xc1, 0xc1, 0x80,

    /* U+55BB "喻" */
    0x0, 0x87, 0xc, 0x28, 0x99, 0x58, 0x6b, 0xfe,
    0x50, 0x2, 0xbd, 0x55, 0x2a, 0xaf, 0x57, 0x4a,
    0xa3, 0xd4, 0x12, 0x20, 0xb3, 0x0,

    /* U+55C5 "嗅" */
    0x1, 0xe, 0x7e, 0xa4, 0x2a, 0x7e, 0xa4, 0x2a,
    0x7e, 0xa7, 0xea, 0x14, 0xa1, 0x2e, 0xff, 0x81,
    0x80, 0x64, 0x1c, 0x30,

    /* U+55D3 "嗓" */
    0xe7, 0xea, 0x38, 0xac, 0x4b, 0xef, 0xa2, 0x2a,
    0xce, 0xaa, 0xee, 0x10, 0x9f, 0xf0, 0x58, 0x9,
    0x61, 0x11,

    /* U+55DC "嗜" */
    0x1, 0x7, 0x3f, 0xa8, 0x59, 0x5f, 0xfa, 0x30,
    0x5f, 0x72, 0x8c, 0x54, 0x7e, 0xa0, 0x6, 0x3f,
    0x81, 0xfc, 0x8, 0x20, 0x7f, 0x0,

    /* U+55E1 "嗡" */
    0x3, 0x47, 0x13, 0x2b, 0x45, 0x44, 0x8a, 0x7e,
    0x50, 0x2, 0xbf, 0xd4, 0x22, 0xa5, 0x57, 0x2a,
    0xa0, 0xdc, 0x1b, 0x20, 0x33, 0x0,

    /* U+55E4 "嗤" */
    0x0, 0x80, 0x4a, 0xf4, 0xa9, 0x7e, 0x90, 0x89,
    0x7f, 0x90, 0x89, 0x7e, 0x94, 0xae, 0x7e, 0x80,
    0xc0, 0xa, 0xf, 0xf0, 0x0,

    /* U+55E6 "嗦" */
    0x0, 0x8e, 0x7f, 0xa0, 0x8a, 0xff, 0xa8, 0x9a,
    0x34, 0xa3, 0xca, 0x12, 0xe7, 0xf8, 0x8, 0x86,
    0xa0, 0xc9, 0x1, 0x80,

    /* U+55FD "嗽" */
    0x4, 0x40, 0x48, 0xff, 0x8a, 0x47, 0xaf, 0x9b,
    0x5d, 0xb5, 0x4a, 0xe4, 0xee, 0x48, 0xda, 0x94,
    0xa0, 0x49, 0x5, 0x10,

    /* U+5600 "嘀" */
    0x1, 0xf, 0x7f, 0x92, 0x49, 0x7e, 0x95, 0x29,
    0x7e, 0x95, 0x2f, 0x7e, 0x86, 0x68, 0x7e, 0x6,
    0x20, 0x46,

    /* U+5601 "嘁" */
    0x0, 0x6e, 0x5, 0xaf, 0xfa, 0x84, 0xab, 0xda,
    0xa5, 0xaa, 0x5a, 0xfd, 0xaa, 0x6e, 0xea, 0x96,
    0xe1, 0x27, 0x12, 0x90,

    /* U+5609 "嘉" */
    0x4, 0xf, 0xff, 0x4, 0x7, 0xfe, 0x0, 0x7,
    0xfe, 0x7f, 0xe1, 0x8, 0xff, 0xf2, 0x0, 0xfd,
    0xe2, 0x52, 0xd9, 0xe0,

    /* U+5631 "嘱" */
    0xf, 0xfe, 0x81, 0xaf, 0xfa, 0x87, 0xab, 0x8a,
    0xff, 0xac, 0x9e, 0xbe, 0x97, 0xf1, 0x4b, 0x37,
    0xf2, 0x43,

    /* U+5632 "嘲" */
    0x4, 0x0, 0x47, 0xff, 0x9a, 0x49, 0xaf, 0x7b,
    0x19, 0xaf, 0x9b, 0x19, 0xaf, 0x7e, 0x49, 0x9f,
    0x90, 0x49, 0x5, 0x30,

    /* U+5634 "嘴" */
    0x2, 0x47, 0x5b, 0xaa, 0x91, 0x7e, 0xfa, 0x20,
    0x52, 0xe2, 0xff, 0xd5, 0x92, 0xef, 0xf7, 0x44,
    0xa3, 0xfc, 0x11, 0x21, 0xb, 0x0,

    /* U+5636 "嘶" */
    0xa, 0x1e, 0xae, 0xbf, 0x8a, 0xa8, 0xae, 0x8a,
    0xaf, 0xae, 0x9a, 0xa9, 0xaa, 0x9f, 0xf9, 0x88,
    0x91, 0x31, 0x11, 0x10,

    /* U+5639 "嘹" */
    0x1, 0x7, 0x7f, 0xaa, 0xb5, 0x48, 0xca, 0xff,
    0x52, 0x12, 0x9f, 0x9c, 0xfc, 0x81, 0x4, 0x29,
    0x2, 0x44, 0x26, 0x0,

    /* U+563F "嘿" */
    0xf7, 0xf4, 0xb5, 0xa5, 0xb5, 0x29, 0x29, 0x7f,
    0x48, 0x42, 0x5f, 0xde, 0x10, 0x8f, 0xf8, 0x21,
    0x1, 0x54, 0x12, 0x90,

    /* U+5668 "器" */
    0x7d, 0xf2, 0x28, 0x91, 0x44, 0xfb, 0xe0, 0x44,
    0x7f, 0xfc, 0x63, 0x4, 0xc, 0xfd, 0xfa, 0x28,
    0x91, 0x44, 0xfb, 0xe0,

    /* U+5669 "噩" */
    0xff, 0xfb, 0xd7, 0x92, 0xa4, 0x95, 0x27, 0xaf,
    0x1, 0x1, 0xff, 0xcf, 0x5e, 0x4a, 0x93, 0xd7,
    0x80, 0x81, 0xff, 0xf0,

    /* U+566A "噪" */
    0x3, 0xe7, 0x11, 0x28, 0xf9, 0x5e, 0xea, 0x95,
    0x54, 0xaa, 0xbd, 0xd4, 0x10, 0xef, 0xfc, 0x1e,
    0x1, 0xac, 0x31, 0x0,

    /* U+568E "嚎" */
    0x1, 0x0, 0x8, 0xef, 0x7a, 0x7e, 0xa7, 0xea,
    0xff, 0xa8, 0x1a, 0x3c, 0xed, 0xe8, 0x2c, 0x8d,
    0xa0, 0xe9, 0x1, 0x80,

    /* U+56A3 "嚣" */
    0x79, 0xe7, 0x9e, 0x0, 0xf, 0xff, 0x7f, 0xe4,
    0x46, 0x46, 0x61, 0x9c, 0xe0, 0x37, 0x9e, 0x4a,
    0x27, 0x9e,

    /* U+56B7 "嚷" */
    0x0, 0xf, 0xff, 0xa0, 0xa, 0xff, 0xaf, 0xfa,
    0x24, 0xaf, 0xea, 0xff, 0xa2, 0x4f, 0xff, 0x86,
    0xb1, 0xe6, 0x7, 0x10,

    /* U+56BC "嚼" */
    0x0, 0x0, 0xfe, 0xe5, 0x2a, 0xfe, 0xaa, 0xaa,
    0xfe, 0xaf, 0x2a, 0x92, 0xef, 0xf8, 0xfa, 0x8a,
    0x60, 0xe2, 0x19, 0x60,

    /* U+56CA "囊" */
    0x6, 0xf, 0xff, 0x3f, 0xe3, 0xfe, 0xff, 0xfb,
    0xfd, 0x3f, 0xc7, 0xfe, 0x7f, 0xef, 0xff, 0x1a,
    0x2f, 0x3c, 0x3c, 0x70,

    /* U+56DA "囚" */
    0xff, 0xf8, 0x21, 0x82, 0x18, 0x41, 0x84, 0x18,
    0x61, 0x89, 0x19, 0x89, 0xb0, 0x58, 0x1, 0xff,
    0xf8, 0x1,

    /* U+56DB "四" */
    0xff, 0xf1, 0x26, 0x24, 0xc4, 0x98, 0x93, 0x32,
    0x64, 0x7f, 0x1, 0x80, 0x30, 0x7, 0xff, 0x80,

    /* U+56DE "回" */
    0xff, 0xf8, 0x1, 0x80, 0x19, 0xf9, 0x90, 0x99,
    0x9, 0x90, 0x99, 0xf9, 0x80, 0x18, 0x1, 0xff,
    0xf8, 0x1,

    /* U+56E0 "因" */
    0xff, 0xf8, 0x1, 0x84, 0x18, 0x41, 0xbf, 0xd8,
    0x41, 0x8a, 0x18, 0x91, 0x90, 0xda, 0x1, 0xff,
    0xf8, 0x1,

    /* U+56E2 "团" */
    0xff, 0xf8, 0x1, 0x81, 0x1b, 0xfd, 0x83, 0x18,
    0x51, 0x8d, 0x19, 0x11, 0xa1, 0x18, 0x71, 0x80,
    0x1f, 0xff,

    /* U+56E4 "囤" */
    0xff, 0xf8, 0x61, 0x86, 0x1b, 0xfd, 0x96, 0x99,
    0x69, 0x9f, 0x98, 0x61, 0x82, 0x58, 0x19, 0xff,
    0xf8, 0x1,

    /* U+56ED "园" */
    0xff, 0xf8, 0x1, 0xbf, 0x98, 0x1, 0x80, 0x1f,
    0xfd, 0x8a, 0x18, 0xa1, 0x92, 0x5a, 0x19, 0xff,
    0xf8, 0x1,

    /* U+56F0 "困" */
    0xff, 0xf8, 0x41, 0x84, 0x1b, 0xfd, 0x86, 0x18,
    0xd1, 0x94, 0x9e, 0x45, 0x84, 0x18, 0x1, 0xff,
    0xf8, 0x1,

    /* U+56F1 "囱" */
    0xc, 0x1, 0x3, 0xff, 0xc6, 0x18, 0xfb, 0x22,
    0x6a, 0x4c, 0x31, 0x8f, 0x33, 0x26, 0x80, 0xff,
    0xf8, 0x2,

    /* U+56F4 "围" */
    0xff, 0xf8, 0x41, 0xff, 0xd8, 0x41, 0xbf, 0x98,
    0x41, 0xff, 0xd8, 0x45, 0x85, 0x98, 0x41, 0xff,
    0xf8, 0x1,

    /* U+56FA "固" */
    0xff, 0xf8, 0x41, 0x84, 0x1b, 0xfd, 0x84, 0x19,
    0xf9, 0x90, 0x99, 0x9, 0x9f, 0x98, 0x1, 0xff,
    0xf8, 0x1,

    /* U+56FD "国" */
    0xff, 0xf8, 0x1, 0xbf, 0xd8, 0x41, 0x84, 0x19,
    0xf9, 0x85, 0x18, 0x49, 0xbf, 0xd8, 0x1, 0xff,
    0xf8, 0x1,

    /* U+56FE "图" */
    0xff, 0xf8, 0xc1, 0x8f, 0xdb, 0x89, 0xaf, 0x18,
    0xf1, 0xf0, 0xd8, 0x71, 0x90, 0x18, 0xf9, 0x80,
    0x1f, 0xff,

    /* U+5703 "圃" */
    0xff, 0xf8, 0x51, 0xbf, 0xd8, 0x41, 0xbf, 0x9a,
    0x49, 0xbf, 0x9a, 0x49, 0xbf, 0x9a, 0x59, 0x80,
    0x1f, 0xff,

    /* U+5706 "圆" */
    0xff, 0xf8, 0x1, 0xbf, 0x9b, 0xf9, 0x80, 0x1b,
    0xf9, 0xa4, 0x9a, 0x49, 0xac, 0x99, 0xb9, 0xa0,
    0x5f, 0xff,

    /* U+5708 "圈" */
    0xff, 0xf8, 0x41, 0x95, 0x1b, 0xf9, 0x88, 0x1b,
    0x79, 0xbe, 0x9d, 0x25, 0x96, 0x19, 0x11, 0x8e,
    0x1f, 0xff,

    /* U+571F "土" */
    0x2, 0x0, 0x10, 0x0, 0x80, 0x4, 0x0, 0x20,
    0x3f, 0xf8, 0x8, 0x0, 0x40, 0x2, 0x0, 0x10,
    0x0, 0x81, 0xff, 0xf0,

    /* U+5723 "圣" */
    0x7f, 0xe2, 0x4, 0x10, 0x80, 0xf0, 0xf, 0xf,
    0xf, 0x6, 0x7, 0xfc, 0x6, 0x0, 0x60, 0x6,
    0xf, 0xff,

    /* U+5728 "在" */
    0x8, 0x0, 0x80, 0xff, 0xf1, 0x0, 0x11, 0x2,
    0x10, 0x61, 0xe, 0xfe, 0xa1, 0x2, 0x10, 0x21,
    0x2, 0x10, 0x2f, 0xf0,

    /* U+5730 "地" */
    0x20, 0x81, 0x4, 0x9, 0x20, 0x49, 0x6f, 0x4f,
    0x13, 0xc8, 0xb2, 0x44, 0x92, 0x34, 0xb7, 0x24,
    0x21, 0x2, 0x8, 0x30, 0x7f, 0x0,

    /* U+573A "场" */
    0x20, 0x2, 0xfe, 0x20, 0xc2, 0x18, 0xf2, 0x2,
    0x7f, 0x21, 0x52, 0x25, 0x26, 0x93, 0xc9, 0xc1,
    0x10, 0x22, 0xc, 0x60,

    /* U+573E "圾" */
    0x20, 0x1, 0x7f, 0x8, 0x88, 0x44, 0x8f, 0x24,
    0x11, 0x38, 0x88, 0x44, 0xe2, 0x25, 0x21, 0xa7,
    0x33, 0x10, 0x13, 0x41, 0x31, 0x80,

    /* U+5740 "址" */
    0x20, 0x41, 0x2, 0x8, 0x10, 0x40, 0x8f, 0xa4,
    0x11, 0x3c, 0x89, 0x4, 0x48, 0x2a, 0x43, 0x92,
    0x30, 0x90, 0x4, 0x80, 0xff, 0x80,

    /* U+5747 "均" */
    0x41, 0x4, 0x30, 0x42, 0x4, 0x7f, 0xf4, 0x14,
    0xa1, 0x41, 0x14, 0x9, 0x40, 0x53, 0x39, 0xc6,
    0x10, 0x1, 0x0, 0xe0,

    /* U+574A "坊" */
    0x20, 0x81, 0x4, 0x8, 0x0, 0x4f, 0xff, 0x90,
    0x10, 0x80, 0x87, 0xc4, 0x22, 0x29, 0x13, 0xd0,
    0xb0, 0x84, 0x8, 0x20, 0x8e, 0x0,

    /* U+574E "坎" */
    0x23, 0x1, 0x10, 0x8, 0x80, 0x4f, 0xff, 0x41,
    0x12, 0x48, 0xa2, 0x44, 0x10, 0x20, 0x83, 0x8e,
    0x30, 0x50, 0x4, 0x40, 0xc1, 0x80, 0x0,

    /* U+574F "坏" */
    0x20, 0x1, 0x7f, 0xc8, 0x10, 0x41, 0xf, 0x18,
    0x11, 0xf0, 0x9a, 0x45, 0x91, 0x20, 0x83, 0x84,
    0x20, 0x20, 0x1, 0x0, 0x8, 0x0,

    /* U+5750 "坐" */
    0x2, 0x0, 0x91, 0x8, 0x90, 0x64, 0x87, 0x2e,
    0x25, 0x4a, 0xc, 0x20, 0x40, 0x7f, 0xf0, 0x10,
    0x0, 0x80, 0x4, 0xf, 0xff, 0x80,

    /* U+5751 "坑" */
    0x41, 0x2, 0x8, 0x10, 0x0, 0x9f, 0xff, 0x0,
    0x21, 0xe1, 0x9, 0x8, 0x48, 0x52, 0x43, 0x12,
    0x21, 0x12, 0x8, 0x91, 0x87, 0x80,

    /* U+5757 "块" */
    0x21, 0x2, 0x10, 0x21, 0x2, 0xfe, 0xf1, 0x22,
    0x12, 0x21, 0x22, 0xff, 0x31, 0x86, 0x28, 0x82,
    0x40, 0x46, 0x18, 0x30,

    /* U+575A "坚" */
    0xb, 0xf2, 0x50, 0x92, 0x48, 0x93, 0xc4, 0x8c,
    0x25, 0xb8, 0x28, 0x60, 0x40, 0x7f, 0xe0, 0x10,
    0x0, 0x81, 0xff, 0xf0,

    /* U+575B "坛" */
    0x20, 0x2, 0x7f, 0x20, 0xf, 0x0, 0x20, 0x2,
    0xff, 0x21, 0x2, 0x20, 0x32, 0x66, 0x42, 0x84,
    0x70, 0xf9, 0x0, 0x10,

    /* U+575D "坝" */
    0x20, 0x1, 0x3f, 0x89, 0x4, 0x49, 0x2f, 0x49,
    0x12, 0x48, 0x92, 0x44, 0x92, 0x34, 0x93, 0x24,
    0xa0, 0x50, 0x4, 0x40, 0xc1, 0x80,

    /* U+575E "坞" */
    0x20, 0x81, 0x4, 0x8, 0xfc, 0x44, 0x2f, 0xa1,
    0x11, 0x38, 0x88, 0x4, 0x7f, 0x28, 0xb, 0xbf,
    0x60, 0x2, 0x0, 0x10, 0x7, 0x0,

    /* U+575F "坟" */
    0x21, 0x1, 0x4, 0x8, 0x20, 0x5f, 0xff, 0x42,
    0x11, 0x10, 0x88, 0x84, 0x48, 0x21, 0x41, 0x8c,
    0x30, 0x60, 0x6, 0xc0, 0xc3, 0x80,

    /* U+5760 "坠" */
    0x1, 0x87, 0x98, 0x51, 0x85, 0x18, 0x49, 0x87,
    0xa4, 0x46, 0x64, 0xc3, 0x6, 0x7, 0xfe, 0x6,
    0x0, 0x60, 0xff, 0xf0,

    /* U+5761 "坡" */
    0x20, 0x81, 0x4, 0x9, 0xfc, 0x4f, 0xef, 0x49,
    0x12, 0x48, 0x9f, 0xc4, 0xc2, 0x37, 0x23, 0xcb,
    0x22, 0x30, 0x13, 0x81, 0x73, 0x80,

    /* U+5764 "坤" */
    0x20, 0x82, 0x8, 0x27, 0xff, 0x49, 0x24, 0x92,
    0x7f, 0x24, 0x92, 0x49, 0x37, 0xfe, 0x49, 0x80,
    0x80, 0x8, 0x0, 0x80,

    /* U+5766 "坦" */
    0x20, 0x1, 0x3f, 0x89, 0x4, 0x48, 0x2f, 0x41,
    0x13, 0xf8, 0x90, 0x44, 0x82, 0x24, 0x13, 0xbf,
    0xb0, 0x0, 0x0, 0x1, 0xff, 0x80,

    /* U+576A "坪" */
    0x20, 0x1, 0x3f, 0x88, 0x20, 0x49, 0x2f, 0x49,
    0x11, 0x50, 0x82, 0x5, 0xff, 0x30, 0x83, 0x84,
    0x20, 0x20, 0x1, 0x0, 0x8, 0x0,

    /* U+576F "坯" */
    0x40, 0x2, 0x7f, 0xd0, 0x30, 0x81, 0xf, 0x18,
    0x21, 0xf1, 0x1a, 0xc9, 0x93, 0x48, 0x83, 0x84,
    0x30, 0x20, 0x0, 0x0, 0xff, 0x80,

    /* U+5777 "坷" */
    0x40, 0x4, 0xff, 0x40, 0x24, 0x2, 0xf7, 0xa4,
    0x4a, 0x44, 0xa4, 0x4a, 0x57, 0xa6, 0x42, 0xc0,
    0x20, 0x2, 0x0, 0xe0,

    /* U+5782 "垂" */
    0x0, 0xe3, 0xf8, 0x0, 0x80, 0xff, 0xe3, 0x26,
    0x19, 0x33, 0xff, 0xe6, 0x4c, 0x32, 0x63, 0xff,
    0x80, 0x80, 0x4, 0x7, 0xff, 0x0,

    /* U+5783 "垃" */
    0x21, 0x1, 0x4, 0x8, 0x20, 0x5f, 0xef, 0x0,
    0x10, 0x10, 0x88, 0x84, 0x44, 0x22, 0x21, 0x92,
    0x38, 0x91, 0x0, 0x80, 0xff, 0x80,

    /* U+5784 "垄" */
    0xc, 0x80, 0x43, 0x3f, 0xfe, 0x12, 0x41, 0x96,
    0x8, 0xc0, 0x9c, 0x39, 0x3e, 0x2, 0x1, 0xff,
    0x80, 0x80, 0x4, 0xf, 0xff, 0x80,

    /* U+578B "型" */
    0x0, 0x13, 0xf4, 0x89, 0x24, 0x49, 0x2f, 0xf9,
    0x12, 0x9, 0x90, 0x58, 0x8e, 0x2, 0x3, 0xff,
    0x80, 0x80, 0x4, 0xf, 0xff, 0x80,

    /* U+5792 "垒" */
    0xc, 0x80, 0x82, 0x1f, 0xf8, 0x0, 0x22, 0x8a,
    0x24, 0x8b, 0xff, 0xd0, 0x81, 0x2, 0x3, 0xff,
    0x80, 0x80, 0x4, 0xf, 0xff, 0x80,

    /* U+579B "垛" */
    0x20, 0x2, 0x3c, 0x22, 0x4f, 0x24, 0x24, 0x72,
    0x48, 0x20, 0x82, 0xff, 0x21, 0x83, 0x2c, 0xc4,
    0xa0, 0x89, 0x0, 0x80,

    /* U+57A2 "垢" */
    0x20, 0x72, 0x78, 0x24, 0x2, 0x40, 0xf7, 0xf2,
    0x40, 0x24, 0x2, 0x7f, 0x2a, 0x13, 0xa1, 0xca,
    0x10, 0xbf, 0x12, 0x10,

    /* U+57A6 "垦" */
    0x3f, 0xc2, 0x4, 0x3f, 0xc3, 0xfc, 0x22, 0x22,
    0x1c, 0x7c, 0xc0, 0x43, 0x7f, 0xe0, 0x40, 0x4,
    0xf, 0xff,

    /* U+57AB "垫" */
    0x21, 0x1, 0x8, 0x3f, 0xf8, 0x42, 0x43, 0xf2,
    0x71, 0xd0, 0x89, 0xec, 0x83, 0x6, 0x3, 0xff,
    0x81, 0x80, 0xc, 0xf, 0xff, 0x80,

    /* U+57AE "垮" */
    0x20, 0x81, 0x4, 0xb, 0xfc, 0x46, 0xcf, 0x62,
    0x1f, 0xfc, 0x80, 0x5, 0xfe, 0x22, 0x3, 0x9f,
    0x30, 0x8, 0x0, 0x40, 0x1e, 0x0,

    /* U+57C2 "埂" */
    0x20, 0x1, 0x7f, 0x88, 0x20, 0x4f, 0xef, 0x49,
    0x13, 0xf8, 0x92, 0x44, 0xfe, 0x34, 0x83, 0xbc,
    0x20, 0xc0, 0x1d, 0xc1, 0x83, 0x0,

    /* U+57C3 "埃" */
    0x21, 0x81, 0xa, 0x8, 0x88, 0x4f, 0xef, 0x41,
    0x11, 0x0, 0x9f, 0xc5, 0x10, 0x3f, 0xf6, 0xc,
    0x0, 0x50, 0xc, 0x40, 0x81, 0x0,

    /* U+57CB "埋" */
    0x20, 0x1, 0x3f, 0x89, 0x24, 0x49, 0x2f, 0x7f,
    0x12, 0x48, 0x9f, 0xc4, 0x10, 0x30, 0x83, 0x7f,
    0xa0, 0x20, 0x1, 0x1, 0xff, 0x80,

    /* U+57CE "城" */
    0x20, 0x31, 0x2, 0x89, 0xfe, 0xe8, 0x82, 0x44,
    0x13, 0xe8, 0x93, 0x44, 0x9a, 0x24, 0xa1, 0xe5,
    0x3b, 0xfa, 0x11, 0xd1, 0x89, 0x80,

    /* U+57DF "域" */
    0x20, 0x51, 0x2, 0x4b, 0xfe, 0x40, 0x87, 0x4,
    0x17, 0xa4, 0xa5, 0x45, 0x2a, 0x2f, 0x61, 0x83,
    0x31, 0xda, 0x11, 0x50, 0x11, 0x80,

    /* U+57E0 "埠" */
    0x20, 0x82, 0x7e, 0x24, 0x22, 0x42, 0xf7, 0xe2,
    0x40, 0x27, 0xe2, 0x7e, 0x30, 0x86, 0x8, 0x8f,
    0xf0, 0x8, 0x0, 0x80,

    /* U+57F9 "培" */
    0x40, 0x82, 0x4, 0x13, 0xfe, 0x84, 0x2f, 0x22,
    0x21, 0x11, 0x3f, 0xe8, 0x0, 0x47, 0xf1, 0xa0,
    0xb9, 0x5, 0x8, 0x20, 0x7f, 0x0,

    /* U+57FA "基" */
    0x10, 0x40, 0x82, 0x1f, 0xfc, 0x20, 0x81, 0xfc,
    0xf, 0xe0, 0x41, 0x1f, 0xff, 0x32, 0x63, 0xff,
    0xe0, 0x82, 0x4, 0x7, 0xff, 0x0,

    /* U+5802 "堂" */
    0x64, 0x62, 0x44, 0xff, 0xf8, 0x1, 0xbf, 0xd2,
    0x4, 0x20, 0x43, 0xfc, 0x4, 0x7, 0xfe, 0x4,
    0x0, 0x40, 0xff, 0xf0,

    /* U+5806 "堆" */
    0x22, 0x42, 0x24, 0x26, 0x42, 0x7f, 0xfc, 0x42,
    0x7f, 0x24, 0x42, 0x44, 0x37, 0xfe, 0x44, 0x84,
    0x40, 0x7f, 0x4, 0x0,

    /* U+5815 "堕" */
    0x0, 0x3, 0xc8, 0x15, 0xfe, 0xa4, 0x5, 0x3f,
    0x2f, 0xf9, 0x28, 0x4e, 0x7e, 0x42, 0x70, 0x10,
    0x1f, 0xfc, 0x4, 0xf, 0xff, 0x80,

    /* U+5821 "堡" */
    0x17, 0xe1, 0x21, 0x19, 0xf9, 0xc1, 0xa, 0xff,
    0x91, 0x60, 0xb2, 0xc4, 0x50, 0x7f, 0xf0, 0x10,
    0x0, 0x81, 0xff, 0xf0,

    /* U+5824 "堤" */
    0x20, 0x1, 0x1f, 0x89, 0x4, 0x47, 0xef, 0xc1,
    0x11, 0xf0, 0x9f, 0xe4, 0x10, 0x22, 0x81, 0xe7,
    0xb9, 0xa0, 0xb, 0x0, 0x8f, 0x80,

    /* U+582A "堪" */
    0x22, 0x21, 0x11, 0xb, 0xfe, 0x44, 0x4f, 0x3e,
    0x11, 0x10, 0x8f, 0x84, 0x44, 0x2f, 0xf9, 0xa6,
    0x39, 0x49, 0xa, 0x0, 0x7f, 0x80,

    /* U+5830 "堰" */
    0x20, 0x1, 0x7f, 0x8b, 0x0, 0x5b, 0xef, 0xdf,
    0x16, 0x88, 0xb3, 0x85, 0xff, 0x2d, 0x23, 0xef,
    0x33, 0x38, 0x1e, 0x0, 0xff, 0x80,

    /* U+5835 "堵" */
    0x21, 0x1, 0x8, 0x8b, 0xf4, 0x42, 0x4f, 0x16,
    0x17, 0xfc, 0x84, 0x5, 0xfe, 0x32, 0x13, 0x9f,
    0xb0, 0x84, 0x4, 0x20, 0x3f, 0x0,

    /* U+584C "塌" */
    0x20, 0x1, 0x3f, 0x89, 0x4, 0x4f, 0xef, 0x41,
    0x11, 0xf0, 0xbf, 0xe5, 0x29, 0x25, 0x4b, 0x98,
    0xf3, 0x7a, 0x2, 0x10, 0x33, 0x80,

    /* U+5851 "塑" */
    0x0, 0x1, 0x27, 0xbf, 0xa4, 0x21, 0xe9, 0x49,
    0x3e, 0xf8, 0xc4, 0x44, 0x22, 0x2, 0x33, 0xff,
    0x80, 0x80, 0x4, 0xf, 0xff, 0x80,

    /* U+5854 "塔" */
    0x22, 0x21, 0x11, 0xb, 0xfe, 0x40, 0xf, 0x1c,
    0x11, 0xb8, 0xbf, 0xe4, 0x0, 0x23, 0xf3, 0x90,
    0xb0, 0x84, 0x4, 0x20, 0x3f, 0x0,

    /* U+5858 "塘" */
    0x41, 0x2, 0x4, 0x13, 0xfe, 0x99, 0xf, 0xff,
    0x27, 0xfd, 0x32, 0x49, 0xfe, 0x4c, 0x83, 0xdf,
    0xb2, 0x84, 0x14, 0x21, 0x3f, 0x0,

    /* U+585E "塞" */
    0x6, 0xf, 0xff, 0x80, 0x1f, 0xff, 0x9, 0x3,
    0xfc, 0x9, 0xf, 0xff, 0x10, 0x82, 0x44, 0xdf,
    0xb0, 0x40, 0x7f, 0xe0,

    /* U+586B "填" */
    0x40, 0x82, 0x3f, 0xd0, 0x21, 0xef, 0xef, 0x41,
    0x23, 0xf9, 0x10, 0x48, 0xfe, 0x47, 0xf2, 0xa0,
    0xbb, 0xff, 0x6, 0x40, 0x61, 0x84, 0x4,

    /* U+5883 "境" */
    0x20, 0x81, 0x3f, 0xc8, 0x48, 0x42, 0x4f, 0x7f,
    0x90, 0x0, 0x8f, 0xc4, 0x7e, 0x22, 0x11, 0xdf,
    0xb8, 0x58, 0x6, 0xd0, 0xe3, 0x80,

    /* U+5885 "墅" */
    0x7e, 0xfa, 0x91, 0x9f, 0x98, 0xff, 0xf1, 0x4,
    0xbf, 0x28, 0x41, 0x1f, 0x98, 0x2, 0x1, 0xff,
    0x80, 0x81, 0xff, 0xf0,

    /* U+5893 "墓" */
    0x18, 0xc7, 0xff, 0xc6, 0x30, 0x7f, 0xc2, 0x2,
    0x1f, 0xf0, 0xff, 0x81, 0x0, 0xff, 0xf9, 0x93,
    0x37, 0xf6, 0x4, 0x7, 0xff, 0x0,

    /* U+5899 "墙" */
    0x20, 0x81, 0x3f, 0x89, 0x21, 0xe5, 0x4f, 0x2a,
    0x17, 0xfc, 0x80, 0x4, 0xfe, 0x24, 0x13, 0xbe,
    0x91, 0x74, 0x8, 0x20, 0x7f, 0x0,

    /* U+589E "增" */
    0x22, 0x31, 0x9, 0x9, 0xfe, 0x49, 0x1f, 0x6a,
    0x92, 0xe4, 0x9f, 0xe4, 0x0, 0x23, 0xf1, 0xd0,
    0x90, 0xfc, 0x7, 0xe0, 0x21, 0x0,

    /* U+58A8 "墨" */
    0x7f, 0xe5, 0x4a, 0x45, 0x23, 0xec, 0x7f, 0xe0,
    0x40, 0xff, 0xf4, 0x96, 0xcd, 0x13, 0xfe, 0x4,
    0xf, 0xff,

    /* U+58A9 "墩" */
    0x22, 0x20, 0x88, 0x82, 0xfa, 0x8, 0x1e, 0x77,
    0x48, 0xa5, 0x22, 0x6a, 0x8b, 0xec, 0x23, 0x30,
    0xce, 0x44, 0xe3, 0x0, 0x96, 0x6, 0x88,

    /* U+58C1 "壁" */
    0x0, 0x3, 0xe2, 0x11, 0x6c, 0xf9, 0x44, 0x3f,
    0xbe, 0x23, 0x1f, 0xff, 0x88, 0x2, 0x3, 0xff,
    0x80, 0x80, 0x4, 0xf, 0xff, 0x80,

    /* U+58D5 "壕" */
    0x20, 0x80, 0xbf, 0xe2, 0x0, 0x3d, 0xfc, 0xf7,
    0xf0, 0x80, 0x2, 0xff, 0x8b, 0xfe, 0x21, 0x8,
    0xfb, 0xcc, 0xfd, 0x1, 0xd2, 0x8, 0xc0,

    /* U+58E4 "壤" */
    0x20, 0x81, 0x7f, 0xc8, 0x1, 0xee, 0xf2, 0x77,
    0x91, 0x10, 0x9f, 0xc4, 0xfe, 0x22, 0x21, 0xff,
    0xf0, 0x54, 0x1c, 0xc0, 0x3b, 0x0, 0x4,

    /* U+58EB "士" */
    0x2, 0x0, 0x10, 0x0, 0x80, 0x4, 0x0, 0x20,
    0x7f, 0xfc, 0x8, 0x0, 0x40, 0x2, 0x0, 0x10,
    0x0, 0x80, 0xff, 0xe0,

    /* U+58EE "壮" */
    0x10, 0xc0, 0x86, 0x24, 0x30, 0xa1, 0x87, 0xc,
    0xb, 0xfc, 0x43, 0x2, 0x18, 0x30, 0xc6, 0x86,
    0x24, 0x30, 0x21, 0x81, 0x7f, 0x80,

    /* U+58F0 "声" */
    0x3, 0x3, 0xff, 0xc0, 0xc0, 0x6, 0x3, 0xff,
    0x0, 0x0, 0xff, 0xc4, 0x62, 0x23, 0x11, 0xff,
    0x88, 0x4, 0xc0, 0x4, 0x0, 0x0, 0x0,

    /* U+58F3 "壳" */
    0x6, 0xf, 0xff, 0x6, 0x0, 0x60, 0x7f, 0xe0,
    0x0, 0xff, 0xf8, 0x1, 0x9f, 0x91, 0x8, 0x10,
    0x83, 0x9, 0xc0, 0xf0,

    /* U+58F6 "壶" */
    0x2, 0x7, 0xff, 0xc0, 0x80, 0x7f, 0xe0, 0x0,
    0x7f, 0xfe, 0x0, 0x21, 0xa0, 0x2d, 0x21, 0x69,
    0x7, 0x50, 0x1a, 0xf, 0xff, 0x80,

    /* U+58F9 "壹" */
    0x4, 0xf, 0xff, 0x4, 0x7, 0xfe, 0x0, 0xf,
    0xff, 0xbf, 0xd0, 0x0, 0x3f, 0xc2, 0x4, 0x3f,
    0xc1, 0x8, 0xff, 0xf0,

    /* U+5904 "处" */
    0x30, 0x81, 0x4, 0xf, 0x20, 0x49, 0x86, 0x4c,
    0x32, 0x52, 0xb2, 0x43, 0x10, 0x18, 0x80, 0xc4,
    0xd, 0x0, 0xc6, 0xc, 0x1f, 0x80,

    /* U+5907 "备" */
    0xc, 0x0, 0xff, 0xc, 0x10, 0xdb, 0x0, 0x70,
    0xe, 0xf3, 0x80, 0xe7, 0xfc, 0x22, 0x21, 0xff,
    0x8, 0x88, 0x44, 0x43, 0xfe, 0x0,

    /* U+590D "复" */
    0x10, 0x0, 0xff, 0xe6, 0x0, 0x17, 0xfc, 0x1f,
    0xf0, 0x40, 0x40, 0xfe, 0x7, 0xfc, 0x38, 0x20,
    0x1b, 0x0, 0xfe, 0x1c, 0x6,

    /* U+590F "夏" */
    0x7f, 0xf8, 0xff, 0xc2, 0x1, 0xf, 0xfc, 0x3f,
    0xf0, 0x80, 0x41, 0xfe, 0x7, 0xf8, 0x38, 0x41,
    0x1e, 0x0, 0xfc, 0x1c, 0xe,

    /* U+5915 "夕" */
    0x4, 0x1, 0x80, 0x3f, 0x88, 0x13, 0x6, 0x90,
    0x81, 0x30, 0x1c, 0x1, 0x0, 0xc0, 0x30, 0x38,
    0x4, 0x0,

    /* U+5916 "外" */
    0x10, 0x81, 0x4, 0xf, 0xa0, 0x4d, 0x4, 0x4c,
    0x22, 0x72, 0xd2, 0xc3, 0x13, 0x8, 0x80, 0x84,
    0xc, 0x20, 0xc1, 0x8, 0x8, 0x0,

    /* U+591A "多" */
    0x4, 0x0, 0xfc, 0x30, 0x85, 0x90, 0xe, 0x1,
    0xd0, 0xe3, 0xf0, 0xc3, 0x38, 0x60, 0x3c, 0x3,
    0x3, 0xc0, 0xc0, 0x0,

    /* U+591C "夜" */
    0x0, 0x0, 0x18, 0x1f, 0xfe, 0x11, 0x1, 0x1f,
    0x89, 0x8, 0xcb, 0x4b, 0xac, 0x11, 0x20, 0x86,
    0x4, 0x30, 0x26, 0x61, 0x41, 0x80,

    /* U+591F "够" */
    0x20, 0x43, 0x7, 0x9f, 0x65, 0x89, 0x67, 0x46,
    0x2a, 0x61, 0x55, 0xa, 0x9f, 0x55, 0x8b, 0xbe,
    0x81, 0x18, 0x9, 0x81, 0xb8, 0x0,

    /* U+5927 "大" */
    0x6, 0x0, 0x60, 0x4, 0x0, 0x40, 0xff, 0xf0,
    0x60, 0x6, 0x0, 0x90, 0x9, 0x1, 0x8, 0x30,
    0x4e, 0x3, 0x80, 0x10,

    /* U+5929 "天" */
    0xff, 0xe0, 0x40, 0x4, 0x0, 0x40, 0x4, 0xf,
    0xff, 0x6, 0x0, 0xe0, 0x9, 0x1, 0x88, 0x30,
    0xcc, 0x3,

    /* U+592A "太" */
    0x4, 0x0, 0x40, 0x4, 0x0, 0x40, 0xff, 0xf0,
    0x60, 0x6, 0x0, 0xd0, 0x9, 0x1, 0x88, 0x3c,
    0xc6, 0x66, 0xc2, 0x10,

    /* U+592B "夫" */
    0x4, 0x0, 0x40, 0x7f, 0xe0, 0x40, 0x4, 0x0,
    0x40, 0xff, 0xf0, 0x60, 0xe, 0x0, 0x90, 0x30,
    0x8e, 0x7, 0x80, 0x10,

    /* U+592D "夭" */
    0x0, 0x47, 0xf8, 0x4, 0x0, 0x40, 0x4, 0x0,
    0x40, 0xff, 0xf0, 0x60, 0xe, 0x0, 0xb0, 0x19,
    0x83, 0xc, 0xc0, 0x30,

    /* U+592E "央" */
    0x2, 0x0, 0x10, 0xf, 0xfc, 0x44, 0x62, 0x23,
    0x11, 0x18, 0x88, 0xdf, 0xff, 0x5, 0x0, 0x28,
    0x2, 0x20, 0x60, 0xcc, 0x3, 0x80,

    /* U+592F "夯" */
    0x4, 0x0, 0x40, 0xff, 0xf1, 0x90, 0x10, 0x82,
    0x44, 0xc4, 0x3b, 0xfd, 0x8, 0x40, 0x84, 0x18,
    0x43, 0xc, 0x63, 0x80,

    /* U+5931 "失" */
    0x12, 0x1, 0x90, 0x8, 0x80, 0x7f, 0xe4, 0x20,
    0x61, 0x0, 0x8, 0x1f, 0xff, 0x7, 0x0, 0x28,
    0x2, 0x20, 0x60, 0xce, 0x3, 0xc0, 0x0,

    /* U+5934 "头" */
    0x2, 0x3, 0x20, 0xa, 0x0, 0x20, 0x62, 0x1,
    0x20, 0x2, 0xf, 0xff, 0x2, 0x0, 0x40, 0xd,
    0x81, 0x86, 0xe0, 0x30,

    /* U+5937 "夷" */
    0x4, 0x0, 0x40, 0xff, 0xf0, 0x40, 0x7f, 0xe0,
    0x42, 0x7f, 0xe4, 0x40, 0x7f, 0xf0, 0x61, 0xb,
    0x61, 0x18, 0xe0, 0x70,

    /* U+5938 "夸" */
    0x4, 0x0, 0xc0, 0xff, 0xf1, 0x8, 0x30, 0xc7,
    0xfe, 0x80, 0x17, 0xfe, 0x10, 0x3, 0xfc, 0x0,
    0x40, 0x8, 0x7, 0x80,

    /* U+5939 "夹" */
    0x6, 0x0, 0x60, 0xff, 0xf2, 0x64, 0x26, 0x42,
    0x48, 0x14, 0x8f, 0xff, 0x6, 0x0, 0x90, 0x19,
    0x83, 0xc, 0xc0, 0x30,

    /* U+593A "夺" */
    0x6, 0x0, 0x40, 0xff, 0xf0, 0x90, 0x30, 0xce,
    0x7, 0x0, 0x8f, 0xff, 0x20, 0x81, 0x8, 0x8,
    0x80, 0x8, 0x3, 0x80,

    /* U+5944 "奄" */
    0x4, 0x0, 0x40, 0xff, 0xf1, 0x98, 0x34, 0xc7,
    0xfe, 0xa4, 0x53, 0xfc, 0x24, 0x43, 0xfc, 0x24,
    0x10, 0x41, 0x3, 0xe0,

    /* U+5947 "奇" */
    0x2, 0x0, 0x10, 0x1f, 0xfc, 0xc, 0x0, 0xdc,
    0x38, 0x1b, 0xff, 0xe0, 0x4, 0x7e, 0x23, 0x11,
    0x18, 0x88, 0xfc, 0x46, 0x1e, 0x0,

    /* U+5948 "奈" */
    0x2, 0x0, 0x10, 0x1f, 0xfe, 0x19, 0x81, 0x86,
    0x1f, 0xf9, 0x80, 0x60, 0x0, 0x3f, 0xf0, 0x18,
    0x4, 0xc8, 0x46, 0x20, 0x60, 0x0,

    /* U+5949 "奉" */
    0x3, 0x0, 0xff, 0xc0, 0x20, 0xf, 0xfc, 0x4,
    0x1, 0xff, 0xe0, 0x84, 0x4, 0xc8, 0x6f, 0xd8,
    0xc, 0x3, 0xff, 0x0, 0xc0, 0x3, 0x0,

    /* U+594B "奋" */
    0x2, 0x0, 0x8, 0x7, 0xff, 0x81, 0x60, 0xc,
    0xc0, 0x61, 0x8f, 0xff, 0x88, 0x88, 0x22, 0x20,
    0xff, 0x82, 0x22, 0xf, 0xf8, 0x20, 0x20,

    /* U+594F "奏" */
    0x6, 0x7, 0xfe, 0x4, 0x3, 0xfe, 0xc, 0xf,
    0xff, 0x10, 0x83, 0xfc, 0xc6, 0x33, 0xfe, 0x5,
    0x1, 0x8c, 0x60, 0x20,

    /* U+5951 "契" */
    0x20, 0xf, 0xff, 0x20, 0x9f, 0x89, 0x21, 0x1f,
    0xf1, 0x26, 0x60, 0x40, 0x4, 0xf, 0xff, 0x6,
    0x1, 0x98, 0xf0, 0xf0, 0x0,

    /* U+5954 "奔" */
    0x2, 0x0, 0x20, 0x3f, 0xfe, 0x31, 0x83, 0x26,
    0x6f, 0xee, 0x8, 0x2, 0x48, 0x10, 0x47, 0xff,
    0xc4, 0x10, 0x40, 0x84, 0x4, 0x0,

    /* U+5955 "奕" */
    0x2, 0x0, 0x10, 0x3f, 0xfe, 0x51, 0x6, 0x8b,
    0x4, 0x4c, 0xce, 0x0, 0x40, 0x2, 0x7, 0xff,
    0xc1, 0x40, 0x11, 0x7, 0x7, 0x40, 0x4,

    /* U+5956 "奖" */
    0x11, 0xd, 0x3f, 0x56, 0x11, 0x32, 0x71, 0xc9,
    0x18, 0x16, 0x0, 0x60, 0xff, 0xf0, 0x60, 0x9,
    0x3, 0xc, 0xc0, 0x30,

    /* U+5957 "套" */
    0x4, 0xf, 0xff, 0x10, 0x83, 0xfc, 0xd0, 0x39,
    0xf8, 0x10, 0x1, 0xf8, 0xff, 0xf1, 0x8, 0x7f,
    0xe0, 0x2,

    /* U+5960 "奠" */
    0x8, 0xc3, 0xff, 0x81, 0x40, 0x7f, 0xc2, 0x52,
    0x1c, 0x70, 0xff, 0x84, 0x4, 0x1f, 0xc7, 0xff,
    0xc1, 0x40, 0x31, 0x8e, 0x3, 0x80,

    /* U+5962 "奢" */
    0x4, 0xf, 0xff, 0x10, 0x82, 0x46, 0xff, 0xb0,
    0x50, 0xff, 0xf0, 0xc0, 0x3f, 0xcd, 0x4, 0x1f,
    0xc1, 0x4, 0x1f, 0xc0,

    /* U+5965 "奥" */
    0x4, 0x7, 0xfe, 0x54, 0xa4, 0xd2, 0x5f, 0xa4,
    0xd2, 0x54, 0xa0, 0x40, 0xff, 0xf0, 0x60, 0x19,
    0x8f, 0xf, 0x80, 0x10,

    /* U+5973 "女" */
    0x0, 0x0, 0x40, 0x8, 0x0, 0x80, 0xff, 0xf1,
    0x8, 0x10, 0x82, 0x18, 0x31, 0x0, 0xf0, 0x7,
    0x1, 0x8c, 0xe0, 0x30,

    /* U+5974 "奴" */
    0x10, 0x0, 0x47, 0xe2, 0x10, 0x9f, 0x46, 0x24,
    0x90, 0x92, 0x44, 0x49, 0x13, 0x38, 0x38, 0x60,
    0x61, 0x81, 0x4f, 0x9, 0x66, 0x42, 0x8,

    /* U+5976 "奶" */
    0x20, 0x2, 0x7c, 0x22, 0x4f, 0xa4, 0x4a, 0x44,
    0xa7, 0x4a, 0x1d, 0x21, 0x72, 0x13, 0x61, 0x2c,
    0x14, 0x43, 0x88, 0xe0,

    /* U+5978 "奸" */
    0x20, 0x3, 0x1f, 0xd0, 0x11, 0xf0, 0x84, 0x84,
    0x24, 0x21, 0x3f, 0xf3, 0x8, 0x50, 0x41, 0x82,
    0xe, 0x10, 0x98, 0x88, 0x4, 0x0,

    /* U+5979 "她" */
    0x20, 0x41, 0x12, 0x8, 0x91, 0xf4, 0xf4, 0xbc,
    0xa7, 0x25, 0x69, 0x3a, 0x49, 0x32, 0x51, 0x90,
    0x4a, 0x82, 0x84, 0x18, 0x1f, 0x80,

    /* U+597D "好" */
    0x30, 0x1, 0xf, 0xc8, 0x4, 0xf8, 0x42, 0x44,
    0x12, 0x21, 0x2f, 0xe9, 0x8, 0x38, 0x40, 0xc2,
    0xf, 0x10, 0xc8, 0x84, 0x1c, 0x0,

    /* U+5982 "如" */
    0x30, 0x2, 0x0, 0x21, 0xff, 0xd1, 0x25, 0x12,
    0x51, 0x45, 0x14, 0xd1, 0x69, 0x11, 0x91, 0x19,
    0x13, 0x5f, 0xc1, 0x10,

    /* U+5984 "妄" */
    0x2, 0x0, 0x10, 0x3f, 0xfe, 0x40, 0x2, 0x0,
    0x1f, 0xf8, 0x10, 0x1f, 0xff, 0x18, 0x40, 0x86,
    0x3, 0xe0, 0x1d, 0xc7, 0x1, 0x0,

    /* U+5986 "妆" */
    0x10, 0x80, 0x84, 0x4, 0x60, 0xa2, 0x7, 0xff,
    0x88, 0x90, 0x48, 0x86, 0x44, 0x72, 0x66, 0x8e,
    0x4, 0x38, 0x26, 0x61, 0x60, 0x80,

    /* U+5987 "妇" */
    0x20, 0x2, 0x3f, 0x20, 0x1f, 0x81, 0x48, 0x14,
    0x81, 0x4b, 0xfd, 0x1, 0x70, 0x13, 0x1, 0x28,
    0x14, 0x3f, 0x80, 0x10,

    /* U+5988 "妈" */
    0x20, 0x1, 0x3f, 0x8, 0x9, 0xf4, 0x44, 0xa2,
    0x25, 0x11, 0x2f, 0xf2, 0x1, 0x70, 0x11, 0xbf,
    0x8e, 0x4, 0x90, 0x28, 0x7, 0x0,

    /* U+5992 "妒" */
    0x20, 0x81, 0x2, 0x8, 0x11, 0xf7, 0xf4, 0xa0,
    0xa5, 0x5, 0x2f, 0xea, 0x41, 0x72, 0x1, 0x90,
    0xe, 0x80, 0xc8, 0xc, 0xc0, 0x0,

    /* U+5993 "妓" */
    0x20, 0x81, 0x4, 0x8, 0xfd, 0xf1, 0x4, 0x88,
    0x24, 0x41, 0x2f, 0xcb, 0x44, 0x52, 0x21, 0x8a,
    0xe, 0x30, 0x53, 0x8c, 0x63, 0x0, 0x0,

    /* U+5996 "妖" */
    0x20, 0x1, 0xf, 0x18, 0xa1, 0xf1, 0x4, 0x88,
    0x24, 0x41, 0x3f, 0xd3, 0x10, 0xd0, 0xc1, 0x8a,
    0xc, 0x50, 0xd4, 0x4c, 0x61, 0x0,

    /* U+5999 "妙" */
    0x20, 0x82, 0x8, 0x20, 0xaf, 0xab, 0x4a, 0x94,
    0xa9, 0x58, 0x85, 0xa, 0x30, 0x23, 0x84, 0x61,
    0x8c, 0x60,

    /* U+59A5 "妥" */
    0x0, 0x67, 0xf8, 0x4, 0x26, 0x44, 0x22, 0x42,
    0x8, 0x8, 0xf, 0xff, 0x10, 0x83, 0x18, 0x1f,
    0x0, 0xf8, 0xf0, 0x60,

    /* U+59A8 "妨" */
    0x20, 0x81, 0x4, 0x8, 0x1, 0xff, 0xf4, 0x90,
    0x24, 0x81, 0x27, 0xda, 0x22, 0x71, 0x11, 0x98,
    0x8a, 0x84, 0x8c, 0x28, 0x4e, 0x0,

    /* U+59B9 "妹" */
    0x40, 0x82, 0x4, 0x11, 0xfd, 0xe1, 0x5, 0x8,
    0x28, 0x42, 0x7f, 0xd2, 0x38, 0x61, 0xc1, 0x15,
    0x1d, 0xac, 0x99, 0x28, 0x8, 0x0,

    /* U+59BB "妻" */
    0x2, 0x7, 0xff, 0xc0, 0x80, 0xff, 0xc0, 0x22,
    0x7f, 0xfc, 0x8, 0x87, 0xb8, 0xff, 0xf8, 0x82,
    0xf, 0x60, 0xf, 0x8f, 0x83, 0x0,

    /* U+59C6 "姆" */
    0x40, 0x2, 0x1f, 0x90, 0x85, 0xe5, 0x25, 0x25,
    0x2b, 0xfe, 0x48, 0x52, 0xd2, 0xe4, 0x51, 0x20,
    0x9d, 0xfe, 0xa0, 0x68, 0xe, 0x0,

    /* U+59CA "姊" */
    0x20, 0x41, 0x2, 0x8, 0x7d, 0xf4, 0x84, 0xa4,
    0x25, 0x21, 0x2f, 0xfa, 0x19, 0x70, 0xc8, 0x8a,
    0x4a, 0xd2, 0xcc, 0xb8, 0x44, 0x0,

    /* U+59CB "始" */
    0x20, 0x81, 0x4, 0x8, 0x49, 0xf6, 0x64, 0xbf,
    0x27, 0xc5, 0x20, 0x1a, 0x7e, 0x72, 0x10, 0x90,
    0x8e, 0x84, 0xd4, 0x28, 0x3f, 0x0,

    /* U+59D0 "姐" */
    0x20, 0x1, 0x1f, 0x88, 0x85, 0xf4, 0x24, 0xbf,
    0x25, 0x9, 0x28, 0x4b, 0x42, 0x53, 0xf1, 0x90,
    0x8e, 0x84, 0xd4, 0x2c, 0xff, 0x80,

    /* U+59D1 "姑" */
    0x20, 0x43, 0x2, 0x10, 0x11, 0xf7, 0xf4, 0x84,
    0x24, 0x23, 0x21, 0x1a, 0x7f, 0x72, 0x9, 0x90,
    0x4e, 0x82, 0x97, 0xf8, 0x20, 0x80,

    /* U+59D3 "姓" */
    0x20, 0x41, 0x12, 0x8, 0x91, 0xf7, 0xf4, 0xa4,
    0x26, 0x21, 0x21, 0x1a, 0x7f, 0x30, 0x41, 0x82,
    0xa, 0x10, 0xc0, 0x8c, 0x7f, 0x80,

    /* U+59D4 "委" */
    0x0, 0x63, 0xfc, 0x0, 0x81, 0xff, 0xf0, 0xe8,
    0x19, 0x33, 0x88, 0x60, 0x80, 0xff, 0xf8, 0xc2,
    0xf, 0x20, 0x7, 0x8f, 0xc3, 0x80,

    /* U+59DA "姚" */
    0x41, 0x42, 0xa, 0x13, 0x53, 0xea, 0xa5, 0x36,
    0x28, 0xa2, 0x45, 0x92, 0xea, 0x6d, 0x49, 0x8a,
    0x14, 0x92, 0x8c, 0x98, 0x87, 0x80,

    /* U+59DC "姜" */
    0x10, 0x40, 0x46, 0x1f, 0xfc, 0x4, 0x7, 0xff,
    0x1, 0x3, 0xff, 0xe1, 0x80, 0xff, 0xf8, 0x82,
    0xe, 0x20, 0xf, 0xf, 0xc7, 0x80,

    /* U+59E5 "姥" */
    0x20, 0x81, 0x4, 0xc8, 0xfc, 0xf1, 0x42, 0x8e,
    0x27, 0xfd, 0x22, 0x9, 0x62, 0x77, 0x61, 0x8c,
    0xe, 0x42, 0xd2, 0x14, 0x1f, 0x80,

    /* U+59E8 "姨" */
    0x40, 0x82, 0x7f, 0x90, 0x21, 0xef, 0xe5, 0x9,
    0x2b, 0xfa, 0x52, 0x12, 0xfe, 0x60, 0x93, 0xa,
    0x8c, 0x5c, 0xa4, 0x4c, 0xc3, 0x4, 0x0,

    /* U+59FB "姻" */
    0x20, 0x1, 0x3f, 0xd9, 0x3, 0xf9, 0x14, 0xc8,
    0xa7, 0xf5, 0x32, 0x32, 0x99, 0x75, 0x49, 0xb9,
    0x4b, 0x82, 0x8f, 0xf8, 0x40, 0x80,

    /* U+59FF "姿" */
    0x44, 0x3, 0x7f, 0x9, 0x20, 0x1a, 0x62, 0x89,
    0xc7, 0x8, 0xf, 0xff, 0x10, 0x83, 0x90, 0x7,
    0x8f, 0x87,

    /* U+5A01 "威" */
    0x0, 0xa0, 0x4, 0x9f, 0xfe, 0x81, 0x5, 0xf9,
    0x24, 0x49, 0x22, 0x4b, 0xf4, 0x52, 0xe2, 0xd3,
    0x13, 0x93, 0x63, 0xd8, 0x13, 0x0,

    /* U+5A03 "娃" */
    0x40, 0x82, 0x4, 0x11, 0xfd, 0xe1, 0x5, 0x8,
    0x2b, 0xfa, 0x40, 0x12, 0x10, 0x67, 0xf1, 0x84,
    0xc, 0x20, 0x81, 0x8, 0xff, 0x80,

    /* U+5A04 "娄" */
    0x24, 0x42, 0x44, 0x14, 0x8f, 0xff, 0xd, 0x7,
    0x4f, 0xc8, 0x0, 0x80, 0xff, 0xf1, 0x8, 0x31,
    0x0, 0xf0, 0x7c, 0xe8, 0x0,

    /* U+5A07 "娇" */
    0x20, 0x21, 0x1f, 0x8, 0x21, 0xf1, 0x4, 0xff,
    0xa4, 0x91, 0x28, 0x4a, 0xa5, 0x71, 0x21, 0x89,
    0xe, 0x48, 0x94, 0x48, 0x62, 0x0,

    /* U+5A18 "娘" */
    0x41, 0x2, 0x4, 0x11, 0xfd, 0xe8, 0x25, 0x7f,
    0x2a, 0xb, 0x50, 0x52, 0xfe, 0xe4, 0x83, 0x25,
    0x8d, 0x10, 0xaa, 0x48, 0x61, 0x80,

    /* U+5A1C "娜" */
    0x40, 0x2, 0x7b, 0xd1, 0x53, 0xea, 0xa5, 0xf5,
    0x2a, 0xa9, 0x55, 0x52, 0xa9, 0xaf, 0x4b, 0x2a,
    0x57, 0x56, 0x92, 0x89, 0x34, 0x0,

    /* U+5A29 "娩" */
    0x41, 0x2, 0x1f, 0x10, 0x99, 0xe8, 0x85, 0xff,
    0x2a, 0x4a, 0x52, 0x52, 0xfe, 0xe1, 0x81, 0xc,
    0x1c, 0xe0, 0xad, 0x18, 0xcf, 0x0,

    /* U+5A31 "娱" */
    0x20, 0x1, 0x1f, 0x88, 0x85, 0xf4, 0x24, 0xbf,
    0x24, 0x1, 0x3f, 0xda, 0x10, 0x77, 0xf9, 0x8e,
    0xa, 0x51, 0x8c, 0x60, 0x40, 0x0,

    /* U+5A36 "娶" */
    0xff, 0xfb, 0xe8, 0x91, 0x24, 0xf9, 0xc4, 0x46,
    0x7f, 0xdc, 0x10, 0x1f, 0xff, 0x10, 0x41, 0xec,
    0x1, 0xf1, 0xf0, 0x60,

    /* U+5A46 "婆" */
    0x41, 0x2, 0xff, 0x89, 0x24, 0xfe, 0x2a, 0x45,
    0x18, 0xb6, 0x70, 0xc0, 0xff, 0xf1, 0x8, 0x3d,
    0x0, 0xfc, 0xf8, 0x70,

    /* U+5A49 "婉" */
    0x40, 0x84, 0x8, 0x47, 0x7f, 0x41, 0x52, 0x9,
    0x7f, 0x95, 0x59, 0xd5, 0xab, 0x56, 0x17, 0x72,
    0x45, 0x65, 0x8c, 0x70,

    /* U+5A5A "婚" */
    0x20, 0x31, 0x1e, 0x8, 0xb1, 0xf7, 0xe4, 0xa4,
    0x25, 0x99, 0x70, 0x5a, 0x7e, 0x72, 0x11, 0x90,
    0x8e, 0xfc, 0xd4, 0x28, 0x3f, 0x0,

    /* U+5A74 "婴" */
    0x7d, 0xe8, 0x62, 0xa6, 0xaa, 0x6a, 0x34, 0x86,
    0x9e, 0x8a, 0xf, 0xff, 0x10, 0x83, 0xd0, 0x7,
    0xcf, 0x86,

    /* U+5A76 "婶" */
    0x40, 0x82, 0x4, 0x13, 0xff, 0xf1, 0x15, 0x7f,
    0x2a, 0x49, 0x52, 0x54, 0xfe, 0x64, 0x91, 0x3f,
    0x95, 0x25, 0x81, 0x8, 0x8, 0x0,

    /* U+5A7F "婿" */
    0x40, 0x2, 0x3f, 0xd0, 0xa5, 0xe5, 0xe5, 0x78,
    0x2e, 0x3a, 0x4f, 0xd2, 0x42, 0x63, 0xf1, 0x10,
    0x9c, 0xfc, 0x84, 0x28, 0x23, 0x0,

    /* U+5A92 "媒" */
    0x42, 0x22, 0x11, 0x11, 0xfd, 0xe4, 0x45, 0x3e,
    0x29, 0x12, 0x4f, 0x92, 0x10, 0xe7, 0xf1, 0xe,
    0x1c, 0xa8, 0xa9, 0x28, 0x88, 0x0,

    /* U+5A9A "媚" */
    0x40, 0x4, 0x7f, 0x44, 0x9f, 0x7f, 0x54, 0x5,
    0x5f, 0x95, 0x19, 0x5f, 0x65, 0x12, 0x5f, 0x55,
    0x15, 0x91, 0x89, 0xf0,

    /* U+5AB3 "媳" */
    0x40, 0x82, 0x3f, 0x91, 0x5, 0xef, 0xe5, 0x41,
    0x2b, 0xfa, 0x50, 0x52, 0xfe, 0x61, 0x81, 0x16,
    0x9e, 0x84, 0x94, 0x58, 0xbe, 0x0,

    /* U+5AC1 "嫁" */
    0x41, 0x4, 0x8, 0x4f, 0xff, 0x81, 0x57, 0xe5,
    0x10, 0x97, 0x29, 0x9c, 0xe6, 0xa2, 0x9a, 0x76,
    0x94, 0x88, 0x83, 0x80,

    /* U+5AC2 "嫂" */
    0x40, 0x82, 0x37, 0x91, 0x25, 0xed, 0xe5, 0x49,
    0x2a, 0x4a, 0x5f, 0xd2, 0x10, 0x67, 0xf1, 0x31,
    0xc, 0xd0, 0x83, 0x8, 0xe7, 0x80,

    /* U+5AC9 "嫉" */
    0x40, 0x42, 0x1, 0x10, 0xff, 0xf5, 0x85, 0x6f,
    0xa9, 0x51, 0x4c, 0x92, 0xc4, 0xff, 0xfb, 0x51,
    0xc, 0x94, 0xa9, 0xac, 0x58, 0x80, 0x80,

    /* U+5ACC "嫌" */
    0x44, 0x22, 0x13, 0x11, 0xff, 0xe4, 0x85, 0x7f,
    0x29, 0x2a, 0x7f, 0xf2, 0x4a, 0x67, 0xf1, 0x33,
    0x1d, 0x98, 0x94, 0xa8, 0x24, 0x80,

    /* U+5AE1 "嫡" */
    0x40, 0x82, 0x7f, 0xd0, 0x89, 0xe4, 0x45, 0x7f,
    0x2a, 0x4a, 0x5f, 0xd2, 0x92, 0x65, 0xf1, 0x31,
    0x9d, 0x7c, 0x88, 0x28, 0x43, 0x0,

    /* U+5AE9 "嫩" */
    0x22, 0x22, 0x11, 0x13, 0xe9, 0xe4, 0x75, 0xfc,
    0xad, 0x79, 0x6b, 0xd3, 0xf6, 0x62, 0x33, 0x38,
    0x89, 0xac, 0xb4, 0xd8, 0x2c, 0x80,

    /* U+5B09 "嬉" */
    0x40, 0x82, 0x7f, 0xd0, 0x21, 0xef, 0xe5, 0x7f,
    0x4a, 0xa, 0x5f, 0xd2, 0x44, 0xef, 0xfb, 0x0,
    0x1d, 0xfc, 0xa8, 0x28, 0x7f, 0x0,

    /* U+5B50 "子" */
    0x7f, 0xf0, 0x3, 0x0, 0x60, 0x4, 0x0, 0x20,
    0x7f, 0xfc, 0x8, 0x0, 0x40, 0x2, 0x0, 0x10,
    0x0, 0x80, 0x3c, 0x0,

    /* U+5B54 "孔" */
    0xfe, 0x80, 0x24, 0x2, 0x20, 0x21, 0x1, 0x8,
    0xf, 0x43, 0xc2, 0x12, 0x10, 0x10, 0x80, 0x84,
    0x44, 0x22, 0xe1, 0xf0,

    /* U+5B55 "孕" */
    0x7f, 0x80, 0x84, 0x4, 0x3c, 0x20, 0x23, 0xfd,
    0x60, 0xd8, 0xc, 0x0, 0x40, 0xff, 0xf8, 0x10,
    0x0, 0x80, 0x1c, 0x0,

    /* U+5B57 "字" */
    0x0, 0x0, 0x60, 0xff, 0xf8, 0x1, 0xbf, 0xd0,
    0x18, 0x3, 0x0, 0x60, 0xff, 0xf0, 0x60, 0x6,
    0x0, 0x60, 0x1c, 0x0,

    /* U+5B58 "存" */
    0x8, 0x0, 0x80, 0xff, 0xf1, 0x0, 0x10, 0x2,
    0x7e, 0x60, 0x4e, 0x8, 0x2f, 0xf2, 0x8, 0x20,
    0x82, 0x8, 0x27, 0x0,

    /* U+5B59 "孙" */
    0x0, 0x8f, 0x88, 0x8, 0x81, 0xa, 0x22, 0xa2,
    0x2b, 0x3a, 0x9e, 0x49, 0x24, 0x92, 0x48, 0x20,
    0x82, 0x8, 0x63, 0x80,

    /* U+5B5D "孝" */
    0x4, 0x0, 0x20, 0x9f, 0xf8, 0x8, 0x8f, 0xff,
    0x83, 0x0, 0x7f, 0x8c, 0x18, 0x83, 0x3, 0xff,
    0xc0, 0x80, 0x4, 0x0, 0xe0, 0x0,

    /* U+5B5F "孟" */
    0x3f, 0xe0, 0x6, 0x0, 0xc0, 0xff, 0xe0, 0x20,
    0x1, 0x0, 0x30, 0xf, 0xfe, 0x64, 0x93, 0x24,
    0x99, 0x25, 0xff, 0xf0,

    /* U+5B63 "季" */
    0x0, 0x47, 0xf8, 0x2, 0xf, 0xff, 0xb, 0x1,
    0x28, 0x62, 0x6b, 0xf9, 0x2, 0xf, 0xff, 0x2,
    0x0, 0x20, 0x1c, 0x0,

    /* U+5B64 "孤" */
    0x0, 0x37, 0xff, 0x5, 0x28, 0x69, 0x42, 0x49,
    0x12, 0x48, 0xf2, 0x4c, 0x92, 0xa4, 0x91, 0x26,
    0x8a, 0x4e, 0x57, 0xd6, 0x82, 0x80,

    /* U+5B66 "学" */
    0x24, 0x62, 0x24, 0xff, 0xf8, 0x1, 0xbf, 0xd0,
    0x18, 0x6, 0xf, 0xff, 0x4, 0x0, 0x40, 0x4,
    0x1, 0xc0,

    /* U+5B69 "孩" */
    0x0, 0x87, 0xc2, 0x5, 0xfe, 0x23, 0x2, 0x12,
    0x11, 0x90, 0x9f, 0x7, 0x12, 0xe1, 0x31, 0x33,
    0x8, 0x38, 0x46, 0x2e, 0xc0, 0x80,

    /* U+5B75 "孵" */
    0x20, 0x3c, 0xfc, 0xab, 0x5a, 0xb5, 0xea, 0xe,
    0xef, 0xee, 0x2a, 0xa4, 0xaa, 0x4e, 0xbf, 0x4e,
    0x44, 0x84, 0x88, 0xc0,

    /* U+5B7D "孽" */
    0x10, 0x8f, 0xff, 0x30, 0x87, 0xbf, 0x89, 0x4f,
    0x2b, 0xfb, 0xf7, 0x88, 0x3f, 0xc0, 0x30, 0xff,
    0xf0, 0x40, 0xc, 0x0,

    /* U+5B81 "宁" */
    0x4, 0x0, 0x20, 0xff, 0xf8, 0x1, 0x80, 0x10,
    0x0, 0xff, 0xf0, 0x40, 0x4, 0x0, 0x40, 0x4,
    0x0, 0x40, 0x1c, 0x0,

    /* U+5B83 "它" */
    0x4, 0x0, 0x83, 0xff, 0xc0, 0x1a, 0x2, 0x41,
    0x8, 0xe1, 0x70, 0x30, 0x4, 0x0, 0x80, 0x90,
    0x13, 0xfc,

    /* U+5B85 "宅" */
    0x0, 0x0, 0x60, 0xff, 0xf8, 0x1, 0x83, 0xd7,
    0xc0, 0x4, 0x0, 0x47, 0xff, 0x80, 0x40, 0x4,
    0x10, 0x41, 0x7, 0xf0,

    /* U+5B87 "宇" */
    0x4, 0xf, 0xff, 0x80, 0x1b, 0xfd, 0x6, 0x0,
    0x60, 0x6, 0xf, 0xff, 0x6, 0x0, 0x60, 0x6,
    0x1, 0xc0,

    /* U+5B88 "守" */
    0x4, 0x0, 0x20, 0xff, 0xf8, 0x1, 0x81, 0x90,
    0x18, 0xff, 0xf0, 0x18, 0x21, 0x81, 0x18, 0x9,
    0x80, 0x18, 0x7, 0x0,

    /* U+5B89 "安" */
    0x4, 0x0, 0x40, 0xff, 0xf8, 0x1, 0x8c, 0x10,
    0x80, 0xff, 0xf1, 0x8, 0x31, 0x81, 0xd0, 0x7,
    0x0, 0xdc, 0xf0, 0x30,

    /* U+5B8B "宋" */
    0x0, 0x0, 0xc, 0x7, 0xff, 0x90, 0x2, 0x43,
    0x8, 0xc, 0x7, 0xff, 0x81, 0xe0, 0xf, 0xc0,
    0x6d, 0x83, 0x33, 0x18, 0xc7, 0x3, 0x0,

    /* U+5B8C "完" */
    0x4, 0x0, 0x60, 0xff, 0xf8, 0x1, 0xbf, 0xd0,
    0x0, 0x0, 0xf, 0xff, 0x19, 0x1, 0x10, 0x11,
    0x13, 0x11, 0xc1, 0xf0,

    /* U+5B8F "宏" */
    0x0, 0x0, 0x20, 0xff, 0xf8, 0x1, 0x88, 0x1f,
    0xff, 0x18, 0x1, 0x20, 0x36, 0x2, 0x4c, 0x48,
    0x49, 0xfe, 0x10, 0x0,

    /* U+5B97 "宗" */
    0x0, 0x0, 0x60, 0xff, 0xf8, 0x1, 0xbf, 0xd0,
    0x0, 0x0, 0xf, 0xff, 0x6, 0x2, 0x64, 0x66,
    0x6c, 0x63, 0xc, 0x0,

    /* U+5B98 "官" */
    0x6, 0xf, 0xff, 0x80, 0x1b, 0xfd, 0x20, 0x43,
    0xfc, 0x20, 0x2, 0x0, 0x3f, 0xe2, 0x6, 0x3f,
    0xe2, 0x6,

    /* U+5B99 "宙" */
    0x4, 0x0, 0x40, 0xff, 0xf8, 0x41, 0x84, 0x17,
    0xfe, 0x44, 0x24, 0x42, 0x7f, 0xe4, 0x42, 0x44,
    0x27, 0xfe, 0x40, 0x20,

    /* U+5B9A "定" */
    0x2, 0x0, 0x8, 0x7, 0xff, 0x90, 0x2, 0x40,
    0x8, 0x7f, 0x80, 0x20, 0x4, 0x80, 0x13, 0xe0,
    0xc8, 0x3, 0x20, 0x1b, 0x80, 0xc3, 0xf8,

    /* U+5B9B "宛" */
    0x1, 0x0, 0x8, 0x1f, 0xfe, 0x80, 0x15, 0x0,
    0x8f, 0x78, 0x8a, 0x4c, 0x52, 0xd4, 0x90, 0x65,
    0x82, 0x20, 0x21, 0x16, 0xf, 0x80,

    /* U+5B9C "宜" */
    0x4, 0x0, 0x20, 0xff, 0xf8, 0x1, 0x9f, 0x91,
    0x8, 0x10, 0x81, 0xf8, 0x10, 0x81, 0xf8, 0x10,
    0x81, 0x8, 0xff, 0xf0,

    /* U+5B9D "宝" */
    0x4, 0x0, 0x20, 0xff, 0xf8, 0x1, 0x80, 0x17,
    0xfe, 0x6, 0x0, 0x60, 0x3f, 0xc0, 0x68, 0x6,
    0xc0, 0x64, 0xff, 0xf0,

    /* U+5B9E "实" */
    0x4, 0x0, 0x60, 0xff, 0xf8, 0x21, 0x92, 0x10,
    0xa0, 0x62, 0x0, 0x20, 0xff, 0xf0, 0x40, 0x9,
    0xc7, 0x6, 0x40, 0x0,

    /* U+5BA0 "宠" */
    0x2, 0x0, 0x20, 0x7f, 0xf4, 0x1, 0x44, 0xd7,
    0xff, 0x9, 0x0, 0x92, 0x9, 0x41, 0x18, 0x33,
    0x16, 0xd1, 0x41, 0xf0,

    /* U+5BA1 "审" */
    0x4, 0x0, 0x40, 0xff, 0xf8, 0x41, 0x4, 0x7,
    0xfe, 0x44, 0x27, 0xfe, 0x44, 0x27, 0xfe, 0x44,
    0x24, 0x42, 0x4, 0x0,

    /* U+5BA2 "客" */
    0x3, 0x1, 0xff, 0xe4, 0x0, 0x91, 0x2, 0xf,
    0xc0, 0xe1, 0x6, 0x78, 0x1, 0xe0, 0x38, 0x79,
    0x7f, 0xa1, 0x2, 0x4, 0x8, 0x1f, 0xe0,

    /* U+5BA3 "宣" */
    0x6, 0xf, 0xff, 0x80, 0x1b, 0xfd, 0x0, 0x3,
    0xfc, 0x20, 0x43, 0xfc, 0x20, 0x43, 0xfc, 0x0,
    0xf, 0xff,

    /* U+5BA4 "室" */
    0x6, 0xf, 0xff, 0x80, 0x18, 0x1, 0x3f, 0xe0,
    0x88, 0x3f, 0xc3, 0x82, 0x4, 0x7, 0xfe, 0x4,
    0x0, 0x40, 0xff, 0xf0,

    /* U+5BA6 "宦" */
    0x6, 0xf, 0xff, 0x80, 0x18, 0x1, 0x7f, 0xe4,
    0x20, 0x7f, 0xc4, 0x4, 0x40, 0x47, 0xfc, 0x42,
    0x4, 0x20, 0x7f, 0xf0,

    /* U+5BAA "宪" */
    0x6, 0xf, 0xff, 0x80, 0x18, 0x21, 0x22, 0x3,
    0xfe, 0x42, 0x4, 0x20, 0xff, 0xf1, 0x90, 0x11,
    0x13, 0x11, 0xc1, 0xf0,

    /* U+5BAB "宫" */
    0x4, 0x0, 0x60, 0xff, 0xf8, 0x1, 0xbf, 0xd2,
    0x4, 0x20, 0x43, 0xfc, 0x0, 0x7, 0xfe, 0x40,
    0x24, 0x2, 0x7f, 0xe0,

    /* U+5BB0 "宰" */
    0x4, 0xf, 0xff, 0x84, 0x1f, 0xff, 0x10, 0x81,
    0x8, 0xff, 0xf0, 0x40, 0x4, 0x7, 0xfe, 0x4,
    0x0, 0x40,

    /* U+5BB3 "害" */
    0x6, 0xf, 0xff, 0x86, 0x1b, 0xfd, 0x7f, 0xe0,
    0x60, 0xff, 0xf0, 0x60, 0x3f, 0xc2, 0x4, 0x20,
    0x43, 0xfc,

    /* U+5BB4 "宴" */
    0x6, 0xf, 0xff, 0x80, 0x1b, 0xfd, 0x20, 0x43,
    0xfc, 0x20, 0x41, 0xf8, 0xff, 0xf1, 0x8, 0x3d,
    0x0, 0xfc, 0x70, 0x20,

    /* U+5BB5 "宵" */
    0x4, 0x1f, 0xfe, 0x92, 0xca, 0x57, 0xfc, 0x80,
    0x9f, 0xf2, 0x2, 0x7f, 0xc8, 0x9, 0x1, 0x20,
    0xe0,

    /* U+5BB6 "家" */
    0x4, 0x7, 0xff, 0xa0, 0x5, 0x0, 0x23, 0xfc,
    0x6, 0x0, 0xd1, 0x99, 0xf0, 0x32, 0x86, 0x32,
    0x6, 0xd9, 0xc4, 0x60, 0xe0, 0x0,

    /* U+5BB9 "容" */
    0x3, 0x1, 0xff, 0xe4, 0x0, 0x92, 0x1a, 0x33,
    0x30, 0x12, 0x1, 0x86, 0x1f, 0xfe, 0x50, 0x20,
    0x40, 0x81, 0x2, 0x7, 0xf8,

    /* U+5BBD "宽" */
    0x4, 0xf, 0xff, 0x89, 0x1f, 0xfd, 0x9, 0x0,
    0x0, 0x3f, 0xc2, 0x44, 0x24, 0x42, 0x64, 0xe,
    0x11, 0xa1, 0xe3, 0xf0,

    /* U+5BBE "宾" */
    0x6, 0xf, 0xff, 0x80, 0x18, 0xfd, 0x30, 0x3,
    0xfe, 0x20, 0x82, 0x8, 0xff, 0xf1, 0x0, 0x30,
    0xcc, 0x3,

    /* U+5BBF "宿" */
    0x3, 0x3, 0xff, 0xd0, 0x2, 0x30, 0x1, 0x7f,
    0x98, 0x41, 0xcf, 0xde, 0x42, 0x32, 0x11, 0x9f,
    0x8c, 0x84, 0x67, 0xe3, 0x21, 0x0,

    /* U+5BC2 "寂" */
    0x6, 0x7, 0xff, 0xa4, 0x4, 0x3b, 0xe1, 0x11,
    0x8, 0x93, 0xfa, 0x82, 0x14, 0x54, 0x44, 0xb6,
    0x24, 0x6c, 0xe4, 0x20,

    /* U+5BC4 "寄" */
    0x6, 0xf, 0xff, 0x82, 0x1b, 0xfd, 0x6, 0x3,
    0x9c, 0xff, 0xf0, 0x4, 0x3e, 0x42, 0x24, 0x22,
    0x43, 0xe4, 0x1, 0xc0,

    /* U+5BC6 "密" */
    0x2, 0x1, 0xff, 0xe4, 0x40, 0x90, 0x92, 0x28,
    0xb1, 0xac, 0x64, 0xc2, 0x8f, 0xf8, 0x42, 0x0,
    0x88, 0x42, 0x21, 0xf, 0xfc, 0x0, 0x10,

    /* U+5BC7 "寇" */
    0x2, 0x7, 0xff, 0xa0, 0x4, 0x1, 0x7, 0xcf,
    0x0, 0x43, 0xff, 0xc5, 0x4, 0x29, 0xe2, 0x46,
    0x12, 0x68, 0x94, 0x28, 0xff, 0x0,

    /* U+5BCC "富" */
    0x4, 0xf, 0xff, 0x80, 0x1b, 0xfd, 0x0, 0x3,
    0xfc, 0x20, 0x41, 0xf8, 0x7f, 0xe4, 0x42, 0x7f,
    0xe4, 0x42, 0x7f, 0xe0,

    /* U+5BD2 "寒" */
    0x4, 0xf, 0xff, 0x89, 0x1f, 0xff, 0x9, 0x3,
    0xfc, 0x9, 0xf, 0xff, 0x10, 0x82, 0x76, 0xc0,
    0x31, 0xe0, 0x1, 0x80,

    /* U+5BD3 "寓" */
    0x4, 0xf, 0xff, 0x80, 0x1b, 0xfd, 0x44, 0x47,
    0xfc, 0x3f, 0xc0, 0x40, 0x7f, 0xe4, 0x52, 0x7f,
    0xa4, 0x2, 0x40, 0xe0,

    /* U+5BDD "寝" */
    0x2, 0x3, 0xff, 0xd0, 0x2, 0xaf, 0xf1, 0x1,
    0x29, 0xf8, 0xdf, 0xc2, 0x0, 0x17, 0xf9, 0x9f,
    0x94, 0x48, 0x21, 0x81, 0x73, 0x80,

    /* U+5BDE "寞" */
    0x6, 0xf, 0xff, 0x89, 0x17, 0xfe, 0x9, 0x3,
    0xfc, 0x20, 0x43, 0xfc, 0x3f, 0xc0, 0x40, 0xff,
    0xf0, 0x90, 0xf0, 0xf0,

    /* U+5BDF "察" */
    0x2, 0x7, 0xff, 0xa4, 0x85, 0x7b, 0xe6, 0x52,
    0x6c, 0x51, 0x63, 0x7, 0xfc, 0xc0, 0x13, 0xff,
    0x4, 0x90, 0xc4, 0x48, 0xe1, 0x0,

    /* U+5BE1 "寡" */
    0x4, 0xf, 0xff, 0x80, 0x1b, 0xfd, 0x3f, 0xc3,
    0xfc, 0x20, 0x43, 0xfc, 0xff, 0xf2, 0x4, 0x7f,
    0xe8, 0x89, 0x73, 0x80,

    /* U+5BE5 "寥" */
    0x2, 0x1, 0xff, 0xe4, 0x0, 0x9f, 0x3e, 0x24,
    0x90, 0x51, 0x43, 0xff, 0x3, 0x60, 0x39, 0x79,
    0x78, 0x0, 0x38, 0xf, 0x18, 0x7, 0x80, 0xe0,
    0x0,

    /* U+5BE8 "寨" */
    0x4, 0xf, 0xff, 0x89, 0x1f, 0xff, 0x9, 0x3,
    0xfc, 0xff, 0xf1, 0x8, 0x24, 0x4f, 0xff, 0x14,
    0x6, 0x4c, 0xc, 0x0,

    /* U+5BF8 "寸" */
    0x0, 0xc0, 0x6, 0x0, 0x31, 0xff, 0xf0, 0xc,
    0x10, 0x60, 0xc3, 0x2, 0x18, 0x8, 0xc0, 0x46,
    0x0, 0x30, 0x1, 0x80, 0x78, 0x0,

    /* U+5BF9 "对" */
    0x0, 0x20, 0x1, 0x3f, 0x8, 0x18, 0x40, 0xbf,
    0x84, 0x11, 0x20, 0x87, 0x24, 0x19, 0xa1, 0xc1,
    0x9, 0x8, 0x80, 0x48, 0xe, 0x0,

    /* U+5BFA "寺" */
    0x2, 0x0, 0x10, 0x1f, 0xfc, 0x4, 0x0, 0x20,
    0x7f, 0xfc, 0x1, 0x1f, 0xff, 0x0, 0x40, 0x82,
    0x2, 0x10, 0x10, 0x80, 0x38, 0x0,

    /* U+5BFB "寻" */
    0x7f, 0xc0, 0x4, 0x3f, 0xc0, 0x4, 0x7f, 0xc0,
    0x8, 0xff, 0xf1, 0x8, 0x18, 0x80, 0x88, 0x0,
    0x80, 0x38,

    /* U+5BFC "导" */
    0x7f, 0xc4, 0x4, 0x7f, 0xc4, 0x0, 0x40, 0x37,
    0xfe, 0x0, 0x8f, 0xff, 0x20, 0x81, 0x8, 0x8,
    0x80, 0x38,

    /* U+5BFF "寿" */
    0x6, 0x3, 0xff, 0x81, 0x0, 0xff, 0xe0, 0x40,
    0x6, 0x3, 0xff, 0xe1, 0x8, 0x1f, 0xf9, 0x2,
    0x33, 0x10, 0xc, 0x80, 0x1c, 0x0,

    /* U+5C01 "封" */
    0x10, 0x21, 0x2, 0xfc, 0x21, 0x2, 0x13, 0xff,
    0xc2, 0x11, 0x21, 0x12, 0xfc, 0xa1, 0x2, 0x10,
    0x2f, 0xc2, 0x0, 0xe0,

    /* U+5C04 "射" */
    0x10, 0x20, 0x81, 0x1f, 0x8, 0x88, 0x47, 0xff,
    0xa2, 0x11, 0xf4, 0x88, 0xb4, 0xfc, 0xa0, 0xe5,
    0xd, 0x9, 0x88, 0x41, 0xce, 0x0,

    /* U+5C06 "将" */
    0x10, 0x80, 0x8f, 0xb4, 0x84, 0xea, 0x43, 0xc,
    0x9, 0x90, 0x50, 0x86, 0xff, 0x70, 0x24, 0x91,
    0x4, 0x48, 0x20, 0x41, 0xe, 0x0,

    /* U+5C09 "尉" */
    0x0, 0x13, 0xf0, 0x90, 0x84, 0x84, 0x27, 0xef,
    0xa0, 0x9, 0x7a, 0x4f, 0xea, 0x48, 0x52, 0xd0,
    0x9a, 0x45, 0x52, 0x21, 0x87, 0x0,

    /* U+5C0A "尊" */
    0x10, 0x47, 0xff, 0xc1, 0x40, 0xff, 0xe4, 0x51,
    0x2c, 0x79, 0xff, 0xc8, 0x2, 0x3f, 0xe7, 0xff,
    0xc4, 0x10, 0x10, 0x80, 0x1c, 0x0,

    /* U+5C0F "小" */
    0x2, 0x0, 0x10, 0x0, 0x80, 0x44, 0x2, 0x22,
    0x11, 0x11, 0x88, 0x48, 0x42, 0x42, 0x1c, 0x10,
    0x40, 0x80, 0x4, 0x0, 0xe0, 0x0,

    /* U+5C11 "少" */
    0x2, 0x0, 0x10, 0x4, 0x88, 0x44, 0x42, 0x21,
    0x21, 0x4, 0x8, 0x0, 0x44, 0x0, 0x40, 0xc,
    0x3, 0x81, 0xf0, 0x0,

    /* U+5C14 "尔" */
    0x10, 0x0, 0x80, 0xf, 0xfe, 0xc4, 0x2c, 0x22,
    0x9, 0x0, 0x49, 0x84, 0x44, 0x62, 0x16, 0x10,
    0xc0, 0x80, 0x1c, 0x0,

    /* U+5C16 "尖" */
    0x4, 0x1, 0x48, 0x24, 0x46, 0x42, 0xc4, 0x10,
    0x60, 0x4, 0xf, 0xff, 0x6, 0x0, 0xf0, 0x19,
    0x87, 0xe, 0x80, 0x10,

    /* U+5C18 "尘" */
    0x2, 0x0, 0x92, 0x8, 0x88, 0x84, 0x28, 0x20,
    0x0, 0x0, 0x0, 0x0, 0x40, 0x7f, 0xf0, 0x10,
    0x0, 0x80, 0x4, 0xf, 0xff, 0x80,

    /* U+5C1A "尚" */
    0x4, 0x18, 0x89, 0x93, 0x2, 0x4f, 0xff, 0x0,
    0x60, 0xc, 0xf9, 0x91, 0x32, 0x26, 0x7c, 0xc8,
    0x18, 0xe,

    /* U+5C1D "尝" */
    0x26, 0x2, 0x64, 0x16, 0xcf, 0xff, 0x80, 0x1b,
    0xfd, 0x0, 0x0, 0x0, 0xff, 0xf1, 0x88, 0x10,
    0xc2, 0x4, 0x7f, 0xe0, 0x0,

    /* U+5C24 "尤" */
    0x4, 0x80, 0x23, 0x1, 0xc, 0x8, 0xf, 0xff,
    0x82, 0x0, 0x14, 0x0, 0xa0, 0xd, 0x0, 0x48,
    0x4, 0x42, 0x42, 0x1c, 0x1f, 0x80,

    /* U+5C31 "就" */
    0x20, 0x80, 0x85, 0x3f, 0x24, 0x1, 0x7, 0xbf,
    0xa4, 0x41, 0xe3, 0x2, 0x18, 0x59, 0x42, 0xaa,
    0x25, 0x53, 0x24, 0x93, 0x47, 0x80,

    /* U+5C38 "尸" */
    0x3f, 0xf2, 0x1, 0x20, 0x12, 0x1, 0x3f, 0xf2,
    0x0, 0x20, 0x2, 0x0, 0x20, 0x4, 0x0, 0x40,
    0xc, 0x0,

    /* U+5C3A "尺" */
    0x3f, 0xf1, 0x0, 0x88, 0x4, 0x40, 0x23, 0xff,
    0x10, 0x80, 0x86, 0x4, 0x10, 0x60, 0xc2, 0x3,
    0x30, 0xe, 0x0, 0x10,

    /* U+5C3C "尼" */
    0x3f, 0xf1, 0x0, 0x88, 0x4, 0x7f, 0xe2, 0x0,
    0x12, 0x0, 0x91, 0xc4, 0xb8, 0x26, 0x3, 0x20,
    0x51, 0x2, 0x8f, 0xe0, 0x0, 0x0,

    /* U+5C3D "尽" */
    0x3f, 0xe1, 0x1, 0x8, 0x8, 0x7f, 0xc2, 0x8,
    0x10, 0x21, 0x39, 0x8, 0x24, 0xc0, 0x10, 0xc0,
    0x1, 0xc0, 0x1, 0x80,

    /* U+5C3E "尾" */
    0x7f, 0xf2, 0x0, 0x9f, 0xfc, 0x81, 0x85, 0xf0,
    0x21, 0x11, 0x7f, 0x8, 0x40, 0x47, 0xf7, 0xd0,
    0x20, 0x83, 0x7, 0xe0,

    /* U+5C3F "尿" */
    0x7f, 0xe4, 0x2, 0x40, 0x27, 0xfe, 0x41, 0x7,
    0xd2, 0x45, 0xc4, 0x58, 0x49, 0x4d, 0x12, 0xa1,
    0x38, 0x70,

    /* U+5C40 "局" */
    0x3f, 0xf1, 0x0, 0x88, 0x4, 0x7f, 0xe2, 0x0,
    0x1f, 0xfc, 0x80, 0x25, 0xf9, 0x68, 0x4a, 0x42,
    0x53, 0xf2, 0x10, 0xe0,

    /* U+5C41 "屁" */
    0x3f, 0xf1, 0x0, 0x88, 0x4, 0x7f, 0xe2, 0x84,
    0x14, 0x20, 0xbd, 0x45, 0xc, 0x28, 0x43, 0x42,
    0x52, 0xd2, 0x98, 0xf0,

    /* U+5C42 "层" */
    0x7f, 0xe4, 0x2, 0x7f, 0xe4, 0x0, 0x40, 0x5,
    0xfe, 0x40, 0x7, 0xff, 0x44, 0x8, 0x84, 0x9f,
    0xe8, 0x2,

    /* U+5C45 "居" */
    0x3f, 0xf1, 0x0, 0x8f, 0xfc, 0x41, 0x2, 0x8,
    0x1f, 0xfc, 0x82, 0x4, 0x10, 0x2f, 0xf1, 0x40,
    0x92, 0x4, 0x9f, 0xe0,

    /* U+5C48 "屈" */
    0x7f, 0xe8, 0x5, 0x0, 0xbf, 0xf4, 0x10, 0xa2,
    0x54, 0x4a, 0xff, 0x51, 0x2a, 0x26, 0x44, 0xcf,
    0xf0,

    /* U+5C49 "屉" */
    0x7f, 0xf2, 0x0, 0x9f, 0xfc, 0x94, 0x44, 0xa2,
    0x25, 0x11, 0x7f, 0xe9, 0x44, 0x4b, 0xe2, 0x40,
    0x22, 0x1, 0x1f, 0xe0,

    /* U+5C4A "届" */
    0x3f, 0xf2, 0x1, 0x20, 0x13, 0xff, 0x20, 0x82,
    0xff, 0x28, 0x92, 0x89, 0x2f, 0xf2, 0x89, 0x48,
    0x94, 0xff,

    /* U+5C4B "屋" */
    0x7f, 0xe4, 0x2, 0x7f, 0xe4, 0x0, 0x7f, 0xf4,
    0x88, 0x5f, 0xe4, 0x22, 0x5f, 0xec, 0x20, 0x82,
    0xb, 0xff,

    /* U+5C4E "屎" */
    0x3f, 0xf1, 0x0, 0x8f, 0xfc, 0x40, 0x2, 0x9,
    0x12, 0x50, 0x9a, 0x87, 0xff, 0x21, 0xc2, 0x35,
    0x13, 0x24, 0xa1, 0x10,

    /* U+5C4F "屏" */
    0x7f, 0xf2, 0x0, 0x9f, 0xfc, 0x90, 0x44, 0x44,
    0x2f, 0xf9, 0x11, 0x8, 0x88, 0x7f, 0xfe, 0x22,
    0x22, 0x11, 0x60, 0x80,

    /* U+5C51 "屑" */
    0x3f, 0xf2, 0x1, 0x3f, 0xf2, 0x89, 0x24, 0xa2,
    0xff, 0x28, 0x12, 0xff, 0x28, 0x16, 0xff, 0x48,
    0x14, 0x83,

    /* U+5C55 "展" */
    0x3f, 0xf1, 0x0, 0x8f, 0xfc, 0x44, 0x82, 0x24,
    0x17, 0xf8, 0x89, 0x7, 0xff, 0x24, 0x93, 0x23,
    0x11, 0x38, 0x9e, 0x30,

    /* U+5C5E "属" */
    0x7f, 0xe4, 0x2, 0x7f, 0xe4, 0x4, 0x5f, 0x85,
    0xfe, 0x51, 0x24, 0xfc, 0x7f, 0xfa, 0x11, 0xaf,
    0xda, 0x7,

    /* U+5C60 "屠" */
    0x3f, 0xf1, 0x0, 0x8f, 0xfc, 0x44, 0x22, 0xff,
    0x11, 0x30, 0xff, 0xe4, 0x60, 0x2c, 0xf2, 0xbf,
    0x91, 0x4, 0x8f, 0xe0,

    /* U+5C61 "屡" */
    0x7f, 0xe4, 0x2, 0x7f, 0xe4, 0x94, 0x7f, 0xf4,
    0x78, 0x59, 0x64, 0x20, 0x7f, 0xfc, 0xc8, 0x87,
    0x8b, 0xe7,

    /* U+5C65 "履" */
    0x7f, 0xf2, 0x0, 0x9f, 0xf8, 0xa7, 0xe6, 0x60,
    0x27, 0xf9, 0x4f, 0xce, 0x7e, 0x51, 0xf6, 0xb9,
    0x24, 0x31, 0x2e, 0x60,

    /* U+5C6F "屯" */
    0x6, 0x0, 0x30, 0x3f, 0xfc, 0xc, 0x4, 0x62,
    0x23, 0x11, 0x18, 0x88, 0xc4, 0x7f, 0xe0, 0x30,
    0x1, 0x82, 0x4, 0x10, 0x3f, 0x0,

    /* U+5C71 "山" */
    0x4, 0x0, 0x80, 0x10, 0x42, 0x18, 0x43, 0x8,
    0x61, 0xc, 0x21, 0x84, 0x30, 0x86, 0x10, 0xff,
    0xf0, 0x2,

    /* U+5C79 "屹" */
    0x21, 0x1, 0x8, 0x8, 0x41, 0x57, 0xfa, 0xa0,
    0x56, 0x2, 0xaf, 0xd5, 0x8, 0xa8, 0x85, 0x4c,
    0x2e, 0xc1, 0x94, 0x10, 0x3f, 0x80,

    /* U+5C7F "屿" */
    0x21, 0x1, 0x8, 0x8, 0x7f, 0x56, 0xa, 0xa0,
    0x55, 0x2, 0xaf, 0xd5, 0x2, 0xa8, 0x15, 0xdf,
    0xb2, 0x4, 0x0, 0x20, 0x6, 0x0,

    /* U+5C81 "岁" */
    0x2, 0x8, 0x45, 0x8, 0xbf, 0xf0, 0xc0, 0x10,
    0x7, 0xfb, 0x2, 0x48, 0x40, 0x90, 0xc, 0x6,
    0xf, 0x0,

    /* U+5C82 "岂" */
    0x4, 0x10, 0x8a, 0x11, 0x7f, 0xe0, 0x1, 0xff,
    0x80, 0x10, 0x2, 0xff, 0xd0, 0x2, 0x0, 0xc0,
    0x17, 0xfe,

    /* U+5C94 "岔" */
    0x8, 0x80, 0x41, 0x83, 0x3, 0x1f, 0xfa, 0x4,
    0x20, 0x10, 0x80, 0x82, 0x1c, 0x78, 0x20, 0x0,
    0x88, 0x42, 0x21, 0x8, 0x84, 0x3f, 0xf0,

    /* U+5C96 "岖" */
    0x40, 0x4, 0x7f, 0x44, 0xd, 0x42, 0xd5, 0x2d,
    0x4e, 0xd4, 0xcd, 0x4c, 0xd4, 0xad, 0x52, 0xb7,
    0x1d, 0x40, 0x7, 0xf0,

    /* U+5C97 "岗" */
    0x4, 0x10, 0x87, 0xff, 0x80, 0x0, 0x1, 0xff,
    0xe0, 0xd, 0x89, 0x8e, 0x31, 0xc6, 0xe6, 0xd0,
    0x18, 0xe,

    /* U+5C9B "岛" */
    0x8, 0xf, 0xf1, 0x2, 0x2e, 0x44, 0x18, 0x80,
    0xf, 0xfc, 0x89, 0x91, 0x32, 0x27, 0xfc, 0x80,
    0x60,

    /* U+5CA9 "岩" */
    0x2, 0x2, 0x10, 0x90, 0x84, 0xff, 0xe0, 0x0,
    0x7f, 0xfc, 0x20, 0x2, 0x0, 0x3f, 0xf3, 0x80,
    0xb4, 0x5, 0x20, 0x21, 0xff, 0x0,

    /* U+5CAD "岭" */
    0x40, 0x84, 0x18, 0x41, 0xcd, 0x24, 0xd6, 0x2d,
    0xd9, 0xd0, 0x8d, 0x7e, 0xd0, 0x2d, 0x4, 0xd2,
    0x8f, 0x18, 0x0, 0x80, 0x0,

    /* U+5CB3 "岳" */
    0x1, 0xe1, 0xf0, 0x8, 0x0, 0x7f, 0xf2, 0x4,
    0x10, 0x20, 0x81, 0x1f, 0xff, 0x2, 0x2, 0x10,
    0x90, 0x84, 0xff, 0xe0, 0x1, 0x0,

    /* U+5CB8 "岸" */
    0x2, 0x2, 0x10, 0x90, 0x84, 0xff, 0xe0, 0x0,
    0x3f, 0xfd, 0x0, 0xb, 0xfe, 0x41, 0x3, 0xff,
    0xd0, 0x41, 0x2, 0x8, 0x10, 0x0,

    /* U+5CE1 "峡" */
    0x20, 0x81, 0x4, 0x9, 0xff, 0x5f, 0xfa, 0xa9,
    0x55, 0x5a, 0xaa, 0x95, 0xff, 0xa8, 0x85, 0x4a,
    0x36, 0xc8, 0xc, 0x60, 0x40, 0x80,

    /* U+5CE6 "峦" */
    0x6, 0xf, 0xff, 0x9, 0x2, 0x94, 0x49, 0x2c,
    0x91, 0xd, 0x4, 0x42, 0x44, 0x24, 0x42, 0x7f,
    0xe0, 0x2,

    /* U+5CED "峭" */
    0x20, 0x82, 0x29, 0x22, 0x9a, 0x8a, 0xab, 0xfa,
    0xa1, 0xaa, 0x1a, 0xbf, 0xaa, 0x1a, 0xbf, 0xfa,
    0x10, 0x21, 0x2, 0x70,

    /* U+5CF0 "峰" */
    0x41, 0x82, 0xf, 0x10, 0xf9, 0xae, 0x4d, 0x4c,
    0x69, 0xfb, 0x52, 0x5a, 0x7e, 0xd0, 0x86, 0x9f,
    0xb4, 0x21, 0xef, 0xf0, 0x8, 0x0,

    /* U+5CFB "峻" */
    0x41, 0x82, 0xb, 0x10, 0x89, 0xaf, 0xed, 0x1,
    0x69, 0x93, 0x5c, 0x5a, 0xa0, 0xd3, 0xe6, 0xb1,
    0x34, 0x51, 0xe3, 0x80, 0x77, 0x4, 0x0,

    /* U+5D07 "崇" */
    0x6, 0x4, 0x63, 0x7f, 0xf0, 0x40, 0xff, 0xf8,
    0x1, 0x3f, 0xc0, 0x0, 0xff, 0xf0, 0x60, 0x26,
    0x4c, 0x63, 0x9c, 0x10,

    /* U+5D0E "崎" */
    0x20, 0x41, 0x2, 0x8, 0xff, 0x51, 0x8a, 0x9b,
    0x55, 0x2, 0xbf, 0xf5, 0x2, 0xab, 0xd5, 0x52,
    0xaa, 0xf5, 0xf4, 0x20, 0x7, 0x0,

    /* U+5D14 "崔" */
    0x2, 0x4, 0x21, 0x42, 0x17, 0xff, 0x11, 0x3,
    0xff, 0x61, 0xf, 0xfe, 0x21, 0x3, 0xfe, 0x21,
    0x3, 0xff, 0x20, 0x0,

    /* U+5D16 "崖" */
    0x2, 0x2, 0x10, 0x9f, 0xfc, 0x0, 0x7, 0xff,
    0xa0, 0x81, 0x7f, 0xc8, 0x20, 0x5f, 0xf2, 0x8,
    0x17, 0xfd, 0x2, 0xb, 0xff, 0x80,

    /* U+5D29 "崩" */
    0x2, 0x4, 0x21, 0x7f, 0xf0, 0x0, 0x7d, 0xf4,
    0x51, 0x45, 0x17, 0xdf, 0x45, 0x17, 0xdf, 0x45,
    0x18, 0x51, 0x9e, 0x30,

    /* U+5D2D "崭" */
    0x4, 0x4, 0x41, 0x7f, 0xf2, 0x3, 0xfd, 0xc4,
    0x10, 0x51, 0xf, 0xdf, 0x11, 0x21, 0xd2, 0xf2,
    0x21, 0x22, 0x16, 0x20,

    /* U+5D4C "嵌" */
    0x2, 0x2, 0x10, 0x9f, 0xfc, 0x0, 0x4, 0x48,
    0x7f, 0xfd, 0x15, 0x28, 0xaa, 0x7c, 0x42, 0x22,
    0x11, 0x28, 0xfb, 0x64, 0x71, 0x80,

    /* U+5DCD "巍" */
    0x42, 0x12, 0x10, 0x9f, 0xfc, 0x10, 0x87, 0x3f,
    0xff, 0x24, 0xef, 0xfa, 0xc9, 0xfd, 0xb2, 0x47,
    0x1c, 0x7e, 0x56, 0x9c, 0x67, 0x80,

    /* U+5DDD "川" */
    0x20, 0x12, 0x21, 0x22, 0x12, 0x21, 0x22, 0x12,
    0x21, 0x22, 0x12, 0x21, 0x22, 0x14, 0x21, 0x42,
    0x1c, 0x1,

    /* U+5DDE "州" */
    0x10, 0x11, 0x11, 0x11, 0x11, 0x11, 0x59, 0x95,
    0x55, 0x55, 0x59, 0x51, 0x11, 0x12, 0x11, 0x21,
    0x16, 0x11, 0x40, 0x10,

    /* U+5DE1 "巡" */
    0x46, 0x93, 0x24, 0x89, 0x68, 0x12, 0x40, 0x94,
    0x74, 0xa0, 0xa4, 0x84, 0x92, 0x24, 0x91, 0x12,
    0xdc, 0x1, 0xb0, 0x8, 0x7f, 0x80,

    /* U+5DE2 "巢" */
    0x26, 0x46, 0xc8, 0x32, 0x67, 0xfe, 0x44, 0x27,
    0xfe, 0x44, 0x27, 0xfe, 0x4, 0xf, 0xff, 0xd,
    0x7, 0x4e, 0x84, 0x30,

    /* U+5DE5 "工" */
    0x7f, 0xf0, 0x10, 0x0, 0x80, 0x4, 0x0, 0x20,
    0x1, 0x0, 0x8, 0x0, 0x40, 0x2, 0x7, 0xff,
    0xc0,

    /* U+5DE6 "左" */
    0x4, 0x0, 0x20, 0x1, 0x0, 0xff, 0xf0, 0x80,
    0x4, 0x0, 0x3f, 0xe2, 0x10, 0x10, 0x81, 0x4,
    0x8, 0x20, 0x81, 0x1, 0xff, 0x80,

    /* U+5DE7 "巧" */
    0x7, 0xff, 0x90, 0x21, 0x2, 0x10, 0x22, 0x2,
    0x3f, 0x20, 0x12, 0x1, 0x78, 0x1c, 0x1, 0x0,
    0x30, 0x1e,

    /* U+5DE8 "巨" */
    0xff, 0xd0, 0x2, 0x0, 0x7f, 0xc8, 0x9, 0x1,
    0x20, 0x27, 0xfc, 0x80, 0x10, 0x2, 0x0, 0x7f,
    0xf0,

    /* U+5DE9 "巩" */
    0x7, 0xc7, 0xa2, 0x9, 0x10, 0x48, 0x82, 0x54,
    0x12, 0xa0, 0x91, 0x6, 0x88, 0xfc, 0x4c, 0x42,
    0x42, 0x12, 0x20, 0xf0,

    /* U+5DEB "巫" */
    0xff, 0xf8, 0x10, 0x4, 0x88, 0x64, 0x82, 0x24,
    0x19, 0x31, 0x2a, 0x49, 0x73, 0x82, 0x0, 0x10,
    0x3f, 0xfe,

    /* U+5DEE "差" */
    0x10, 0xc1, 0x8, 0x7f, 0xe0, 0x40, 0x7f, 0xe0,
    0x80, 0xff, 0xf1, 0x80, 0x10, 0x3, 0xfe, 0x61,
    0xc, 0x10, 0xbf, 0xf0,

    /* U+5DF1 "己" */
    0xff, 0x80, 0x10, 0x2, 0x0, 0x40, 0x9, 0xff,
    0x20, 0x4, 0x0, 0x80, 0x10, 0x6, 0x1, 0x7f,
    0xe0,

    /* U+5DF2 "已" */
    0xff, 0xc0, 0x4, 0x40, 0x44, 0x4, 0x40, 0x47,
    0xfc, 0x40, 0x4, 0x0, 0x40, 0x14, 0x1, 0x40,
    0x23, 0xfe,

    /* U+5DF4 "巴" */
    0xff, 0xe8, 0x42, 0x84, 0x28, 0x42, 0x84, 0x2f,
    0xfe, 0x80, 0x28, 0x0, 0x80, 0x8, 0x1, 0x80,
    0x17, 0xfe,

    /* U+5DF7 "巷" */
    0x8, 0x80, 0x44, 0x1f, 0xfc, 0x11, 0x0, 0x88,
    0x7f, 0xfc, 0x41, 0x7, 0xfc, 0xd0, 0x58, 0xfe,
    0x4, 0x4, 0x20, 0x21, 0xfe, 0x0,

    /* U+5DFE "巾" */
    0x4, 0x0, 0x80, 0x10, 0x7f, 0xf8, 0x43, 0x8,
    0x61, 0xc, 0x21, 0x84, 0x30, 0x86, 0x13, 0x82,
    0x0, 0x40,

    /* U+5E01 "币" */
    0x0, 0x3f, 0xfc, 0x4, 0x0, 0x40, 0x4, 0x7,
    0xfe, 0x44, 0x24, 0x42, 0x44, 0x24, 0x42, 0x44,
    0xe4, 0x40, 0x4, 0x0,

    /* U+5E02 "市" */
    0x6, 0x0, 0x10, 0x3f, 0xfe, 0x4, 0x0, 0x20,
    0x3f, 0xf9, 0x8, 0x48, 0x42, 0x42, 0x12, 0x10,
    0x90, 0xbc, 0x4, 0x0, 0x20, 0x0,

    /* U+5E03 "布" */
    0xc, 0x0, 0x80, 0xff, 0xf1, 0x0, 0x12, 0x2,
    0x20, 0x7f, 0xee, 0x22, 0xa2, 0x22, 0x22, 0x22,
    0x22, 0x2e, 0x2, 0x0,

    /* U+5E05 "帅" */
    0x20, 0x82, 0x8, 0xa0, 0x8a, 0x7f, 0xa4, 0x9a,
    0x49, 0xa4, 0x9a, 0x49, 0x24, 0x92, 0x49, 0x44,
    0xb4, 0x8, 0x80, 0x80,

    /* U+5E06 "帆" */
    0x20, 0x1, 0x1f, 0x8, 0x89, 0xf4, 0x4a, 0xa2,
    0x55, 0x92, 0xaa, 0x95, 0x4c, 0xaa, 0x25, 0xd1,
    0x9, 0xa, 0x48, 0x52, 0x83, 0x80,

    /* U+5E08 "师" */
    0x20, 0x2, 0xff, 0xa1, 0xa, 0x10, 0xa7, 0xea,
    0x92, 0xa9, 0x2a, 0x92, 0xa9, 0x22, 0x92, 0x49,
    0x64, 0x10, 0x81, 0x0,

    /* U+5E0C "希" */
    0x0, 0x43, 0x8c, 0x7, 0x7, 0x8c, 0x8, 0xf,
    0xff, 0x12, 0x3, 0xfe, 0xe2, 0x2a, 0x22, 0x22,
    0x22, 0x2e, 0x2, 0x0,

    /* U+5E10 "帐" */
    0x22, 0x1, 0x11, 0x8, 0x89, 0xf4, 0x8a, 0xa8,
    0x55, 0x2, 0xbf, 0xd5, 0x50, 0xaa, 0x45, 0xd2,
    0x8, 0x88, 0x47, 0x62, 0x21, 0x0,

    /* U+5E15 "帕" */
    0x20, 0xc2, 0x8, 0x20, 0x8f, 0xbf, 0xaa, 0x1a,
    0xa1, 0xaa, 0x1a, 0xbf, 0xaa, 0x1b, 0xa1, 0x22,
    0x12, 0x3f, 0x22, 0x10,

    /* U+5E16 "帖" */
    0x20, 0x82, 0x8, 0x20, 0x8f, 0x8f, 0xa8, 0x8a,
    0x88, 0xab, 0xfa, 0xa1, 0xaa, 0x1b, 0xa1, 0x22,
    0x12, 0x3f, 0x22, 0x10,

    /* U+5E18 "帘" */
    0x2, 0xf, 0xff, 0x80, 0x13, 0x8c, 0x62, 0x20,
    0x20, 0x7f, 0xe4, 0x22, 0x42, 0x24, 0x22, 0x42,
    0xe0, 0x20,

    /* U+5E1A "帚" */
    0x7f, 0xc3, 0xfc, 0x0, 0x47, 0xfc, 0x0, 0xf,
    0xff, 0x84, 0x1f, 0xfd, 0x44, 0x44, 0x44, 0x44,
    0xc0, 0x40,

    /* U+5E1C "帜" */
    0x20, 0x1, 0x1f, 0x88, 0x85, 0xf4, 0x2a, 0xa1,
    0x55, 0xa, 0xaf, 0xd5, 0x0, 0xa8, 0x5, 0xc9,
    0x8, 0x84, 0x44, 0x22, 0x40, 0x0,

    /* U+5E1D "帝" */
    0x4, 0x0, 0x83, 0xff, 0x98, 0x41, 0x11, 0xff,
    0xe1, 0xf, 0xff, 0x44, 0x48, 0x89, 0x11, 0x22,
    0xe0, 0x40,

    /* U+5E26 "带" */
    0x22, 0x21, 0x11, 0x3f, 0xfe, 0x44, 0x40, 0x0,
    0x7f, 0xfe, 0x8, 0x77, 0xff, 0x22, 0x21, 0x11,
    0x8, 0x88, 0x44, 0xc0, 0x20, 0x0,

    /* U+5E2D "席" */
    0x0, 0x0, 0x30, 0x7f, 0xf4, 0x44, 0x5f, 0xf4,
    0x44, 0x47, 0xc4, 0x10, 0x5f, 0xf5, 0x93, 0x59,
    0x39, 0x93, 0x99, 0x60,

    /* U+5E2E "帮" */
    0x10, 0xf, 0xef, 0x11, 0x27, 0xf6, 0x11, 0x3f,
    0xf1, 0x31, 0x64, 0x30, 0x7f, 0xe6, 0x22, 0x62,
    0x26, 0x2e, 0x2, 0x0,

    /* U+5E38 "常" */
    0x44, 0x22, 0x44, 0xff, 0xf8, 0x1, 0xbf, 0xd2,
    0x4, 0x3f, 0xc0, 0x40, 0x7f, 0xe4, 0x42, 0x44,
    0x24, 0x42, 0x44, 0xe0,

    /* U+5E3D "帽" */
    0x20, 0x2, 0x3f, 0x22, 0x1f, 0xbf, 0xab, 0xfa,
    0xa1, 0xa8, 0xa, 0xbf, 0xab, 0xfb, 0xa1, 0x23,
    0xf2, 0x21, 0x23, 0xf0,

    /* U+5E45 "幅" */
    0x20, 0x1, 0x3f, 0xc8, 0x1, 0xf7, 0xea, 0xa1,
    0x55, 0xfa, 0xa0, 0x15, 0xff, 0xac, 0x8d, 0xff,
    0xc9, 0x22, 0x49, 0x12, 0x7f, 0x80,

    /* U+5E4C "幌" */
    0x20, 0x1, 0x1f, 0x89, 0x5, 0xff, 0xea, 0xbf,
    0x54, 0x4a, 0xaa, 0xd5, 0x54, 0xaf, 0xf5, 0xca,
    0x8, 0x50, 0x44, 0x92, 0x47, 0x0,

    /* U+5E54 "幔" */
    0x40, 0x2, 0x1f, 0x90, 0x85, 0xe7, 0xed, 0x1e,
    0x6b, 0xff, 0x55, 0x3a, 0xff, 0xd7, 0xf5, 0x91,
    0x90, 0x58, 0x83, 0x84, 0xe3, 0x80,

    /* U+5E55 "幕" */
    0x8, 0x87, 0xff, 0xc2, 0x20, 0x7f, 0xc2, 0x2,
    0x1f, 0xf0, 0xff, 0x81, 0x0, 0xf7, 0xfb, 0xff,
    0xa8, 0x8a, 0x44, 0x42, 0x2e, 0x0,

    /* U+5E62 "幢" */
    0x20, 0x81, 0x1f, 0x88, 0x89, 0xf2, 0x4a, 0xff,
    0xd4, 0x2, 0xaf, 0xd5, 0x7e, 0xaa, 0x95, 0xcf,
    0x8, 0xfc, 0x41, 0x2, 0x7f, 0x80,

    /* U+5E72 "干" */
    0x7f, 0xf0, 0x10, 0x0, 0x80, 0x4, 0x0, 0x20,
    0x7f, 0xfc, 0x8, 0x0, 0x40, 0x2, 0x0, 0x10,
    0x0, 0x80, 0x4, 0x0,

    /* U+5E73 "平" */
    0x7f, 0xf0, 0x10, 0x8, 0x88, 0x64, 0xc1, 0x24,
    0x1, 0x3, 0xff, 0xe0, 0x40, 0x2, 0x0, 0x10,
    0x0, 0x80, 0x4, 0x0,

    /* U+5E74 "年" */
    0x10, 0x0, 0x80, 0xf, 0xfc, 0xc4, 0x4, 0x20,
    0x1f, 0xf0, 0x88, 0x4, 0x40, 0x22, 0x7, 0xff,
    0xc0, 0x80, 0x4, 0x0, 0x20, 0x0,

    /* U+5E76 "并" */
    0x30, 0x60, 0x82, 0x2, 0x30, 0xff, 0xf1, 0x84,
    0xc, 0x20, 0x61, 0x1f, 0xff, 0x10, 0x40, 0x82,
    0xc, 0x10, 0xc0, 0x8c, 0x4, 0x0,

    /* U+5E78 "幸" */
    0x2, 0x0, 0x10, 0xf, 0xf8, 0x4, 0xf, 0xff,
    0x88, 0x20, 0x63, 0xf, 0xfe, 0x2, 0x0, 0x10,
    0x3f, 0xfe, 0x4, 0x0, 0x20, 0x0,

    /* U+5E7B "幻" */
    0x10, 0x2, 0x3f, 0x20, 0x14, 0x41, 0x48, 0x1f,
    0x81, 0x10, 0x13, 0x1, 0x24, 0x14, 0xc1, 0xf2,
    0x10, 0x2e,

    /* U+5E7C "幼" */
    0x10, 0x82, 0x8, 0x20, 0x86, 0x8, 0x47, 0xfc,
    0x89, 0xf8, 0x91, 0x9, 0x38, 0x92, 0x51, 0x4d,
    0x1f, 0x71, 0x6, 0x70,

    /* U+5E7D "幽" */
    0x4, 0x0, 0x82, 0x94, 0xd2, 0x9a, 0xd7, 0xef,
    0x65, 0x2d, 0x2d, 0xad, 0x7f, 0xfe, 0x10, 0xff,
    0xf0, 0x2,

    /* U+5E7F "广" */
    0x2, 0x0, 0x20, 0x7f, 0xf4, 0x0, 0x40, 0x4,
    0x0, 0x40, 0x4, 0x0, 0x40, 0x4, 0x0, 0xc0,
    0x8, 0x0, 0x80, 0x0,

    /* U+5E84 "庄" */
    0x2, 0x0, 0x8, 0x1f, 0xfe, 0x80, 0x4, 0x10,
    0x20, 0x81, 0x7f, 0xc8, 0x20, 0x41, 0x2, 0x8,
    0x10, 0x41, 0x82, 0xb, 0xff, 0x80, 0x0,

    /* U+5E86 "庆" */
    0x2, 0x0, 0x18, 0x1f, 0xfe, 0x80, 0x4, 0x10,
    0x20, 0x81, 0x7f, 0xc8, 0x60, 0x43, 0x82, 0x14,
    0x11, 0x11, 0x18, 0x4b, 0x1, 0x80,

    /* U+5E87 "庇" */
    0x1, 0x0, 0x8, 0x1f, 0xfe, 0x80, 0x4, 0x88,
    0x24, 0x4d, 0x3e, 0xc9, 0x18, 0x48, 0x82, 0x44,
    0x12, 0x23, 0x1f, 0x19, 0xcf, 0x80,

    /* U+5E8A "床" */
    0x2, 0x0, 0x18, 0x1f, 0xfe, 0x80, 0x4, 0x10,
    0x20, 0x81, 0x7f, 0xe8, 0x70, 0x47, 0xc2, 0x2b,
    0x16, 0x4d, 0x62, 0x28, 0x10, 0x0,

    /* U+5E8F "序" */
    0x0, 0x0, 0x18, 0x1f, 0xfe, 0x80, 0x5, 0xfe,
    0x20, 0x21, 0x1e, 0xb, 0xff, 0x41, 0x12, 0x9,
    0x10, 0x41, 0x2, 0x8, 0x70, 0x0,

    /* U+5E90 "庐" */
    0x0, 0x0, 0x10, 0x7f, 0xf4, 0x10, 0x4f, 0xf4,
    0x81, 0x48, 0x14, 0xff, 0x48, 0x14, 0x80, 0x58,
    0x9, 0x0, 0xb0, 0x0,

    /* U+5E93 "库" */
    0x1, 0x3, 0xff, 0xd0, 0x80, 0xbf, 0xe4, 0x40,
    0x26, 0x41, 0x3f, 0xc8, 0x10, 0x40, 0x82, 0xff,
    0xe0, 0x21, 0x1, 0x0,

    /* U+5E94 "应" */
    0x2, 0x0, 0x30, 0x7f, 0xf4, 0x0, 0x42, 0x15,
    0x22, 0x49, 0x24, 0x92, 0x49, 0x44, 0x84, 0x40,
    0x8b, 0xff, 0x80, 0x0,

    /* U+5E95 "底" */
    0x1, 0x3, 0xff, 0xd0, 0x0, 0x9f, 0xe4, 0x88,
    0x24, 0x41, 0x3f, 0xe9, 0x18, 0x48, 0x42, 0x4a,
    0x63, 0xab, 0x11, 0x60,

    /* U+5E97 "店" */
    0x0, 0x0, 0x20, 0x7f, 0xf4, 0x20, 0x42, 0x4,
    0x3f, 0x42, 0x4, 0x20, 0x5f, 0xe5, 0x2, 0x50,
    0x29, 0xfe, 0x90, 0x20,

    /* U+5E99 "庙" */
    0x2, 0x0, 0x20, 0x7f, 0xf4, 0x0, 0x41, 0x5,
    0xff, 0x51, 0x15, 0x11, 0x5f, 0xf5, 0x11, 0x51,
    0x19, 0x11, 0x9f, 0xf0,

    /* U+5E9C "府" */
    0x2, 0x0, 0x18, 0x1f, 0xfe, 0x88, 0x44, 0x82,
    0x25, 0xfd, 0x60, 0x8f, 0x64, 0x49, 0x22, 0x45,
    0x12, 0x9, 0x90, 0x48, 0x8e, 0x0,

    /* U+5E9E "庞" */
    0x3, 0x3, 0xff, 0xd1, 0x0, 0x88, 0xc5, 0xff,
    0x22, 0x41, 0x12, 0xc9, 0x14, 0x48, 0xc2, 0x44,
    0x64, 0xe3, 0x49, 0xf0,

    /* U+5E9F "废" */
    0x3, 0x3, 0xff, 0xd2, 0x40, 0x94, 0x45, 0xff,
    0x21, 0x1, 0x18, 0x8, 0xfc, 0x4c, 0x62, 0xde,
    0x3c, 0x61, 0x5c, 0xe0, 0x80, 0x0,

    /* U+5EA6 "度" */
    0x3, 0x3, 0xff, 0x91, 0x10, 0xff, 0xe4, 0x44,
    0x23, 0xe1, 0x0, 0xf, 0xfc, 0x4c, 0x62, 0x36,
    0x21, 0xf1, 0x70, 0x60,

    /* U+5EA7 "座" */
    0x0, 0x0, 0x8, 0x1f, 0xfe, 0x82, 0x4, 0x92,
    0x24, 0x91, 0x75, 0xca, 0x73, 0x41, 0x2, 0xff,
    0x90, 0x41, 0x2, 0xb, 0xff, 0x80,

    /* U+5EAD "庭" */
    0x1, 0x3, 0xff, 0xd0, 0x0, 0xbd, 0xe4, 0x44,
    0x24, 0x21, 0x7f, 0xe8, 0xc8, 0x54, 0x42, 0xa2,
    0x13, 0x7f, 0x18, 0xb, 0x3f, 0x80,

    /* U+5EB5 "庵" */
    0x1, 0x3, 0xff, 0xd0, 0x80, 0x84, 0x5, 0xff,
    0xa2, 0x91, 0x3f, 0xcf, 0x25, 0x4f, 0xe2, 0x49,
    0x13, 0xf9, 0x12, 0x18, 0xf, 0x80,

    /* U+5EB6 "庶" */
    0x0, 0x0, 0x10, 0x7f, 0xf4, 0x44, 0x44, 0x45,
    0xff, 0x44, 0x44, 0x44, 0x47, 0xc4, 0x0, 0x5a,
    0xa9, 0x29, 0xb2, 0x90,

    /* U+5EB7 "康" */
    0x1, 0x7, 0xff, 0x41, 0x7, 0xfe, 0x41, 0x27,
    0xff, 0x41, 0x27, 0xfe, 0x51, 0x24, 0xde, 0x4f,
    0x4b, 0x13, 0x8f, 0x0,

    /* U+5EB8 "庸" */
    0x1, 0x7, 0xff, 0x5f, 0xe4, 0x12, 0x7f, 0xf5,
    0xfe, 0x41, 0x5, 0xfe, 0x5f, 0xe5, 0xfe, 0x91,
    0x29, 0x16,

    /* U+5EC9 "廉" */
    0x2, 0x3, 0xff, 0xd2, 0x10, 0xbf, 0xf4, 0x48,
    0x2f, 0xf9, 0x12, 0x4b, 0xff, 0x44, 0x92, 0xff,
    0x93, 0x31, 0x29, 0x4a, 0x49, 0x80,

    /* U+5ECA "廊" */
    0x1, 0x3, 0xff, 0xd1, 0x0, 0x88, 0xf5, 0xf4,
    0xa8, 0xa9, 0x7d, 0x4a, 0x2a, 0x5f, 0x4a, 0x92,
    0x54, 0x93, 0x2e, 0xb9, 0x94, 0x0,

    /* U+5ED3 "廓" */
    0x2, 0x3, 0xff, 0xd1, 0x0, 0xfe, 0xf4, 0x4,
    0xaf, 0xa9, 0x45, 0x49, 0xca, 0x5f, 0x4a, 0x22,
    0x5f, 0xd3, 0x8, 0xa8, 0xc4, 0x0,

    /* U+5EF6 "延" */
    0x0, 0x13, 0xdf, 0x4, 0x10, 0x40, 0x82, 0x24,
    0x3d, 0x3c, 0x29, 0xb, 0x48, 0x52, 0x41, 0x9f,
    0xcc, 0x0, 0x58, 0x4, 0x7f, 0x80,

    /* U+5EF7 "廷" */
    0x0, 0x13, 0xbf, 0x4, 0x30, 0x41, 0x82, 0xc,
    0x3d, 0xfc, 0x23, 0xa, 0x18, 0x50, 0xc1, 0xbf,
    0xcc, 0x0, 0x70, 0x4, 0x7f, 0x80,

    /* U+5EFA "建" */
    0x1, 0xe, 0x7e, 0x21, 0x25, 0xff, 0x41, 0x2e,
    0xfe, 0x21, 0xa, 0xfe, 0xc1, 0x5, 0xff, 0x41,
    0xb, 0x0, 0x8f, 0xf0,

    /* U+5F00 "开" */
    0x7f, 0xf8, 0xc2, 0x6, 0x10, 0x30, 0x81, 0x84,
    0x7f, 0xfc, 0x41, 0x2, 0x8, 0x10, 0x41, 0x82,
    0x18, 0x11, 0x80, 0x80,

    /* U+5F02 "异" */
    0x7f, 0xe2, 0x1, 0x1f, 0xf8, 0x80, 0x4, 0x1,
    0x9f, 0xf8, 0x41, 0x2, 0x8, 0xff, 0xf8, 0x82,
    0x8, 0x11, 0x80, 0x80,

    /* U+5F03 "弃" */
    0x0, 0x0, 0x60, 0xff, 0xf0, 0x90, 0x30, 0xc7,
    0xfe, 0x0, 0x21, 0x8, 0xff, 0xf1, 0x8, 0x30,
    0x86, 0x8, 0xc0, 0x80,

    /* U+5F04 "弄" */
    0x7f, 0xe0, 0x40, 0x7f, 0xe0, 0x40, 0xff, 0xf0,
    0x0, 0x10, 0x8f, 0xff, 0x10, 0x83, 0x8, 0x60,
    0x88, 0x8,

    /* U+5F0A "弊" */
    0x52, 0x82, 0xa7, 0xdf, 0xa5, 0x27, 0x2b, 0xa6,
    0x5d, 0x32, 0x4b, 0xd2, 0xe1, 0x18, 0xc7, 0xff,
    0xc4, 0x30, 0x61, 0x84, 0xc, 0x0,

    /* U+5F0F "式" */
    0x1, 0xa0, 0xd, 0x80, 0x65, 0xff, 0xf0, 0x8,
    0x0, 0x41, 0xfa, 0x2, 0x10, 0x10, 0x80, 0x86,
    0x4, 0x92, 0xf8, 0xd8, 0x3, 0x80,

    /* U+5F13 "弓" */
    0xff, 0xc0, 0x8, 0x1, 0x3f, 0xe4, 0x0, 0x80,
    0x30, 0x7, 0xff, 0x0, 0x60, 0x8, 0x1, 0x3,
    0xe0,

    /* U+5F15 "引" */
    0x0, 0x7f, 0x10, 0x44, 0x11, 0xfc, 0x60, 0x18,
    0x7, 0xf1, 0x4, 0x41, 0x10, 0x44, 0x21, 0x78,
    0x40,

    /* U+5F1B "弛" */
    0x0, 0x87, 0x84, 0x5, 0x20, 0x29, 0x6f, 0x5d,
    0x43, 0x4a, 0x32, 0x5e, 0x92, 0x14, 0xb0, 0xa4,
    0x5, 0x2, 0x28, 0x36, 0x7f, 0x0,

    /* U+5F1F "弟" */
    0x20, 0xc1, 0x8, 0xff, 0xe0, 0x42, 0x4, 0x27,
    0xfe, 0x44, 0x4, 0x40, 0x7f, 0xf0, 0xc2, 0x34,
    0x2e, 0x4e, 0x84, 0x0,

    /* U+5F20 "张" */
    0x2, 0x7, 0x90, 0x84, 0x88, 0x24, 0x87, 0x28,
    0x41, 0x2, 0x3f, 0xfe, 0x48, 0x12, 0x40, 0x93,
    0x4, 0x88, 0x27, 0x66, 0x61, 0x0,

    /* U+5F25 "弥" */
    0x2, 0xf, 0x20, 0x13, 0xf1, 0x49, 0xf4, 0xa8,
    0x8, 0x82, 0xaf, 0x2b, 0x14, 0x91, 0x49, 0x10,
    0x91, 0x8, 0xe1, 0x80,

    /* U+5F26 "弦" */
    0x0, 0x7, 0x84, 0x4, 0x20, 0x2f, 0xff, 0x10,
    0x41, 0x12, 0x9, 0x9e, 0xf8, 0x10, 0x80, 0x89,
    0x4, 0x84, 0x2f, 0xe6, 0x0, 0x80,

    /* U+5F27 "弧" */
    0x0, 0x17, 0xbf, 0x5, 0x48, 0x2a, 0x4f, 0x52,
    0x42, 0x92, 0x14, 0x9e, 0xa4, 0x15, 0x10, 0xca,
    0x86, 0x94, 0x37, 0xae, 0xa2, 0x0,

    /* U+5F2F "弯" */
    0x6, 0xf, 0xff, 0x9, 0x2, 0x96, 0x49, 0x30,
    0x90, 0x3f, 0xc0, 0x4, 0x3f, 0xc4, 0x0, 0x7f,
    0xe0, 0x2, 0x1, 0xe0,

    /* U+5F31 "弱" */
    0x7d, 0xf0, 0x41, 0x7d, 0xf4, 0x10, 0x41, 0x7,
    0xdf, 0x45, 0x13, 0x4d, 0xc, 0x37, 0x5d, 0xc,
    0x13, 0x8e,

    /* U+5F39 "弹" */
    0x2, 0x27, 0x91, 0x4, 0x50, 0x2f, 0xef, 0x49,
    0x43, 0xfa, 0x12, 0x5e, 0xfe, 0x10, 0x80, 0x84,
    0x7, 0xfe, 0x21, 0x6, 0x8, 0x0,

    /* U+5F3A "强" */
    0x7b, 0xf0, 0x50, 0x82, 0x84, 0x17, 0xe7, 0x4,
    0x21, 0xf9, 0x9, 0x5f, 0x4a, 0xb, 0xf0, 0x42,
    0x82, 0x14, 0xef, 0xd0,

    /* U+5F52 "归" */
    0x10, 0x2, 0xfe, 0x5f, 0xc8, 0x19, 0x3, 0x20,
    0x65, 0xfc, 0x81, 0x90, 0x22, 0x4, 0x80, 0xb7,
    0xfc, 0x2,

    /* U+5F53 "当" */
    0x8, 0x22, 0x14, 0x89, 0x26, 0x8, 0x3f, 0xf0,
    0x4, 0x1, 0xff, 0xc0, 0x10, 0x7, 0xff, 0x0,
    0x40,

    /* U+5F55 "录" */
    0x7f, 0xc0, 0x4, 0x7f, 0xc0, 0x4, 0xff, 0xf0,
    0x40, 0x66, 0x61, 0x58, 0xd, 0x87, 0x4c, 0xc4,
    0x31, 0xc0,

    /* U+5F62 "形" */
    0x0, 0x7, 0xf8, 0x89, 0x18, 0x49, 0x82, 0x40,
    0x12, 0xf, 0xfc, 0x84, 0x98, 0x24, 0x9, 0x20,
    0xd1, 0xc, 0x88, 0xc8, 0x48, 0x0,

    /* U+5F64 "彤" */
    0x7e, 0x32, 0x13, 0x14, 0xa0, 0x94, 0x34, 0x23,
    0x7f, 0xb1, 0xa, 0x8, 0x41, 0x42, 0x12, 0x11,
    0x90, 0x99, 0x1f, 0x0,

    /* U+5F69 "彩" */
    0x6, 0x7, 0xc1, 0x4, 0xb0, 0xad, 0x4, 0x41,
    0x8, 0x18, 0x41, 0x9f, 0xd8, 0x18, 0x1, 0xa0,
    0x94, 0x89, 0x21, 0x81, 0x18, 0x0,

    /* U+5F6A "彪" */
    0x8, 0x10, 0x79, 0x82, 0x18, 0xfe, 0x5, 0x91,
    0x3f, 0x11, 0x65, 0x8, 0xc2, 0x5e, 0x32, 0x93,
    0x14, 0xb2, 0xa4, 0x1a, 0x3f, 0x80,

    /* U+5F6C "彬" */
    0x22, 0x11, 0x10, 0x88, 0x89, 0xee, 0x82, 0x28,
    0x99, 0x89, 0xdc, 0x8c, 0xe8, 0xaa, 0xd, 0x50,
    0x88, 0x8c, 0x44, 0xc2, 0x28, 0x0,

    /* U+5F6D "彭" */
    0x10, 0x3f, 0xe6, 0x10, 0xcf, 0xe0, 0x0, 0x37,
    0xc2, 0x44, 0xc4, 0x58, 0x7c, 0x4, 0x41, 0x28,
    0x20, 0xec, 0xf1, 0x80,

    /* U+5F70 "彰" */
    0x18, 0x17, 0xf9, 0x89, 0x19, 0xff, 0x80, 0x0,
    0xbf, 0x9, 0x8, 0x8f, 0xd8, 0x42, 0x1, 0xe0,
    0xff, 0xcc, 0x10, 0x80, 0x88, 0x0,

    /* U+5F71 "影" */
    0x7e, 0x27, 0xe4, 0x47, 0x87, 0xe0, 0x10, 0x3e,
    0xe6, 0x7f, 0x84, 0x60, 0x7e, 0x35, 0x46, 0x94,
    0xc3, 0x10,

    /* U+5F79 "役" */
    0x33, 0xc6, 0x24, 0x92, 0x43, 0x47, 0x68, 0xe,
    0xfe, 0xa4, 0x22, 0x24, 0x23, 0xc2, 0x18, 0x27,
    0xe2, 0xc3,

    /* U+5F7B "彻" */
    0x0, 0x1, 0x27, 0xd1, 0x12, 0x2a, 0x92, 0xe4,
    0x92, 0x25, 0x91, 0x24, 0x89, 0x27, 0x49, 0x34,
    0x48, 0x22, 0x42, 0x12, 0x23, 0x0,

    /* U+5F7C "彼" */
    0x10, 0x81, 0x4, 0x11, 0xfe, 0x29, 0x21, 0x49,
    0x12, 0x41, 0x9f, 0xdc, 0xc6, 0x25, 0x21, 0x2a,
    0xb, 0x30, 0x53, 0xc2, 0xe1, 0x80,

    /* U+5F80 "往" */
    0x0, 0x1, 0x84, 0x18, 0x21, 0x9f, 0xe1, 0x8,
    0x10, 0x41, 0x82, 0x14, 0xfe, 0x20, 0x81, 0x4,
    0x8, 0x20, 0x41, 0x2, 0xff, 0x80,

    /* U+5F81 "征" */
    0x10, 0x1, 0x3f, 0xd0, 0x21, 0x21, 0x1, 0x8,
    0x12, 0x41, 0x93, 0xd4, 0x90, 0x24, 0x81, 0x24,
    0x9, 0x20, 0x49, 0x2, 0xff, 0x80,

    /* U+5F84 "径" */
    0x10, 0x1, 0x3f, 0x98, 0x9, 0x20, 0x83, 0x1c,
    0x13, 0x1b, 0xa0, 0x14, 0xfe, 0x20, 0x81, 0x4,
    0x8, 0x20, 0x41, 0x2, 0xff, 0x80,

    /* U+5F85 "待" */
    0x10, 0x81, 0x4, 0x11, 0xfd, 0x1, 0x1, 0x8,
    0x17, 0xff, 0x80, 0x95, 0xff, 0x20, 0x21, 0x11,
    0x8, 0xc8, 0x40, 0x42, 0xe, 0x0,

    /* U+5F88 "很" */
    0x0, 0x1, 0x3f, 0x91, 0x4, 0x2f, 0xe2, 0x41,
    0x32, 0x9, 0x9f, 0xd4, 0xb0, 0x24, 0x91, 0x27,
    0x9, 0x18, 0x4e, 0x62, 0x40, 0x80,

    /* U+5F8A "徊" */
    0x10, 0x1, 0xbf, 0xd9, 0x2, 0xb8, 0x11, 0x5c,
    0x92, 0xa7, 0x95, 0x24, 0xa9, 0x25, 0xc9, 0x20,
    0x49, 0x2, 0x4f, 0xf2, 0x40, 0x80,

    /* U+5F8B "律" */
    0x10, 0x81, 0x84, 0x19, 0xfd, 0x81, 0x21, 0xff,
    0x90, 0x49, 0x9f, 0xd4, 0x10, 0x27, 0xf1, 0x4,
    0xb, 0xfe, 0x41, 0x2, 0x8, 0x0,

    /* U+5F90 "徐" */
    0x21, 0x6, 0x18, 0xc2, 0x41, 0x43, 0x2f, 0xf6,
    0x10, 0xe1, 0xa, 0xff, 0x21, 0x2, 0x52, 0x29,
    0x12, 0x91, 0x23, 0x0,

    /* U+5F92 "徒" */
    0x10, 0x81, 0x4, 0x11, 0xfd, 0x21, 0x3, 0x8,
    0x37, 0xff, 0x82, 0x14, 0x90, 0x24, 0xf1, 0x24,
    0xb, 0xa0, 0x57, 0x3, 0xf, 0x80,

    /* U+5F97 "得" */
    0x27, 0xf2, 0x20, 0xa5, 0xfc, 0x4f, 0xe6, 0x0,
    0x77, 0xfe, 0x80, 0x85, 0xff, 0x24, 0x21, 0x11,
    0x8, 0x8, 0x41, 0xc0,

    /* U+5F98 "徘" */
    0x11, 0x41, 0x8a, 0x18, 0x51, 0x8e, 0xe1, 0x14,
    0x10, 0xa1, 0x9d, 0xdc, 0x28, 0x21, 0x41, 0x7b,
    0xc8, 0x50, 0x42, 0x82, 0x14, 0x0,

    /* U+5F99 "徙" */
    0x10, 0xc1, 0x6, 0x10, 0xbf, 0x25, 0x83, 0x2c,
    0x17, 0xfd, 0x83, 0x14, 0x98, 0x24, 0xf9, 0x26,
    0x9, 0xb0, 0x53, 0x83, 0x8f, 0x80,

    /* U+5FA1 "御" */
    0x0, 0x1, 0x20, 0x11, 0xef, 0xb4, 0x92, 0xa4,
    0x97, 0xe5, 0x89, 0x35, 0x49, 0x2b, 0xc9, 0x52,
    0x4a, 0x96, 0x5f, 0x82, 0x4, 0x0,

    /* U+5FAA "循" */
    0x30, 0x70, 0x9f, 0x4, 0x44, 0x5, 0xff, 0x24,
    0x40, 0x91, 0x6, 0x5f, 0x29, 0x44, 0x25, 0xf0,
    0x94, 0x42, 0x5f, 0x9, 0x44, 0x29, 0xf0,

    /* U+5FAE "微" */
    0x32, 0x20, 0x88, 0x84, 0xaa, 0x6, 0xbe, 0x2f,
    0xc9, 0x81, 0x2e, 0xfa, 0x8b, 0xcc, 0x29, 0x30,
    0xa4, 0xc2, 0x9b, 0xa, 0x52, 0x20, 0x88,

    /* U+5FB7 "德" */
    0x10, 0x81, 0x7f, 0xd0, 0x21, 0x2f, 0xe3, 0x55,
    0x12, 0xa9, 0x9f, 0xdc, 0x0, 0xaf, 0xf9, 0x4,
    0x8a, 0xa4, 0x54, 0x52, 0x3e, 0x0,

    /* U+5FBD "徽" */
    0x32, 0x20, 0xaa, 0x84, 0xaa, 0x17, 0xef, 0x20,
    0x29, 0xbf, 0xa6, 0x46, 0x8b, 0xca, 0x24, 0x90,
    0xbd, 0x42, 0xaa, 0x8a, 0xba, 0x26, 0x44,

    /* U+5FC3 "心" */
    0x4, 0x0, 0xc, 0x0, 0x18, 0x2, 0x20, 0x28,
    0x10, 0xa0, 0x44, 0x80, 0x92, 0x2, 0x48, 0x29,
    0x20, 0x80, 0x82, 0x3, 0xf0,

    /* U+5FC5 "必" */
    0x8, 0x0, 0x20, 0x80, 0xc8, 0x2, 0xc0, 0x84,
    0x14, 0x59, 0x26, 0x49, 0x43, 0xcc, 0x8, 0x40,
    0x4e, 0x9, 0x90, 0x40, 0xfc, 0x0,

    /* U+5FC6 "忆" */
    0x20, 0x1, 0x0, 0x9, 0xfe, 0x50, 0x6a, 0x86,
    0x54, 0x22, 0x82, 0x4, 0x20, 0x23, 0x1, 0x10,
    0x49, 0x2, 0x48, 0x12, 0x3f, 0x0,

    /* U+5FCC "忌" */
    0x7f, 0xe0, 0x1, 0xf, 0xf8, 0x40, 0x2, 0x1,
    0x1f, 0xf8, 0x0, 0x2, 0x44, 0x51, 0x12, 0x8a,
    0x94, 0x14, 0x1f, 0x80,

    /* U+5FCD "忍" */
    0xff, 0xe2, 0x22, 0x24, 0x24, 0x42, 0x18, 0x27,
    0x1c, 0x4, 0x5, 0x62, 0x52, 0x2d, 0x7, 0x90,
    0x59, 0xf8,

    /* U+5FD7 "志" */
    0x4, 0x0, 0x40, 0xff, 0xf0, 0x40, 0x4, 0x0,
    0x40, 0x7f, 0xe0, 0x0, 0x6, 0x5, 0x12, 0x50,
    0x29, 0x5, 0x1f, 0x80,

    /* U+5FD8 "忘" */
    0x0, 0x0, 0x20, 0xff, 0xf2, 0x0, 0x20, 0x2,
    0x0, 0x3f, 0xe0, 0x0, 0x6, 0x5, 0x32, 0x50,
    0x19, 0x5, 0x1f, 0xc0,

    /* U+5FD9 "忙" */
    0x20, 0x81, 0x2, 0x8, 0x11, 0x5f, 0xfa, 0xa0,
    0x51, 0x2, 0x88, 0x4, 0x40, 0x22, 0x1, 0x10,
    0x8, 0x80, 0x47, 0xf2, 0x0, 0x0,

    /* U+5FE0 "忠" */
    0x2, 0x0, 0x20, 0x7f, 0xe4, 0x22, 0x42, 0x27,
    0xfe, 0x2, 0x0, 0x60, 0x53, 0x65, 0x12, 0xd0,
    0x79, 0x9, 0x1f, 0x80,

    /* U+5FE7 "忧" */
    0x21, 0x1, 0x9, 0x8, 0x44, 0x62, 0x2a, 0xff,
    0xd4, 0x82, 0x85, 0x4, 0x28, 0x23, 0x41, 0x12,
    0x8, 0x92, 0x48, 0x92, 0x87, 0x80,

    /* U+5FEB "快" */
    0x20, 0x81, 0x4, 0xd, 0xfd, 0x71, 0x2a, 0x89,
    0x50, 0x4a, 0x82, 0x45, 0xff, 0x20, 0xc1, 0xa,
    0x8, 0xd8, 0x4c, 0x62, 0xc1, 0x80,

    /* U+5FF1 "忱" */
    0x20, 0x41, 0x2, 0x8, 0x10, 0xdf, 0xf6, 0xc4,
    0xb6, 0x26, 0x81, 0x4, 0x18, 0x20, 0xc1, 0xe,
    0x8, 0x52, 0x4c, 0x92, 0xc3, 0x80,

    /* U+5FF5 "念" */
    0x6, 0x0, 0x78, 0x6, 0x20, 0xcc, 0xe8, 0x1,
    0x1f, 0xe0, 0x3, 0x0, 0x10, 0x15, 0x22, 0x91,
    0x14, 0x5, 0x20, 0xa9, 0xfc, 0x0,

    /* U+5FFD "忽" */
    0x10, 0x1, 0x0, 0x3f, 0xe6, 0x52, 0xc9, 0x21,
    0x22, 0x66, 0x20, 0xcc, 0x4, 0x5, 0x22, 0x50,
    0x29, 0x5, 0x1f, 0x80,

    /* U+5FFF "忿" */
    0x8, 0x80, 0xc2, 0x8, 0x9, 0xbf, 0xb0, 0x44,
    0x4, 0x21, 0xc7, 0x0, 0x40, 0x2b, 0x22, 0x48,
    0x92, 0x14, 0x1f, 0x0,

    /* U+6000 "怀" */
    0x20, 0x1, 0x7f, 0xc8, 0x31, 0x51, 0xa, 0x98,
    0x51, 0xf2, 0x8a, 0xc5, 0x93, 0x28, 0x89, 0x4,
    0x8, 0x20, 0x41, 0x2, 0x8, 0x0,

    /* U+6001 "态" */
    0x6, 0x0, 0x40, 0xff, 0xf0, 0x60, 0x9, 0x1,
    0x98, 0x34, 0xcc, 0x23, 0x4, 0x5, 0x22, 0x50,
    0x29, 0x5, 0x9f, 0x80,

    /* U+600E "怎" */
    0x10, 0x1, 0x0, 0x3f, 0xf2, 0x40, 0x47, 0xe8,
    0x40, 0x7, 0xf0, 0x40, 0x4, 0x5, 0x22, 0x51,
    0x2d, 0x5, 0x1f, 0xd0,

    /* U+6012 "怒" */
    0x10, 0x0, 0x8f, 0x9f, 0x44, 0x49, 0x26, 0x4a,
    0x1c, 0x20, 0x72, 0x8c, 0xa3, 0x6, 0x1, 0x49,
    0xa, 0x4, 0x90, 0x90, 0xfc, 0x80,

    /* U+6014 "怔" */
    0x20, 0x1, 0x3f, 0xcc, 0x21, 0x51, 0xa, 0x88,
    0x55, 0x42, 0x8b, 0xc4, 0x50, 0x22, 0x81, 0x14,
    0x8, 0xa0, 0x45, 0x2, 0xff, 0x80,

    /* U+6015 "怕" */
    0x20, 0x82, 0x8, 0x21, 0x83, 0x7f, 0xb4, 0x1a,
    0x41, 0xa4, 0x12, 0x7f, 0x24, 0x12, 0x41, 0x24,
    0x12, 0x7f, 0x24, 0x10,

    /* U+6016 "怖" */
    0x61, 0x83, 0x8, 0x1f, 0xff, 0xe4, 0xf, 0x28,
    0x7a, 0x43, 0xbf, 0xef, 0x91, 0x64, 0x8b, 0x24,
    0x59, 0x2e, 0xc1, 0x6, 0x8, 0x0,

    /* U+601C "怜" */
    0x20, 0x81, 0xc, 0xc, 0x50, 0xf4, 0x46, 0xe3,
    0x56, 0x4e, 0x80, 0x4, 0xfe, 0x20, 0x21, 0x2,
    0x8, 0xf0, 0x41, 0x2, 0x4, 0x0,

    /* U+601D "思" */
    0x7f, 0xe4, 0x42, 0x44, 0x27, 0xfe, 0x44, 0x27,
    0xfe, 0x8, 0x0, 0x62, 0x53, 0x2d, 0xd, 0x90,
    0xd9, 0xf8,

    /* U+6020 "怠" */
    0x0, 0x0, 0x64, 0x4, 0x18, 0xff, 0xe0, 0x1,
    0x1f, 0xf0, 0x80, 0x87, 0xfc, 0x4, 0x2, 0x98,
    0x94, 0x44, 0xa0, 0xb9, 0xfc, 0x0,

    /* U+6025 "急" */
    0x8, 0x0, 0xfc, 0x8, 0x60, 0xff, 0xc0, 0x2,
    0x1f, 0xf0, 0x0, 0x80, 0x4, 0x3f, 0xe0, 0x30,
    0x14, 0xc4, 0xa0, 0xb1, 0xfc, 0x0,

    /* U+6027 "性" */
    0x20, 0x81, 0x14, 0xd, 0x21, 0x6f, 0xfa, 0xc8,
    0x54, 0x42, 0x82, 0x4, 0xfe, 0x20, 0x81, 0x4,
    0x8, 0x20, 0x41, 0x2, 0xff, 0x80,

    /* U+6028 "怨" */
    0x10, 0x0, 0x8f, 0x8f, 0x44, 0xca, 0x27, 0x57,
    0xc, 0x80, 0x44, 0x2c, 0x3f, 0x42, 0x1, 0x49,
    0x9a, 0x14, 0x90, 0x90, 0xfc, 0x0,

    /* U+602A "怪" */
    0x10, 0x0, 0x4f, 0xe1, 0x11, 0x96, 0x64, 0x5c,
    0xe1, 0x43, 0x89, 0x71, 0xc4, 0x10, 0x13, 0xf8,
    0x41, 0x1, 0x4, 0x4, 0x10, 0x17, 0xfc,

    /* U+602F "怯" */
    0x20, 0xc1, 0x6, 0x8, 0x30, 0xd7, 0xea, 0x8c,
    0x54, 0x62, 0x9f, 0xe4, 0x10, 0x21, 0x81, 0x9,
    0x8, 0x84, 0x4f, 0xe2, 0x40, 0x80,

    /* U+603B "总" */
    0x10, 0x40, 0x42, 0x2, 0x20, 0x7f, 0xc2, 0x2,
    0x10, 0x10, 0x80, 0x87, 0xfc, 0x6, 0x2, 0x99,
    0x94, 0x5, 0xa0, 0x51, 0xfc, 0x0,

    /* U+6043 "恃" */
    0x20, 0x81, 0x4, 0x9, 0xfc, 0xe1, 0xb, 0x8,
    0x57, 0xfe, 0x80, 0x85, 0xff, 0x20, 0x21, 0x11,
    0x8, 0xc8, 0x40, 0x42, 0xe, 0x0,

    /* U+604B "恋" */
    0x4, 0x0, 0x20, 0xff, 0xf0, 0x90, 0x29, 0x44,
    0x92, 0xc9, 0x10, 0x90, 0x4, 0x5, 0x22, 0x50,
    0x39, 0x5, 0x1f, 0x80,

    /* U+604D "恍" */
    0x20, 0x81, 0x24, 0x8d, 0x24, 0xed, 0x47, 0x2a,
    0x58, 0x42, 0xbf, 0xe4, 0x48, 0x22, 0x41, 0x12,
    0x8, 0x92, 0x48, 0x92, 0x87, 0x80,

    /* U+6050 "恐" */
    0xfb, 0xe1, 0x11, 0x8, 0xc8, 0x45, 0x43, 0xa2,
    0x72, 0x14, 0x20, 0xe2, 0x40, 0x51, 0x22, 0x80,
    0xa4, 0x12, 0x3f, 0x80,

    /* U+6052 "恒" */
    0x20, 0x1, 0x3f, 0xc8, 0x1, 0x57, 0xea, 0xa1,
    0x51, 0x8, 0x8f, 0xc4, 0x42, 0x22, 0x11, 0x1f,
    0x88, 0x0, 0x4f, 0xf2, 0x0, 0x0,

    /* U+6055 "恕" */
    0x10, 0x1, 0x0, 0x3f, 0x7c, 0x8a, 0x24, 0x91,
    0x1c, 0x88, 0xf7, 0xd8, 0x0, 0x6, 0x2, 0x90,
    0x94, 0x15, 0x20, 0xb1, 0xfc, 0x0,

    /* U+6062 "恢" */
    0x21, 0x1, 0x8, 0x9, 0xfe, 0xd2, 0x6, 0xa2,
    0x31, 0x54, 0x8b, 0x44, 0x6a, 0x24, 0x51, 0x23,
    0xa, 0x28, 0x43, 0x22, 0x30, 0x80,

    /* U+6064 "恤" */
    0x20, 0x81, 0x4, 0x8, 0x20, 0xef, 0xe6, 0xd5,
    0x36, 0xaa, 0x95, 0x44, 0xaa, 0x25, 0x51, 0x2a,
    0x89, 0x54, 0x4a, 0xa2, 0xff, 0x80,

    /* U+6068 "恨" */
    0x20, 0x1, 0x3f, 0x89, 0x5, 0x6f, 0xea, 0xc1,
    0x52, 0xa, 0x9f, 0xc4, 0x90, 0x24, 0x91, 0x27,
    0x9, 0x18, 0x4f, 0x62, 0x40, 0x80,

    /* U+6069 "恩" */
    0x7f, 0xe4, 0x42, 0x5f, 0xa4, 0x62, 0x49, 0x25,
    0xa, 0x7f, 0xe0, 0x40, 0x52, 0x25, 0x13, 0x90,
    0x59, 0xf8,

    /* U+606C "恬" */
    0x20, 0x31, 0x3f, 0x9, 0x20, 0xe1, 0xa, 0x88,
    0x57, 0xfe, 0x82, 0x4, 0x10, 0x27, 0xf1, 0x30,
    0x89, 0x84, 0x4c, 0x22, 0x7f, 0x0,

    /* U+606D "恭" */
    0x10, 0x81, 0x8, 0x7f, 0xe1, 0x8, 0x10, 0x8f,
    0xff, 0x10, 0x86, 0x46, 0xf6, 0xd2, 0x54, 0x45,
    0x20, 0x40, 0x1c, 0x0,

    /* U+606F "息" */
    0x2, 0x1, 0xff, 0x8, 0x8, 0x7f, 0xc2, 0x2,
    0x1f, 0xf0, 0x80, 0x87, 0xfc, 0x6, 0x2, 0x98,
    0x94, 0x45, 0x20, 0x91, 0xfc, 0x0,

    /* U+6070 "恰" */
    0x20, 0x81, 0x6, 0xc, 0x50, 0xe4, 0x4b, 0x41,
    0x55, 0xf6, 0x80, 0x4, 0xfe, 0x24, 0x11, 0x20,
    0x89, 0x4, 0x4f, 0xe2, 0x41, 0x0,

    /* U+6073 "恳" */
    0x3f, 0xe1, 0x1, 0xf, 0xf8, 0x7f, 0xe2, 0x23,
    0x10, 0xe0, 0xf9, 0xc0, 0x1, 0x2b, 0x22, 0x4c,
    0x92, 0x16, 0x1f, 0x80,

    /* U+6076 "恶" */
    0x7f, 0xf0, 0x90, 0x69, 0x62, 0x94, 0x9, 0xf,
    0xff, 0x4, 0x5, 0x66, 0x52, 0x25, 0x2, 0x90,
    0x59, 0xf8,

    /* U+607C "恼" */
    0x20, 0x81, 0x4, 0xd, 0xfe, 0xd0, 0xa, 0x82,
    0x56, 0x96, 0x97, 0x24, 0x99, 0x24, 0xc9, 0x29,
    0x49, 0x2, 0x4f, 0xf2, 0x0, 0x80,

    /* U+6084 "悄" */
    0x24, 0x91, 0x24, 0x8c, 0xad, 0x61, 0xa, 0xff,
    0x52, 0xa, 0x90, 0x44, 0xfe, 0x24, 0x11, 0x3f,
    0x89, 0x4, 0x48, 0x22, 0x47, 0x0,

    /* U+6089 "悉" */
    0x0, 0xc7, 0xf0, 0x24, 0x41, 0x48, 0xff, 0xf0,
    0xd0, 0x34, 0xce, 0x47, 0x8c, 0x5, 0x24, 0x50,
    0xad, 0x9, 0x9f, 0x80,

    /* U+608D "悍" */
    0x20, 0x1, 0x3f, 0x89, 0x4, 0xef, 0xea, 0xc1,
    0x53, 0xfa, 0x80, 0x4, 0xfe, 0x20, 0x81, 0x7f,
    0xc8, 0x20, 0x41, 0x2, 0x8, 0x0,

    /* U+6094 "悔" */
    0x21, 0x1, 0x10, 0x8, 0xfe, 0xe8, 0x6, 0xbf,
    0x31, 0x4a, 0x89, 0x45, 0xff, 0x25, 0x91, 0x22,
    0x89, 0xfe, 0x40, 0x22, 0x6, 0x0,

    /* U+609F "悟" */
    0x20, 0x1, 0x7f, 0xc8, 0x40, 0xef, 0xeb, 0x13,
    0x51, 0x90, 0xbf, 0xe4, 0x0, 0x27, 0xf1, 0x20,
    0x89, 0x4, 0x48, 0x22, 0x7f, 0x0,

    /* U+60A0 "悠" */
    0x10, 0x81, 0x88, 0xa, 0xfe, 0xd6, 0x4a, 0x8a,
    0x14, 0x60, 0xa7, 0x84, 0x43, 0x6, 0x1, 0x99,
    0x94, 0x54, 0xa0, 0xb0, 0xfc, 0x0,

    /* U+60A3 "患" */
    0x2, 0x7, 0xfe, 0x62, 0x27, 0xfe, 0x2, 0x7,
    0xff, 0x42, 0x37, 0xff, 0x2, 0x0, 0x62, 0x51,
    0x25, 0x5, 0x9f, 0x80,

    /* U+60A6 "悦" */
    0x22, 0x21, 0x11, 0x8, 0x50, 0xef, 0xea, 0xc1,
    0x52, 0xa, 0x90, 0x44, 0xfe, 0x21, 0x41, 0x1a,
    0x8, 0x90, 0x4c, 0x92, 0x87, 0x80,

    /* U+60A8 "您" */
    0x12, 0x1, 0x3f, 0x9a, 0x25, 0x45, 0x42, 0x49,
    0x14, 0x48, 0x86, 0x0, 0xc0, 0x53, 0x22, 0x8a,
    0x94, 0x14, 0x3f, 0x80,

    /* U+60AC "悬" */
    0x3f, 0xe1, 0x1, 0xf, 0xf8, 0x7f, 0xc2, 0x2,
    0x7f, 0xfc, 0x41, 0xf, 0xfc, 0x6, 0x12, 0x49,
    0xb2, 0x17, 0x1f, 0x80,

    /* U+60AF "悯" */
    0x24, 0x1, 0x3f, 0xc8, 0x82, 0xe9, 0x1a, 0xde,
    0xd2, 0x24, 0x95, 0x24, 0x99, 0x24, 0xc9, 0x2d,
    0x49, 0xca, 0x48, 0x12, 0x43, 0x80,

    /* U+60B2 "悲" */
    0x9, 0xf, 0x9f, 0x9, 0x0, 0x90, 0xf9, 0xf0,
    0x90, 0xf9, 0xf0, 0x90, 0x4, 0x5, 0x22, 0x51,
    0x29, 0x5, 0x1f, 0x80,

    /* U+60B4 "悴" */
    0x20, 0x81, 0x4, 0xb, 0xfe, 0xe4, 0x4b, 0x22,
    0x53, 0x30, 0xb7, 0x64, 0x10, 0x20, 0x81, 0x7f,
    0xc8, 0x20, 0x41, 0x2, 0x8, 0x0,

    /* U+60BC "悼" */
    0x20, 0x81, 0x7, 0xcc, 0x20, 0xe1, 0xb, 0x7f,
    0x5a, 0xa, 0x9f, 0xc4, 0x82, 0x27, 0xf1, 0x4,
    0xb, 0xfe, 0x41, 0x2, 0x8, 0x0,

    /* U+60C5 "情" */
    0x20, 0x81, 0x7f, 0xcc, 0x20, 0xef, 0xe6, 0x8,
    0x57, 0xbc, 0x9f, 0xc4, 0x82, 0x27, 0xf1, 0x20,
    0x89, 0xfc, 0x48, 0x22, 0x47, 0x0,

    /* U+60CA "惊" */
    0x20, 0x81, 0x6, 0x9, 0xfe, 0x60, 0xa, 0xbf,
    0x55, 0xa, 0x88, 0x44, 0x7e, 0x20, 0xc1, 0x16,
    0x89, 0x36, 0x59, 0x92, 0x18, 0x0,

    /* U+60CB "惋" */
    0x20, 0x80, 0x82, 0x2, 0x7f, 0x9d, 0x2, 0xaa,
    0x2, 0xaf, 0xea, 0x54, 0x89, 0x52, 0x2b, 0x48,
    0x85, 0x62, 0x24, 0x9, 0x91, 0x2c, 0x78,

    /* U+60D1 "惑" */
    0x2, 0xc0, 0x26, 0xff, 0xf0, 0x20, 0x79, 0x64,
    0x94, 0x79, 0x80, 0x19, 0xfe, 0x70, 0x62, 0x53,
    0x29, 0x9, 0x9f, 0x90,

    /* U+60D5 "惕" */
    0x20, 0x1, 0x3f, 0x89, 0x4, 0xef, 0xeb, 0x41,
    0x53, 0xfa, 0x88, 0x4, 0xff, 0x29, 0x49, 0x52,
    0x89, 0xa4, 0x5b, 0x22, 0x17, 0x0,

    /* U+60DC "惜" */
    0x21, 0x21, 0x9, 0x9, 0xff, 0x62, 0x4a, 0x92,
    0x53, 0xfe, 0x80, 0x4, 0x7e, 0x22, 0x11, 0x1f,
    0x88, 0x84, 0x44, 0x22, 0x3f, 0x0,

    /* U+60E0 "惠" */
    0x4, 0xf, 0xff, 0x4, 0x7, 0xfe, 0x44, 0x27,
    0xfe, 0x7f, 0xe0, 0x4c, 0xff, 0xe0, 0x41, 0x53,
    0x29, 0x5, 0x9f, 0x90,

    /* U+60E6 "惦" */
    0x20, 0x81, 0x2, 0x9, 0xfe, 0xe8, 0x86, 0xc4,
    0x32, 0x3e, 0x91, 0x4, 0x88, 0x25, 0xf9, 0x28,
    0x49, 0x42, 0x53, 0xf2, 0x90, 0x80,

    /* U+60E7 "惧" */
    0x20, 0x1, 0x3f, 0x89, 0x4, 0xef, 0xe6, 0xc1,
    0x37, 0xfa, 0x90, 0x44, 0xfe, 0x24, 0x11, 0x7f,
    0xc8, 0x8, 0x4c, 0x62, 0xc1, 0x80,

    /* U+60E8 "惨" */
    0x20, 0x80, 0x84, 0x42, 0xbf, 0x9a, 0x20, 0x67,
    0xfd, 0x84, 0x42, 0x25, 0x8b, 0x21, 0x23, 0x20,
    0x83, 0x22, 0x33, 0x8, 0x38, 0x23, 0x0,

    /* U+60E9 "惩" */
    0x10, 0x1, 0x3f, 0xf4, 0x10, 0x64, 0x86, 0x27,
    0xf1, 0x20, 0x89, 0x5, 0xff, 0x2, 0x0, 0xd8,
    0x96, 0x64, 0xb0, 0x50, 0xfc, 0x0,

    /* U+60EB "惫" */
    0xc, 0x0, 0xff, 0x1a, 0x30, 0xe, 0xf, 0x8f,
    0x9f, 0xf0, 0x88, 0x87, 0xfc, 0x3f, 0xe0, 0x50,
    0xa, 0x4c, 0x90, 0xa4, 0xfc, 0x0,

    /* U+60ED "惭" */
    0x44, 0x14, 0x47, 0x5f, 0x4e, 0x84, 0xea, 0x4d,
    0x27, 0x5f, 0x54, 0x25, 0x43, 0x95, 0xe9, 0x42,
    0x94, 0x29, 0x43, 0x10,

    /* U+60EF "惯" */
    0x20, 0x1, 0x1f, 0x89, 0x24, 0xff, 0xf7, 0x49,
    0x31, 0xb2, 0x9f, 0xc4, 0x82, 0x24, 0x91, 0x24,
    0x89, 0x64, 0x46, 0xc2, 0xc1, 0x80,

    /* U+60F0 "惰" */
    0x21, 0x1, 0x3f, 0xcc, 0x40, 0xd5, 0xea, 0xe4,
    0x56, 0xfe, 0x80, 0x4, 0x7e, 0x22, 0x11, 0x1f,
    0x88, 0xfc, 0x44, 0x22, 0x23, 0x0,

    /* U+60F3 "想" */
    0x10, 0x0, 0x8f, 0xbf, 0x44, 0x63, 0xe3, 0x11,
    0x2e, 0xfa, 0x44, 0x42, 0x3e, 0x6, 0x2, 0x91,
    0x94, 0x15, 0x20, 0xb0, 0xf8, 0x0,

    /* U+60F6 "惶" */
    0x10, 0x40, 0x41, 0x1, 0x3f, 0x96, 0x82, 0x5b,
    0xf9, 0x58, 0x21, 0x1f, 0x4, 0xff, 0x10, 0x40,
    0x41, 0x1, 0x3f, 0x84, 0x10, 0x17, 0xfc,

    /* U+60F9 "惹" */
    0x10, 0x8f, 0xff, 0x10, 0x80, 0x80, 0xff, 0xf1,
    0x0, 0x3f, 0xed, 0x6, 0x1f, 0xe0, 0x60, 0x51,
    0x2d, 0x9, 0x9f, 0x90,

    /* U+6101 "愁" */
    0x1c, 0x47, 0x82, 0x4, 0x53, 0xfa, 0xa3, 0x25,
    0x3c, 0x71, 0x42, 0x92, 0x63, 0x12, 0x8, 0x90,
    0x94, 0x45, 0xa0, 0x59, 0xfc, 0x0,

    /* U+6108 "愈" */
    0x0, 0x0, 0xc, 0x0, 0xcc, 0x1f, 0xee, 0x3c,
    0x90, 0xf2, 0x42, 0x49, 0xf, 0x24, 0x24, 0x30,
    0x8, 0x2, 0x91, 0x1a, 0x12, 0x4f, 0xc8,

    /* U+6109 "愉" */
    0x20, 0x40, 0x83, 0x2, 0x12, 0x1d, 0x86, 0x6f,
    0xf1, 0x80, 0x2a, 0x7a, 0x89, 0x2a, 0x27, 0xa8,
    0x92, 0xa2, 0x7a, 0x89, 0x22, 0x25, 0x98,

    /* U+610F "意" */
    0x6, 0x7, 0xfe, 0x10, 0x8f, 0xff, 0x0, 0x3,
    0xfc, 0x20, 0x43, 0xfc, 0x3f, 0xc0, 0x40, 0x52,
    0x2d, 0x9, 0x9f, 0x80,

    /* U+6115 "愕" */
    0x20, 0x1, 0x3b, 0x89, 0x54, 0xee, 0xeb, 0x0,
    0x53, 0xfa, 0x80, 0x5, 0xff, 0x22, 0x1, 0x3f,
    0x88, 0x4, 0x40, 0x42, 0x1e, 0x0,

    /* U+611A "愚" */
    0x3f, 0xe1, 0xff, 0x8, 0x88, 0x3f, 0x87, 0xff,
    0x21, 0x49, 0xff, 0x48, 0xc6, 0x53, 0x22, 0x88,
    0x94, 0x16, 0x3f, 0x80,

    /* U+611F "感" */
    0x0, 0xe0, 0x5, 0x1f, 0xfe, 0x81, 0x5, 0xea,
    0x2f, 0x51, 0x49, 0x1b, 0xd9, 0x81, 0x30, 0x91,
    0x14, 0x45, 0xa0, 0xa1, 0xfc, 0x0,

    /* U+6124 "愤" */
    0x20, 0x81, 0x3f, 0xcc, 0x20, 0xd4, 0x26, 0xff,
    0xb1, 0x8, 0x9f, 0xe4, 0x81, 0x24, 0x89, 0x24,
    0x49, 0x22, 0x46, 0x62, 0xc0, 0x80,

    /* U+6127 "愧" */
    0x20, 0x40, 0x81, 0x2, 0x7f, 0x9d, 0x12, 0x6f,
    0xf9, 0x91, 0x22, 0x7f, 0x88, 0x20, 0x20, 0xd0,
    0x87, 0x62, 0x37, 0x89, 0x91, 0x28, 0x7c,

    /* U+613F "愿" */
    0x7f, 0xf2, 0x8, 0x17, 0xb8, 0xbf, 0xc5, 0x2,
    0x2f, 0xf1, 0x25, 0xa, 0xe6, 0x41, 0x23, 0x49,
    0xaa, 0x15, 0x5f, 0x80,

    /* U+6148 "慈" */
    0x10, 0x81, 0x8, 0xff, 0xf2, 0x10, 0x49, 0x6f,
    0x3c, 0x28, 0xa4, 0x56, 0xbe, 0x95, 0x46, 0x52,
    0xa9, 0x9, 0x1f, 0x80,

    /* U+614C "慌" */
    0x22, 0x21, 0x7f, 0xcc, 0x88, 0xe1, 0x6, 0xff,
    0xb2, 0x0, 0x9f, 0xe4, 0x0, 0x24, 0x91, 0x24,
    0x89, 0x24, 0x49, 0x22, 0x89, 0x80,

    /* U+614E "慎" */
    0x20, 0x81, 0x7f, 0xcc, 0x21, 0x6f, 0xeb, 0x41,
    0x57, 0xfa, 0x90, 0x44, 0xfe, 0x27, 0xf1, 0x20,
    0x8b, 0xfe, 0x46, 0xc2, 0xc1, 0x80,

    /* U+6155 "慕" */
    0x8, 0x87, 0xff, 0xc2, 0x20, 0x6e, 0xc3, 0xfe,
    0x10, 0x10, 0x7f, 0x1f, 0xff, 0x34, 0x43, 0xa5,
    0xa5, 0x52, 0x4a, 0x40, 0xc0, 0x0,

    /* U+6162 "慢" */
    0x20, 0x1, 0x3f, 0x8d, 0xfc, 0x68, 0x2b, 0x3e,
    0x57, 0xfe, 0xa5, 0x24, 0xd6, 0x2f, 0xf1, 0x31,
    0x88, 0x58, 0x43, 0xc2, 0xe3, 0x80,

    /* U+6167 "慧" */
    0x20, 0x8f, 0xbf, 0xfb, 0xf2, 0x8, 0xfb, 0xf7,
    0xfe, 0x0, 0x23, 0xfe, 0x7f, 0xe0, 0x40, 0x52,
    0x2d, 0x5, 0x9f, 0x90,

    /* U+6168 "慨" */
    0x20, 0x0, 0x9d, 0xe2, 0x51, 0x1d, 0xd4, 0x75,
    0x52, 0xb5, 0x4a, 0x77, 0xc9, 0xc, 0x25, 0x30,
    0x95, 0xc2, 0x65, 0x48, 0x25, 0x21, 0x1c,

    /* U+6170 "慰" */
    0x0, 0x23, 0xe1, 0x11, 0x8, 0xfb, 0xf7, 0xc2,
    0x3f, 0x51, 0xb1, 0x95, 0x44, 0x98, 0x60, 0xb0,
    0x14, 0xc5, 0xa0, 0xb1, 0xfc, 0x0,

    /* U+6177 "慷" */
    0x20, 0x40, 0x9f, 0xf2, 0x44, 0x1d, 0x7e, 0x6c,
    0x49, 0x9f, 0xfa, 0x44, 0x89, 0x7e, 0x24, 0x48,
    0x95, 0xe2, 0x5d, 0xa, 0x93, 0x28, 0xc0,

    /* U+618B "憋" */
    0x10, 0x42, 0xa2, 0xd, 0x3e, 0xfd, 0x27, 0x35,
    0x3b, 0x31, 0x49, 0xca, 0xfb, 0x50, 0x80, 0x18,
    0x14, 0x44, 0xa0, 0x55, 0xfe, 0x0,

    /* U+618E "憎" */
    0x22, 0x31, 0x9, 0x9, 0xfe, 0x6d, 0x5a, 0xea,
    0xd2, 0x44, 0x8d, 0xc4, 0x7e, 0x22, 0x11, 0x1f,
    0x88, 0x84, 0x47, 0xe2, 0x21, 0x0,

    /* U+6194 "憔" */
    0x22, 0x41, 0x22, 0xd, 0xff, 0x68, 0x8a, 0xff,
    0x52, 0x20, 0x9f, 0xc4, 0x88, 0x24, 0x41, 0x3f,
    0xc8, 0x4, 0x4a, 0xa2, 0x92, 0x80,

    /* U+61A8 "憨" */
    0x0, 0x3, 0xe4, 0x2, 0x3f, 0xef, 0x27, 0xf9,
    0x22, 0x31, 0xf1, 0x88, 0xcc, 0xbd, 0x9a, 0x90,
    0x94, 0x55, 0xa0, 0x90, 0xfc, 0x0,

    /* U+61BE "憾" */
    0x20, 0x50, 0x81, 0x22, 0x7f, 0x9d, 0x10, 0xad,
    0xaa, 0x9e, 0xca, 0x6b, 0x9, 0xed, 0x28, 0x5c,
    0x8a, 0x42, 0xe0, 0x8a, 0x8b, 0x23, 0xe0,

    /* U+61C2 "懂" */
    0x11, 0x10, 0x4f, 0xe5, 0xbf, 0x96, 0x10, 0x57,
    0xfd, 0x41, 0x1, 0x3f, 0x84, 0xfe, 0x12, 0x48,
    0x47, 0xc1, 0x3f, 0x84, 0x10, 0x17, 0xfc,

    /* U+61C8 "懈" */
    0x24, 0x1, 0x3b, 0xca, 0x4a, 0xf4, 0x97, 0xfd,
    0x35, 0x72, 0xbf, 0x85, 0xff, 0x2a, 0xe1, 0x7f,
    0xca, 0xa8, 0x65, 0x43, 0x1a, 0x0,

    /* U+61CA "懊" */
    0x20, 0x81, 0x3f, 0x89, 0xfc, 0xed, 0x67, 0x5d,
    0x37, 0xfa, 0x97, 0x44, 0xd6, 0x20, 0x81, 0x7f,
    0xc8, 0x60, 0x46, 0xc2, 0xc1, 0x80,

    /* U+61D2 "懒" */
    0x24, 0x21, 0x23, 0x8b, 0xd4, 0xe9, 0xa7, 0xf7,
    0xb6, 0xa4, 0xb5, 0xa5, 0xed, 0x26, 0x69, 0x6b,
    0x4b, 0x48, 0x68, 0xe2, 0x48, 0x80,

    /* U+61E6 "懦" */
    0x20, 0x1, 0x3f, 0xcd, 0xfe, 0xe9, 0x1a, 0xba,
    0x51, 0xda, 0x80, 0x4, 0xff, 0x20, 0x81, 0x3f,
    0xc9, 0x52, 0x4a, 0x92, 0x55, 0x80,

    /* U+6208 "戈" */
    0x9, 0x0, 0x8c, 0x8, 0x40, 0xff, 0xf8, 0x0,
    0x42, 0x4, 0x40, 0x48, 0x7, 0x0, 0x60, 0xf,
    0x13, 0x19, 0x40, 0xe0,

    /* U+620F "戏" */
    0x1, 0x40, 0x9, 0x3e, 0x44, 0x12, 0x8, 0xff,
    0x2c, 0x80, 0xc4, 0x86, 0x14, 0x30, 0xc3, 0x46,
    0x32, 0x73, 0x6, 0xa0, 0x3, 0x0,

    /* U+6210 "成" */
    0x1, 0x40, 0x9, 0x0, 0x44, 0xff, 0xf4, 0x10,
    0x3e, 0xc9, 0x12, 0x88, 0x94, 0x44, 0xc2, 0x26,
    0x17, 0x73, 0x6, 0xd8, 0x63, 0x0,

    /* U+6211 "我" */
    0xd, 0x4f, 0x16, 0x11, 0x31, 0x10, 0xff, 0xf1,
    0x10, 0x11, 0x21, 0xde, 0xf0, 0xc1, 0x9, 0x13,
    0x91, 0x65, 0x70, 0x70,

    /* U+6212 "戒" */
    0x1, 0x60, 0x9, 0xbf, 0xfe, 0x2, 0x2, 0x90,
    0x14, 0x88, 0xa4, 0x9f, 0xd4, 0x28, 0xc2, 0x46,
    0x12, 0x33, 0x92, 0x98, 0x23, 0x0,

    /* U+6216 "或" */
    0x1, 0x40, 0x12, 0xff, 0xf0, 0x10, 0x1, 0x7,
    0xd2, 0x45, 0x24, 0x54, 0x7c, 0xc0, 0x9, 0x1d,
    0x9e, 0x25, 0x4, 0x70,

    /* U+6218 "战" */
    0x20, 0x81, 0x5, 0x8, 0x24, 0x79, 0x2, 0xf,
    0x11, 0xc0, 0x82, 0x5f, 0x92, 0x84, 0x64, 0x23,
    0x21, 0x33, 0xfb, 0x68, 0x63, 0x0,

    /* U+621A "戚" */
    0x0, 0xa0, 0x4, 0x9f, 0xfe, 0x89, 0x4, 0x48,
    0x23, 0xc9, 0x12, 0x4f, 0xf4, 0x44, 0x62, 0xaa,
    0x19, 0x53, 0x9, 0x58, 0xd3, 0x0,

    /* U+622A "截" */
    0x8, 0xa3, 0xfc, 0x82, 0x24, 0x11, 0xf, 0xff,
    0x94, 0x41, 0xfd, 0x59, 0xa, 0xff, 0x62, 0x43,
    0x1f, 0x92, 0xff, 0x54, 0x11, 0x80,

    /* U+6233 "戳" */
    0x0, 0x21, 0xfc, 0xa5, 0x52, 0x8c, 0x48, 0x77,
    0x3c, 0x47, 0x82, 0x42, 0x5f, 0xca, 0xff, 0x28,
    0x90, 0xc3, 0xe3, 0x4f, 0xd5, 0x20, 0x8c,

    /* U+6234 "戴" */
    0x10, 0xc7, 0xea, 0x10, 0x8e, 0xff, 0x7e, 0x85,
    0x2a, 0x7e, 0xa7, 0xea, 0x28, 0xa7, 0xec, 0xfe,
    0xd2, 0x9d, 0xc5, 0x30,

    /* U+6237 "户" */
    0x2, 0x0, 0x40, 0xff, 0x90, 0x12, 0x2, 0x40,
    0x4f, 0xf9, 0x1, 0x20, 0x4, 0x1, 0x0, 0x20,
    0x8, 0x0,

    /* U+623F "房" */
    0x4, 0xf, 0xfd, 0x0, 0xbf, 0xf4, 0x20, 0x86,
    0x1f, 0xfa, 0x20, 0x47, 0xf9, 0xa, 0x61, 0x58,
    0xe0,

    /* U+6240 "所" */
    0x0, 0x1, 0xe7, 0x90, 0x40, 0x82, 0x7, 0xd0,
    0x22, 0xfd, 0x14, 0x8f, 0xa4, 0x41, 0x22, 0x9,
    0x10, 0x49, 0x84, 0x48, 0x22, 0x0,

    /* U+6241 "扁" */
    0x3, 0x3, 0xff, 0x20, 0x13, 0xff, 0x20, 0x3,
    0xff, 0x32, 0x53, 0x25, 0x3f, 0xf5, 0x25, 0x52,
    0x59, 0x25,

    /* U+6247 "扇" */
    0x2, 0xf, 0xfd, 0x0, 0xbf, 0xf4, 0x0, 0xbf,
    0xd0, 0x8a, 0x55, 0x42, 0x3b, 0xfe, 0x8, 0xc3,
    0x30,

    /* U+624B "手" */
    0x1, 0xe3, 0xf8, 0x0, 0x80, 0x4, 0x7, 0xff,
    0x1, 0x0, 0x8, 0x0, 0x40, 0xff, 0xf8, 0x10,
    0x0, 0x80, 0x4, 0x1, 0xe0, 0x0,

    /* U+624D "才" */
    0x1, 0x0, 0x10, 0x1, 0xf, 0xff, 0x3, 0x0,
    0x50, 0xd, 0x1, 0x90, 0x31, 0x6, 0x10, 0xc1,
    0x0, 0x10, 0x7, 0x0,

    /* U+624E "扎" */
    0x22, 0x2, 0x20, 0x22, 0xf, 0xa0, 0x22, 0x2,
    0x20, 0x2a, 0x7, 0x20, 0xa2, 0x2, 0x20, 0x22,
    0x12, 0x21, 0x63, 0xe0,

    /* U+6251 "扑" */
    0x10, 0x80, 0x84, 0x4, 0x21, 0xf9, 0x1, 0xc,
    0x8, 0x70, 0x72, 0x5e, 0x11, 0x90, 0x80, 0x84,
    0x4, 0x20, 0x21, 0x6, 0x8, 0x0,

    /* U+6252 "扒" */
    0x20, 0x1, 0x12, 0x8, 0x91, 0xf4, 0x82, 0x24,
    0x11, 0x20, 0xa9, 0x1e, 0x44, 0x24, 0x21, 0x21,
    0x9, 0xc, 0x58, 0x26, 0x81, 0x0,

    /* U+6253 "打" */
    0x20, 0x2, 0x7f, 0x20, 0x4f, 0x84, 0x20, 0x42,
    0x4, 0x28, 0x4f, 0x4, 0xa0, 0x42, 0x4, 0x20,
    0x42, 0x4, 0x61, 0xc0,

    /* U+6254 "扔" */
    0x20, 0x2, 0xfc, 0x22, 0x4f, 0x24, 0x22, 0x42,
    0x27, 0x32, 0x1e, 0x21, 0x26, 0x12, 0x41, 0x24,
    0x12, 0x83, 0xd0, 0xe0,

    /* U+6258 "托" */
    0x20, 0x21, 0xf, 0x8, 0xa1, 0xf1, 0x2, 0x8,
    0x10, 0x44, 0xbf, 0xcf, 0x90, 0xa0, 0x81, 0x4,
    0x8, 0x22, 0x41, 0x1e, 0xf, 0x80,

    /* U+625B "扛" */
    0x20, 0x2, 0x7f, 0x27, 0xff, 0x88, 0x20, 0x82,
    0x8, 0x28, 0x8f, 0x8, 0xa0, 0x82, 0x8, 0x20,
    0x82, 0x7f, 0xe0, 0x0,

    /* U+6263 "扣" */
    0x20, 0x2, 0x3f, 0x23, 0xff, 0xa1, 0x22, 0x12,
    0x21, 0x22, 0x17, 0xa1, 0xa2, 0x12, 0x21, 0x23,
    0xf2, 0x21, 0x62, 0x10,

    /* U+6267 "执" */
    0x21, 0x1, 0x8, 0x8, 0x41, 0xef, 0xc2, 0x12,
    0x10, 0x90, 0xd4, 0x9c, 0x64, 0x22, 0xe1, 0x11,
    0x9, 0xa, 0x58, 0x5d, 0x81, 0x80,

    /* U+6269 "扩" */
    0x20, 0x82, 0x8, 0x27, 0xff, 0x40, 0x24, 0x2,
    0x40, 0x34, 0xf, 0x40, 0xa4, 0x2, 0x40, 0x28,
    0x2, 0x80, 0xd8, 0x0,

    /* U+626B "扫" */
    0x20, 0x2, 0x7f, 0x27, 0xff, 0x81, 0x20, 0x12,
    0x1, 0x2b, 0xff, 0x1, 0x20, 0x12, 0x1, 0x20,
    0x12, 0x7f, 0x60, 0x10,

    /* U+626C "扬" */
    0x20, 0x1, 0x3f, 0x88, 0x19, 0xf1, 0x82, 0x10,
    0x13, 0xfc, 0x84, 0xaf, 0x29, 0xa2, 0x49, 0x24,
    0x48, 0x62, 0x46, 0x2e, 0x67, 0x0,

    /* U+626D "扭" */
    0x20, 0x1, 0x3f, 0x88, 0x25, 0xe1, 0x22, 0x19,
    0x10, 0x88, 0x9f, 0xce, 0x22, 0xa1, 0x11, 0x8,
    0x88, 0x4c, 0x42, 0x4c, 0xff, 0x80,

    /* U+626E "扮" */
    0x21, 0x21, 0x9, 0x8, 0x49, 0xf6, 0x22, 0x21,
    0x12, 0x4, 0x9f, 0xe7, 0x32, 0xe1, 0x11, 0x8,
    0x88, 0xc4, 0x4c, 0x2e, 0x46, 0x0,

    /* U+626F "扯" */
    0x20, 0x41, 0x2, 0x8, 0x11, 0xf0, 0x82, 0x24,
    0x11, 0x3c, 0xa9, 0xe, 0x48, 0xa2, 0x41, 0x12,
    0x8, 0x90, 0x44, 0x8e, 0xff, 0x80,

    /* U+6270 "扰" */
    0x21, 0x21, 0x9, 0x8, 0x45, 0xf2, 0x22, 0x7f,
    0x90, 0x80, 0x85, 0xf, 0x28, 0xe2, 0x41, 0x12,
    0x8, 0x92, 0x48, 0x9e, 0xc7, 0x80,

    /* U+6273 "扳" */
    0x20, 0x31, 0x3f, 0x9, 0x1, 0xe8, 0x2, 0x7f,
    0x13, 0x8, 0xd4, 0x9c, 0xa4, 0x25, 0x41, 0x46,
    0xa, 0x30, 0x56, 0xcd, 0x61, 0x0,

    /* U+6276 "扶" */
    0x20, 0x81, 0x4, 0x8, 0x21, 0xef, 0xe2, 0x8,
    0x10, 0x40, 0x82, 0x7, 0xfe, 0xe1, 0x81, 0xa,
    0x8, 0x98, 0x4c, 0x6c, 0x81, 0x0,

    /* U+6279 "批" */
    0x22, 0x41, 0x12, 0x8, 0x91, 0xf4, 0x82, 0x25,
    0x91, 0xf0, 0x89, 0xf, 0x48, 0xe2, 0x41, 0x12,
    0x8, 0x92, 0x47, 0x9e, 0x67, 0x80,

    /* U+627C "扼" */
    0x20, 0x1, 0x3f, 0xc9, 0x1, 0xeb, 0xe2, 0x51,
    0x12, 0x88, 0xd4, 0x5e, 0xa2, 0xa5, 0x71, 0x28,
    0xa, 0x42, 0x52, 0x1d, 0x9f, 0x0,

    /* U+627E "找" */
    0x21, 0x1, 0xb, 0x8, 0x4d, 0xf2, 0x32, 0x7e,
    0x10, 0x80, 0xa2, 0xde, 0x14, 0xa0, 0xc1, 0x6,
    0x8, 0x72, 0x4c, 0xde, 0x43, 0x0,

    /* U+627F "承" */
    0x3f, 0xc0, 0x8, 0x3, 0xf, 0x29, 0x3f, 0x62,
    0x24, 0x2f, 0x46, 0x26, 0x5f, 0xac, 0x21, 0x82,
    0x11, 0xc0,

    /* U+6280 "技" */
    0x20, 0x81, 0x4, 0xb, 0xfd, 0xe1, 0x2, 0x8,
    0x10, 0x40, 0x9f, 0xc6, 0x86, 0xe2, 0x21, 0xa,
    0x8, 0x20, 0x4e, 0xcc, 0xc1, 0x80,

    /* U+6284 "抄" */
    0x20, 0x81, 0x4, 0x8, 0x29, 0xf5, 0x22, 0x29,
    0x12, 0x4c, 0xe2, 0x1c, 0x12, 0x20, 0x21, 0x3,
    0x8, 0x30, 0x47, 0xe, 0x60, 0x0,

    /* U+628A "把" */
    0x20, 0x1, 0x3f, 0x89, 0x25, 0xe9, 0x22, 0x49,
    0x12, 0x48, 0xff, 0xdc, 0x82, 0xa4, 0x1, 0x20,
    0x9, 0x2, 0x48, 0x16, 0x7f, 0x0,

    /* U+6291 "抑" */
    0x21, 0x1, 0x38, 0x9, 0x3e, 0xe9, 0x12, 0x48,
    0x92, 0x44, 0x92, 0x2e, 0x91, 0x64, 0x89, 0x3c,
    0x4b, 0x2e, 0x41, 0x6, 0x8, 0x0,

    /* U+6292 "抒" */
    0x20, 0x1, 0x3f, 0x88, 0x9, 0xe3, 0x82, 0x4,
    0x17, 0xfc, 0xc2, 0x5c, 0x12, 0x20, 0xa1, 0x4,
    0x8, 0x20, 0x41, 0xc, 0x38, 0x0,

    /* U+6293 "抓" */
    0x40, 0x2, 0x3f, 0x92, 0x49, 0xf2, 0x44, 0x92,
    0x24, 0x91, 0x64, 0x9d, 0x24, 0xc9, 0x22, 0x48,
    0x92, 0x44, 0x92, 0x2d, 0x11, 0x0,

    /* U+6295 "投" */
    0x20, 0x1, 0x1f, 0x8, 0x89, 0xf4, 0x42, 0x43,
    0x92, 0x0, 0xff, 0xdc, 0x82, 0x22, 0x21, 0xb,
    0x8, 0x70, 0x46, 0xce, 0xc1, 0x80,

    /* U+6296 "抖" */
    0x20, 0x21, 0x11, 0x8, 0x69, 0xf1, 0x42, 0x2,
    0x11, 0x90, 0xa6, 0x9e, 0x4, 0xa0, 0x79, 0x3d,
    0x8, 0x8, 0x40, 0x4e, 0x2, 0x0,

    /* U+6297 "抗" */
    0x21, 0x81, 0x4, 0x8, 0x21, 0xff, 0xf2, 0x0,
    0x11, 0xf0, 0xa8, 0x9e, 0x44, 0x22, 0x21, 0x11,
    0x9, 0x8a, 0x48, 0x5e, 0xc3, 0x80,

    /* U+6298 "折" */
    0x20, 0x32, 0x3c, 0x22, 0xf, 0xa0, 0x22, 0x2,
    0x3f, 0x2a, 0x47, 0x24, 0xa2, 0x42, 0x44, 0x24,
    0x42, 0x44, 0x68, 0x40,

    /* U+629A "抚" */
    0x40, 0x2, 0x3f, 0x90, 0x41, 0xe2, 0x4, 0x10,
    0x27, 0xfd, 0x46, 0x1c, 0x50, 0xc2, 0x82, 0x14,
    0x11, 0x20, 0x99, 0x1d, 0x8f, 0x80,

    /* U+629B "抛" */
    0x22, 0x20, 0x88, 0x82, 0x22, 0x1c, 0x9e, 0x2f,
    0xa8, 0x8a, 0xa2, 0x2a, 0x9c, 0xaa, 0x22, 0xa8,
    0x93, 0x22, 0x4d, 0x89, 0x21, 0x68, 0xfc,

    /* U+62A0 "抠" */
    0x20, 0x1, 0x1f, 0xc8, 0x81, 0xf6, 0x22, 0x29,
    0x11, 0x30, 0x89, 0x8f, 0x4c, 0xe2, 0x51, 0x14,
    0x88, 0xc0, 0x44, 0xe, 0x3f, 0x80,

    /* U+62A1 "抡" */
    0x20, 0x81, 0xe, 0x8, 0x51, 0xe4, 0x42, 0x41,
    0x15, 0x4, 0xc8, 0x8e, 0x5c, 0xa3, 0x81, 0x10,
    0x8, 0x82, 0x44, 0x2c, 0x3f, 0x0,

    /* U+62A2 "抢" */
    0x20, 0x80, 0x83, 0x2, 0x14, 0x3e, 0x8c, 0x24,
    0x18, 0x9f, 0xa2, 0xa2, 0x1e, 0x88, 0xa2, 0x20,
    0x8b, 0x82, 0x20, 0x88, 0x82, 0xe3, 0xf8,

    /* U+62A4 "护" */
    0x20, 0x82, 0x8, 0x20, 0x8f, 0xbf, 0x22, 0x12,
    0x21, 0x3b, 0xff, 0x21, 0xa2, 0x2, 0x20, 0x24,
    0x2, 0x40, 0xe8, 0x0,

    /* U+62A5 "报" */
    0x20, 0x1, 0x1f, 0x88, 0x85, 0xf4, 0x22, 0x26,
    0x11, 0xf8, 0xec, 0x5c, 0x52, 0x22, 0xa1, 0x13,
    0x8, 0x98, 0x45, 0x6e, 0x31, 0x80,

    /* U+62AB "披" */
    0x20, 0x81, 0x4, 0x9, 0xff, 0xe9, 0x22, 0x49,
    0x12, 0x40, 0x9f, 0xce, 0xc6, 0xa5, 0x21, 0x4a,
    0xa, 0x30, 0x52, 0xcf, 0x61, 0x80,

    /* U+62AC "抬" */
    0x21, 0x81, 0x8, 0x8, 0x89, 0xe4, 0x62, 0x7f,
    0x17, 0x84, 0xc0, 0x1c, 0xfe, 0x24, 0x11, 0x20,
    0x89, 0x4, 0x48, 0x2c, 0x7f, 0x0,

    /* U+62B1 "抱" */
    0x22, 0x1, 0x10, 0x9, 0xfd, 0xe8, 0x22, 0xfd,
    0x12, 0x28, 0xd1, 0x4e, 0x8a, 0xa7, 0xd1, 0x21,
    0x89, 0x2, 0x48, 0x1e, 0x7f, 0x80,

    /* U+62B5 "抵" */
    0x20, 0x21, 0x1e, 0x9, 0x21, 0xe9, 0x2, 0x48,
    0x12, 0x40, 0x9f, 0xc6, 0x90, 0xe4, 0xc1, 0x22,
    0x9, 0x50, 0x49, 0xec, 0xeb, 0x0,

    /* U+62B9 "抹" */
    0x20, 0x81, 0x4, 0x9, 0xff, 0xf1, 0x2, 0x8,
    0x10, 0x40, 0xbf, 0xce, 0x38, 0xa1, 0xc1, 0x15,
    0x9, 0x24, 0x41, 0x6, 0x8, 0x0,

    /* U+62BC "押" */
    0x20, 0x2, 0x7f, 0x24, 0x9f, 0x49, 0x27, 0xf2,
    0x49, 0x34, 0x9e, 0x7f, 0x24, 0x92, 0x8, 0x20,
    0x82, 0x8, 0xc0, 0x80,

    /* U+62BD "抽" */
    0x20, 0x81, 0x4, 0x8, 0x21, 0xff, 0xf2, 0x48,
    0x92, 0x44, 0xf2, 0x3e, 0xff, 0x24, 0x89, 0x24,
    0x49, 0x22, 0x4f, 0xf6, 0x40, 0x80,

    /* U+62C2 "拂" */
    0x21, 0x41, 0xa, 0x9, 0xff, 0xe2, 0x92, 0x14,
    0x93, 0xfc, 0x95, 0xe, 0xa8, 0xef, 0xf9, 0xa,
    0x48, 0x92, 0x4c, 0xb6, 0xc4, 0x0,

    /* U+62C4 "拄" */
    0x20, 0x40, 0x81, 0x2, 0x4, 0x3e, 0xfe, 0x20,
    0x40, 0x81, 0x2, 0x84, 0x3c, 0xfe, 0xa0, 0x40,
    0x81, 0x2, 0x4, 0x8, 0x10, 0xe7, 0xfc,

    /* U+62C5 "担" */
    0x20, 0x1, 0x1f, 0x88, 0x85, 0xf4, 0x22, 0x21,
    0x11, 0xf8, 0xa8, 0x4f, 0x42, 0xa2, 0x11, 0x1f,
    0x88, 0x0, 0x40, 0xe, 0xff, 0x80,

    /* U+62C6 "拆" */
    0x20, 0x31, 0x1f, 0x8, 0x81, 0xf4, 0x2, 0x20,
    0x11, 0xfc, 0x89, 0x7, 0x48, 0xe2, 0xc1, 0x13,
    0x89, 0x92, 0x48, 0x86, 0x44, 0x0,

    /* U+62C7 "拇" */
    0x20, 0x2, 0x7f, 0x24, 0x1f, 0x49, 0x24, 0x12,
    0xff, 0x34, 0x1e, 0x51, 0xa4, 0x92, 0x41, 0x2f,
    0xf2, 0x3, 0xc0, 0xe0,

    /* U+62C9 "拉" */
    0x21, 0x1, 0x4, 0x8, 0x1, 0xef, 0xe2, 0x0,
    0x11, 0x10, 0x88, 0x8e, 0x44, 0xa2, 0x41, 0x12,
    0x8, 0x90, 0x40, 0x8c, 0xff, 0x80,

    /* U+62CC "拌" */
    0x20, 0x81, 0x24, 0x88, 0xa5, 0xf5, 0x42, 0x8,
    0x13, 0xf8, 0x82, 0xf, 0x10, 0xa7, 0xf9, 0x4,
    0x8, 0x20, 0x41, 0x6, 0x8, 0x0,

    /* U+62CD "拍" */
    0x20, 0x82, 0x8, 0x20, 0x8f, 0xbf, 0x22, 0x12,
    0x21, 0x2a, 0x1f, 0xbf, 0xa2, 0x12, 0x21, 0x22,
    0x12, 0x3f, 0xe2, 0x10,

    /* U+62D0 "拐" */
    0x20, 0x2, 0x3f, 0x22, 0x1f, 0xa1, 0x22, 0x12,
    0x3f, 0x38, 0x8f, 0x3f, 0x20, 0x92, 0x19, 0x21,
    0x12, 0x31, 0x64, 0x70,

    /* U+62D2 "拒" */
    0x20, 0x1, 0x1f, 0xc8, 0x81, 0xf4, 0x2, 0x3f,
    0x11, 0x8, 0xa8, 0x5e, 0x42, 0xa3, 0xf1, 0x10,
    0x8, 0x80, 0x44, 0xe, 0x3f, 0x80,

    /* U+62D3 "拓" */
    0x20, 0x1, 0x3f, 0xc8, 0x41, 0xf2, 0x2, 0x10,
    0x11, 0x0, 0xaf, 0xde, 0xc2, 0x2e, 0x11, 0x10,
    0x88, 0x84, 0x47, 0xe6, 0x21, 0x0,

    /* U+62D4 "拔" */
    0x21, 0x21, 0x9, 0x88, 0x41, 0xff, 0xf2, 0x10,
    0x10, 0x80, 0x87, 0xc7, 0x22, 0xe2, 0x91, 0x15,
    0x9, 0x90, 0x49, 0x66, 0x91, 0x80,

    /* U+62D6 "拖" */
    0x23, 0x2, 0x20, 0x23, 0xff, 0x60, 0x2c, 0x82,
    0xa9, 0x22, 0xf3, 0x39, 0xee, 0x92, 0x29, 0x22,
    0xa2, 0x20, 0xe3, 0xf0,

    /* U+62D7 "拗" */
    0x22, 0x21, 0x11, 0x8, 0x88, 0xe9, 0xf2, 0x52,
    0x97, 0x94, 0x88, 0xbe, 0x45, 0xa5, 0x29, 0x2a,
    0x4b, 0xb2, 0x41, 0x96, 0xb, 0x0,

    /* U+62D8 "拘" */
    0x22, 0x2, 0x20, 0x27, 0xff, 0x7f, 0x28, 0x12,
    0xf9, 0x34, 0x9f, 0x49, 0xa4, 0x92, 0x79, 0x24,
    0x12, 0x3, 0xc0, 0xe0,

    /* U+62D9 "拙" */
    0x20, 0x82, 0x49, 0x24, 0x9f, 0x49, 0x24, 0x92,
    0x7f, 0x30, 0x8e, 0x49, 0x24, 0x92, 0x49, 0x24,
    0x92, 0x7f, 0xc0, 0x10,

    /* U+62DB "招" */
    0x40, 0x4, 0x7f, 0x41, 0x1f, 0x11, 0x42, 0x14,
    0x67, 0x30, 0xc, 0x7f, 0x44, 0x14, 0x41, 0x44,
    0x14, 0x7f, 0xc4, 0x10,

    /* U+62DC "拜" */
    0x8, 0x7, 0xbf, 0xc8, 0x10, 0x40, 0x82, 0x3f,
    0xb8, 0x20, 0x8f, 0xe4, 0x8, 0xf8, 0x41, 0x3f,
    0xd8, 0x10, 0x80, 0x88, 0x4, 0x0,

    /* U+62DF "拟" */
    0x20, 0x1, 0x20, 0x89, 0x45, 0xe9, 0x22, 0x49,
    0x12, 0x68, 0xd0, 0x5c, 0x84, 0x24, 0xb1, 0x3b,
    0x89, 0x12, 0x51, 0x1e, 0x18, 0x80,

    /* U+62E2 "拢" */
    0x22, 0x1, 0x13, 0x8, 0x8c, 0x44, 0xf, 0xff,
    0x91, 0x40, 0x8a, 0x46, 0x56, 0xe4, 0xe1, 0x26,
    0x9, 0x60, 0x57, 0x1d, 0xf, 0x80,

    /* U+62E3 "拣" */
    0x21, 0x1, 0x8, 0xb, 0xfd, 0xe4, 0x2, 0xf8,
    0x12, 0x40, 0xd2, 0x1e, 0xfe, 0xa0, 0x81, 0x35,
    0x9, 0x24, 0x51, 0x2e, 0x38, 0x0,

    /* U+62E5 "拥" */
    0x20, 0x2, 0x7f, 0x24, 0x9f, 0x49, 0x27, 0xf2,
    0x49, 0x34, 0x97, 0x49, 0xef, 0xf2, 0x89, 0x28,
    0x92, 0x89, 0xd0, 0xb0,

    /* U+62E6 "拦" */
    0x24, 0x22, 0x24, 0x22, 0x4f, 0xff, 0x20, 0x2,
    0x0, 0x30, 0xe, 0x7e, 0x20, 0x2, 0x0, 0x20,
    0x2, 0xff, 0xc0, 0x0,

    /* U+62E7 "拧" */
    0x20, 0x82, 0x8, 0x27, 0xff, 0x41, 0x24, 0x12,
    0x0, 0x27, 0xf7, 0x8, 0xa0, 0x82, 0x8, 0x20,
    0x82, 0x8, 0xe3, 0x80,

    /* U+62E8 "拨" */
    0x20, 0x81, 0x15, 0x88, 0xa5, 0xe9, 0xf, 0x7f,
    0x90, 0x80, 0x87, 0xcf, 0x62, 0xa3, 0x21, 0x27,
    0xa, 0x30, 0x43, 0x66, 0x61, 0x80,

    /* U+62E9 "择" */
    0x20, 0x1, 0x3f, 0x88, 0x89, 0xf2, 0x82, 0x1c,
    0x13, 0x18, 0xe2, 0x1c, 0x7e, 0x20, 0x81, 0x4,
    0x9, 0xfe, 0x41, 0x6, 0x8, 0x0,

    /* U+62EC "括" */
    0x20, 0x31, 0x3e, 0x8, 0x21, 0xe1, 0x2, 0xff,
    0x90, 0x40, 0xc2, 0x1e, 0x10, 0xa7, 0xf1, 0x20,
    0x89, 0x4, 0x48, 0x2c, 0x7f, 0x0,

    /* U+62ED "拭" */
    0x20, 0x41, 0x2, 0x88, 0x11, 0xff, 0xf2, 0x4,
    0x10, 0x20, 0xff, 0x1c, 0x48, 0xa2, 0x41, 0x12,
    0x8, 0xaa, 0x5f, 0x5c, 0x3, 0x0,

    /* U+62EF "拯" */
    0x20, 0x1, 0x1f, 0x88, 0x9, 0xe1, 0x82, 0x7d,
    0x90, 0xf0, 0xca, 0x9c, 0x54, 0x24, 0x91, 0x64,
    0x48, 0x60, 0x40, 0x6, 0xff, 0x80,

    /* U+62F1 "拱" */
    0x22, 0x21, 0x11, 0x8, 0x89, 0xff, 0xf2, 0x22,
    0x11, 0x10, 0x88, 0x8e, 0x44, 0xef, 0xf9, 0x0,
    0x8, 0x88, 0x48, 0x2c, 0x80, 0x80,

    /* U+62F3 "拳" */
    0x22, 0x40, 0xa4, 0x1f, 0xf8, 0x10, 0xf, 0xff,
    0x8, 0x41, 0xfd, 0x90, 0x82, 0x1f, 0x83, 0xff,
    0x1, 0x0, 0x38, 0x0,

    /* U+62F4 "拴" */
    0x41, 0x84, 0x18, 0x42, 0xcf, 0x66, 0x4c, 0x34,
    0xfe, 0x51, 0xe, 0x10, 0x47, 0xe4, 0x10, 0x41,
    0x4, 0x10, 0xcf, 0xf0,

    /* U+62F7 "拷" */
    0x21, 0x2, 0x11, 0x27, 0xef, 0x16, 0x2f, 0xf2,
    0x18, 0x33, 0xfe, 0x60, 0x3a, 0x2, 0x3e, 0x20,
    0x22, 0x2, 0xc1, 0xe0,

    /* U+62FC "拼" */
    0x22, 0x11, 0x8, 0x88, 0x49, 0xef, 0xf2, 0x12,
    0x10, 0x90, 0xc4, 0x9f, 0xff, 0xa1, 0x21, 0x9,
    0x8, 0x88, 0x4c, 0x4c, 0xc2, 0x0,

    /* U+62FE "拾" */
    0x20, 0x82, 0x18, 0x21, 0xcf, 0x24, 0x24, 0x22,
    0xbd, 0x30, 0xe, 0x7e, 0x24, 0x22, 0x42, 0x24,
    0x22, 0x7e, 0xc4, 0x20,

    /* U+62FF "拿" */
    0x6, 0x0, 0xb0, 0x70, 0xe8, 0xf1, 0x3f, 0xc2,
    0x4, 0x1f, 0x87, 0xfc, 0x6, 0x7, 0xfe, 0xff,
    0xf0, 0x60, 0xc, 0x0,

    /* U+6301 "持" */
    0x20, 0x81, 0x4, 0x9, 0xfd, 0xe1, 0x2, 0x8,
    0x17, 0xfc, 0xc0, 0x9d, 0xff, 0x20, 0x21, 0x11,
    0x8, 0x48, 0x40, 0x4c, 0xe, 0x0,

    /* U+6302 "挂" */
    0x20, 0x81, 0x4, 0x9, 0xfd, 0xe1, 0x2, 0x8,
    0x17, 0xfc, 0x80, 0xe, 0x10, 0xa7, 0xf1, 0x4,
    0x8, 0x20, 0x41, 0xc, 0xff, 0x80,

    /* U+6307 "指" */
    0x22, 0x1, 0x11, 0x88, 0xf1, 0xf4, 0x12, 0x21,
    0x91, 0xf8, 0x80, 0xf, 0x7e, 0xa2, 0x11, 0x1f,
    0x88, 0x84, 0x44, 0x26, 0x3f, 0x0,

    /* U+6309 "按" */
    0x21, 0x2, 0x8, 0x2f, 0xff, 0x81, 0x29, 0x12,
    0x10, 0x2f, 0xf3, 0x26, 0xe4, 0x42, 0x74, 0x21,
    0x82, 0x36, 0xec, 0x10,

    /* U+630E "挎" */
    0x21, 0x1, 0x8, 0xb, 0xfd, 0xe4, 0x82, 0x66,
    0x17, 0xec, 0x80, 0xf, 0xfe, 0xa2, 0x1, 0x1f,
    0x8, 0x8, 0x40, 0x4c, 0x1e, 0x0,

    /* U+6311 "挑" */
    0x22, 0x41, 0x12, 0xa, 0x95, 0xf4, 0xa2, 0x66,
    0x11, 0x20, 0xc9, 0x9c, 0xce, 0x2a, 0x59, 0x12,
    0x9, 0x12, 0x58, 0x9c, 0x87, 0x80,

    /* U+6316 "挖" */
    0x20, 0x81, 0x4, 0xb, 0xff, 0xf2, 0x12, 0x32,
    0x13, 0x8, 0x80, 0xe, 0xfe, 0xa0, 0xc1, 0x8,
    0x8, 0x82, 0x48, 0x1e, 0x7f, 0x80,

    /* U+631A "挚" */
    0x10, 0x80, 0x84, 0x3e, 0xf8, 0x21, 0x4f, 0xb2,
    0x9, 0xed, 0x90, 0x6f, 0xfc, 0x2, 0x1, 0xff,
    0xbf, 0xfe, 0x4, 0x0, 0xe0, 0x0,

    /* U+631F "挟" */
    0x20, 0x81, 0x4, 0x9, 0xfd, 0xe1, 0x2, 0x29,
    0x11, 0x50, 0xca, 0x9d, 0xff, 0x20, 0xc1, 0xa,
    0x8, 0xd8, 0x4c, 0x6c, 0xc1, 0x0,

    /* U+6320 "挠" */
    0x21, 0x1, 0x8, 0x89, 0xf9, 0xe1, 0x22, 0xe,
    0x10, 0xe4, 0xd9, 0xee, 0x0, 0xaf, 0xf9, 0xa,
    0x8, 0x50, 0x44, 0x9c, 0xc7, 0x80,

    /* U+6321 "挡" */
    0x20, 0x82, 0x49, 0x24, 0x9f, 0xaa, 0x20, 0x82,
    0x7f, 0x38, 0x1e, 0x1, 0x27, 0xf2, 0x1, 0x20,
    0x12, 0xff, 0xe0, 0x10,

    /* U+6323 "挣" */
    0x21, 0x1, 0x1f, 0x9, 0x99, 0xe8, 0x82, 0xff,
    0x10, 0x48, 0xff, 0xfc, 0x12, 0xa0, 0x91, 0x3f,
    0x88, 0x20, 0x41, 0xc, 0x38, 0x0,

    /* U+6324 "挤" */
    0x20, 0x81, 0x6, 0x9, 0xff, 0xe2, 0x42, 0x12,
    0x10, 0x60, 0x87, 0x86, 0xc3, 0xe1, 0x21, 0x9,
    0x8, 0x48, 0x44, 0x46, 0xc2, 0x0,

    /* U+6325 "挥" */
    0x20, 0x1, 0x7f, 0xca, 0x2, 0xf2, 0x12, 0x7f,
    0x11, 0x0, 0x89, 0x1e, 0xfe, 0x20, 0x41, 0x2,
    0xb, 0xfe, 0x40, 0x86, 0x4, 0x0,

    /* U+6328 "挨" */
    0x21, 0x81, 0xa, 0x8, 0x89, 0xef, 0xe2, 0x21,
    0x13, 0x0, 0x9f, 0xcf, 0x10, 0xaf, 0xf1, 0xc,
    0x8, 0x50, 0x4c, 0xcc, 0xc1, 0x0,

    /* U+632A "挪" */
    0x20, 0x1, 0x3d, 0xc8, 0xaa, 0xe5, 0x52, 0x7b,
    0x11, 0x58, 0x8a, 0xc6, 0x55, 0x67, 0xa9, 0x15,
    0x49, 0x2e, 0x59, 0x46, 0x9a, 0x0,

    /* U+632B "挫" */
    0x20, 0x81, 0x34, 0x9, 0x25, 0xe9, 0x42, 0x6b,
    0x17, 0xfc, 0xe3, 0x3c, 0x10, 0x27, 0xf1, 0x4,
    0x8, 0x20, 0x41, 0xd, 0xff, 0x80,

    /* U+632F "振" */
    0x20, 0x1, 0x3f, 0x89, 0x1, 0xeb, 0xe2, 0x40,
    0x12, 0x0, 0x9f, 0xc6, 0xa8, 0xe5, 0x51, 0x29,
    0x9, 0x48, 0x4b, 0xa6, 0x90, 0x0,

    /* U+633A "挺" */
    0x20, 0x1, 0x73, 0xc8, 0xa9, 0xe8, 0x42, 0x42,
    0x17, 0x7c, 0xc8, 0x9d, 0x44, 0x2a, 0x21, 0x27,
    0xc9, 0x0, 0x56, 0xc, 0x8f, 0x80,

    /* U+633D "挽" */
    0x21, 0x1, 0x1e, 0x8, 0x91, 0xe8, 0x82, 0xff,
    0x12, 0x48, 0xd2, 0x5c, 0xfe, 0x21, 0x81, 0xc,
    0x8, 0xe2, 0x4d, 0x1d, 0xc7, 0x0,

    /* U+6342 "捂" */
    0x20, 0x1, 0x7f, 0xc8, 0x41, 0xef, 0xe2, 0x11,
    0x11, 0x8, 0xff, 0xfc, 0x0, 0x27, 0xf1, 0x20,
    0x89, 0x4, 0x48, 0x2c, 0x7f, 0x0,

    /* U+6345 "捅" */
    0x20, 0x2, 0x7f, 0x22, 0x6f, 0x1c, 0x27, 0xf2,
    0x49, 0x24, 0x97, 0x7f, 0xa4, 0x92, 0x7f, 0x24,
    0x92, 0x49, 0xc4, 0xb0,

    /* U+6346 "捆" */
    0x20, 0x2, 0xff, 0x2c, 0x9f, 0xc9, 0x2f, 0xf2,
    0xc9, 0x3d, 0xde, 0xeb, 0x2e, 0x92, 0xc9, 0x2c,
    0x92, 0xff, 0xcc, 0x10,

    /* U+6349 "捉" */
    0x40, 0x2, 0x3f, 0x91, 0x5, 0xe8, 0x24, 0x41,
    0x23, 0xf9, 0x2, 0x6, 0x90, 0xc4, 0xf2, 0x24,
    0x11, 0x20, 0x97, 0xd, 0x1f, 0x80,

    /* U+634C "捌" */
    0x20, 0x9, 0x3c, 0x49, 0x2a, 0xe9, 0x52, 0x7a,
    0x90, 0x14, 0xc8, 0xac, 0xf5, 0x22, 0xa9, 0x15,
    0x49, 0x22, 0x49, 0x16, 0x9b, 0x80,

    /* U+634D "捍" */
    0x20, 0x1, 0x1f, 0x88, 0x85, 0xf7, 0xe2, 0x21,
    0x11, 0xf8, 0x80, 0x7, 0x7e, 0xe0, 0x81, 0x3f,
    0xc8, 0x20, 0x41, 0xe, 0x8, 0x0,

    /* U+634E "捎" */
    0x20, 0x91, 0x24, 0x88, 0xad, 0xe1, 0x2, 0x7f,
    0x12, 0x8, 0x90, 0x4e, 0xfe, 0xa4, 0x11, 0x3f,
    0x89, 0x4, 0x48, 0x2c, 0x47, 0x0,

    /* U+634F "捏" */
    0x20, 0x1, 0x1f, 0x88, 0x85, 0xf7, 0xe2, 0x21,
    0x11, 0xf8, 0xa0, 0xf, 0x10, 0xa7, 0xf1, 0x4,
    0x8, 0x20, 0x41, 0xe, 0xff, 0x80,

    /* U+6350 "捐" */
    0x20, 0x2, 0x3f, 0x22, 0x1f, 0xbf, 0x20, 0x2,
    0x7f, 0x3e, 0x1e, 0x7f, 0x26, 0x12, 0x7f, 0x26,
    0x12, 0x61, 0xe6, 0x30,

    /* U+6355 "捕" */
    0x20, 0xa1, 0x4, 0xc9, 0xff, 0xf1, 0x2, 0x8,
    0x13, 0xfc, 0x92, 0x2f, 0xff, 0xa4, 0x89, 0x3f,
    0xc9, 0x22, 0x49, 0x16, 0x4b, 0x80,

    /* U+635E "捞" */
    0x21, 0x21, 0x3f, 0xfc, 0x48, 0x40, 0x2, 0x7f,
    0x92, 0x4, 0xc0, 0xe, 0x10, 0xe3, 0xf1, 0x4,
    0x88, 0x44, 0x46, 0x26, 0x46, 0x0,

    /* U+635F "损" */
    0x20, 0x2, 0x7e, 0x24, 0x2f, 0x7e, 0x20, 0x2,
    0x7e, 0x24, 0x27, 0x4a, 0xa4, 0xa2, 0x4a, 0x21,
    0x42, 0x62, 0xc8, 0x10,

    /* U+6361 "捡" */
    0x20, 0x81, 0xc, 0x8, 0x51, 0xe4, 0x42, 0x41,
    0x15, 0xf4, 0x80, 0xe, 0x92, 0xa4, 0x91, 0x15,
    0x8, 0x8, 0x5f, 0xfc, 0x0, 0x0,

    /* U+6362 "换" */
    0x21, 0x1, 0x1f, 0x88, 0x89, 0xe8, 0x82, 0xff,
    0x12, 0x48, 0x92, 0x4e, 0x92, 0xaf, 0xf9, 0xc,
    0x8, 0xd0, 0x4c, 0x66, 0x81, 0x80,

    /* U+6363 "捣" */
    0x21, 0x2, 0x7e, 0x28, 0x2f, 0xb2, 0x28, 0xa2,
    0x86, 0x28, 0x3, 0x7f, 0xe0, 0x12, 0xa5, 0x2a,
    0x52, 0xfd, 0xc0, 0x60,

    /* U+6367 "捧" */
    0x20, 0x81, 0x4, 0x9, 0xfd, 0xe2, 0x2, 0x7f,
    0x17, 0xfc, 0xc8, 0x9e, 0x92, 0xaf, 0xf9, 0x4,
    0x9, 0xfc, 0x41, 0xc, 0x8, 0x0,

    /* U+636E "据" */
    0x20, 0x2, 0x7f, 0x24, 0x1f, 0x41, 0xf7, 0xf2,
    0x44, 0x27, 0xf7, 0x44, 0xa4, 0x42, 0xbf, 0x2a,
    0x12, 0xa1, 0xd3, 0xf0,

    /* U+6376 "捶" */
    0x20, 0x31, 0x3f, 0x8, 0x21, 0xff, 0xf2, 0x4a,
    0x12, 0x50, 0xbf, 0xfe, 0x94, 0xa4, 0xa1, 0x7f,
    0xc8, 0x20, 0x41, 0x6, 0x7f, 0x0,

    /* U+6377 "捷" */
    0x20, 0x81, 0x7f, 0xc8, 0x21, 0xef, 0xe2, 0x9,
    0x17, 0xfc, 0xc2, 0x5c, 0xfe, 0x24, 0x81, 0x27,
    0x89, 0x20, 0x57, 0xd, 0x9f, 0x80,

    /* U+637A "捺" */
    0x20, 0x81, 0xc, 0xb, 0xff, 0xe6, 0xc2, 0x63,
    0x17, 0xfc, 0xc0, 0xe, 0x0, 0xef, 0xf9, 0x4,
    0x9, 0x24, 0x51, 0x1c, 0x18, 0x0,

    /* U+637B "捻" */
    0x20, 0x81, 0xc, 0x8, 0x99, 0xeb, 0x62, 0x8,
    0x93, 0xf8, 0x80, 0x9e, 0x8, 0xa0, 0x81, 0x56,
    0x8a, 0x82, 0x54, 0x56, 0x3e, 0x0,

    /* U+6380 "掀" */
    0x20, 0xa1, 0x3a, 0x9, 0xe, 0xe8, 0x92, 0x7e,
    0x92, 0xb8, 0x94, 0x8e, 0xa4, 0x25, 0x21, 0x29,
    0x8b, 0x54, 0x52, 0x96, 0x98, 0x80,

    /* U+6382 "掂" */
    0x20, 0x82, 0x8, 0x2f, 0xff, 0x88, 0x28, 0x82,
    0x8f, 0x38, 0x8e, 0x88, 0x2b, 0xf2, 0xa1, 0x2a,
    0x13, 0xbf, 0xf2, 0x10,

    /* U+6388 "授" */
    0x20, 0x31, 0x7e, 0x9, 0x27, 0xe9, 0x22, 0x2a,
    0x17, 0xfc, 0xa0, 0x3c, 0xfe, 0x22, 0x31, 0x19,
    0x8, 0x70, 0x46, 0xcc, 0xc1, 0x80,

    /* U+6389 "掉" */
    0x20, 0x81, 0x7, 0xc8, 0x21, 0xe1, 0xf, 0x7f,
    0x12, 0x8, 0x9f, 0xce, 0x82, 0xa7, 0xf1, 0x4,
    0xb, 0xfe, 0x41, 0xc, 0x8, 0x0,

    /* U+638C "掌" */
    0x24, 0x62, 0x44, 0xff, 0xf8, 0x1, 0xbf, 0xd2,
    0x4, 0x1f, 0x87, 0xfc, 0x4, 0x7, 0xfe, 0xff,
    0xf0, 0x40, 0x1c, 0x0,

    /* U+638F "掏" */
    0x22, 0x1, 0x10, 0x9, 0xff, 0xe8, 0x12, 0xa0,
    0x91, 0xf4, 0x94, 0x2e, 0xfd, 0x25, 0x29, 0x29,
    0x49, 0xfa, 0x40, 0x16, 0x7, 0x0,

    /* U+6390 "掐" */
    0x20, 0x82, 0x10, 0x21, 0xef, 0xa2, 0x26, 0x42,
    0x4c, 0x2f, 0x77, 0x61, 0xe6, 0x12, 0x7f, 0x26,
    0x12, 0x7f, 0x66, 0x10,

    /* U+6392 "排" */
    0x21, 0x42, 0x14, 0x21, 0x4f, 0x77, 0x21, 0x42,
    0x14, 0x27, 0x7f, 0x14, 0x27, 0x72, 0x14, 0x21,
    0x42, 0x14, 0xc1, 0x40,

    /* U+6396 "掖" */
    0x20, 0x81, 0x4, 0xb, 0xfe, 0xe4, 0x2, 0x24,
    0x12, 0x7c, 0x92, 0x47, 0xb6, 0x67, 0x91, 0x23,
    0x9, 0x18, 0x49, 0x66, 0x50, 0x80,

    /* U+6398 "掘" */
    0x20, 0x2, 0xff, 0x28, 0x1f, 0xff, 0x28, 0x2,
    0x84, 0x2a, 0x53, 0xa5, 0xeb, 0xf2, 0xa5, 0x2a,
    0x52, 0xa5, 0xf3, 0xf0,

    /* U+63A0 "掠" */
    0x20, 0x81, 0x4, 0xb, 0xff, 0xe0, 0x2, 0x7f,
    0x12, 0x8, 0x90, 0x4e, 0xfe, 0xa0, 0x81, 0x24,
    0x8b, 0x24, 0x51, 0x1c, 0x38, 0x0,

    /* U+63A2 "探" */
    0x20, 0x1, 0x7f, 0x8a, 0x5, 0xf2, 0xa2, 0x22,
    0x12, 0x8, 0x82, 0x1f, 0xfe, 0xa1, 0xc1, 0x15,
    0x9, 0xa8, 0x51, 0x2c, 0x8, 0x0,

    /* U+63A5 "接" */
    0x21, 0x1, 0x4, 0x9, 0xfd, 0xe4, 0x42, 0x34,
    0x17, 0xfc, 0xc4, 0x1d, 0xff, 0x22, 0x21, 0x33,
    0x8, 0x70, 0x43, 0xcc, 0xe1, 0x0,

    /* U+63A7 "控" */
    0x20, 0x81, 0x4, 0xb, 0xff, 0xf0, 0x12, 0x16,
    0x13, 0x8, 0xd0, 0x1c, 0xfe, 0xa0, 0x81, 0x4,
    0x8, 0x20, 0x41, 0xc, 0xff, 0x80,

    /* U+63A8 "推" */
    0x22, 0x42, 0x24, 0x24, 0x4f, 0x7f, 0x2c, 0x42,
    0xc4, 0x37, 0xf7, 0x44, 0xa7, 0xf2, 0x44, 0x24,
    0x42, 0x7f, 0xc4, 0x0,

    /* U+63A9 "掩" */
    0x20, 0x81, 0x8, 0xb, 0xff, 0xe4, 0x42, 0x6b,
    0x17, 0xfc, 0xd2, 0x5c, 0xfe, 0x24, 0x91, 0x3f,
    0x89, 0x22, 0x41, 0x1c, 0xf, 0x80,

    /* U+63AA "措" */
    0x21, 0x21, 0x9, 0x9, 0xff, 0xe2, 0x42, 0x12,
    0x17, 0xfc, 0x80, 0xe, 0x7e, 0xa2, 0x11, 0x1f,
    0x88, 0x84, 0x44, 0x2e, 0x3f, 0x0,

    /* U+63B0 "掰" */
    0x10, 0x17, 0x2f, 0x9, 0x48, 0x52, 0x4f, 0x8f,
    0x97, 0x90, 0x94, 0x9e, 0xaf, 0x45, 0x22, 0x49,
    0x12, 0x49, 0xb6, 0x48, 0x6, 0x0,

    /* U+63B7 "掷" */
    0x20, 0x1, 0x2b, 0xc9, 0x52, 0xff, 0xa2, 0x25,
    0x11, 0x28, 0x89, 0x47, 0xf9, 0x62, 0x49, 0x2a,
    0x49, 0x76, 0x51, 0x86, 0x84, 0x0,

    /* U+63B8 "掸" */
    0x46, 0x22, 0x11, 0x10, 0x51, 0xef, 0xe4, 0x49,
    0x23, 0xf8, 0xd2, 0x58, 0xfe, 0x40, 0x82, 0x4,
    0x13, 0xfe, 0x81, 0xc, 0x8, 0x0,

    /* U+63BA "掺" */
    0x21, 0x1, 0x11, 0x9, 0xfc, 0xe2, 0x2, 0xff,
    0x91, 0x10, 0xd2, 0xdf, 0x21, 0x26, 0x61, 0xc,
    0x89, 0x88, 0x43, 0x86, 0x60, 0x0,

    /* U+63C9 "揉" */
    0x20, 0x1, 0x3f, 0x88, 0x9, 0xe3, 0x82, 0xff,
    0x90, 0xa8, 0x89, 0xc7, 0xb0, 0x6f, 0xf9, 0xe,
    0x8, 0xa8, 0x59, 0x3c, 0x8, 0x0,

    /* U+63CD "揍" */
    0x20, 0x81, 0x7f, 0x88, 0x41, 0xef, 0xe2, 0x30,
    0x17, 0xfc, 0xd9, 0x9d, 0xfe, 0x29, 0x99, 0x3f,
    0x8, 0x60, 0x4c, 0xcc, 0xc1, 0x0,

    /* U+63CF "描" */
    0x22, 0x21, 0x11, 0xb, 0xff, 0xe4, 0x42, 0x22,
    0x10, 0x0, 0x9f, 0xc6, 0x92, 0xe4, 0x91, 0x3f,
    0x89, 0x24, 0x4f, 0xec, 0x41, 0x0,

    /* U+63D0 "提" */
    0x20, 0x1, 0x3f, 0x89, 0x5, 0xef, 0xe2, 0x7f,
    0x10, 0x0, 0xff, 0xfc, 0x10, 0xa4, 0x81, 0x27,
    0x89, 0xa0, 0x57, 0xd, 0x9f, 0x80,

    /* U+63D2 "插" */
    0x20, 0x31, 0x1f, 0x8, 0x10, 0xe0, 0x87, 0x7f,
    0x90, 0x20, 0x9d, 0xe7, 0x89, 0xe4, 0x49, 0x3b,
    0xc9, 0x12, 0x4f, 0xf6, 0x40, 0x80,

    /* U+63D6 "揖" */
    0x20, 0x1, 0x1f, 0x88, 0x85, 0xf7, 0xe2, 0x0,
    0x13, 0xfc, 0xa8, 0x5e, 0x7e, 0x23, 0xf1, 0x10,
    0x88, 0x86, 0x4f, 0xf6, 0x1, 0x0,

    /* U+63E1 "握" */
    0x20, 0x1, 0x7f, 0x8a, 0x5, 0xff, 0xe2, 0x80,
    0x17, 0xf8, 0xa5, 0x9f, 0xfe, 0x28, 0x81, 0x7f,
    0x8a, 0x20, 0x61, 0xd, 0xff, 0x80,

    /* U+63E3 "揣" */
    0x20, 0x82, 0x49, 0x24, 0x9f, 0x7f, 0x20, 0x2,
    0xff, 0x30, 0x8e, 0x7f, 0x25, 0x52, 0x55, 0x25,
    0x52, 0x55, 0xc5, 0x70,

    /* U+63E9 "揩" */
    0x24, 0x41, 0x22, 0x49, 0xdd, 0xe8, 0x82, 0x44,
    0x97, 0x3c, 0xc6, 0x1c, 0xfe, 0x24, 0x11, 0x3f,
    0x89, 0x4, 0x48, 0x2c, 0x7f, 0x0,

    /* U+63EA "揪" */
    0x21, 0x10, 0xb8, 0x42, 0x21, 0x3c, 0x95, 0x2f,
    0x58, 0x99, 0x63, 0x6b, 0xba, 0xcc, 0x2a, 0x30,
    0xa8, 0xc2, 0x24, 0x88, 0xb2, 0x62, 0x80,

    /* U+63ED "揭" */
    0x20, 0x1, 0x3f, 0x89, 0x5, 0xef, 0xe2, 0x7f,
    0x12, 0x0, 0xdf, 0xfd, 0x11, 0xa8, 0x89, 0x2c,
    0xc9, 0x96, 0x4f, 0xac, 0x7, 0x0,

    /* U+63F4 "援" */
    0x20, 0x1, 0x7f, 0x9, 0x4d, 0xe9, 0x42, 0xff,
    0x11, 0x0, 0xbf, 0xe6, 0x40, 0xe3, 0xe1, 0x31,
    0x9, 0x50, 0x53, 0x8d, 0x63, 0x0,

    /* U+63FD "揽" */
    0x21, 0x20, 0x95, 0x2, 0x57, 0x9d, 0x68, 0x25,
    0x10, 0x80, 0x2, 0x7f, 0x1d, 0x4, 0xa4, 0x90,
    0x92, 0x42, 0x4d, 0x8, 0xd1, 0x6e, 0x78,

    /* U+6400 "搀" */
    0x21, 0x1, 0x1f, 0x9, 0x91, 0xff, 0xe2, 0x49,
    0x13, 0xf8, 0x85, 0xe, 0x69, 0xae, 0x79, 0xc,
    0x9, 0x18, 0x47, 0xc, 0x6, 0x0,

    /* U+6401 "搁" */
    0x24, 0x1, 0x17, 0xc8, 0x83, 0xeb, 0xd2, 0x56,
    0x93, 0x64, 0xd7, 0x3c, 0xc7, 0x25, 0xe9, 0x29,
    0x49, 0x7a, 0x4a, 0x56, 0x41, 0x80,

    /* U+6402 "搂" */
    0x20, 0x91, 0x35, 0x88, 0xa9, 0xff, 0xf2, 0x3e,
    0x16, 0x4c, 0xc6, 0x1e, 0x20, 0xaf, 0xf9, 0x11,
    0x9, 0xd0, 0x43, 0xcc, 0xe1, 0x0,

    /* U+6405 "搅" */
    0x24, 0x98, 0x9a, 0x42, 0xff, 0x9e, 0x2, 0x28,
    0x8, 0x9f, 0xc2, 0x41, 0xd, 0x24, 0x64, 0x90,
    0x93, 0x42, 0x1c, 0x8, 0xd1, 0x6c, 0x78,

    /* U+640F "搏" */
    0x20, 0xa1, 0x4, 0x8b, 0xff, 0xe1, 0x2, 0x7f,
    0x13, 0xf8, 0xd2, 0x4e, 0xfe, 0xa0, 0x21, 0x7f,
    0xc9, 0x88, 0x46, 0x4c, 0xe, 0x0,

    /* U+6413 "搓" */
    0x22, 0x21, 0x13, 0xb, 0xff, 0xe3, 0x2, 0x7f,
    0x10, 0x80, 0xff, 0xfc, 0x40, 0xa6, 0x1, 0x3f,
    0x8b, 0x10, 0x70, 0x86, 0x7f, 0x80,

    /* U+6414 "搔" */
    0x20, 0x1, 0x7f, 0x89, 0x29, 0xe6, 0xc2, 0x18,
    0x13, 0xb8, 0xa2, 0x26, 0xfe, 0xe4, 0x91, 0x3f,
    0x88, 0x28, 0x41, 0x2e, 0xff, 0x80,

    /* U+641C "搜" */
    0x20, 0x81, 0x37, 0x89, 0x25, 0xed, 0xe2, 0x49,
    0x12, 0x48, 0x9f, 0xce, 0x10, 0xa7, 0xf1, 0x21,
    0x8, 0xd0, 0x43, 0x8c, 0xe3, 0x0,

    /* U+641E "搞" */
    0x21, 0x2, 0xff, 0x20, 0xf, 0x7e, 0x24, 0x22,
    0x7e, 0x30, 0x7, 0xff, 0xa8, 0x12, 0xbd, 0x2a,
    0x52, 0xbd, 0xe8, 0x30,

    /* U+642A "搪" */
    0x21, 0x1, 0x4, 0x9, 0xff, 0xe9, 0x2, 0x7f,
    0x13, 0xfc, 0xd2, 0x5c, 0xfe, 0x2c, 0x81, 0x5f,
    0x8a, 0x84, 0x54, 0x2d, 0x3f, 0x0,

    /* U+642C "搬" */
    0x22, 0x1, 0x13, 0x89, 0xd4, 0xea, 0xa2, 0x75,
    0x12, 0xc4, 0xbf, 0xe6, 0xaa, 0x67, 0x51, 0x3a,
    0x8b, 0x48, 0x52, 0xa7, 0xb8, 0x80,

    /* U+642D "搭" */
    0x22, 0x21, 0x7f, 0xcb, 0xff, 0xe1, 0x2, 0x1c,
    0x13, 0x10, 0xff, 0xfc, 0x0, 0x27, 0xf1, 0x20,
    0x89, 0x4, 0x48, 0x26, 0x7f, 0x0,

    /* U+643A "携" */
    0x21, 0x40, 0x8f, 0xe2, 0x64, 0x3f, 0xfe, 0x22,
    0x40, 0x8f, 0xc3, 0x3f, 0xb8, 0x0, 0x27, 0xe0,
    0x84, 0xe2, 0x30, 0x89, 0x82, 0x6c, 0x38,

    /* U+6444 "摄" */
    0x20, 0x1, 0x7f, 0xc9, 0x5, 0xef, 0xe2, 0x7f,
    0x12, 0x8, 0xff, 0xfd, 0xff, 0x21, 0x51, 0x72,
    0x89, 0x88, 0x5a, 0xe6, 0x98, 0x80,

    /* U+6446 "摆" */
    0x20, 0x2, 0x7f, 0x25, 0x5f, 0x55, 0x27, 0xf2,
    0x8, 0x37, 0xff, 0x8, 0xa0, 0x82, 0xff, 0x23,
    0x22, 0x62, 0xc7, 0xd0,

    /* U+6447 "摇" */
    0x20, 0x72, 0xf8, 0x24, 0x9f, 0x4a, 0x22, 0x22,
    0x7f, 0x2c, 0x87, 0x8, 0xef, 0xf2, 0x49, 0x24,
    0x92, 0x7f, 0xc0, 0x10,

    /* U+644A "摊" */
    0x20, 0x41, 0x2, 0x8b, 0xa0, 0xe5, 0xf2, 0x39,
    0x15, 0x48, 0xeb, 0xee, 0x92, 0x26, 0x91, 0x37,
    0xca, 0x24, 0x41, 0xf6, 0x8, 0x0,

    /* U+6454 "摔" */
    0x20, 0x81, 0x4, 0xb, 0xfe, 0x41, 0x7, 0x55,
    0x11, 0xe8, 0x8f, 0x4f, 0xfd, 0x20, 0x81, 0x7f,
    0xc8, 0x20, 0x41, 0x6, 0x8, 0x0,

    /* U+6458 "摘" */
    0x20, 0x81, 0x3f, 0xc8, 0x49, 0xe2, 0x42, 0x7f,
    0x92, 0x44, 0x97, 0xbe, 0x91, 0xa5, 0xe9, 0x29,
    0x49, 0x7a, 0x4a, 0x16, 0x43, 0x80,

    /* U+6467 "摧" */
    0x20, 0x41, 0x22, 0x49, 0x12, 0xef, 0xf2, 0x24,
    0x13, 0xfc, 0xd0, 0x9d, 0xff, 0x24, 0x21, 0x3f,
    0xc9, 0x8, 0x48, 0x46, 0x7f, 0x80,

    /* U+6469 "摩" */
    0x1, 0x3, 0xff, 0xd1, 0x8, 0xbf, 0xf4, 0xe7,
    0x2a, 0xd5, 0x10, 0x89, 0xfa, 0x40, 0x82, 0x7f,
    0x9f, 0xff, 0x1, 0x8, 0x78, 0x0,

    /* U+6478 "摸" */
    0x22, 0x42, 0xff, 0x22, 0x4f, 0x0, 0xf7, 0xe2,
    0x42, 0x27, 0xef, 0x7e, 0xa1, 0x2, 0xff, 0x21,
    0x82, 0x64, 0xcc, 0x30,

    /* U+6479 "摹" */
    0x10, 0x8f, 0xff, 0x10, 0x83, 0xfc, 0x3f, 0xc3,
    0xfc, 0x8, 0xf, 0x7f, 0x7f, 0x4c, 0x43, 0x1f,
    0x87, 0xfe, 0xc, 0x0,

    /* U+6487 "撇" */
    0x22, 0x20, 0xaa, 0x82, 0xaa, 0x1d, 0xce, 0x2f,
    0xe8, 0xab, 0xa2, 0xfe, 0x8f, 0xec, 0x6f, 0x90,
    0xae, 0x42, 0xab, 0xa, 0xaa, 0x6b, 0xc8,

    /* U+6491 "撑" */
    0x26, 0xb1, 0x15, 0xb, 0x55, 0xff, 0xe2, 0x22,
    0x11, 0xf0, 0xc0, 0xe, 0xfc, 0xa0, 0x81, 0x3f,
    0x8b, 0xfe, 0x41, 0xe, 0x38, 0x0,

    /* U+6492 "撒" */
    0x25, 0x21, 0x29, 0xb, 0xf1, 0xea, 0xf2, 0xfc,
    0x90, 0x28, 0xbf, 0x4f, 0x2a, 0xaf, 0x31, 0x49,
    0x8b, 0xcc, 0x52, 0xfe, 0x9c, 0x80,

    /* U+6495 "撕" */
    0x25, 0x19, 0x2b, 0xb, 0xf0, 0xea, 0x82, 0x74,
    0x12, 0xbc, 0xdd, 0x5c, 0xaa, 0x25, 0x51, 0x7e,
    0x89, 0x54, 0x52, 0xa6, 0x89, 0x0,

    /* U+649E "撞" */
    0x20, 0x81, 0x3f, 0xc8, 0x89, 0xef, 0xf2, 0x0,
    0x13, 0xf8, 0x92, 0x46, 0xfe, 0xe4, 0x91, 0x1f,
    0x9, 0xfe, 0x41, 0x6, 0xff, 0x80,

    /* U+64A4 "撤" */
    0x22, 0x21, 0x11, 0xb, 0xe8, 0xea, 0xf2, 0xf4,
    0x94, 0x24, 0xbe, 0xc7, 0x26, 0x6f, 0x31, 0x49,
    0x8b, 0xcc, 0x52, 0xf6, 0xbc, 0x80,

    /* U+64A9 "撩" */
    0x20, 0x81, 0x4, 0xb, 0xff, 0xe2, 0x82, 0x63,
    0x13, 0xf8, 0xb0, 0xbe, 0xfc, 0x27, 0xe1, 0x4,
    0x9, 0x2c, 0x59, 0x3c, 0x18, 0x0,

    /* U+64AC "撬" */
    0x20, 0xe0, 0x9c, 0x2, 0x7f, 0x1c, 0x7e, 0x2f,
    0x8, 0x87, 0xe3, 0x21, 0xbb, 0x38, 0x27, 0x38,
    0x91, 0x82, 0xff, 0xc9, 0x49, 0x66, 0x3c,

    /* U+64AD "播" */
    0x20, 0x71, 0x7e, 0x9, 0x25, 0xe5, 0x42, 0xff,
    0x90, 0xe0, 0xda, 0xcf, 0x93, 0xa7, 0xf1, 0x24,
    0x89, 0xfc, 0x49, 0x2c, 0x7f, 0x0,

    /* U+64AE "撮" */
    0x20, 0x1, 0x1f, 0x88, 0xfd, 0xe8, 0x22, 0x3e,
    0x17, 0xfc, 0xd2, 0x1c, 0xff, 0x24, 0xd1, 0x3e,
    0x89, 0x2c, 0x5f, 0x66, 0xc, 0x80,

    /* U+64B0 "撰" */
    0x20, 0x1, 0x7b, 0x8b, 0xdd, 0xf0, 0x82, 0x8d,
    0x17, 0xb8, 0xc9, 0x1d, 0xfe, 0x22, 0x41, 0x7f,
    0x88, 0x0, 0x4c, 0x6c, 0x81, 0x0,

    /* U+64B5 "撵" */
    0x22, 0x21, 0x3b, 0xc8, 0x89, 0xfe, 0xf2, 0x57,
    0x14, 0x84, 0x9f, 0xe6, 0x40, 0xe6, 0x81, 0xf,
    0x8b, 0xfe, 0x41, 0x6, 0x8, 0x0,

    /* U+64BC "撼" */
    0x20, 0x70, 0x81, 0x62, 0x7f, 0x9d, 0x10, 0x25,
    0xd8, 0x9e, 0xc2, 0x6a, 0x1d, 0xfd, 0x28, 0x1c,
    0x9a, 0x42, 0xa0, 0x8a, 0x8b, 0x63, 0xe0,

    /* U+64C2 "擂" */
    0x20, 0x2, 0x7f, 0x20, 0x8f, 0xff, 0x2f, 0xf2,
    0x8, 0x27, 0xf7, 0x0, 0xa7, 0xf2, 0x49, 0x27,
    0xf2, 0x49, 0xc7, 0xf0,

    /* U+64C5 "擅" */
    0x20, 0x81, 0x7f, 0xc8, 0x1, 0xef, 0xe2, 0x5d,
    0x12, 0xe8, 0xdf, 0xdc, 0x0, 0x27, 0xf1, 0x3f,
    0x89, 0x4, 0x4f, 0xe6, 0xff, 0x80,

    /* U+64CD "操" */
    0x20, 0x1, 0x1f, 0x8, 0x89, 0xe7, 0xc2, 0xf7,
    0x94, 0xa4, 0xa5, 0x27, 0xef, 0xe0, 0x81, 0x7f,
    0xc8, 0x70, 0x4d, 0x66, 0x88, 0x80,

    /* U+64CE "擎" */
    0x28, 0x87, 0xf7, 0xd0, 0x24, 0xfb, 0x2f, 0x46,
    0x3a, 0xd8, 0x30, 0x27, 0xfc, 0x2, 0x1, 0xff,
    0xbf, 0xfe, 0x4, 0x0, 0xe0, 0x0,

    /* U+64D2 "擒" */
    0x21, 0x1, 0x16, 0x9, 0x4d, 0xff, 0xd2, 0x4,
    0x15, 0xc8, 0xe9, 0x5c, 0xb4, 0x2f, 0xf1, 0x52,
    0x8a, 0xf4, 0x50, 0x2e, 0x83, 0x0,

    /* U+64E6 "擦" */
    0x20, 0x81, 0x7f, 0xca, 0x3, 0xe7, 0xe2, 0x4d,
    0x15, 0x98, 0x94, 0x86, 0xfe, 0xec, 0x9, 0x3f,
    0x88, 0xa0, 0x49, 0x26, 0x18, 0x0,

    /* U+6500 "攀" */
    0x25, 0x21, 0x31, 0x3f, 0xfe, 0xea, 0xea, 0x7a,
    0x84, 0x3, 0xff, 0xe2, 0x8, 0x6f, 0x34, 0xfe,
    0x5f, 0xfc, 0x4, 0x0, 0xe0, 0x0,

    /* U+6512 "攒" */
    0x2a, 0x20, 0xbf, 0xe2, 0x2a, 0x3d, 0x96, 0x26,
    0x50, 0xad, 0x52, 0x0, 0x8d, 0xfc, 0xe4, 0x10,
    0x92, 0x42, 0x49, 0x8, 0x50, 0x6e, 0x38,

    /* U+6518 "攘" */
    0x20, 0x81, 0x7f, 0xc8, 0x1, 0xee, 0xf2, 0x77,
    0x91, 0x10, 0xdf, 0xdc, 0xfe, 0xa2, 0x21, 0x7f,
    0xc8, 0xd6, 0x5c, 0x4c, 0x79, 0x80,

    /* U+652F "支" */
    0x3, 0x0, 0xc, 0x7, 0xff, 0x80, 0xc0, 0x3,
    0x0, 0xc, 0x3, 0xff, 0x4, 0x8, 0x8, 0x60,
    0x13, 0x0, 0x38, 0x3, 0xf0, 0xf8, 0x7c, 0x0,
    0x0,

    /* U+6536 "收" */
    0x13, 0x1, 0x20, 0x92, 0x9, 0x3f, 0x96, 0x29,
    0x64, 0x9a, 0x49, 0x14, 0xb1, 0x8d, 0x8, 0x11,
    0xc1, 0x26, 0x14, 0x30,

    /* U+6539 "改" */
    0x1, 0x7, 0xc8, 0x2, 0x40, 0x17, 0xe0, 0xa2,
    0x7f, 0x92, 0x14, 0x90, 0x28, 0x80, 0xc4, 0x46,
    0x3c, 0x79, 0x6, 0x60, 0x41, 0x0,

    /* U+653B "攻" */
    0x0, 0x0, 0x10, 0x3e, 0x80, 0x47, 0xe2, 0x62,
    0x13, 0x10, 0xa9, 0x84, 0x28, 0x29, 0x47, 0x84,
    0x20, 0x70, 0xc, 0xc0, 0xc3, 0x0,

    /* U+653E "放" */
    0x0, 0x80, 0x8c, 0x0, 0x41, 0xfb, 0xe2, 0x32,
    0x1d, 0x90, 0xac, 0x85, 0x1c, 0x48, 0xc2, 0x46,
    0x12, 0x39, 0x96, 0x69, 0xe1, 0x0,

    /* U+653F "政" */
    0x1, 0x7, 0xe8, 0x4, 0x40, 0x23, 0xe1, 0x32,
    0x4f, 0x92, 0x44, 0x92, 0x1c, 0x90, 0xc4, 0xe6,
    0x3c, 0x78, 0x6, 0x60, 0x1, 0x0,

    /* U+6545 "故" */
    0x11, 0x0, 0x88, 0x4, 0x41, 0xfb, 0xe1, 0x32,
    0x9, 0x90, 0x5c, 0x8f, 0x24, 0x48, 0xc2, 0x46,
    0x12, 0x30, 0xf2, 0xc4, 0x63, 0x2, 0x0,

    /* U+6548 "效" */
    0x0, 0x2, 0x8, 0xfd, 0x0, 0x1f, 0x49, 0x24,
    0xf2, 0x8b, 0x27, 0x12, 0x30, 0xc3, 0xc, 0x28,
    0xc4, 0x96, 0x86, 0x30,

    /* U+654C "敌" */
    0x18, 0x8e, 0x18, 0x21, 0x2, 0x1f, 0xfd, 0x22,
    0x32, 0x23, 0x22, 0xa, 0xfc, 0xc8, 0x44, 0x84,
    0xcf, 0xdb, 0x86, 0x10,

    /* U+654F "敏" */
    0x40, 0x82, 0x4, 0x1f, 0xa1, 0x1, 0xff, 0xd9,
    0x32, 0xc9, 0x52, 0x5f, 0xd4, 0xa4, 0x64, 0xa2,
    0x3f, 0x98, 0xb, 0x61, 0x91, 0x80,

    /* U+6551 "救" */
    0x14, 0x80, 0xb4, 0x4, 0x21, 0xfd, 0xe1, 0x11,
    0x2a, 0xd0, 0xee, 0x83, 0x14, 0x3c, 0x66, 0x92,
    0x24, 0x38, 0x23, 0x67, 0x31, 0x0,

    /* U+6559 "教" */
    0x20, 0xc0, 0x8a, 0x7, 0xc8, 0x9, 0x3e, 0xff,
    0x90, 0x46, 0x47, 0xe9, 0x1a, 0x1c, 0x90, 0x63,
    0xf9, 0x81, 0xe, 0x4, 0x66, 0x73, 0x8,

    /* U+655B "敛" */
    0x18, 0x40, 0xc2, 0x9, 0x3e, 0xc5, 0x27, 0xd9,
    0x0, 0xc9, 0x49, 0x4a, 0x4c, 0x2c, 0x61, 0x23,
    0x3, 0xbc, 0xc3, 0x30, 0x10, 0x80,

    /* U+655E "敞" */
    0x10, 0x84, 0xa4, 0x35, 0x60, 0xb3, 0xff, 0xd1,
    0x43, 0xda, 0xfa, 0x95, 0x94, 0xac, 0x45, 0xe2,
    0x29, 0x29, 0xb, 0x68, 0xf1, 0x80,

    /* U+6562 "敢" */
    0x0, 0x83, 0xe4, 0x2, 0x21, 0xfd, 0xf4, 0x51,
    0x22, 0xc9, 0xfe, 0x88, 0x94, 0x7c, 0xa2, 0x22,
    0x1f, 0x99, 0x9, 0x60, 0x71, 0x80,

    /* U+6563 "散" */
    0x24, 0xc0, 0x92, 0xf, 0xe8, 0x9, 0x3e, 0xff,
    0x90, 0x6, 0x47, 0xd9, 0x11, 0x1c, 0x7c, 0x61,
    0x11, 0x87, 0xc6, 0x11, 0x66, 0x4d, 0x8,

    /* U+6566 "敦" */
    0x10, 0x87, 0xf4, 0x0, 0x20, 0xfb, 0xe4, 0x52,
    0x3e, 0xd0, 0xa, 0x9f, 0x94, 0x8, 0x40, 0xf2,
    0x3c, 0x38, 0x23, 0x67, 0x21, 0x0,

    /* U+656C "敬" */
    0x28, 0x81, 0x44, 0x3f, 0xa0, 0x83, 0xc7, 0xd2,
    0x63, 0x93, 0xd2, 0x8a, 0x94, 0x54, 0x43, 0xa2,
    0x11, 0x38, 0xa, 0x61, 0xe1, 0x0,

    /* U+6570 "数" */
    0x10, 0x82, 0xa4, 0x15, 0x21, 0xfd, 0xf3, 0xd9,
    0x68, 0xc8, 0x42, 0x9f, 0x8c, 0x24, 0x63, 0x43,
    0x6, 0x2c, 0xc2, 0x38, 0x20, 0x80,

    /* U+6572 "敲" */
    0x10, 0x47, 0xf2, 0x0, 0x1e, 0xf8, 0x84, 0x44,
    0x3e, 0xfc, 0x2, 0x5f, 0xd2, 0x82, 0x65, 0xd3,
    0x2e, 0x99, 0x47, 0x28, 0xf0, 0x80,

    /* U+6574 "整" */
    0x10, 0x87, 0xec, 0x4, 0x7f, 0xfe, 0x47, 0xce,
    0x1c, 0x63, 0x5e, 0xe0, 0x0, 0x7f, 0xf0, 0x10,
    0x8, 0xf8, 0x44, 0xf, 0xff, 0x80,

    /* U+6577 "敷" */
    0x1c, 0x87, 0xf4, 0x4, 0x21, 0xfd, 0xf9, 0x29,
    0x7f, 0xcb, 0xfe, 0xc2, 0xc, 0xfe, 0x61, 0x3,
    0xf, 0x18, 0x89, 0x6d, 0xd1, 0x0,

    /* U+6587 "文" */
    0x2, 0x0, 0x10, 0x0, 0xc1, 0xff, 0xf3, 0x6,
    0x8, 0x20, 0x63, 0x1, 0x10, 0x5, 0x0, 0x10,
    0x3, 0x60, 0x71, 0xce, 0x3, 0x80,

    /* U+658B "斋" */
    0x2, 0x3, 0xff, 0xc2, 0x10, 0xb, 0x0, 0x78,
    0x3e, 0x7d, 0x0, 0xf, 0xff, 0x2, 0x1, 0xff,
    0x89, 0x24, 0x49, 0x22, 0x4b, 0x0,

    /* U+6591 "斑" */
    0x0, 0x7, 0x97, 0xd0, 0x88, 0xbf, 0x44, 0x12,
    0x26, 0x93, 0x95, 0xe8, 0xc4, 0x42, 0x22, 0x39,
    0x1d, 0x49, 0x92, 0x41, 0x8f, 0x80,

    /* U+6597 "斗" */
    0x0, 0x81, 0x88, 0xc, 0x80, 0x8, 0x40, 0x83,
    0x88, 0x8, 0x80, 0x9, 0x7, 0xff, 0x88, 0x0,
    0x80, 0x8, 0x0, 0x80,

    /* U+6599 "料" */
    0x10, 0x22, 0xa9, 0x15, 0x28, 0xb0, 0x41, 0x2,
    0x7f, 0x90, 0xc2, 0x87, 0x4, 0x5c, 0x7e, 0x9d,
    0x24, 0x8, 0x20, 0x41, 0x2, 0x0,

    /* U+659C "斜" */
    0x10, 0x23, 0x92, 0x6c, 0xac, 0x42, 0xf8, 0x21,
    0x12, 0xfc, 0xa1, 0x2, 0x59, 0xf5, 0x72, 0x94,
    0x29, 0x2, 0x70, 0x20,

    /* U+659F "斟" */
    0x44, 0x17, 0xf4, 0x91, 0x14, 0xf8, 0x24, 0x41,
    0x3e, 0xc9, 0x11, 0x5f, 0xc2, 0x58, 0x7b, 0x2c,
    0x98, 0x4, 0xfc, 0x20, 0x1, 0x0,

    /* U+65A4 "斤" */
    0x0, 0xe1, 0xfc, 0x8, 0x0, 0x40, 0x2, 0x0,
    0x1f, 0xfc, 0x82, 0x4, 0x10, 0x20, 0x81, 0x4,
    0x10, 0x20, 0x81, 0xc, 0x8, 0x0,

    /* U+65A5 "斥" */
    0x3, 0xf1, 0xe0, 0x8, 0x0, 0x40, 0x3, 0xff,
    0x90, 0x40, 0x82, 0x5, 0xf0, 0x20, 0xe3, 0x4,
    0x90, 0x20, 0x81, 0x0,

    /* U+65A7 "斧" */
    0x19, 0x83, 0xe, 0x4b, 0x20, 0x60, 0x79, 0xe8,
    0x9, 0x3f, 0x42, 0x0, 0x3f, 0xf2, 0x10, 0x61,
    0x4, 0x10, 0x81, 0x0,

    /* U+65A9 "斩" */
    0x20, 0x2, 0xf, 0xfd, 0x2, 0x10, 0x51, 0x5,
    0x1f, 0xfd, 0x21, 0x12, 0x11, 0x2f, 0xd2, 0x92,
    0x21, 0x22, 0x14, 0x20,

    /* U+65AD "断" */
    0x10, 0x14, 0xa7, 0xb5, 0x41, 0x72, 0x9, 0x10,
    0x5e, 0xfe, 0xe4, 0x96, 0xa4, 0xd1, 0x24, 0x89,
    0x20, 0x49, 0xfc, 0x40, 0x22, 0x0,

    /* U+65AF "斯" */
    0x44, 0x34, 0x5e, 0xff, 0x4, 0x50, 0x7d, 0x4,
    0x5f, 0x7d, 0x24, 0x52, 0x45, 0x2f, 0xf2, 0x29,
    0x24, 0x62, 0x82, 0x20,

    /* U+65B0 "新" */
    0x10, 0x0, 0x83, 0xff, 0xe0, 0x8a, 0x2, 0x90,
    0x7f, 0xfc, 0x44, 0x9f, 0xe4, 0x11, 0x22, 0xa9,
    0x24, 0xc8, 0x22, 0x43, 0x22, 0x0,

    /* U+65B9 "方" */
    0x0, 0x0, 0x60, 0x2, 0xf, 0xff, 0x8, 0x0,
    0x80, 0xf, 0xe1, 0x6, 0x10, 0x61, 0x4, 0x20,
    0x46, 0x4, 0xc3, 0xc0,

    /* U+65BD "施" */
    0x11, 0x0, 0x8f, 0xff, 0x40, 0x44, 0x82, 0x37,
    0x1c, 0xa9, 0xaf, 0x4d, 0x6a, 0x49, 0x72, 0x4a,
    0x32, 0x43, 0x73, 0xe0,

    /* U+65C1 "旁" */
    0x2, 0x7, 0xff, 0xc4, 0x10, 0x11, 0xf, 0xff,
    0xc1, 0xc, 0x8, 0x1f, 0xff, 0x8, 0x0, 0x7f,
    0x4, 0x8, 0x60, 0x4c, 0x1c, 0x0,

    /* U+65C5 "旅" */
    0x23, 0x2, 0x20, 0xff, 0xf4, 0x4e, 0x7b, 0x84,
    0xab, 0x4a, 0x64, 0xa4, 0x4a, 0x44, 0xa2, 0x93,
    0xbb, 0x21,

    /* U+65CB "旋" */
    0x21, 0x0, 0x88, 0x3f, 0xfe, 0xc4, 0x7, 0x9f,
    0xb4, 0x29, 0xa5, 0x9, 0x2f, 0x49, 0x42, 0x5a,
    0x12, 0xb1, 0x7c, 0xf0,

    /* U+65CF "族" */
    0x21, 0x1, 0x98, 0x3e, 0xbc, 0x8a, 0x7, 0xbe,
    0x25, 0x21, 0x21, 0x9, 0xfe, 0x48, 0x42, 0x45,
    0x14, 0x49, 0x6c, 0x20,

    /* U+65D7 "旗" */
    0x22, 0x1, 0x9f, 0xff, 0x44, 0x8a, 0x24, 0x3f,
    0xbc, 0xf9, 0x24, 0x49, 0x3e, 0x4f, 0xfa, 0x41,
    0x32, 0x45, 0x64, 0x10,

    /* U+65E0 "无" */
    0x7f, 0xf0, 0x10, 0x0, 0x80, 0xc, 0xf, 0xff,
    0x82, 0x80, 0x14, 0x1, 0xa0, 0x9, 0x0, 0x88,
    0x48, 0x43, 0x83, 0xf0,

    /* U+65E2 "既" */
    0xfb, 0xf8, 0x88, 0x8a, 0x8f, 0xa8, 0x8a, 0x8f,
    0xbf, 0x81, 0x9, 0x18, 0x89, 0x8b, 0xa9, 0xc2,
    0x90, 0x4f,

    /* U+65E5 "日" */
    0xff, 0xc0, 0x60, 0x30, 0x18, 0xf, 0xfe, 0x3,
    0x1, 0x80, 0xc0, 0x7f, 0xf0, 0x10,

    /* U+65E6 "旦" */
    0x3f, 0xc2, 0x4, 0x20, 0x42, 0x4, 0x3f, 0xc2,
    0x4, 0x20, 0x43, 0xfc, 0x0, 0x0, 0x0, 0xff,
    0xf0,

    /* U+65E7 "旧" */
    0x9f, 0xf2, 0x6, 0x40, 0xc8, 0x19, 0x3, 0x3f,
    0xe4, 0xc, 0x81, 0x90, 0x32, 0x6, 0x7f, 0xc8,
    0x10,

    /* U+65E8 "旨" */
    0x80, 0x13, 0xfb, 0x80, 0x40, 0x1f, 0xfc, 0x0,
    0x0, 0x7, 0xfe, 0x80, 0x5f, 0xfa, 0x1, 0x40,
    0x2f, 0xfc,

    /* U+65E9 "早" */
    0x7f, 0xe3, 0x1, 0x1f, 0xf8, 0xc0, 0x46, 0x2,
    0x3f, 0xf0, 0x8, 0x0, 0x40, 0xff, 0xf8, 0x10,
    0x0, 0x80, 0x4, 0x0,

    /* U+65EC "旬" */
    0x8, 0x0, 0xc0, 0x7, 0xfe, 0x60, 0x12, 0x0,
    0xaf, 0xc4, 0x42, 0x23, 0xf1, 0x10, 0x88, 0x84,
    0x47, 0xe2, 0x20, 0x10, 0x7, 0x0,

    /* U+65ED "旭" */
    0x40, 0x4, 0x3e, 0x42, 0x2f, 0xa2, 0x4a, 0x24,
    0xbe, 0x4a, 0x24, 0xa2, 0x4a, 0x24, 0xbe, 0x88,
    0x18, 0x81, 0x8f, 0xe0,

    /* U+65F1 "旱" */
    0x3f, 0xe1, 0x1, 0xf, 0xf8, 0x40, 0x43, 0xfe,
    0x0, 0x1, 0xff, 0xc0, 0x40, 0xff, 0xf8, 0x10,
    0x0, 0x80, 0x4, 0x0,

    /* U+65F6 "时" */
    0x0, 0x4f, 0x4, 0x90, 0x49, 0x7f, 0x90, 0x4f,
    0x24, 0x92, 0x49, 0x14, 0x91, 0x49, 0x4, 0xf0,
    0x40, 0x4, 0x1, 0xc0,

    /* U+65F7 "旷" */
    0x0, 0x8f, 0x8, 0x97, 0xf9, 0x40, 0x94, 0xf,
    0x40, 0x94, 0x9, 0x40, 0x94, 0xf, 0x40, 0x84,
    0x8, 0x80, 0x8, 0x0,

    /* U+65FA "旺" */
    0xf7, 0xf4, 0x84, 0x24, 0x21, 0x21, 0xf, 0x8,
    0x4b, 0xfa, 0x42, 0x12, 0x10, 0xf0, 0x84, 0x4,
    0x0, 0x20, 0x1f, 0xf0,

    /* U+6602 "昂" */
    0x7f, 0xe6, 0x2, 0x7f, 0xe6, 0x2, 0x7f, 0xe0,
    0x0, 0x7b, 0xf4, 0x21, 0x42, 0x15, 0xe1, 0x62,
    0x70, 0x20,

    /* U+6606 "昆" */
    0x7f, 0xe4, 0x2, 0x7f, 0xe4, 0x2, 0x7f, 0xe0,
    0x0, 0x42, 0x37, 0xee, 0x43, 0x4, 0x21, 0x4e,
    0x17, 0x3f,

    /* U+660C "昌" */
    0x7f, 0x90, 0x27, 0xf9, 0x2, 0x7f, 0x80, 0xf,
    0xfe, 0x1, 0xff, 0xe0, 0x1f, 0xfe, 0x1,

    /* U+660E "明" */
    0xfb, 0xf8, 0xa1, 0x8a, 0x18, 0xbf, 0xfa, 0x18,
    0xa1, 0x8b, 0xff, 0xa1, 0x84, 0x18, 0x41, 0x4,
    0x10, 0x87,

    /* U+660F "昏" */
    0x0, 0x47, 0xf8, 0x42, 0x7, 0xff, 0x41, 0x5,
    0x99, 0xe0, 0x67, 0xfc, 0x40, 0x47, 0xfc, 0x40,
    0x44, 0x4, 0x7f, 0xc0,

    /* U+6613 "易" */
    0x3f, 0xe2, 0x2, 0x3f, 0xe2, 0x2, 0x3f, 0xe1,
    0x0, 0x3f, 0xf4, 0x49, 0x89, 0x91, 0x11, 0x22,
    0x20, 0x4e,

    /* U+6614 "昔" */
    0x10, 0x81, 0x8, 0x7f, 0xe1, 0x8, 0x10, 0x8f,
    0xff, 0x0, 0x3, 0xfc, 0x20, 0x43, 0xfc, 0x20,
    0x42, 0x4, 0x3f, 0xc0,

    /* U+6619 "昙" */
    0x3f, 0xe1, 0x1, 0xf, 0xf8, 0x40, 0x41, 0xfc,
    0x3f, 0xf8, 0x0, 0x0, 0x0, 0xff, 0xf8, 0xc6,
    0xc, 0x18, 0xff, 0xe0, 0x1, 0x0,

    /* U+661F "星" */
    0x7f, 0xe4, 0x2, 0x7f, 0xe4, 0x2, 0x7f, 0xe2,
    0x60, 0x7f, 0xec, 0x60, 0x3f, 0xe0, 0x60, 0x6,
    0xf, 0xff,

    /* U+6620 "映" */
    0x0, 0x87, 0x84, 0x25, 0xfd, 0x29, 0x29, 0x49,
    0x7a, 0x4a, 0x52, 0x53, 0xff, 0x91, 0xc7, 0x8a,
    0x20, 0xd9, 0xc, 0x60, 0x81, 0x80,

    /* U+6625 "春" */
    0x2, 0x3, 0xff, 0x81, 0x0, 0xff, 0xe0, 0xc0,
    0x7f, 0xfc, 0x41, 0x7, 0xfc, 0xd0, 0x58, 0xfe,
    0x4, 0x10, 0x20, 0x81, 0xfc, 0x0,

    /* U+6627 "昧" */
    0x0, 0x87, 0x84, 0x3c, 0x21, 0x2f, 0xe9, 0x8,
    0x78, 0x42, 0x7f, 0xf2, 0x38, 0x91, 0xc7, 0x95,
    0x21, 0x2d, 0x31, 0x30, 0x8, 0x0,

    /* U+6628 "昨" */
    0x2, 0xf, 0x20, 0x97, 0xf9, 0x50, 0x9d, 0xf,
    0x1f, 0x91, 0x9, 0x10, 0x91, 0x9, 0x1f, 0xf1,
    0x8, 0x10, 0x1, 0x0,

    /* U+662D "昭" */
    0xf7, 0xf9, 0x11, 0x91, 0x19, 0x21, 0xfe, 0x79,
    0x0, 0x97, 0xf9, 0x41, 0xf4, 0x18, 0x41, 0x7,
    0xf0, 0x41,

    /* U+662F "是" */
    0x7f, 0xe4, 0x2, 0x7f, 0xe4, 0x2, 0x3f, 0xcf,
    0xff, 0x2, 0x2, 0x20, 0x23, 0xe7, 0x20, 0x5a,
    0x8, 0x7f,

    /* U+6635 "昵" */
    0xf7, 0xf4, 0xa0, 0xa5, 0x5, 0x2f, 0xef, 0x50,
    0x4a, 0x8a, 0x55, 0x92, 0xb0, 0xf5, 0x4, 0x48,
    0x42, 0x44, 0x33, 0xe0,

    /* U+663C "昼" */
    0x3f, 0xf0, 0x80, 0x43, 0xff, 0x8, 0x10, 0x20,
    0x60, 0xff, 0xc5, 0x3, 0xd7, 0xf8, 0x10, 0x20,
    0x7f, 0x80, 0x0, 0x1f, 0xfe,

    /* U+663E "显" */
    0x3f, 0xe1, 0x1, 0xf, 0xf8, 0x40, 0x43, 0xfe,
    0x4, 0xc1, 0x26, 0x45, 0x34, 0x29, 0xc0, 0x4c,
    0x3f, 0xfe,

    /* U+6643 "晃" */
    0x7f, 0xe4, 0x2, 0x7f, 0xe4, 0x2, 0x7f, 0xe6,
    0x46, 0x34, 0xcf, 0xff, 0x9, 0x1, 0x10, 0x31,
    0x1c, 0x1f,

    /* U+664B "晋" */
    0x7f, 0xe4, 0x90, 0x29, 0x42, 0x94, 0xff, 0xf0,
    0x0, 0x3f, 0xc2, 0x4, 0x3f, 0xc2, 0x4, 0x3f,
    0xc2, 0x4,

    /* U+664C "晌" */
    0x1, 0xf, 0x10, 0x91, 0x9, 0x7f, 0x98, 0x1f,
    0xbd, 0x9a, 0x59, 0xa5, 0x9a, 0x5f, 0xbd, 0x8a,
    0x18, 0x81, 0x8, 0x30,

    /* U+6652 "晒" */
    0xf7, 0xf9, 0x14, 0x97, 0xf9, 0x55, 0xf5, 0x59,
    0x55, 0x95, 0x59, 0x67, 0x94, 0x1f, 0x41, 0x7,
    0xf0, 0x41,

    /* U+6653 "晓" */
    0x2, 0x7, 0x88, 0xa5, 0xf9, 0x22, 0x69, 0xc,
    0x79, 0xe6, 0x50, 0xd3, 0xff, 0x91, 0x47, 0x92,
    0x20, 0x90, 0xc, 0x90, 0xc7, 0x80,

    /* U+6655 "晕" */
    0x7f, 0xe3, 0xff, 0x10, 0x8, 0x7f, 0x8f, 0xff,
    0x46, 0x9, 0xff, 0x86, 0x40, 0x3f, 0xe0, 0x10,
    0x3f, 0xfe, 0x4, 0x0,

    /* U+665A "晚" */
    0x1, 0x7, 0x9f, 0x25, 0x91, 0x3f, 0xe9, 0xc9,
    0x7a, 0x4a, 0x52, 0x52, 0xfe, 0x91, 0x47, 0x8a,
    0x20, 0x92, 0xc, 0x91, 0x87, 0x0,

    /* U+6664 "晤" */
    0x7, 0xff, 0x10, 0x97, 0xe9, 0x22, 0xf2, 0x29,
    0xff, 0x90, 0x9, 0x7e, 0x97, 0xef, 0x42, 0x84,
    0x20, 0x7e,

    /* U+6666 "晦" */
    0x2, 0xf, 0x20, 0x93, 0xf9, 0x40, 0x97, 0xff,
    0x29, 0x92, 0x59, 0xff, 0x95, 0x9f, 0x45, 0x87,
    0xf8, 0x1, 0x0, 0x60,

    /* U+6668 "晨" */
    0x3f, 0xe1, 0xff, 0x8, 0x8, 0x3f, 0x87, 0xff,
    0x20, 0x1, 0x3f, 0x8f, 0xfe, 0x49, 0x22, 0x46,
    0x23, 0xdd, 0x0, 0x0,

    /* U+666E "普" */
    0x10, 0x40, 0x82, 0x1f, 0xfc, 0x5a, 0x42, 0xd2,
    0x16, 0xa3, 0xff, 0xe0, 0x0, 0x3f, 0xe1, 0xff,
    0x8, 0x8, 0x40, 0x43, 0xfe, 0x0,

    /* U+666F "景" */
    0x3f, 0xe2, 0x6, 0x3f, 0xe3, 0xfe, 0x4, 0xf,
    0xbf, 0x3f, 0xc2, 0x4, 0x3f, 0xc1, 0x68, 0x66,
    0x68, 0xc1,

    /* U+6670 "晰" */
    0x4, 0x2e, 0x4f, 0xa4, 0x8a, 0xe8, 0xa4, 0x8e,
    0x4f, 0xae, 0xaa, 0xca, 0xb4, 0xaf, 0x4a, 0x85,
    0xa0, 0x52, 0x5, 0x20,

    /* U+6674 "晴" */
    0x0, 0x87, 0xbf, 0xe4, 0x21, 0x2f, 0xe9, 0x8,
    0x7b, 0xba, 0x5f, 0xd2, 0x82, 0x97, 0xf7, 0xa0,
    0xa1, 0xfd, 0x8, 0x20, 0x47, 0x0,

    /* U+6676 "晶" */
    0x3f, 0xc2, 0x4, 0x3f, 0xc2, 0x4, 0x3f, 0xc0,
    0x0, 0xfb, 0xf8, 0xa1, 0xfb, 0xf8, 0xa1, 0x8a,
    0x1f, 0xbf,

    /* U+667A "智" */
    0x40, 0xf, 0xbe, 0x48, 0xff, 0x13, 0x22, 0x53,
    0xf0, 0x1, 0xfe, 0x20, 0x47, 0xf8, 0x81, 0x10,
    0x23, 0xfc,

    /* U+667E "晾" */
    0x0, 0x8f, 0x8, 0x97, 0xf9, 0x0, 0x97, 0xef,
    0x42, 0x94, 0x29, 0x7e, 0x90, 0x89, 0x2e, 0xf4,
    0xa8, 0x89, 0x3, 0x80,

    /* U+6682 "暂" */
    0x30, 0x17, 0xf7, 0x12, 0x41, 0xfd, 0xf0, 0x92,
    0x1f, 0x93, 0x24, 0x81, 0x24, 0x3f, 0xe1, 0x1,
    0xf, 0xf8, 0x40, 0x43, 0xfe, 0x0,

    /* U+6687 "暇" */
    0xef, 0xfa, 0x91, 0xa9, 0x1a, 0xff, 0xe8, 0xa,
    0x8f, 0xae, 0xfa, 0x89, 0xa8, 0x6e, 0xf6, 0x8,
    0x60, 0x99,

    /* U+6691 "暑" */
    0x7f, 0xe4, 0x6, 0x7f, 0xe7, 0xfe, 0x7f, 0xe0,
    0x48, 0xff, 0xf1, 0xc0, 0xe3, 0xe3, 0xfe, 0x20,
    0x23, 0xfe,

    /* U+6696 "暖" */
    0x0, 0x17, 0xbf, 0x25, 0x25, 0x25, 0x49, 0x7f,
    0x79, 0x2, 0x7f, 0xf2, 0x40, 0x93, 0xe7, 0xa9,
    0x21, 0x30, 0x13, 0xc1, 0x21, 0x80,

    /* U+6697 "暗" */
    0x0, 0x87, 0x84, 0x25, 0xfd, 0x24, 0x49, 0x22,
    0x7f, 0xfe, 0x40, 0x12, 0xfe, 0x94, 0x14, 0xa0,
    0xbd, 0xfd, 0x8, 0x20, 0x7f, 0x0,

    /* U+66AE "暮" */
    0x8, 0x87, 0xff, 0xc2, 0x20, 0x6e, 0xc3, 0xfe,
    0x10, 0x10, 0x7f, 0x1f, 0xff, 0x30, 0x67, 0xfd,
    0xcf, 0xf8, 0x60, 0x43, 0xfe, 0x0,

    /* U+66B4 "暴" */
    0x7f, 0xe4, 0x2, 0x7f, 0xe7, 0xfe, 0x10, 0x87,
    0xfe, 0xff, 0xf3, 0xc, 0xd4, 0xb0, 0x40, 0x3d,
    0xc4, 0xc0,

    /* U+66D9 "曙" */
    0x7, 0xf7, 0xaa, 0xa5, 0xfd, 0x2f, 0xaf, 0x16,
    0x4f, 0xfe, 0x46, 0x12, 0xfe, 0xfa, 0x14, 0x1f,
    0x80, 0x84, 0x7, 0xe0,

    /* U+66F2 "曲" */
    0x11, 0x2, 0x20, 0x44, 0x7f, 0xf9, 0x13, 0x22,
    0x64, 0x4f, 0xff, 0x91, 0x32, 0x26, 0x44, 0xff,
    0xf8, 0x2,

    /* U+66F4 "更" */
    0xff, 0xf0, 0x20, 0x7f, 0xe4, 0x22, 0x7f, 0xe4,
    0x22, 0x42, 0x27, 0xfe, 0x24, 0x1, 0xc0, 0x1e,
    0xe, 0x1f,

    /* U+66F9 "曹" */
    0x9, 0xf, 0xff, 0x9, 0x7, 0xfe, 0x49, 0x27,
    0xfe, 0x49, 0x23, 0x6c, 0x3f, 0xc2, 0x4, 0x3f,
    0xc2, 0x4, 0x3f, 0xc0,

    /* U+66FC "曼" */
    0x3f, 0xe1, 0xff, 0x8, 0x8, 0x3f, 0x87, 0xff,
    0x24, 0x49, 0xff, 0xc0, 0x0, 0x7f, 0xe0, 0x82,
    0x3, 0xe0, 0x7f, 0xc4, 0x1, 0x0,

    /* U+66FE "曾" */
    0x20, 0x82, 0x23, 0xff, 0xd2, 0x59, 0x53, 0xff,
    0xc0, 0x3, 0xfe, 0x40, 0x4f, 0xf9, 0x1, 0x3f,
    0xe4, 0x4,

    /* U+66FF "替" */
    0x10, 0x47, 0xef, 0x84, 0x11, 0xfb, 0xf3, 0xa,
    0x36, 0xdb, 0x0, 0x67, 0xfc, 0x20, 0x21, 0xff,
    0x8, 0x8, 0x40, 0x43, 0xfe, 0x0,

    /* U+6700 "最" */
    0x3f, 0xe1, 0x1, 0xf, 0xf8, 0x7f, 0xc0, 0x0,
    0x7f, 0xfd, 0x90, 0xf, 0x9e, 0x7c, 0x93, 0x23,
    0x3f, 0xbc, 0xa, 0x30,

    /* U+6708 "月" */
    0x3f, 0xe4, 0x4, 0x80, 0x9f, 0xf2, 0x2, 0x40,
    0x48, 0x9, 0xff, 0x60, 0x28, 0x7, 0x0, 0xc0,
    0xf0,

    /* U+6709 "有" */
    0xc, 0x0, 0x80, 0xff, 0xf1, 0x0, 0x10, 0x3,
    0xfc, 0x70, 0x4d, 0xfc, 0x10, 0x41, 0xfc, 0x10,
    0x41, 0x4, 0x11, 0xc0,

    /* U+670B "朋" */
    0x7d, 0xf4, 0x51, 0x45, 0x17, 0xdf, 0x45, 0x14,
    0x51, 0x7d, 0xf4, 0x51, 0x45, 0x14, 0x51, 0x85,
    0x19, 0xe7,

    /* U+670D "服" */
    0x7b, 0xf2, 0x50, 0x92, 0x84, 0xf4, 0xc4, 0xbf,
    0x25, 0x89, 0xea, 0x49, 0x54, 0x4a, 0x62, 0x53,
    0x22, 0xad, 0x36, 0x30,

    /* U+6717 "朗" */
    0x10, 0x1, 0xf, 0x7c, 0x94, 0x49, 0x7c, 0xf4,
    0x49, 0x44, 0x97, 0xc9, 0x40, 0xf4, 0x89, 0x49,
    0x97, 0x51, 0x43, 0x30,

    /* U+671B "望" */
    0x11, 0xff, 0xd1, 0x41, 0xf4, 0x1f, 0x7a, 0x14,
    0x67, 0x0, 0x7, 0xff, 0x6, 0x3, 0xfe, 0x6,
    0xf, 0xff,

    /* U+671D "朝" */
    0x20, 0x2, 0x1f, 0xfd, 0x12, 0x11, 0xfd, 0xf8,
    0x51, 0xfd, 0x18, 0x51, 0xfd, 0xf2, 0x31, 0xfe,
    0x12, 0x21, 0x24, 0x70,

    /* U+671F "期" */
    0x44, 0x4, 0x4f, 0xfe, 0x94, 0x49, 0x7c, 0xf4,
    0x49, 0x7c, 0x94, 0x4f, 0x44, 0x9f, 0xe9, 0x28,
    0x94, 0x51, 0xc7, 0x30,

    /* U+6726 "朦" */
    0x1, 0x23, 0xbf, 0xd4, 0x48, 0xaf, 0xf7, 0x40,
    0xaa, 0xf5, 0x5f, 0xee, 0x73, 0x55, 0xe2, 0xb7,
    0x14, 0x54, 0xbc, 0x9b, 0x18, 0x0,

    /* U+6728 "木" */
    0x3, 0x0, 0x18, 0x0, 0xc0, 0x6, 0x7, 0xff,
    0x81, 0x80, 0x1e, 0x1, 0xf8, 0x1b, 0x61, 0x99,
    0x98, 0xc6, 0x6, 0x0, 0x30, 0x0,

    /* U+672A "未" */
    0x4, 0x0, 0x40, 0x4, 0x7, 0xfe, 0x4, 0x0,
    0x40, 0xff, 0xf0, 0xe0, 0xd, 0x1, 0x48, 0x64,
    0x6c, 0x43, 0x4, 0x0,

    /* U+672B "末" */
    0x4, 0x0, 0x40, 0x4, 0xf, 0xff, 0x4, 0x0,
    0x40, 0x7f, 0xe0, 0xf0, 0xd, 0x3, 0x4c, 0x64,
    0x6c, 0x43, 0x4, 0x0,

    /* U+672C "本" */
    0x6, 0x0, 0x60, 0x6, 0xf, 0xff, 0xf, 0x1,
    0xf8, 0x16, 0x82, 0x64, 0x66, 0x6f, 0xff, 0x6,
    0x0, 0x60, 0x6, 0x0,

    /* U+672F "术" */
    0x6, 0x80, 0x6c, 0x6, 0x60, 0x60, 0xff, 0xf0,
    0x60, 0xf, 0x1, 0xe8, 0x36, 0x46, 0x66, 0xc6,
    0x10, 0x60, 0x6, 0x0,

    /* U+6731 "朱" */
    0x6, 0x2, 0x60, 0x26, 0x7, 0xfe, 0x46, 0x0,
    0x60, 0xff, 0xf0, 0xf0, 0x1f, 0x83, 0x6c, 0x66,
    0x6c, 0x61, 0x6, 0x0,

    /* U+6734 "朴" */
    0x10, 0x80, 0x84, 0x4, 0x21, 0xf9, 0x3, 0x8,
    0x1c, 0x71, 0x62, 0xca, 0x91, 0xd0, 0x84, 0x84,
    0x4, 0x20, 0x21, 0x1, 0x8, 0x0,

    /* U+6735 "朵" */
    0x1f, 0x81, 0x8, 0x10, 0x83, 0x8, 0x60, 0x80,
    0x67, 0xff, 0xf0, 0xf0, 0x1e, 0x82, 0x66, 0xc6,
    0x30, 0x60,

    /* U+673A "机" */
    0x20, 0x1, 0x1f, 0x8, 0x89, 0xf4, 0x42, 0x22,
    0x11, 0x11, 0xc8, 0x8d, 0x44, 0xaa, 0x25, 0x31,
    0x49, 0xa, 0x48, 0x52, 0x83, 0x80,

    /* U+673D "朽" */
    0x20, 0x1, 0x3f, 0xc8, 0x41, 0xf2, 0x2, 0x10,
    0x19, 0x81, 0xaf, 0xcd, 0x2, 0xa0, 0x15, 0x0,
    0x88, 0x4, 0x40, 0x62, 0x1e, 0x0,

    /* U+6740 "杀" */
    0x0, 0x43, 0x8, 0xf, 0x0, 0xf0, 0x30, 0xcc,
    0x62, 0x6, 0xf, 0xff, 0x6, 0x2, 0x6c, 0x66,
    0x2c, 0x61, 0xc, 0x0,

    /* U+6742 "杂" */
    0x8, 0x0, 0x80, 0xff, 0x81, 0x88, 0x10, 0x9e,
    0xf, 0x6, 0xf, 0xff, 0x6, 0x3, 0x6c, 0x66,
    0x6c, 0x63, 0xc, 0x0,

    /* U+6743 "权" */
    0x20, 0x1, 0x3f, 0x88, 0x85, 0xf4, 0x22, 0x21,
    0x19, 0x11, 0xa4, 0x8d, 0x28, 0xa1, 0xc5, 0x4,
    0x8, 0x50, 0x4c, 0x62, 0x41, 0x0,

    /* U+6746 "杆" */
    0x20, 0x2, 0x7f, 0x20, 0x8f, 0x88, 0x20, 0x82,
    0x8, 0x77, 0xf6, 0x88, 0xa8, 0x8a, 0x8, 0x20,
    0x82, 0x8, 0x20, 0x80,

    /* U+6748 "杈" */
    0x20, 0x1, 0x3f, 0x89, 0x5, 0xf5, 0x22, 0x29,
    0x19, 0x39, 0xac, 0x8d, 0x2c, 0xa1, 0xc5, 0x4,
    0x8, 0x70, 0x4c, 0x62, 0x41, 0x80,

    /* U+6749 "杉" */
    0x10, 0x30, 0x83, 0x4, 0x31, 0xfe, 0x3, 0x1,
    0x1c, 0x11, 0x73, 0xa, 0xf0, 0xd0, 0x1c, 0x81,
    0x84, 0x18, 0x23, 0x1, 0x30, 0x0,

    /* U+674E "李" */
    0x4, 0x0, 0x40, 0xff, 0xf1, 0xd8, 0x74, 0xec,
    0x3, 0x3f, 0xc0, 0x18, 0x6, 0xf, 0xff, 0x4,
    0x0, 0x40, 0x1c, 0x0,

    /* U+674F "杏" */
    0x6, 0x0, 0x60, 0xff, 0xf0, 0xf0, 0x16, 0x82,
    0x66, 0xc6, 0x38, 0x0, 0x3f, 0xc2, 0x4, 0x20,
    0x42, 0x4, 0x3f, 0xc0,

    /* U+6750 "材" */
    0x20, 0x22, 0x2, 0x20, 0x2f, 0xbf, 0x20, 0x63,
    0x6, 0x68, 0xa6, 0x9a, 0xa3, 0x2a, 0x62, 0x24,
    0x22, 0x2, 0x20, 0xe0,

    /* U+6751 "村" */
    0x10, 0x20, 0x81, 0x4, 0x9, 0xff, 0xf3, 0x2,
    0x18, 0x11, 0x64, 0x8b, 0xa4, 0xd0, 0xa4, 0x81,
    0x4, 0x8, 0x20, 0x41, 0xe, 0x0,

    /* U+6756 "杖" */
    0x20, 0x42, 0x4, 0x20, 0x4f, 0xff, 0x20, 0x43,
    0x24, 0x6a, 0x46, 0xa4, 0xa1, 0x8a, 0x8, 0x21,
    0xc2, 0x26, 0x24, 0x10,

    /* U+675C "杜" */
    0x20, 0x81, 0x4, 0x8, 0x21, 0xf1, 0x2, 0x8,
    0x1b, 0xf9, 0xc2, 0xc, 0x10, 0xa0, 0x85, 0x4,
    0x8, 0x20, 0x5f, 0xf2, 0x0, 0x0,

    /* U+675F "束" */
    0x3, 0x0, 0xc, 0x7, 0xff, 0x80, 0xc0, 0x3f,
    0xf0, 0x8c, 0x42, 0x31, 0xf, 0xfc, 0x7, 0x80,
    0x3f, 0x1, 0xb6, 0x18, 0xc6, 0x3, 0x0,

    /* U+6760 "杠" */
    0x20, 0x2, 0x7f, 0x27, 0xff, 0x88, 0x20, 0x83,
    0x8, 0x68, 0x86, 0x88, 0xa0, 0x8a, 0x8, 0x20,
    0x82, 0xff, 0x20, 0x0,

    /* U+6761 "条" */
    0x4, 0x0, 0x3f, 0x81, 0x84, 0x19, 0x20, 0x3,
    0x0, 0x33, 0x7, 0x33, 0x80, 0xc0, 0x3f, 0xf0,
    0xc, 0x1, 0xb6, 0x8, 0xc4, 0x6, 0x10,

    /* U+6765 "来" */
    0x6, 0x0, 0x60, 0x7f, 0xe2, 0x66, 0x26, 0x41,
    0x68, 0xff, 0xf0, 0xf0, 0xf, 0x3, 0x68, 0x66,
    0x6c, 0x63, 0x6, 0x0,

    /* U+6768 "杨" */
    0x20, 0x1, 0x3f, 0x88, 0x19, 0xf1, 0x82, 0x10,
    0x1b, 0xfd, 0xa4, 0xad, 0x25, 0xa2, 0x4d, 0x24,
    0x48, 0x22, 0x42, 0x22, 0x67, 0x0,

    /* U+676D "杭" */
    0x21, 0x1, 0x8, 0x8, 0x1, 0xef, 0xf2, 0x0,
    0x31, 0xe1, 0xc9, 0x16, 0x48, 0xa2, 0x45, 0x12,
    0x9, 0x12, 0x48, 0x93, 0x87, 0x80,

    /* U+676F "杯" */
    0x20, 0x1, 0x3f, 0xc8, 0x11, 0xf1, 0x2, 0x1c,
    0x18, 0xd1, 0xaa, 0x4d, 0x93, 0xa0, 0x85, 0x4,
    0x8, 0x20, 0x41, 0x2, 0x8, 0x0,

    /* U+6770 "杰" */
    0x6, 0x0, 0x60, 0xff, 0xf0, 0xf0, 0xf, 0x1,
    0x68, 0x26, 0x6c, 0x63, 0x86, 0x10, 0x0, 0x49,
    0x24, 0x91, 0x88, 0x90,

    /* U+677E "松" */
    0x20, 0x1, 0x9, 0x8, 0xc9, 0xf4, 0x62, 0x21,
    0x1a, 0x4d, 0xe2, 0xd, 0x20, 0xa1, 0x25, 0x19,
    0x8, 0x84, 0x4f, 0xe2, 0x40, 0x0,

    /* U+677F "板" */
    0x20, 0x11, 0x1f, 0x8, 0x81, 0xf4, 0x3, 0x3f,
    0x39, 0x89, 0xac, 0x4c, 0x94, 0xa4, 0xa5, 0x22,
    0x9, 0x38, 0x5b, 0x62, 0xa1, 0x80,

    /* U+6781 "极" */
    0x20, 0x1, 0x7f, 0x8, 0x91, 0xe4, 0x86, 0x24,
    0x31, 0x39, 0xc8, 0x56, 0xe4, 0xa5, 0x25, 0x26,
    0xb, 0x30, 0x53, 0x43, 0x21, 0x0,

    /* U+6784 "构" */
    0x23, 0x2, 0x20, 0x22, 0xf, 0xbf, 0x24, 0x13,
    0x51, 0x69, 0x16, 0xa9, 0xa2, 0xda, 0x75, 0x20,
    0x12, 0x1, 0x20, 0xe0,

    /* U+6789 "枉" */
    0x20, 0x1, 0x3f, 0xc8, 0x11, 0xf0, 0x82, 0x4,
    0x18, 0x21, 0xaf, 0xed, 0x8, 0xa0, 0x45, 0x2,
    0x8, 0x10, 0x40, 0x82, 0x7f, 0x80,

    /* U+6790 "析" */
    0x20, 0x22, 0x3c, 0x22, 0xf, 0xa0, 0x22, 0x2,
    0x3f, 0x72, 0x46, 0xa4, 0xa2, 0x4a, 0x44, 0x24,
    0x42, 0x44, 0x28, 0x40,

    /* U+6795 "枕" */
    0x20, 0x81, 0x4, 0x8, 0x21, 0xff, 0xf2, 0x48,
    0x9a, 0x45, 0xa3, 0xc, 0x28, 0xa1, 0x45, 0x1a,
    0x8, 0x92, 0x48, 0x92, 0x87, 0x80,

    /* U+6797 "林" */
    0x10, 0x40, 0x82, 0x4, 0x11, 0xfb, 0xf3, 0x4,
    0x1c, 0x70, 0xd3, 0x8a, 0xaa, 0xd1, 0x54, 0x92,
    0x44, 0x90, 0x20, 0x81, 0x4, 0x0,

    /* U+679A "枚" */
    0x21, 0x1, 0x8, 0x8, 0x81, 0xf7, 0xe2, 0x62,
    0x13, 0x11, 0xc4, 0x8d, 0x28, 0xa9, 0xc5, 0x4,
    0x8, 0x50, 0x44, 0x42, 0x41, 0x0,

    /* U+679C "果" */
    0x7f, 0xe4, 0x62, 0x7f, 0xe4, 0x62, 0x46, 0x27,
    0xfe, 0x6, 0xf, 0xff, 0xf, 0x1, 0x6c, 0x66,
    0x78, 0x60,

    /* U+679D "枝" */
    0x20, 0x81, 0x4, 0x8, 0xfd, 0xf1, 0x2, 0x8,
    0x18, 0x41, 0xcf, 0xcd, 0x44, 0xa2, 0x25, 0xa,
    0x8, 0x20, 0x46, 0xc2, 0x41, 0x80,

    /* U+67A2 "枢" */
    0x20, 0x2, 0x7f, 0x24, 0xf, 0xd2, 0x25, 0x23,
    0x4a, 0x6c, 0x46, 0xc4, 0xa4, 0xaa, 0x5a, 0x25,
    0x2, 0x40, 0x27, 0xf0,

    /* U+67A3 "枣" */
    0x6, 0xf, 0xff, 0x6, 0x7, 0xfe, 0x46, 0x24,
    0xf2, 0x36, 0xcd, 0x83, 0x7, 0x80, 0x0, 0x3e,
    0x0, 0x1c,

    /* U+67AA "枪" */
    0x20, 0x81, 0xc, 0x8, 0xd1, 0xec, 0x46, 0xc3,
    0x37, 0xf1, 0xd0, 0x96, 0x84, 0xa4, 0x25, 0x2f,
    0x9, 0x4, 0x48, 0x22, 0x7f, 0x0,

    /* U+67AB "枫" */
    0x20, 0x2, 0xfe, 0x28, 0x2f, 0x86, 0x6a, 0xa6,
    0x9a, 0x79, 0xab, 0x9a, 0xa9, 0xaa, 0xaa, 0x2a,
    0x62, 0xc3, 0x30, 0x10,

    /* U+67AF "枯" */
    0x20, 0x81, 0x4, 0x8, 0x21, 0xff, 0xf2, 0x8,
    0x30, 0x41, 0xc2, 0x14, 0xfe, 0xa4, 0x15, 0x20,
    0x89, 0x4, 0x48, 0x22, 0x7f, 0x0,

    /* U+67B6 "架" */
    0x20, 0x1, 0x0, 0x3f, 0x7c, 0x4a, 0x26, 0x51,
    0x6e, 0xfa, 0x0, 0x0, 0x40, 0xff, 0xf0, 0x78,
    0x4, 0xa0, 0xc4, 0xe8, 0x21, 0x0,

    /* U+67B7 "枷" */
    0x24, 0x2, 0x40, 0x24, 0x7f, 0xf5, 0x25, 0x56,
    0x55, 0x65, 0x5b, 0x55, 0xa5, 0x5a, 0x95, 0x29,
    0x52, 0x97, 0x37, 0x50,

    /* U+67C4 "柄" */
    0x20, 0x2, 0xff, 0x20, 0x8f, 0x8, 0x27, 0xf6,
    0x49, 0x74, 0x9b, 0x4d, 0xa5, 0x5a, 0x63, 0x24,
    0x12, 0x41, 0x24, 0x70,

    /* U+67CF "柏" */
    0x20, 0xc2, 0x8, 0x20, 0x8f, 0xbf, 0x22, 0x13,
    0x21, 0x6a, 0x16, 0xbf, 0xa2, 0x1a, 0x21, 0x22,
    0x12, 0x3f, 0x22, 0x10,

    /* U+67D0 "某" */
    0x30, 0x83, 0x8, 0xff, 0xf3, 0x8, 0x3f, 0x83,
    0x8, 0x3f, 0x80, 0x40, 0xff, 0xf0, 0xd0, 0x14,
    0x86, 0x46, 0x84, 0x10,

    /* U+67D1 "柑" */
    0x22, 0x22, 0x22, 0x22, 0x2f, 0xff, 0x22, 0x27,
    0x22, 0x72, 0x26, 0x3e, 0xa2, 0x2a, 0x22, 0x22,
    0x22, 0x3e, 0x22, 0x20,

    /* U+67D2 "柒" */
    0x42, 0x2, 0x20, 0x83, 0xf4, 0xe0, 0x22, 0x16,
    0x21, 0xc3, 0xf0, 0x60, 0xff, 0xf0, 0xf0, 0x36,
    0xce, 0x67, 0x86, 0x10,

    /* U+67D3 "染" */
    0x42, 0x2, 0x20, 0xf, 0xce, 0x24, 0x24, 0x56,
    0x45, 0xc8, 0x71, 0x40, 0xff, 0xf0, 0xd0, 0x14,
    0x86, 0x46, 0x84, 0x10,

    /* U+67D4 "柔" */
    0x7f, 0xc0, 0x18, 0xe, 0xf, 0xff, 0xa, 0x23,
    0x24, 0xce, 0xf, 0xff, 0xf, 0x1, 0x68, 0x66,
    0x78, 0x61,

    /* U+67DC "柜" */
    0x20, 0x2, 0x3f, 0x22, 0xf, 0xa0, 0x23, 0xf7,
    0x21, 0x6a, 0x16, 0x21, 0xa3, 0xfa, 0x20, 0x22,
    0x2, 0x20, 0x23, 0xf0,

    /* U+67E0 "柠" */
    0x20, 0x82, 0x8, 0x27, 0xff, 0x41, 0x24, 0x16,
    0x0, 0x7f, 0xf7, 0x8, 0xa0, 0x8a, 0x8, 0x20,
    0x82, 0x8, 0x23, 0x80,

    /* U+67E5 "查" */
    0x4, 0x0, 0x40, 0xff, 0xf0, 0xd0, 0x34, 0xcc,
    0x3, 0x3f, 0xc2, 0x4, 0x3f, 0xc2, 0x4, 0x3f,
    0xc0, 0x0, 0xff, 0xf0,

    /* U+67EC "柬" */
    0x6, 0x0, 0x60, 0xff, 0xf0, 0x60, 0x7f, 0xe5,
    0x6a, 0x56, 0xa4, 0x72, 0x7f, 0xe0, 0xf0, 0x16,
    0x86, 0x66, 0x86, 0x10,

    /* U+67F1 "柱" */
    0x21, 0x82, 0x8, 0x20, 0x8f, 0xff, 0x20, 0x83,
    0x8, 0x68, 0x86, 0xbf, 0xa0, 0x8a, 0x8, 0x20,
    0x82, 0x8, 0x27, 0xf0,

    /* U+67F3 "柳" */
    0x21, 0x2, 0x67, 0x25, 0x5f, 0x55, 0x65, 0x56,
    0x55, 0x75, 0x57, 0x55, 0xa5, 0x5a, 0xf5, 0x2a,
    0x72, 0x24, 0x2c, 0x40,

    /* U+67F4 "柴" */
    0x11, 0x1, 0x12, 0x5d, 0xe5, 0x10, 0x51, 0x1f,
    0xdf, 0x4, 0x0, 0x40, 0xff, 0xf0, 0xd0, 0x14,
    0x86, 0x47, 0x84, 0x0,

    /* U+67FF "柿" */
    0x20, 0x81, 0x4, 0x9, 0xff, 0xf1, 0x2, 0x8,
    0x19, 0xf9, 0xaa, 0x4d, 0x52, 0xa2, 0x95, 0x14,
    0x88, 0xac, 0x41, 0x2, 0x8, 0x0,

    /* U+6805 "栅" */
    0x20, 0x1, 0x3b, 0x89, 0x55, 0xea, 0xa2, 0x55,
    0x12, 0xa9, 0xff, 0xec, 0xaa, 0x65, 0x55, 0x4a,
    0x8a, 0x54, 0x53, 0x22, 0xbb, 0x0,

    /* U+6807 "标" */
    0x20, 0x2, 0x3f, 0x20, 0xf, 0x80, 0x20, 0x3,
    0x7f, 0x70, 0x86, 0x88, 0xa2, 0xaa, 0x49, 0x24,
    0x92, 0x9, 0x23, 0x80,

    /* U+6808 "栈" */
    0x21, 0x1, 0xa, 0x8, 0x49, 0xe3, 0xe6, 0x70,
    0x30, 0x81, 0xcf, 0xd6, 0x92, 0xa0, 0xb1, 0x7,
    0x8, 0x32, 0x4e, 0xa2, 0x83, 0x0,

    /* U+680B "栋" */
    0x21, 0x2, 0x30, 0x2f, 0xff, 0x20, 0x22, 0x86,
    0x48, 0x77, 0xfa, 0x8, 0xa4, 0xaa, 0x4a, 0x2c,
    0x92, 0x89, 0x23, 0x80,

    /* U+680F "栏" */
    0x24, 0x22, 0x24, 0x22, 0x4f, 0xff, 0x60, 0x7,
    0x0, 0x70, 0xa, 0x7e, 0xa0, 0x2, 0x0, 0x20,
    0x2, 0xff, 0x20, 0x0,

    /* U+6811 "树" */
    0x20, 0x11, 0x0, 0x89, 0xc5, 0xe3, 0xf2, 0x51,
    0x1b, 0x9, 0xc9, 0x4d, 0x4a, 0x63, 0x15, 0x28,
    0x89, 0x44, 0x58, 0x22, 0x7, 0x0,

    /* U+6813 "栓" */
    0x21, 0x82, 0x18, 0x23, 0xcf, 0x66, 0x2c, 0x36,
    0xff, 0x71, 0xa, 0x10, 0xa7, 0xea, 0x10, 0x21,
    0x2, 0x10, 0x2f, 0xf0,

    /* U+6816 "栖" */
    0x20, 0x2, 0xff, 0x21, 0x4f, 0x14, 0x27, 0xf6,
    0x55, 0x75, 0x57, 0x55, 0xa6, 0x7a, 0x41, 0x24,
    0x12, 0x7f, 0x24, 0x10,

    /* U+6817 "栗" */
    0xff, 0xf0, 0x90, 0x7f, 0xe4, 0x92, 0x49, 0x27,
    0xfe, 0x2, 0xf, 0xff, 0xb, 0x1, 0x28, 0x62,
    0x68, 0x21,

    /* U+6821 "校" */
    0x21, 0x2, 0x8, 0x2f, 0xff, 0x4, 0x62, 0x66,
    0x42, 0x7a, 0x5b, 0x24, 0xa3, 0x8a, 0x18, 0x21,
    0xc2, 0x66, 0x28, 0x10,

    /* U+682A "株" */
    0x20, 0x81, 0x14, 0x8, 0xa1, 0xf7, 0xe2, 0x48,
    0x1a, 0x41, 0xbf, 0xcc, 0x38, 0xa1, 0xc5, 0x15,
    0x9, 0xa4, 0x59, 0x32, 0x8, 0x0,

    /* U+6837 "样" */
    0x24, 0x11, 0x11, 0x8, 0x89, 0xef, 0xe2, 0x8,
    0x30, 0x41, 0xdf, 0xd6, 0x10, 0xa0, 0x85, 0x7f,
    0xc8, 0x20, 0x41, 0x2, 0x8, 0x0,

    /* U+6838 "核" */
    0x21, 0x82, 0x8, 0x2f, 0xff, 0x10, 0x22, 0x6,
    0x24, 0x77, 0xcb, 0x19, 0xa3, 0x2a, 0xc4, 0x21,
    0xc2, 0x32, 0x2c, 0x10,

    /* U+6839 "根" */
    0x20, 0x1, 0x3f, 0x89, 0x5, 0xff, 0xe2, 0x41,
    0x1a, 0x9, 0xbf, 0xcd, 0x90, 0xa4, 0xb5, 0x23,
    0x9, 0x18, 0x4b, 0x62, 0x60, 0x80,

    /* U+683C "格" */
    0x21, 0x81, 0x8, 0x88, 0xbd, 0xfe, 0x42, 0x5e,
    0x18, 0x61, 0xe7, 0x8d, 0xc3, 0xaf, 0xf5, 0x10,
    0x88, 0x84, 0x44, 0x22, 0x3f, 0x0,

    /* U+683D "栽" */
    0x10, 0x80, 0x85, 0x1f, 0xa4, 0x21, 0xf, 0xff,
    0x80, 0x40, 0x42, 0x5f, 0xd2, 0x10, 0xa1, 0xe2,
    0x14, 0xb3, 0x22, 0xd1, 0x23, 0x80,

    /* U+6842 "桂" */
    0x20, 0x81, 0x4, 0x9, 0xfd, 0xf1, 0x2, 0x8,
    0x3b, 0xfd, 0xc0, 0xd, 0x10, 0xa7, 0xf5, 0x4,
    0x8, 0x20, 0x41, 0x2, 0xff, 0x80,

    /* U+6843 "桃" */
    0x21, 0x41, 0xa, 0x8, 0x51, 0xea, 0xa2, 0x75,
    0x30, 0xa1, 0xc5, 0xc, 0x6e, 0xa5, 0x5d, 0x4a,
    0x8, 0x90, 0x48, 0x92, 0x87, 0x80,

    /* U+6845 "桅" */
    0x22, 0x1, 0x1f, 0x8, 0x99, 0xf8, 0x82, 0x7f,
    0x9e, 0x1, 0xd7, 0xcd, 0xa2, 0xa5, 0x15, 0x2b,
    0x89, 0x40, 0x4a, 0x12, 0x9f, 0x0,

    /* U+6846 "框" */
    0x20, 0x1, 0x3f, 0xc9, 0x1, 0xfb, 0xf2, 0x44,
    0x1a, 0x21, 0xb7, 0xec, 0x88, 0xa4, 0x45, 0x2f,
    0xc9, 0x0, 0x4f, 0xf2, 0x0, 0x0,

    /* U+6848 "案" */
    0x2, 0x7, 0xff, 0xe1, 0x2, 0x8, 0xf, 0xff,
    0x88, 0x60, 0x7c, 0x1f, 0x9e, 0x2, 0x7, 0xff,
    0xc3, 0xe0, 0x64, 0xcc, 0x21, 0x80,

    /* U+684C "桌" */
    0x2, 0x0, 0x1f, 0xc0, 0x80, 0x7f, 0xe2, 0x1,
    0x1f, 0xf8, 0x80, 0x47, 0xfe, 0x2, 0x7, 0xff,
    0xc3, 0xe0, 0x64, 0xcc, 0x21, 0x80,

    /* U+6850 "桐" */
    0x20, 0x1, 0x3f, 0xc9, 0x3, 0xfb, 0xd2, 0x40,
    0x9a, 0xf5, 0xb4, 0xad, 0xa5, 0xa5, 0x2d, 0x2f,
    0x49, 0x2, 0x48, 0x12, 0x43, 0x80,

    /* U+6851 "桑" */
    0x3f, 0xc3, 0x90, 0x7e, 0xcf, 0xbf, 0x8, 0x27,
    0x1c, 0x7b, 0x68, 0x60, 0xff, 0xf0, 0xf0, 0x36,
    0xcc, 0x63,

    /* U+6863 "档" */
    0x20, 0x82, 0x49, 0x24, 0x9f, 0xaa, 0x20, 0x87,
    0x7f, 0x78, 0x16, 0x1, 0xa7, 0xfa, 0x1, 0x20,
    0x12, 0xff, 0x20, 0x10,

    /* U+6865 "桥" */
    0x20, 0x31, 0x1f, 0x8, 0x21, 0xf1, 0x2, 0x7f,
    0x98, 0x91, 0xa8, 0x4c, 0xa5, 0xa1, 0x25, 0x9,
    0x8, 0xc8, 0x44, 0x42, 0x42, 0x0,

    /* U+6866 "桦" */
    0x22, 0x41, 0x12, 0x89, 0x1d, 0xe8, 0xc6, 0xdc,
    0x32, 0x25, 0xd1, 0xd4, 0x10, 0xa0, 0x85, 0x7f,
    0xc8, 0x20, 0x41, 0x2, 0x8, 0x0,

    /* U+6868 "桨" */
    0x11, 0xd, 0x3f, 0x56, 0x11, 0x12, 0x71, 0xcd,
    0x18, 0x16, 0x0, 0x60, 0xff, 0xf0, 0xf0, 0x16,
    0x8e, 0x67, 0x86, 0x10,

    /* U+6869 "桩" */
    0x20, 0x82, 0x4, 0x27, 0xff, 0xff, 0x24, 0x43,
    0x44, 0x6d, 0xf6, 0x44, 0xa4, 0x4a, 0x44, 0x24,
    0x42, 0x44, 0x2b, 0xf0,

    /* U+6876 "桶" */
    0x20, 0x2, 0xff, 0x22, 0x6f, 0x1c, 0x6f, 0xf6,
    0x89, 0x78, 0x9b, 0xff, 0xa8, 0x92, 0xff, 0x28,
    0x92, 0x89, 0x28, 0xb0,

    /* U+6881 "梁" */
    0x0, 0x6, 0xfc, 0x82, 0x64, 0xa6, 0x32, 0x54,
    0x45, 0xc9, 0xc0, 0x40, 0xff, 0xf0, 0xd0, 0x14,
    0x86, 0x46, 0x84, 0x10,

    /* U+6885 "梅" */
    0x22, 0x2, 0x20, 0x27, 0xff, 0x40, 0x23, 0xf6,
    0x29, 0x72, 0x5b, 0xff, 0xa5, 0x9a, 0x41, 0x27,
    0xf2, 0x1, 0x20, 0x60,

    /* U+6886 "梆" */
    0x22, 0x1, 0x13, 0xcb, 0xd3, 0xe4, 0xa6, 0x25,
    0x33, 0xa9, 0xc9, 0x56, 0x49, 0xaf, 0xcd, 0x12,
    0x49, 0x16, 0x48, 0x82, 0x84, 0x0,

    /* U+6897 "梗" */
    0x20, 0x1, 0x7f, 0x88, 0x21, 0xff, 0xe2, 0x89,
    0x37, 0xf9, 0xe2, 0x55, 0xfe, 0xac, 0x81, 0x2c,
    0x8, 0xc0, 0x4f, 0x83, 0x87, 0x0,

    /* U+68A2 "梢" */
    0x20, 0x91, 0x24, 0x88, 0xad, 0xf1, 0x2, 0x7f,
    0x1a, 0x9, 0xd0, 0x4d, 0xfe, 0xa4, 0x15, 0x3f,
    0x89, 0x4, 0x48, 0x22, 0x47, 0x0,

    /* U+68A6 "梦" */
    0x10, 0x40, 0x82, 0x3f, 0xfe, 0x71, 0xc5, 0x55,
    0x49, 0x24, 0x10, 0x3, 0xfc, 0x30, 0x62, 0xc6,
    0x1, 0xe0, 0x1c, 0xf, 0x0, 0x0,

    /* U+68A7 "梧" */
    0x20, 0x1, 0x3f, 0xc8, 0x41, 0xff, 0xe2, 0x11,
    0x38, 0x89, 0xbf, 0xec, 0x0, 0xa3, 0xf5, 0x10,
    0x88, 0x84, 0x44, 0x22, 0x3f, 0x0,

    /* U+68A8 "梨" */
    0x4, 0x2f, 0x92, 0x11, 0x2f, 0xd2, 0x31, 0x25,
    0xd2, 0x90, 0x20, 0x44, 0xff, 0xf0, 0xd0, 0x14,
    0x86, 0x46, 0x84, 0x10,

    /* U+68AD "梭" */
    0x21, 0x1, 0x1a, 0x9, 0x89, 0xef, 0xe2, 0x24,
    0x32, 0x19, 0xe4, 0x54, 0x7c, 0xa6, 0x25, 0x5a,
    0x8, 0x60, 0x47, 0xc2, 0xc3, 0x0,

    /* U+68AF "梯" */
    0x22, 0x22, 0x22, 0x22, 0x4f, 0x5b, 0x20, 0x96,
    0x7f, 0x74, 0x8b, 0x48, 0xa7, 0xfa, 0x19, 0x22,
    0x92, 0xcb, 0x20, 0x80,

    /* U+68B0 "械" */
    0x20, 0x41, 0x2, 0x88, 0x15, 0xef, 0xf2, 0x4,
    0x11, 0xa1, 0xcd, 0x4c, 0xfa, 0x63, 0x55, 0x29,
    0x29, 0x48, 0x4a, 0xd2, 0x9, 0x80,

    /* U+68B3 "梳" */
    0x20, 0x81, 0x4, 0xb, 0xff, 0xe6, 0x42, 0x62,
    0x37, 0xf9, 0xe0, 0x6e, 0x0, 0xa4, 0xa5, 0x25,
    0x9, 0x28, 0x51, 0x53, 0x8b, 0x80,

    /* U+68C0 "检" */
    0x20, 0x81, 0xc, 0x8, 0x51, 0xe4, 0x46, 0x41,
    0x3d, 0xf5, 0xc0, 0x16, 0x92, 0xa4, 0x91, 0x15,
    0x8, 0x8, 0x5f, 0xf2, 0x0, 0x0,

    /* U+68C9 "棉" */
    0x20, 0x82, 0x7f, 0x24, 0x1f, 0xff, 0x24, 0x17,
    0x7f, 0x68, 0x86, 0x7f, 0xa4, 0x9a, 0x49, 0x24,
    0x92, 0x4b, 0x20, 0x80,

    /* U+68CB "棋" */
    0x22, 0x10, 0x88, 0x42, 0x7f, 0xbe, 0x84, 0x23,
    0xf0, 0xc8, 0x46, 0xbf, 0x18, 0x84, 0xa2, 0x12,
    0x9f, 0xe2, 0x10, 0x8, 0x86, 0x24, 0xc,

    /* U+68CD "棍" */
    0x20, 0x1, 0x1f, 0x88, 0x85, 0xf7, 0xe2, 0x21,
    0x19, 0xf9, 0xa9, 0xc, 0x48, 0xa3, 0xf5, 0x12,
    0x8, 0x90, 0x4d, 0x92, 0x77, 0x80,

    /* U+68D2 "棒" */
    0x20, 0x82, 0xff, 0x21, 0xf, 0x7e, 0x61, 0x6,
    0xff, 0x72, 0x47, 0x4a, 0xaf, 0xda, 0x8, 0x27,
    0xe2, 0x8, 0x20, 0x80,

    /* U+68D5 "棕" */
    0x21, 0x2, 0x18, 0x2f, 0xff, 0x81, 0x27, 0xe6,
    0x0, 0x70, 0xb, 0xff, 0xa0, 0x8a, 0x4a, 0x2c,
    0xb2, 0x89, 0x23, 0x80,

    /* U+68D8 "棘" */
    0x10, 0x40, 0x82, 0x3f, 0xfc, 0x20, 0x8f, 0xdf,
    0x4a, 0xaa, 0x55, 0x57, 0xae, 0x30, 0xe2, 0xc7,
    0x15, 0x55, 0x2c, 0xa1, 0x4, 0x0,

    /* U+68DA "棚" */
    0x20, 0x2, 0xf7, 0x29, 0x5f, 0x95, 0x6f, 0x76,
    0x95, 0x79, 0x5a, 0xf7, 0xa9, 0x5a, 0x99, 0x29,
    0x92, 0x99, 0x33, 0xb0,

    /* U+68E0 "棠" */
    0x64, 0x62, 0x44, 0xff, 0xf8, 0x1, 0xbf, 0xd2,
    0x4, 0x3f, 0xc0, 0x40, 0x4, 0xf, 0xff, 0xd,
    0x7, 0x4c, 0x84, 0x30,

    /* U+68EE "森" */
    0x2, 0x0, 0x10, 0x1f, 0xfc, 0x1f, 0x1, 0x24,
    0x71, 0x1c, 0x41, 0x2, 0x8, 0xfd, 0xf9, 0x87,
    0x17, 0x55, 0x24, 0x91, 0x4, 0x0,

    /* U+68F1 "棱" */
    0x20, 0x81, 0x4, 0x9, 0xfd, 0xe1, 0x6, 0xff,
    0xb1, 0xb1, 0xf4, 0x74, 0x7e, 0xa6, 0x25, 0x4a,
    0x8, 0x70, 0x46, 0xc2, 0xc1, 0x80,

    /* U+68F5 "棵" */
    0x20, 0x1, 0x3f, 0x89, 0x25, 0xef, 0xe2, 0x49,
    0x33, 0xf9, 0xc2, 0x15, 0xff, 0xa1, 0xc1, 0x15,
    0x9, 0xac, 0x59, 0x32, 0x8, 0x0,

    /* U+68FA "棺" */
    0x20, 0x82, 0x8, 0x27, 0xff, 0xc1, 0x23, 0xe3,
    0x22, 0x72, 0x26, 0xbe, 0xe2, 0xa, 0x3f, 0xa2,
    0x12, 0x21, 0x23, 0xf0,

    /* U+6905 "椅" */
    0x20, 0x82, 0x7f, 0x21, 0x8f, 0x1c, 0x26, 0x26,
    0xff, 0x70, 0x2a, 0x7a, 0xa4, 0xaa, 0x4a, 0x27,
    0xa2, 0x2, 0x20, 0xe0,

    /* U+690D "植" */
    0x21, 0x2, 0x10, 0x2f, 0xff, 0x10, 0x27, 0xe6,
    0x42, 0x77, 0xe7, 0x42, 0xa7, 0xea, 0x42, 0x27,
    0xe2, 0x42, 0x2f, 0xf0,

    /* U+690E "椎" */
    0x22, 0x42, 0x24, 0x24, 0x4f, 0x7f, 0x6c, 0x46,
    0x7f, 0x74, 0x4a, 0x44, 0xa7, 0xfa, 0x44, 0x24,
    0x42, 0x7f, 0x24, 0x0,

    /* U+6912 "椒" */
    0x22, 0x1, 0x13, 0xc8, 0x93, 0xe6, 0x96, 0x24,
    0xb7, 0xe9, 0xc8, 0xd6, 0xc6, 0xaa, 0xb1, 0x55,
    0xc, 0x9c, 0x44, 0xa2, 0x78, 0x80,

    /* U+692D "椭" */
    0x20, 0x42, 0xe4, 0x2b, 0xff, 0xc8, 0x6c, 0x86,
    0xdf, 0x6b, 0x9b, 0xaf, 0xaa, 0x9a, 0xef, 0x28,
    0x92, 0x89, 0x28, 0xb0,

    /* U+6930 "椰" */
    0x20, 0x1, 0x7f, 0xc9, 0x53, 0xea, 0xa2, 0x75,
    0x12, 0xa9, 0xd5, 0x4f, 0xe9, 0x65, 0x4d, 0x2a,
    0x4b, 0xf6, 0x42, 0x82, 0x14, 0x0,

    /* U+693F "椿" */
    0x20, 0x81, 0x4, 0x9, 0xfc, 0x41, 0xf, 0x36,
    0x37, 0xfd, 0xc8, 0x94, 0xfe, 0xae, 0x3d, 0x1f,
    0x8, 0x88, 0x44, 0x42, 0x3e, 0x0,

    /* U+6954 "楔" */
    0x24, 0x2, 0xff, 0x24, 0x5f, 0xe5, 0x64, 0x56,
    0xf9, 0x75, 0x3a, 0x10, 0xaf, 0xf2, 0x18, 0x22,
    0x82, 0x66, 0x28, 0x30,

    /* U+695A "楚" */
    0x10, 0x41, 0xf7, 0xe3, 0x8e, 0x1d, 0x76, 0x10,
    0x40, 0x0, 0x7, 0xff, 0x80, 0x86, 0x12, 0x10,
    0x4f, 0x83, 0x20, 0xa, 0x80, 0x47, 0xf8,

    /* U+695E "楞" */
    0x20, 0x1, 0x3f, 0xc9, 0x53, 0xea, 0x92, 0x7f,
    0x98, 0x41, 0xdf, 0xec, 0x20, 0xa1, 0xf5, 0x8,
    0x88, 0x84, 0x4c, 0x22, 0xc6, 0x0,

    /* U+6963 "楣" */
    0x20, 0x2, 0x7f, 0x28, 0x9f, 0x89, 0x67, 0xf6,
    0x80, 0x7b, 0xfb, 0xa1, 0xab, 0xfa, 0xa1, 0x2b,
    0xf2, 0xbf, 0x32, 0x10,

    /* U+6977 "楷" */
    0x24, 0x81, 0x24, 0x9, 0xfd, 0xe9, 0x6, 0x48,
    0xb7, 0x7d, 0xc4, 0x14, 0xfe, 0xa4, 0x11, 0x3f,
    0x89, 0x4, 0x48, 0x22, 0x7f, 0x0,

    /* U+697C "楼" */
    0x20, 0x91, 0x35, 0x88, 0xa9, 0xef, 0xe2, 0x3e,
    0x3e, 0x4d, 0xc4, 0x16, 0x20, 0xaf, 0xfd, 0x11,
    0x9, 0xd0, 0x43, 0xc2, 0xe1, 0x0,

    /* U+6982 "概" */
    0x20, 0x0, 0xbd, 0xe2, 0x91, 0x1f, 0xd4, 0x29,
    0x50, 0xa5, 0x47, 0xff, 0xda, 0xc, 0x69, 0x32,
    0xad, 0xc2, 0xc5, 0x48, 0x25, 0x21, 0x98,

    /* U+6984 "榄" */
    0x22, 0x42, 0xa8, 0x2a, 0xff, 0xb4, 0x6a, 0x26,
    0x0, 0x77, 0xe7, 0x82, 0xa9, 0x2a, 0x92, 0x21,
    0xa2, 0x29, 0x2c, 0xf0,

    /* U+6986 "榆" */
    0x20, 0x81, 0xe, 0x8, 0xd9, 0xec, 0x66, 0xbe,
    0xb0, 0x1, 0x9d, 0x56, 0xaa, 0xa7, 0x55, 0x2a,
    0x89, 0xd4, 0x4a, 0x22, 0x53, 0x0,

    /* U+6994 "榔" */
    0x22, 0x1, 0x9, 0xc9, 0xf3, 0xe9, 0xa2, 0x7d,
    0x1a, 0x69, 0xd3, 0x4d, 0xf9, 0x64, 0x4d, 0x2a,
    0x49, 0xf6, 0x59, 0x82, 0x4, 0x0,

    /* U+6995 "榕" */
    0x20, 0x82, 0x8, 0x2f, 0xff, 0xc1, 0x62, 0x67,
    0x49, 0x71, 0x4a, 0x63, 0xaf, 0xfa, 0x22, 0x22,
    0x22, 0x22, 0x23, 0xe0,

    /* U+699B "榛" */
    0x20, 0x81, 0x3f, 0x88, 0x21, 0xef, 0xe6, 0x10,
    0x37, 0xfd, 0xc8, 0x95, 0xfa, 0xa8, 0x8d, 0x3f,
    0x88, 0x70, 0x4d, 0x62, 0x88, 0x0,

    /* U+699C "榜" */
    0x20, 0x81, 0x3f, 0xc8, 0x89, 0xe2, 0x46, 0xff,
    0xb4, 0x45, 0xc2, 0x16, 0xff, 0xa1, 0x5, 0xf,
    0x8, 0x88, 0x4c, 0x42, 0xc6, 0x0,

    /* U+69A8 "榨" */
    0x21, 0x1, 0x7f, 0xca, 0x3, 0xe4, 0x82, 0x43,
    0x31, 0x1, 0xcf, 0xf6, 0xa0, 0xa9, 0xf1, 0x8,
    0x8, 0x7c, 0x42, 0x2, 0x10, 0x0,

    /* U+69B4 "榴" */
    0x21, 0x1, 0x77, 0xca, 0x13, 0xf2, 0x92, 0xb4,
    0xb6, 0x49, 0xe2, 0x16, 0xfe, 0xa4, 0x95, 0x3f,
    0x89, 0x24, 0x49, 0x22, 0x7f, 0x0,

    /* U+69D0 "槐" */
    0x10, 0x40, 0x41, 0x1, 0x7f, 0x9f, 0x92, 0x37,
    0xf8, 0xd9, 0x25, 0xff, 0x96, 0x20, 0x50, 0xd2,
    0x47, 0x61, 0x17, 0x85, 0x91, 0x1c, 0x7c,

    /* U+69FD "槽" */
    0x21, 0x42, 0xff, 0x21, 0x4f, 0xff, 0x29, 0x56,
    0xff, 0x69, 0x5b, 0x6a, 0xa7, 0xea, 0x42, 0x27,
    0xe2, 0x42, 0x27, 0xe0,

    /* U+6A0A "樊" */
    0x22, 0x42, 0xc4, 0xf7, 0xf6, 0x8c, 0x7c, 0xea,
    0x75, 0x28, 0x40, 0x40, 0xff, 0xf0, 0xa0, 0xb,
    0x7, 0xc, 0x80, 0x10,

    /* U+6A1F "樟" */
    0x20, 0x81, 0x3f, 0xc8, 0x89, 0xe2, 0xc6, 0x69,
    0xb3, 0xf9, 0xd0, 0x56, 0xfe, 0xa4, 0x15, 0x1f,
    0xb, 0xfe, 0x41, 0x2, 0x8, 0x0,

    /* U+6A21 "模" */
    0x22, 0x42, 0xff, 0x22, 0x4f, 0x0, 0x27, 0xe6,
    0x42, 0x77, 0xeb, 0x7e, 0xa1, 0xa, 0xff, 0x21,
    0x82, 0x64, 0x2c, 0x30,

    /* U+6A2A "横" */
    0x21, 0x21, 0x3f, 0xc8, 0x49, 0xf2, 0x42, 0x7f,
    0x90, 0x41, 0xdf, 0xed, 0x91, 0x6f, 0xfd, 0x24,
    0x69, 0xfe, 0x42, 0x42, 0xe1, 0x80,

    /* U+6A31 "樱" */
    0x20, 0x1, 0x7f, 0x8a, 0xf5, 0xf7, 0xa2, 0xbd,
    0x3d, 0xe9, 0xd6, 0x8d, 0x22, 0xaf, 0xfd, 0x12,
    0x9, 0xd0, 0x43, 0xc2, 0xe3, 0x0,

    /* U+6A44 "橄" */
    0x20, 0x20, 0x9c, 0x82, 0x16, 0x3f, 0xfe, 0x65,
    0x49, 0x95, 0x27, 0x7c, 0x99, 0x4c, 0xa7, 0x32,
    0x94, 0xc2, 0x7b, 0xa, 0x5e, 0x21, 0xc8,

    /* U+6A58 "橘" */
    0x20, 0x1, 0x1f, 0xc8, 0x79, 0xff, 0xf2, 0x15,
    0x9b, 0x21, 0xc3, 0xd, 0xff, 0xa5, 0xed, 0x30,
    0xc9, 0x7a, 0x4b, 0xd2, 0x41, 0x80,

    /* U+6A59 "橙" */
    0x20, 0x81, 0x7b, 0x8, 0x91, 0xec, 0xe2, 0x7e,
    0x34, 0xd, 0xdf, 0x96, 0x84, 0xa7, 0xe5, 0x1,
    0x8, 0x90, 0x44, 0x82, 0xff, 0x80,

    /* U+6A61 "橡" */
    0x22, 0x1, 0x1e, 0x9, 0x11, 0xff, 0xe2, 0x49,
    0x3b, 0xf9, 0xcc, 0x55, 0x94, 0xa3, 0xe5, 0x65,
    0x8, 0xe4, 0x59, 0x12, 0x18, 0x0,

    /* U+6A71 "橱" */
    0x20, 0x1, 0x7f, 0xca, 0x1, 0xf7, 0x26, 0x81,
    0x35, 0xfd, 0xea, 0x57, 0x7a, 0xa8, 0x55, 0x55,
    0x8a, 0xc4, 0x5f, 0x22, 0x3, 0x0,

    /* U+6A80 "檀" */
    0x21, 0x1, 0x7f, 0xc8, 0x1, 0xff, 0xe6, 0xbd,
    0x35, 0xe9, 0xdf, 0xce, 0x0, 0xa7, 0xf5, 0x3f,
    0x89, 0xc, 0x4f, 0xe2, 0xff, 0x80,

    /* U+6A90 "檐" */
    0x23, 0x1, 0x1f, 0x9, 0x11, 0xff, 0xf6, 0x51,
    0x32, 0x21, 0xde, 0xf4, 0xbe, 0xa4, 0x5, 0x2f,
    0x8a, 0x7c, 0x52, 0x23, 0x1f, 0x0,

    /* U+6AA9 "檩" */
    0x21, 0x1, 0x7f, 0x88, 0x1, 0xef, 0xe6, 0xbd,
    0x35, 0xe9, 0xdf, 0xd6, 0x0, 0xa7, 0xe5, 0x7f,
    0xc9, 0x48, 0x52, 0x62, 0x30, 0x0,

    /* U+6AAC "檬" */
    0x22, 0x41, 0x7f, 0xc8, 0x91, 0xff, 0xf6, 0x80,
    0xb1, 0xf1, 0xff, 0xee, 0x62, 0xad, 0x65, 0x35,
    0x8, 0xec, 0x59, 0x32, 0x18, 0x0,

    /* U+6B20 "欠" */
    0x10, 0x0, 0x80, 0xf, 0xfc, 0x40, 0x26, 0x23,
    0x61, 0x10, 0x8, 0x0, 0xe0, 0x5, 0x0, 0x44,
    0x6, 0x10, 0xc0, 0x70, 0x0, 0x0,

    /* U+6B21 "次" */
    0x4, 0xc, 0x40, 0x27, 0xf0, 0x83, 0x9, 0x21,
    0x12, 0x21, 0x2, 0x18, 0x42, 0x8c, 0x6c, 0x8c,
    0x61, 0x83, 0x0, 0x0,

    /* U+6B22 "欢" */
    0x0, 0x81, 0xf6, 0x0, 0x5f, 0x81, 0x42, 0x45,
    0x48, 0xa1, 0x1, 0x84, 0x6, 0x10, 0x18, 0xa0,
    0xb2, 0x86, 0x11, 0x10, 0xc6, 0x0, 0x8,

    /* U+6B23 "欣" */
    0xc, 0x83, 0x84, 0x10, 0x7e, 0x82, 0x17, 0xd4,
    0xa5, 0x29, 0x21, 0x9, 0x8, 0x48, 0x62, 0x45,
    0x12, 0x2c, 0x92, 0x28, 0xb0, 0x80,

    /* U+6B27 "欧" */
    0x1, 0xf, 0xd0, 0x81, 0xfc, 0xa1, 0xaa, 0x9a,
    0xaa, 0x90, 0x89, 0x88, 0xa8, 0x8a, 0xdc, 0xc5,
    0x48, 0x12, 0xfe, 0x30, 0x20,

    /* U+6B32 "欲" */
    0x28, 0x82, 0x28, 0x24, 0xfe, 0x62, 0x92, 0xe5,
    0x23, 0x23, 0xf1, 0x8, 0x88, 0x44, 0xa2, 0x25,
    0x1f, 0x44, 0x86, 0x30,

    /* U+6B3A "欺" */
    0x44, 0x82, 0x24, 0x3f, 0xbe, 0x8a, 0x17, 0xd5,
    0x23, 0x29, 0xf1, 0x8, 0x88, 0x44, 0x67, 0xf5,
    0xa, 0x28, 0xdb, 0x2c, 0x71, 0x80,

    /* U+6B3E "款" */
    0x20, 0x81, 0xc, 0x3f, 0x60, 0x43, 0xff, 0xd0,
    0x81, 0x2b, 0xf9, 0x40, 0x8, 0xfc, 0x43, 0x7,
    0x29, 0x29, 0x42, 0x26, 0x20, 0x80,

    /* U+6B47 "歇" */
    0x0, 0x83, 0xe4, 0x11, 0x20, 0xfb, 0xf4, 0x51,
    0x1d, 0xa9, 0xf1, 0x12, 0x88, 0x74, 0x63, 0x25,
    0x1f, 0x28, 0xa, 0x20, 0xd1, 0x0,

    /* U+6B49 "歉" */
    0x44, 0x81, 0x44, 0x3f, 0xbc, 0x52, 0x2f, 0xd5,
    0x16, 0xab, 0xf9, 0x5, 0x88, 0xfc, 0x43, 0x45,
    0x1b, 0x29, 0x52, 0x22, 0xb1, 0x0,

    /* U+6B4C "歌" */
    0x0, 0x87, 0xf4, 0x1, 0x60, 0xeb, 0xf5, 0x51,
    0x13, 0x2b, 0xf9, 0x0, 0x88, 0x74, 0x62, 0xa5,
    0x1d, 0x2c, 0x8a, 0x20, 0xe0, 0x80,

    /* U+6B62 "止" */
    0x1, 0x0, 0x8, 0x0, 0x40, 0x42, 0x2, 0x10,
    0x10, 0xfc, 0x84, 0x4, 0x20, 0x21, 0x1, 0x8,
    0x8, 0x41, 0xff, 0xf0,

    /* U+6B63 "正" */
    0x7f, 0xf0, 0x10, 0x0, 0x80, 0x44, 0x2, 0x20,
    0x11, 0xf0, 0x88, 0x4, 0x40, 0x22, 0x1, 0x10,
    0x3f, 0xfe,

    /* U+6B64 "此" */
    0x9, 0x0, 0x48, 0x2, 0x40, 0x92, 0x4, 0x93,
    0xa7, 0xb1, 0x26, 0x9, 0x20, 0x49, 0x2, 0x48,
    0x12, 0x42, 0x9e, 0x1f, 0x1f, 0x0,

    /* U+6B65 "步" */
    0x2, 0x0, 0x20, 0x23, 0xe2, 0x20, 0x22, 0xf,
    0xff, 0x2, 0x1, 0x22, 0x22, 0x44, 0x28, 0x3,
    0x0, 0xe0, 0xf8, 0x8, 0x0,

    /* U+6B66 "武" */
    0x0, 0xa3, 0xf4, 0x80, 0x26, 0x1, 0xf, 0xff,
    0x84, 0x41, 0x22, 0x9, 0xe8, 0x48, 0x42, 0x42,
    0x52, 0x12, 0xfe, 0x5c, 0x3, 0x80,

    /* U+6B67 "歧" */
    0x10, 0x40, 0x82, 0x4, 0xfe, 0xa0, 0x85, 0xc4,
    0x29, 0xfd, 0x48, 0x4a, 0x22, 0x51, 0xa2, 0xe6,
    0x1c, 0x39, 0x6, 0x70, 0x0, 0x80,

    /* U+6B6A "歪" */
    0x7f, 0xf0, 0x10, 0x3, 0xe0, 0x74, 0xce, 0x23,
    0x81, 0x1, 0xff, 0xc0, 0x40, 0x23, 0xe1, 0x10,
    0x8, 0x81, 0xff, 0xf0,

    /* U+6B79 "歹" */
    0xff, 0xe1, 0x0, 0x20, 0xf, 0xe3, 0xc, 0xc1,
    0x26, 0x60, 0x28, 0x2, 0x1, 0x80, 0xe0, 0x30,
    0x0,

    /* U+6B7B "死" */
    0xff, 0xf3, 0x10, 0x21, 0x3, 0xd3, 0x45, 0x6c,
    0x58, 0xa9, 0x1, 0x90, 0x19, 0x3, 0x11, 0x61,
    0x1c, 0x1f,

    /* U+6B7C "歼" */
    0xfc, 0xf1, 0xa, 0x8, 0x10, 0xf0, 0x84, 0x84,
    0x65, 0xff, 0xa1, 0x2, 0x8, 0x10, 0x41, 0x2,
    0x18, 0x11, 0x80, 0x80,

    /* U+6B83 "殃" */
    0x0, 0x87, 0xc4, 0x8, 0x20, 0x87, 0xe7, 0xa9,
    0x25, 0x4a, 0x4a, 0x5e, 0xff, 0x10, 0xc1, 0xa,
    0x8, 0x58, 0x84, 0x68, 0x41, 0x80,

    /* U+6B89 "殉" */
    0x0, 0xf, 0xa0, 0x43, 0xf4, 0x41, 0x7c, 0x15,
    0x3d, 0x92, 0x5b, 0x3d, 0x12, 0x52, 0x3d, 0x22,
    0x14, 0x21, 0x80, 0x70,

    /* U+6B8A "殊" */
    0x0, 0x87, 0xd4, 0x10, 0xa0, 0x8f, 0xe7, 0xc8,
    0x28, 0x43, 0x5f, 0xd6, 0x38, 0x13, 0xc1, 0x15,
    0x9, 0x24, 0x91, 0x8, 0x8, 0x0,

    /* U+6B8B "残" */
    0x1, 0xf, 0x96, 0x41, 0x4, 0x1f, 0x7f, 0x5,
    0x10, 0x93, 0xff, 0x51, 0x30, 0xa2, 0xe, 0x21,
    0x84, 0x75, 0x8c, 0x70,

    /* U+6B96 "殖" */
    0x0, 0x47, 0xc4, 0x9, 0xfe, 0x81, 0x7, 0xbf,
    0x25, 0xb, 0x2f, 0xdd, 0x42, 0x13, 0xf0, 0x90,
    0x88, 0xfc, 0x44, 0x2c, 0x7f, 0x80,

    /* U+6BB4 "殴" */
    0xfd, 0xe4, 0x9, 0x32, 0x49, 0x56, 0x6a, 0xa0,
    0x49, 0xfa, 0x64, 0x95, 0x24, 0xe8, 0xc4, 0x6,
    0x3f, 0x4c, 0x4, 0x20,

    /* U+6BB5 "段" */
    0x8, 0x1, 0xcf, 0x10, 0x48, 0x82, 0x47, 0x92,
    0x21, 0x1d, 0x0, 0xf, 0x7e, 0x41, 0x32, 0x49,
    0x3c, 0x30, 0x83, 0xc4, 0x71, 0x80,

    /* U+6BB7 "殷" */
    0x7c, 0xe2, 0x5, 0x1f, 0x28, 0x89, 0x47, 0xd3,
    0x22, 0x1, 0xe7, 0xcf, 0x94, 0x44, 0xa2, 0x22,
    0x21, 0x29, 0x3e, 0x20,

    /* U+6BBF "殿" */
    0x7e, 0xf1, 0xa, 0x47, 0xe9, 0x15, 0x66, 0x55,
    0x1, 0xff, 0xe5, 0x48, 0x9f, 0xa4, 0x44, 0x61,
    0x51, 0x8a, 0x39, 0x80, 0x40,

    /* U+6BC1 "毁" */
    0xdd, 0xe4, 0x29, 0x37, 0x49, 0xa, 0x48, 0x73,
    0x7f, 0x0, 0xf, 0xdf, 0xa4, 0x21, 0xa1, 0x6,
    0x1f, 0x79, 0x6, 0x60,

    /* U+6BC5 "毅" */
    0x20, 0x1, 0xf, 0x3f, 0x48, 0x92, 0x45, 0x12,
    0x57, 0xb, 0x5f, 0xc7, 0x24, 0x59, 0x25, 0xe6,
    0x1a, 0x31, 0x23, 0xc3, 0x21, 0x0,

    /* U+6BCD "母" */
    0x3f, 0xe2, 0x2, 0x26, 0x22, 0x2, 0xff, 0xf6,
    0x2, 0x4c, 0x24, 0x24, 0x40, 0x47, 0xff, 0x0,
    0x40, 0x38,

    /* U+6BCF "每" */
    0x0, 0x0, 0x80, 0xf, 0xfe, 0xc0, 0xf, 0xfe,
    0x13, 0x10, 0x84, 0x9f, 0xff, 0x24, 0x21, 0x19,
    0xf, 0xfe, 0x0, 0xc0, 0x1c, 0x0,

    /* U+6BD2 "毒" */
    0x2, 0x3, 0xff, 0x80, 0x80, 0x7f, 0xc0, 0x20,
    0x7f, 0xfc, 0x0, 0x7, 0xfc, 0xff, 0xf9, 0x11,
    0x8, 0x88, 0x7f, 0xe0, 0x1c, 0x0,

    /* U+6BD4 "比" */
    0x41, 0x4, 0x10, 0x41, 0x4, 0x12, 0x41, 0x27,
    0x94, 0x41, 0x84, 0x10, 0x41, 0x4, 0x11, 0x41,
    0x17, 0xd1, 0x61, 0xe0,

    /* U+6BD5 "毕" */
    0x43, 0x2, 0x19, 0x9f, 0xf8, 0x86, 0x4, 0x30,
    0xa7, 0x85, 0xc7, 0xc0, 0xc0, 0x6, 0x7, 0xff,
    0xc1, 0x80, 0xc, 0x0, 0x60, 0x0,

    /* U+6BD9 "毙" */
    0x41, 0x4, 0x12, 0x7d, 0xc4, 0x10, 0x4d, 0x17,
    0x1f, 0x0, 0xf, 0xff, 0x3d, 0x3c, 0x5c, 0x29,
    0x13, 0x11, 0xe1, 0xf0,

    /* U+6BDB "毛" */
    0x0, 0x0, 0xe, 0x1f, 0x80, 0x8, 0x0, 0x46,
    0x3f, 0xc0, 0x10, 0x0, 0x86, 0x1f, 0xc7, 0x20,
    0x1, 0x2, 0x8, 0x10, 0x7f, 0x0,

    /* U+6BE1 "毡" */
    0x8, 0x8f, 0x8, 0x20, 0xf2, 0x8, 0xf8, 0x82,
    0x3f, 0x22, 0x13, 0xe1, 0xe2, 0x12, 0x3f, 0x20,
    0x2, 0x1, 0x1f, 0xf0,

    /* U+6BEB "毫" */
    0x2, 0x7, 0xff, 0xc0, 0x0, 0x7f, 0xc2, 0x2,
    0xf, 0xe3, 0xff, 0xf0, 0x39, 0x1e, 0x3, 0xff,
    0x1, 0xfd, 0xfc, 0x0, 0x3f, 0x80,

    /* U+6BEF "毯" */
    0x18, 0x87, 0x2a, 0xa2, 0xa2, 0x1c, 0x3b, 0x6e,
    0x60, 0x22, 0x82, 0xaa, 0xf4, 0x82, 0x16, 0x26,
    0x32, 0x1, 0x3f, 0xf0,

    /* U+6C0F "氏" */
    0x3, 0xc7, 0xe0, 0x42, 0x4, 0x20, 0x42, 0x7,
    0xff, 0x42, 0x4, 0x10, 0x41, 0x4, 0x51, 0x78,
    0x94, 0x6,

    /* U+6C11 "民" */
    0x7f, 0xe4, 0x2, 0x40, 0x27, 0xfe, 0x42, 0x4,
    0x20, 0x7f, 0xf4, 0x30, 0x41, 0x4, 0x19, 0x5c,
    0xde, 0x7,

    /* U+6C13 "氓" */
    0x0, 0x1, 0x1f, 0x88, 0x85, 0xf4, 0x24, 0x3f,
    0x21, 0x21, 0x9, 0x8, 0x7e, 0x42, 0x43, 0x92,
    0x0, 0x9a, 0xf, 0xe0, 0xe3, 0x0,

    /* U+6C14 "气" */
    0x0, 0x0, 0x60, 0x1, 0xff, 0x8c, 0x0, 0x2f,
    0xf1, 0x0, 0x3, 0xfe, 0x0, 0x8, 0x0, 0x20,
    0x0, 0x80, 0x2, 0x0, 0x6, 0x0, 0x18,

    /* U+6C1B "氛" */
    0x20, 0x3, 0xff, 0x40, 0xf, 0xfe, 0x80, 0x7,
    0xfc, 0x4, 0x42, 0x24, 0x43, 0x4b, 0xec, 0x32,
    0x42, 0x23, 0xce, 0x30,

    /* U+6C22 "氢" */
    0x0, 0x3, 0xfe, 0x40, 0xb, 0xfc, 0x0, 0x7,
    0xfc, 0x7f, 0x40, 0x64, 0x3e, 0x4c, 0x1c, 0x7f,
    0x40, 0x85, 0xff, 0xb0,

    /* U+6C27 "氧" */
    0x18, 0x0, 0x7f, 0xe2, 0x0, 0x1b, 0xfc, 0x40,
    0x0, 0xff, 0x81, 0x12, 0x1f, 0xf8, 0x4, 0x20,
    0xfe, 0x87, 0xfd, 0x41, 0x5, 0x4, 0x1c,

    /* U+6C28 "氨" */
    0x10, 0x0, 0x7f, 0xe2, 0x0, 0x33, 0xfc, 0x7f,
    0xf0, 0x10, 0x43, 0xfd, 0x12, 0x14, 0x7f, 0xd0,
    0x44, 0x41, 0xf1, 0x41, 0xc5, 0x78, 0xdc,

    /* U+6C2E "氮" */
    0x30, 0x1, 0xff, 0x98, 0x1, 0xbf, 0xcf, 0xfc,
    0x4, 0xa1, 0x29, 0xa, 0xc8, 0xe9, 0x41, 0x4a,
    0x17, 0x92, 0x66, 0x5c, 0xb, 0x0,

    /* U+6C2F "氯" */
    0x30, 0x1, 0xff, 0x97, 0xf9, 0x0, 0x3, 0xfc,
    0x3f, 0xa0, 0x5, 0x7, 0xe8, 0xff, 0xc2, 0x49,
    0xb, 0x8a, 0xf2, 0x51, 0x89, 0x80,

    /* U+6C34 "水" */
    0x2, 0x0, 0x10, 0x0, 0x80, 0x4, 0x67, 0xa2,
    0x5, 0xa0, 0x6e, 0x2, 0x50, 0x32, 0x41, 0x13,
    0x10, 0x8e, 0x4, 0x0, 0xe0, 0x0,

    /* U+6C38 "永" */
    0x8, 0x0, 0x38, 0x0, 0x20, 0x7c, 0x0, 0x21,
    0x1, 0x1b, 0xed, 0x83, 0x70, 0x12, 0x81, 0x92,
    0x18, 0x99, 0x84, 0x30, 0xe0, 0x0,

    /* U+6C41 "汁" */
    0x40, 0x81, 0x84, 0x4, 0x20, 0x1, 0xc, 0x8,
    0x37, 0xfc, 0x2, 0x0, 0x10, 0x10, 0x81, 0x4,
    0x8, 0x20, 0x81, 0x4, 0x8, 0x0,

    /* U+6C42 "求" */
    0x4, 0x80, 0x44, 0x4, 0x2f, 0xff, 0x6, 0x4,
    0x62, 0x25, 0x40, 0x58, 0xc, 0x83, 0x4c, 0xc4,
    0x68, 0x41, 0x1c, 0x0,

    /* U+6C47 "汇" */
    0x0, 0x6, 0xff, 0x28, 0x0, 0x80, 0x88, 0x6,
    0x80, 0x8, 0x0, 0x80, 0x28, 0x6, 0x80, 0x48,
    0xc, 0xff,

    /* U+6C49 "汉" */
    0x40, 0x3, 0x7f, 0x81, 0x8, 0x8, 0x48, 0x42,
    0x31, 0x10, 0x9, 0x0, 0x38, 0x21, 0x83, 0xc,
    0x10, 0x91, 0x18, 0x61, 0x1, 0x0,

    /* U+6C57 "汗" */
    0x40, 0x3, 0x3f, 0x84, 0x20, 0x1, 0x8, 0x8,
    0x30, 0x40, 0xbf, 0xe0, 0x10, 0x10, 0x81, 0x4,
    0x8, 0x20, 0x81, 0x4, 0x8, 0x0,

    /* U+6C5B "汛" */
    0x0, 0x6, 0xfe, 0x2, 0x20, 0x22, 0x82, 0x2e,
    0x22, 0xf, 0xa0, 0x22, 0x22, 0x22, 0x22, 0x42,
    0x3c, 0x23, 0x82, 0x30,

    /* U+6C5E "汞" */
    0x7f, 0xe0, 0x60, 0x6, 0xf, 0xff, 0x6, 0x0,
    0x60, 0xfe, 0x61, 0x78, 0x37, 0x86, 0x6c, 0xc6,
    0x31, 0xc0,

    /* U+6C5F "江" */
    0x60, 0x1, 0xbf, 0x80, 0x20, 0x1, 0x6, 0x8,
    0x10, 0x40, 0x2, 0x2, 0x10, 0x20, 0x81, 0x4,
    0x13, 0xfe, 0x80, 0x0,

    /* U+6C60 "池" */
    0x40, 0x81, 0xa4, 0x1, 0x24, 0x9, 0xec, 0x79,
    0x16, 0x48, 0x12, 0x40, 0x92, 0x34, 0xb1, 0x20,
    0x59, 0x2, 0x88, 0x24, 0x7f, 0x0,

    /* U+6C61 "污" */
    0x40, 0x1, 0xbf, 0x80, 0x0, 0x0, 0xc, 0xff,
    0xb1, 0x0, 0x8, 0x0, 0x40, 0x17, 0xf1, 0x80,
    0x88, 0xc, 0x80, 0x64, 0x1e, 0x0,

    /* U+6C64 "汤" */
    0x6f, 0xe2, 0xc, 0x1, 0x80, 0x60, 0xcf, 0xf0,
    0x25, 0x6, 0x92, 0x49, 0x39, 0x14, 0x31, 0xc6,
    0x28, 0xce,

    /* U+6C6A "汪" */
    0x40, 0x1, 0xbf, 0xc0, 0x20, 0x1, 0xc, 0x8,
    0x30, 0x40, 0x1f, 0xe0, 0x10, 0x10, 0x81, 0x4,
    0x8, 0x20, 0x81, 0xc, 0xff, 0x80,

    /* U+6C70 "汰" */
    0x40, 0x81, 0x84, 0x4, 0x20, 0x1, 0xc, 0xff,
    0xb0, 0xc0, 0x5, 0x0, 0x28, 0x11, 0x41, 0x11,
    0x9, 0xc8, 0x9b, 0x25, 0x88, 0x80,

    /* U+6C79 "汹" */
    0x60, 0x42, 0x24, 0xa, 0x50, 0x99, 0xc9, 0x90,
    0x99, 0x9, 0x52, 0xa5, 0x2c, 0x14, 0x81, 0x4f,
    0xf8, 0x1,

    /* U+6C7D "汽" */
    0x4, 0xc, 0x40, 0x2f, 0xf0, 0x80, 0x17, 0xec,
    0x0, 0xf, 0xe0, 0x2, 0x20, 0x26, 0x2, 0x40,
    0x2c, 0x3, 0x0, 0x30,

    /* U+6C83 "沃" */
    0x60, 0x70, 0xbc, 0x0, 0x20, 0x1, 0xe, 0x8,
    0x17, 0xfc, 0x2, 0x2, 0x28, 0x11, 0x41, 0x1b,
    0x19, 0x88, 0x98, 0x30, 0x0, 0x0,

    /* U+6C88 "沈" */
    0x41, 0x6, 0x10, 0x1, 0x0, 0xff, 0x89, 0x16,
    0x91, 0x1, 0x80, 0x18, 0x32, 0x82, 0x28, 0x64,
    0x94, 0xc9, 0x98, 0xf0,

    /* U+6C89 "沉" */
    0x0, 0x6, 0xff, 0x8, 0x10, 0x81, 0x80, 0xc,
    0x3c, 0x24, 0x40, 0x44, 0x14, 0x42, 0x44, 0x64,
    0x54, 0xc5, 0x98, 0x70,

    /* U+6C90 "沐" */
    0x60, 0x81, 0x84, 0x0, 0x20, 0x1f, 0xfe, 0x1c,
    0x10, 0xe0, 0xa, 0x80, 0x54, 0x34, 0x91, 0x64,
    0xda, 0x22, 0x81, 0x4, 0x8, 0x0,

    /* U+6C99 "沙" */
    0x60, 0x80, 0x84, 0x0, 0xac, 0x9, 0x26, 0x48,
    0x92, 0x44, 0x22, 0x42, 0x12, 0x10, 0x21, 0x2,
    0x18, 0x60, 0x9c, 0x0,

    /* U+6C9B "沛" */
    0x40, 0x81, 0x84, 0x3, 0xfe, 0x1, 0xc, 0x8,
    0x33, 0xf8, 0x12, 0x40, 0x92, 0x14, 0x91, 0x24,
    0x89, 0x2c, 0x81, 0x4, 0x8, 0x0,

    /* U+6C9F "沟" */
    0x42, 0x3, 0x40, 0x7, 0xf0, 0x81, 0x8a, 0x17,
    0x21, 0x2, 0x90, 0x49, 0x37, 0xd2, 0x45, 0x40,
    0x14, 0x1, 0x0, 0xe0,

    /* U+6CA1 "没" */
    0x63, 0xe0, 0x91, 0x0, 0x89, 0x88, 0x72, 0x80,
    0x3, 0xf8, 0x10, 0x42, 0x44, 0x21, 0x43, 0xe,
    0x11, 0xdc, 0x10, 0x10,

    /* U+6CA5 "沥" */
    0x6f, 0xf9, 0xc0, 0x2, 0x20, 0x11, 0xc, 0xbf,
    0x14, 0x48, 0x22, 0x45, 0x12, 0x29, 0x12, 0x48,
    0x94, 0xc4, 0xac, 0xc0,

    /* U+6CA6 "沦" */
    0x1, 0x83, 0xc, 0x0, 0xa0, 0xc, 0x80, 0xc3,
    0x6e, 0xc, 0x90, 0x0, 0x98, 0x37, 0x1, 0x20,
    0x19, 0x4, 0x88, 0x28, 0x7e, 0x0,

    /* U+6CA7 "沧" */
    0x40, 0x81, 0xc, 0x4, 0xd0, 0xc, 0xc8, 0xc3,
    0x33, 0xf4, 0x90, 0x80, 0x84, 0x14, 0x21, 0x27,
    0x9, 0x4, 0x88, 0x24, 0x7f, 0x0,

    /* U+6CAA "沪" */
    0x60, 0x81, 0x8, 0x7, 0xf0, 0x41, 0x64, 0x10,
    0x7f, 0x4, 0x13, 0x40, 0x24, 0x6, 0x80, 0x48,
    0x4, 0x0,

    /* U+6CAB "沫" */
    0x40, 0x83, 0x4, 0x4, 0x20, 0x1f, 0xf0, 0x8,
    0x30, 0x40, 0x3f, 0xe0, 0x38, 0x12, 0xe1, 0x15,
    0x9, 0x24, 0xb1, 0x14, 0x8, 0x0,

    /* U+6CAE "沮" */
    0x0, 0x6, 0x7e, 0x4, 0x20, 0x42, 0xc7, 0xe6,
    0x42, 0x4, 0x20, 0x42, 0x27, 0xe2, 0x42, 0x44,
    0x24, 0x42, 0x9f, 0xf0,

    /* U+6CB3 "河" */
    0x40, 0x3, 0xff, 0xc0, 0x4, 0x0, 0x28, 0x79,
    0x32, 0x48, 0x12, 0x40, 0x92, 0x17, 0x91, 0x20,
    0x88, 0x4, 0x80, 0x24, 0xf, 0x0,

    /* U+6CB8 "沸" */
    0x42, 0x81, 0x14, 0x3, 0xfc, 0x5, 0x28, 0x29,
    0x37, 0xf8, 0x2a, 0x1, 0x50, 0x2f, 0xf9, 0x14,
    0x59, 0x22, 0x89, 0x64, 0x88, 0x0,

    /* U+6CB9 "油" */
    0x60, 0x81, 0x84, 0x0, 0x20, 0xf, 0xf4, 0x48,
    0x9a, 0x44, 0x12, 0x20, 0xff, 0x14, 0x89, 0xa4,
    0x49, 0x22, 0xcf, 0xf4, 0x40, 0x80,

    /* U+6CBB "治" */
    0x1, 0x1, 0x88, 0x4, 0xd0, 0x4, 0x40, 0x41,
    0x37, 0xfc, 0x0, 0x2, 0xfe, 0x14, 0x11, 0x20,
    0x89, 0x4, 0x88, 0x24, 0x7f, 0x0,

    /* U+6CBC "沼" */
    0x0, 0xd, 0xfc, 0x88, 0x81, 0x18, 0x42, 0xd9,
    0xc0, 0x0, 0x7f, 0x28, 0x2d, 0x5, 0x20, 0xe7,
    0xf0, 0x82,

    /* U+6CBD "沽" */
    0x40, 0x81, 0x84, 0x4, 0x20, 0x1f, 0xfc, 0x8,
    0x30, 0x40, 0x2, 0x0, 0xfe, 0x14, 0x11, 0x20,
    0x89, 0x4, 0x88, 0x24, 0x7f, 0x0,

    /* U+6CBE "沾" */
    0x20, 0x81, 0x84, 0x0, 0x20, 0x1, 0xf4, 0x8,
    0x30, 0x40, 0x2, 0x0, 0xfe, 0x14, 0x10, 0xa0,
    0x89, 0x4, 0xcf, 0xe0, 0x41, 0x0,

    /* U+6CBF "沿" */
    0x63, 0xe0, 0x91, 0x0, 0x89, 0x8, 0x46, 0xc3,
    0x94, 0x0, 0x1f, 0xc2, 0x82, 0x24, 0x13, 0x20,
    0x91, 0xfc, 0x8, 0x20,

    /* U+6CC4 "泄" */
    0x1, 0x3, 0x49, 0xa, 0x48, 0x12, 0x49, 0xff,
    0xb4, 0x90, 0x24, 0x85, 0x24, 0x29, 0xe3, 0x40,
    0x12, 0x1, 0x9f, 0xf0,

    /* U+6CC9 "泉" */
    0x2, 0x1, 0xff, 0x8, 0x8, 0x40, 0x43, 0xfe,
    0x10, 0x10, 0xff, 0x80, 0x40, 0x7b, 0x60, 0x5c,
    0x4, 0xb0, 0xc4, 0x60, 0xe0, 0x0,

    /* U+6CCA "泊" */
    0x70, 0x80, 0x84, 0x1, 0xfe, 0x8, 0x16, 0x40,
    0x82, 0x4, 0x1f, 0xe2, 0x81, 0x34, 0x9, 0x20,
    0x59, 0xfe, 0x88, 0x10,

    /* U+6CCC "泌" */
    0x42, 0x3, 0x8, 0x80, 0x3c, 0x4, 0x48, 0x22,
    0x35, 0x38, 0x2b, 0x41, 0x52, 0x33, 0x9, 0x18,
    0x11, 0x84, 0x9c, 0x29, 0x3f, 0x0,

    /* U+6CD5 "法" */
    0x41, 0x6, 0x10, 0x11, 0x0, 0x7e, 0x81, 0x6,
    0x10, 0xf, 0xf0, 0x10, 0x32, 0x2, 0x24, 0x64,
    0x24, 0xff, 0x0, 0x10,

    /* U+6CDB "泛" */
    0x0, 0x3, 0x1f, 0x3, 0x0, 0x2, 0x8, 0x18,
    0x37, 0xf8, 0x0, 0x80, 0x8, 0x20, 0x81, 0x8,
    0x11, 0x80, 0x94, 0x9, 0x1f, 0x0,

    /* U+6CDE "泞" */
    0x40, 0x81, 0x84, 0x3, 0xfe, 0x10, 0x18, 0x80,
    0xb0, 0x0, 0xbf, 0xe0, 0x10, 0x10, 0x81, 0x4,
    0x8, 0x20, 0x81, 0x4, 0x38, 0x0,

    /* U+6CE1 "泡" */
    0x42, 0x1, 0x90, 0x1, 0xfc, 0x8, 0x20, 0xc1,
    0x3f, 0xe8, 0x91, 0x40, 0x8a, 0x17, 0xd1, 0x21,
    0x89, 0x0, 0x88, 0x14, 0x7f, 0x0,

    /* U+6CE2 "波" */
    0x41, 0x6, 0x10, 0xf, 0xf0, 0x93, 0x89, 0x2c,
    0x90, 0xf, 0xe0, 0xc2, 0x2a, 0x42, 0xac, 0x49,
    0x85, 0x3c, 0x9e, 0x70,

    /* U+6CE3 "泣" */
    0x1, 0x3, 0xc, 0x0, 0x20, 0x1f, 0xf8, 0x0,
    0x32, 0x10, 0x10, 0x80, 0x84, 0x22, 0x41, 0x12,
    0x10, 0x11, 0xbf, 0xf0,

    /* U+6CE5 "泥" */
    0x40, 0x1, 0xbf, 0x85, 0x4, 0x8, 0x20, 0x7f,
    0x32, 0x0, 0x14, 0x0, 0xa6, 0x15, 0xc1, 0x28,
    0xb, 0x42, 0x92, 0x15, 0x9f, 0x0,

    /* U+6CE8 "注" */
    0x0, 0x1, 0x84, 0x4, 0x20, 0x1f, 0xf0, 0x8,
    0x30, 0x40, 0x2, 0x0, 0xfe, 0x10, 0x81, 0x84,
    0x8, 0x20, 0xc1, 0x4, 0xff, 0x80,

    /* U+6CEA "泪" */
    0x40, 0x3, 0x7f, 0x14, 0x10, 0x41, 0xc7, 0xf2,
    0x41, 0x4, 0x10, 0x41, 0x17, 0xf3, 0x41, 0x24,
    0x14, 0x7f, 0x44, 0x10,

    /* U+6CF0 "泰" */
    0x2, 0x3, 0xff, 0x81, 0x0, 0x7f, 0xe0, 0x80,
    0x7f, 0xfc, 0x41, 0x4, 0x44, 0xd2, 0x58, 0x5c,
    0x7, 0xb0, 0xc4, 0x60, 0xe0, 0x0,

    /* U+6CF3 "泳" */
    0x43, 0x1, 0x86, 0x4, 0x0, 0xf, 0xc, 0x8,
    0x30, 0x4c, 0x3b, 0xc0, 0x5c, 0x12, 0xe1, 0x25,
    0xb, 0x24, 0xb1, 0x14, 0x38, 0x0,

    /* U+6CF5 "泵" */
    0x7f, 0xf0, 0x40, 0xf, 0xf9, 0xa0, 0x41, 0xfe,
    0x1, 0x0, 0x8, 0xf, 0x6c, 0xb, 0xc0, 0x96,
    0x18, 0x8e, 0xc, 0x0,

    /* U+6CFB "泻" */
    0x40, 0x3, 0x7f, 0xc6, 0xc2, 0x14, 0x10, 0x3f,
    0x31, 0x0, 0x88, 0x0, 0xfe, 0x10, 0x11, 0x7e,
    0x88, 0x4, 0x80, 0x64, 0xe, 0x0,

    /* U+6CFC "泼" */
    0xcd, 0x3, 0x49, 0x2, 0x40, 0x3f, 0xec, 0x20,
    0x1, 0xf0, 0x10, 0x84, 0xcc, 0x69, 0x42, 0x84,
    0x30, 0xd1, 0x1c, 0x70,

    /* U+6CFD "泽" */
    0x27, 0xf0, 0x91, 0x0, 0x50, 0x83, 0x82, 0x63,
    0x4, 0x44, 0x1f, 0xc6, 0x10, 0x20, 0x81, 0x7f,
    0xd0, 0x20, 0x81, 0x0,

    /* U+6D01 "洁" */
    0x40, 0x81, 0x4, 0x3, 0xfe, 0x1, 0xc, 0x8,
    0x37, 0xf8, 0x0, 0x0, 0x0, 0x17, 0xf1, 0x20,
    0x89, 0x4, 0x8f, 0xe4, 0x41, 0x0,

    /* U+6D0B "洋" */
    0x0, 0x3, 0x11, 0xc, 0xc8, 0x1f, 0xf0, 0x8,
    0x30, 0x40, 0x9f, 0xc0, 0x10, 0x30, 0x81, 0x7f,
    0xd8, 0x20, 0x81, 0x0, 0x8, 0x0,

    /* U+6D12 "洒" */
    0x40, 0x1, 0x7f, 0xc0, 0x50, 0x2, 0x84, 0xff,
    0xb4, 0xa4, 0xa5, 0x21, 0x29, 0xa, 0x79, 0x60,
    0x4a, 0x2, 0x9f, 0xf4, 0x80, 0x80,

    /* U+6D17 "洗" */
    0x42, 0x83, 0x14, 0x5, 0x20, 0xf, 0xe0, 0xc8,
    0x30, 0x40, 0x3f, 0xe0, 0x48, 0x12, 0x41, 0x12,
    0x8, 0x92, 0x88, 0x94, 0x87, 0x80,

    /* U+6D1B "洛" */
    0x0, 0x1, 0x88, 0x1, 0x3f, 0x1, 0x88, 0x8b,
    0x61, 0x87, 0x2, 0x1c, 0x3, 0x8e, 0x2f, 0xf0,
    0x90, 0x46, 0x41, 0x11, 0x4, 0x47, 0xf0,

    /* U+6D1E "洞" */
    0x6f, 0xf0, 0x81, 0xb, 0xdc, 0x81, 0x6b, 0xd0,
    0xa5, 0xa, 0x53, 0xa5, 0x2b, 0xd6, 0x81, 0x48,
    0x10, 0x87,

    /* U+6D25 "津" */
    0x0, 0x81, 0x4, 0x5, 0xfc, 0x1, 0x20, 0xff,
    0xb0, 0x48, 0x9f, 0xc0, 0x10, 0x17, 0xf1, 0x4,
    0xb, 0xfe, 0x81, 0x4, 0x8, 0x0,

    /* U+6D2A "洪" */
    0x42, 0x21, 0x91, 0x4, 0x88, 0x1f, 0xf4, 0x22,
    0x31, 0x10, 0x8, 0x80, 0x44, 0x1f, 0xf8, 0x80,
    0x8, 0x88, 0xc8, 0x24, 0xc1, 0x80,

    /* U+6D32 "洲" */
    0xc4, 0x92, 0x49, 0x4, 0x98, 0x4d, 0xce, 0xd1,
    0x5b, 0x15, 0xb2, 0x49, 0x64, 0x94, 0x89, 0x48,
    0x99, 0x9,

    /* U+6D3B "活" */
    0x40, 0x71, 0xbc, 0x0, 0x20, 0x1, 0xc, 0xff,
    0xb0, 0x40, 0x2, 0x0, 0x10, 0x17, 0xf1, 0x20,
    0x89, 0x4, 0x88, 0x24, 0x7f, 0x0,

    /* U+6D3C "洼" */
    0x40, 0x81, 0x84, 0x5, 0xfc, 0x1, 0x4, 0x8,
    0x3f, 0xfc, 0x80, 0x0, 0x10, 0x17, 0xf0, 0x84,
    0x8, 0x20, 0xc1, 0x4, 0xff, 0x80,

    /* U+6D3D "洽" */
    0x0, 0x3, 0xc, 0x4, 0x60, 0x4, 0x88, 0x42,
    0x25, 0xe8, 0x0, 0x0, 0xfc, 0x24, 0x21, 0x21,
    0x11, 0x8, 0x8f, 0xc0, 0x42, 0x0,

    /* U+6D3E "派" */
    0x0, 0x11, 0x9f, 0x5, 0x0, 0x8, 0xe4, 0x5c,
    0x32, 0xa0, 0x15, 0x20, 0xa6, 0x15, 0x21, 0x29,
    0xb, 0x44, 0x93, 0xb4, 0x90, 0x80,

    /* U+6D41 "流" */
    0x40, 0x83, 0x4, 0x3, 0xfe, 0x6, 0x48, 0x23,
    0x37, 0xf8, 0x80, 0x20, 0x94, 0x14, 0xa1, 0x25,
    0x9, 0x2a, 0x99, 0x54, 0x83, 0x80,

    /* U+6D45 "浅" */
    0x61, 0x41, 0x89, 0x0, 0x40, 0x1f, 0xf4, 0x10,
    0x10, 0x84, 0x3f, 0xc0, 0x11, 0x10, 0x91, 0x7,
    0x8, 0x32, 0x8e, 0xd4, 0x3, 0x80,

    /* U+6D46 "浆" */
    0x11, 0x86, 0x9f, 0xd5, 0x84, 0x2a, 0x47, 0xc,
    0x49, 0xc0, 0x50, 0x0, 0x40, 0xfa, 0x60, 0x9c,
    0x8, 0xb1, 0x84, 0x70, 0xe0, 0x0,

    /* U+6D47 "浇" */
    0x43, 0x3, 0x8, 0xc3, 0xf8, 0x2, 0x20, 0xe,
    0x20, 0xe4, 0xb9, 0xe0, 0x0, 0x2f, 0xf9, 0x1a,
    0x18, 0x90, 0x8c, 0x94, 0xc7, 0x80,

    /* U+6D4A "浊" */
    0x41, 0x6, 0x10, 0x1, 0x0, 0xfe, 0x89, 0x26,
    0x92, 0x9, 0x20, 0xfe, 0x21, 0x2, 0x12, 0x41,
    0x25, 0xff, 0x0, 0x10,

    /* U+6D4B "测" */
    0x40, 0x9, 0x7c, 0x42, 0x2a, 0x15, 0x50, 0xaa,
    0xb5, 0x54, 0xaa, 0xa1, 0x55, 0x2a, 0xa9, 0x55,
    0x51, 0x82, 0x8b, 0x15, 0x8b, 0x80,

    /* U+6D4E "济" */
    0x0, 0x3, 0x4, 0xb, 0xfe, 0x4, 0x40, 0x36,
    0x20, 0xe0, 0x8f, 0x81, 0xc7, 0x2, 0x21, 0x11,
    0x8, 0x88, 0x88, 0x45, 0x82, 0x0,

    /* U+6D51 "浑" */
    0x0, 0x3, 0x7f, 0xc6, 0x2, 0x12, 0x10, 0x7f,
    0x31, 0x0, 0x9a, 0x0, 0xfe, 0x30, 0x81, 0x4,
    0xb, 0xfe, 0x81, 0x4, 0x8, 0x0,

    /* U+6D53 "浓" */
    0x40, 0x80, 0xc2, 0x0, 0xff, 0x82, 0x62, 0xc1,
    0x41, 0x8d, 0x0, 0x65, 0x83, 0x98, 0x3a, 0x20,
    0x88, 0x84, 0x21, 0x10, 0xe3, 0x0, 0x0,

    /* U+6D59 "浙" */
    0x44, 0x36, 0x4e, 0x24, 0x81, 0xe8, 0x84, 0x84,
    0x4f, 0x4, 0xa0, 0xea, 0x35, 0x26, 0x52, 0x45,
    0x24, 0x52, 0x9a, 0x20,

    /* U+6D66 "浦" */
    0x40, 0xa1, 0x84, 0x83, 0xfe, 0x1, 0xc, 0x7f,
    0x12, 0x48, 0x12, 0x40, 0xfe, 0x14, 0x91, 0x3f,
    0x89, 0x24, 0x89, 0x24, 0x4b, 0x0,

    /* U+6D69 "浩" */
    0x40, 0x81, 0x34, 0x5, 0x20, 0xf, 0xf0, 0xc8,
    0x74, 0x40, 0xbf, 0xe0, 0x0, 0x17, 0xf1, 0xa0,
    0x89, 0x4, 0x8f, 0xe4, 0x41, 0x0,

    /* U+6D6A "浪" */
    0x1, 0xc, 0x10, 0x2f, 0xe0, 0x82, 0x8f, 0xec,
    0x82, 0x8, 0x20, 0xfe, 0x29, 0x2, 0x8a, 0x48,
    0xc4, 0x94, 0x8e, 0x30, 0x0,

    /* U+6D6E "浮" */
    0x40, 0x31, 0xfe, 0x1, 0x64, 0x9, 0x2c, 0x2a,
    0x33, 0xf8, 0x1, 0x80, 0x10, 0x3f, 0xf9, 0x4,
    0x18, 0x20, 0x81, 0x4, 0x38, 0x0,

    /* U+6D74 "浴" */
    0x62, 0x20, 0x58, 0x40, 0xc8, 0x80, 0x70, 0x63,
    0x40, 0x18, 0xc0, 0xc1, 0x81, 0xfc, 0x24, 0x10,
    0x90, 0x46, 0x41, 0x11, 0xfc,

    /* U+6D77 "海" */
    0x4, 0x3, 0x20, 0xb, 0xfe, 0x10, 0x1, 0x7f,
    0x62, 0x88, 0x12, 0x43, 0xff, 0x29, 0x12, 0x44,
    0x93, 0xff, 0x80, 0x48, 0xe, 0x0,

    /* U+6D78 "浸" */
    0x67, 0xf0, 0x3f, 0x80, 0x5, 0x8f, 0xe2, 0x0,
    0x7, 0xfc, 0x20, 0x24, 0xfe, 0x22, 0x21, 0xa,
    0x10, 0x30, 0x9e, 0xf0,

    /* U+6D82 "涂" */
    0x60, 0x81, 0x8a, 0x1, 0x88, 0x18, 0x3c, 0x7e,
    0x10, 0x40, 0x2, 0x1, 0xff, 0x10, 0x81, 0x25,
    0x9b, 0x24, 0x91, 0x14, 0x38, 0x0,

    /* U+6D88 "消" */
    0x40, 0x91, 0xa4, 0x80, 0xac, 0x1, 0xc, 0x7f,
    0x32, 0x8, 0x90, 0x40, 0xfe, 0x14, 0x11, 0x3f,
    0x89, 0x4, 0x88, 0x24, 0x47, 0x0,

    /* U+6D89 "涉" */
    0x40, 0x83, 0x34, 0x1, 0xbe, 0xd, 0xc, 0xff,
    0x90, 0x40, 0xa, 0x60, 0x92, 0x24, 0xb1, 0x3,
    0x10, 0x30, 0x8e, 0x0, 0x80, 0x0,

    /* U+6D8C "涌" */
    0x4f, 0xf2, 0x4, 0x3, 0x88, 0xff, 0x69, 0x10,
    0x91, 0xf, 0xf2, 0x91, 0x2f, 0xf4, 0x91, 0xc9,
    0x18, 0x97,

    /* U+6D8E "涎" */
    0x0, 0xd, 0xcf, 0x65, 0x40, 0x84, 0x9, 0x4d,
    0xd7, 0x45, 0x41, 0x54, 0x15, 0x45, 0x54, 0x49,
    0xf9, 0xc0, 0xb3, 0xf0,

    /* U+6D95 "涕" */
    0x42, 0x23, 0x32, 0xf, 0xf8, 0x9, 0x67, 0xf0,
    0xc8, 0x8, 0x82, 0xff, 0x21, 0x96, 0x29, 0x4c,
    0xb0, 0x8,

    /* U+6D9B "涛" */
    0x0, 0x3, 0x4, 0x7, 0xfe, 0x2, 0x0, 0x7f,
    0x60, 0x80, 0xbf, 0xe0, 0x42, 0x13, 0xf9, 0x28,
    0x89, 0x24, 0x90, 0x24, 0x6, 0x0,

    /* U+6D9D "涝" */
    0x42, 0x21, 0xff, 0xc0, 0x88, 0x0, 0xc, 0xff,
    0xb4, 0x4, 0x0, 0x0, 0x20, 0x7, 0xf1, 0x8,
    0x88, 0xcc, 0x8c, 0x44, 0xce, 0x0,

    /* U+6DA1 "涡" */
    0x67, 0xf0, 0xa0, 0x81, 0xfd, 0x81, 0x6, 0x8,
    0x17, 0xfc, 0x22, 0x25, 0x39, 0x2b, 0x2b, 0x71,
    0x52, 0x2, 0x90, 0x70,

    /* U+6DA3 "涣" */
    0x61, 0x1, 0x9f, 0x81, 0x88, 0x8, 0x80, 0xff,
    0x32, 0x48, 0x92, 0x40, 0x92, 0x3f, 0xf9, 0xe,
    0x8, 0x50, 0x8c, 0x65, 0xc1, 0x80,

    /* U+6DA4 "涤" */
    0x61, 0x1, 0x9f, 0x81, 0x88, 0x1a, 0xcc, 0x8,
    0x33, 0xb8, 0x32, 0x60, 0x10, 0x3f, 0xf9, 0x4,
    0x19, 0x24, 0x91, 0x14, 0x38, 0x0,

    /* U+6DA6 "润" */
    0x0, 0x3, 0x2f, 0xc4, 0x2, 0x10, 0x10, 0xbe,
    0xb4, 0x44, 0x22, 0x21, 0x7d, 0x8, 0x89, 0x44,
    0x4a, 0xfa, 0x90, 0x14, 0x83, 0x80,

    /* U+6DA7 "涧" */
    0x0, 0x1, 0x6f, 0xc1, 0x2, 0x10, 0x10, 0xbc,
    0xb5, 0x24, 0xa9, 0x21, 0x79, 0x2a, 0x49, 0x52,
    0x4a, 0xf2, 0x90, 0x14, 0x83, 0x80,

    /* U+6DA8 "涨" */
    0x1, 0x2, 0xe8, 0x89, 0x4c, 0xa, 0x49, 0xd4,
    0x28, 0x80, 0x4f, 0xe3, 0xa8, 0x45, 0x22, 0x29,
    0x11, 0x4d, 0x8b, 0xa9, 0x90, 0x80,

    /* U+6DA9 "涩" */
    0x4f, 0xf1, 0x8, 0x82, 0x45, 0x6, 0x26, 0x6e,
    0x6, 0x0, 0x4, 0x4, 0xbe, 0x25, 0x2, 0x28,
    0x11, 0x41, 0x3f, 0xf0,

    /* U+6DAE "涮" */
    0x0, 0x15, 0xf1, 0x31, 0x51, 0x15, 0x1f, 0x5d,
    0x25, 0x52, 0x51, 0xf5, 0x1b, 0x55, 0xb5, 0x5b,
    0x1a, 0xb1, 0x22, 0x30,

    /* U+6DAF "涯" */
    0x0, 0x6, 0xff, 0x8, 0x80, 0xbf, 0xc8, 0x86,
    0x88, 0xf, 0xf0, 0x80, 0x28, 0x82, 0xff, 0x58,
    0x85, 0x8, 0x97, 0xf0,

    /* U+6DB2 "液" */
    0x0, 0x83, 0x4, 0xf, 0xfe, 0x5, 0x80, 0x48,
    0x22, 0x7c, 0xb4, 0x41, 0xea, 0x26, 0xa1, 0x23,
    0x9, 0x10, 0x89, 0x64, 0x71, 0x80,

    /* U+6DB5 "涵" */
    0x27, 0xf0, 0x3, 0x2, 0x23, 0x95, 0x12, 0xaa,
    0x84, 0x64, 0x2e, 0xa7, 0xd3, 0x29, 0x89, 0x40,
    0x53, 0xfe, 0x0, 0x10,

    /* U+6DC0 "淀" */
    0x1, 0x86, 0x8, 0xf, 0xf0, 0x81, 0x80, 0x6,
    0xff, 0x0, 0x80, 0x48, 0x24, 0xf2, 0x48, 0x4a,
    0x84, 0xb8, 0x91, 0xf0,

    /* U+6DC6 "淆" */
    0x66, 0x20, 0x8e, 0x3, 0xcc, 0x2, 0x6, 0xff,
    0x81, 0x0, 0x1f, 0xc3, 0xc2, 0x23, 0xf1, 0x1f,
    0x90, 0x84, 0x84, 0xe0,

    /* U+6DCB "淋" */
    0x44, 0x46, 0x44, 0x24, 0x41, 0xff, 0x84, 0x44,
    0xce, 0xe, 0xe1, 0x4e, 0x55, 0x55, 0x55, 0x44,
    0x4c, 0x44, 0x4, 0x40,

    /* U+6DCC "淌" */
    0x1, 0x86, 0x99, 0x25, 0xa0, 0x5e, 0x1, 0x8c,
    0xff, 0x8, 0x10, 0xbd, 0x2a, 0x52, 0xa5, 0x4b,
    0xd4, 0xa1, 0x88, 0x70,

    /* U+6DD1 "淑" */
    0x44, 0x0, 0x91, 0xe0, 0x34, 0x81, 0x12, 0x4,
    0x49, 0x7f, 0x20, 0x43, 0x3, 0x4c, 0x2c, 0xb0,
    0xd2, 0xc5, 0x47, 0x11, 0x36, 0x8d, 0x8c,

    /* U+6DD8 "淘" */
    0x66, 0x1, 0xa0, 0x1, 0xfe, 0x14, 0x11, 0x20,
    0xbb, 0xe4, 0x34, 0x21, 0xfd, 0x25, 0x49, 0x2a,
    0x59, 0xf2, 0x80, 0x34, 0x7, 0x0,

    /* U+6DE1 "淡" */
    0x40, 0x81, 0xa4, 0x85, 0x2c, 0x1, 0x4c, 0x16,
    0x33, 0x8, 0x2, 0x0, 0x92, 0x34, 0x91, 0x6f,
    0x18, 0x50, 0x8c, 0x64, 0x81, 0x80,

    /* U+6DE4 "淤" */
    0xc4, 0x21, 0x23, 0x7, 0xd5, 0x11, 0x34, 0xf4,
    0x4, 0x90, 0x24, 0xc9, 0x20, 0x49, 0x2, 0x8a,
    0x24, 0x8d, 0x4c, 0x20,

    /* U+6DEB "淫" */
    0x40, 0x31, 0xfe, 0x0, 0x44, 0x9, 0x2c, 0x2a,
    0x10, 0x38, 0x1e, 0x0, 0x10, 0x10, 0x81, 0x7f,
    0xc8, 0x20, 0x81, 0x4, 0xff, 0x80,

    /* U+6DEE "淮" */
    0x62, 0x41, 0x32, 0x1, 0xfc, 0x18, 0x8c, 0xc4,
    0xb, 0xf8, 0x11, 0x4, 0xfe, 0x24, 0x42, 0x22,
    0x11, 0xfe, 0x8, 0x0,

    /* U+6DF1 "深" */
    0x0, 0x6, 0xff, 0x8, 0x10, 0xa5, 0x86, 0x24,
    0x42, 0x29, 0x0, 0xff, 0x21, 0x82, 0x34, 0x45,
    0x25, 0x91, 0x1, 0x0,

    /* U+6DF3 "淳" */
    0x40, 0x81, 0xff, 0xc0, 0x0, 0xf, 0xe0, 0x41,
    0x33, 0xf8, 0x0, 0x0, 0xfe, 0x10, 0xc1, 0x7f,
    0xc8, 0x20, 0x81, 0x4, 0x38, 0x0,

    /* U+6DF7 "混" */
    0x4f, 0xe2, 0x82, 0xf, 0xe8, 0x82, 0xcf, 0xe0,
    0x0, 0x8, 0x92, 0xfe, 0x28, 0x84, 0x89, 0xcb,
    0x98, 0xcf,

    /* U+6DF9 "淹" */
    0x1, 0x3, 0x8, 0x7, 0xfe, 0x4, 0xc4, 0x4a,
    0x17, 0xfc, 0x12, 0x60, 0xfe, 0x14, 0x91, 0x3f,
    0x89, 0x22, 0x81, 0x14, 0xf, 0x80,

    /* U+6DFB "添" */
    0x0, 0x6, 0xff, 0x23, 0x0, 0x20, 0x9f, 0xf6,
    0x44, 0xe, 0x61, 0x21, 0x2a, 0xa4, 0xab, 0x52,
    0x98, 0x20, 0x86, 0x0,

    /* U+6E05 "清" */
    0x1, 0x6, 0xff, 0x21, 0x0, 0xfe, 0x81, 0x5,
    0xef, 0xf, 0xe0, 0x82, 0x2f, 0xe4, 0x82, 0x4f,
    0xec, 0x82, 0x88, 0xe0,

    /* U+6E0A "渊" */
    0x48, 0x16, 0x89, 0xa, 0xb0, 0xad, 0x8a, 0xdc,
    0x89, 0x2b, 0xf0, 0x99, 0x29, 0xd2, 0xad, 0x5e,
    0xb5, 0x49, 0x90, 0x90,

    /* U+6E10 "渐" */
    0x4, 0x6, 0xc7, 0x3f, 0xc0, 0x8c, 0x8c, 0xc5,
    0x4f, 0x1f, 0xd0, 0x49, 0x65, 0x95, 0xe9, 0x44,
    0x98, 0x49, 0x85, 0x10,

    /* U+6E14 "渔" */
    0x42, 0x1, 0xbf, 0x1, 0x10, 0x11, 0x89, 0xff,
    0x34, 0x48, 0x3f, 0xc5, 0x12, 0x28, 0x93, 0x7f,
    0x90, 0x1, 0xbf, 0xf0,

    /* U+6E17 "渗" */
    0x61, 0x21, 0x91, 0x1, 0xfc, 0x2, 0xc, 0xff,
    0x91, 0x10, 0x13, 0x41, 0x21, 0x26, 0x41, 0x1c,
    0x99, 0x18, 0x87, 0x0, 0x40, 0x0,

    /* U+6E20 "渠" */
    0x6f, 0xf8, 0x80, 0x4f, 0xe2, 0xfe, 0x68, 0xc,
    0xff, 0x2, 0xf, 0xff, 0xb, 0x1, 0x28, 0x62,
    0x78, 0x21,

    /* U+6E21 "渡" */
    0x60, 0x81, 0x7f, 0xc2, 0x49, 0x1f, 0xf6, 0x92,
    0x4, 0xf0, 0x20, 0x5, 0x7e, 0x29, 0x22, 0x4f,
    0x14, 0x31, 0x2e, 0x70,

    /* U+6E23 "渣" */
    0x40, 0x83, 0x4, 0x3, 0xfe, 0x5, 0x8c, 0xcb,
    0x3c, 0xc, 0x1f, 0x80, 0x84, 0x27, 0xe1, 0x21,
    0x11, 0xf8, 0x80, 0x9, 0xff, 0x80,

    /* U+6E24 "渤" */
    0x44, 0x22, 0x21, 0xf, 0xc8, 0x8, 0x41, 0xf7,
    0xe8, 0x95, 0x3c, 0xa0, 0x45, 0x24, 0x2a, 0xfa,
    0x51, 0x12, 0x89, 0x10, 0xd3, 0x80,

    /* U+6E29 "温" */
    0x67, 0xf0, 0xa0, 0x81, 0xfd, 0x8, 0x26, 0x7f,
    0x0, 0x0, 0x3f, 0xc5, 0x4a, 0x2a, 0x53, 0x52,
    0x92, 0x95, 0xbf, 0xf0,

    /* U+6E2F "港" */
    0x42, 0x43, 0x12, 0xb, 0xfe, 0x4, 0x8d, 0xff,
    0xb2, 0x10, 0x10, 0x81, 0xfe, 0x3c, 0x29, 0x3f,
    0x11, 0x0, 0x88, 0x28, 0x7f, 0x0,

    /* U+6E34 "渴" */
    0x67, 0xf0, 0xa0, 0x81, 0xfc, 0x8, 0x26, 0x3e,
    0x1, 0xfc, 0x10, 0x27, 0x11, 0x25, 0xcb, 0x20,
    0xd1, 0xfe, 0x80, 0x60,

    /* U+6E38 "游" */
    0x44, 0x41, 0x22, 0x7, 0xfe, 0x11, 0xc, 0x87,
    0x87, 0x88, 0x24, 0x81, 0x24, 0x29, 0xfa, 0x59,
    0x14, 0xc8, 0xa4, 0x42, 0x6e, 0x0,

    /* U+6E3A "渺" */
    0x0, 0x45, 0xe4, 0x32, 0x41, 0x35, 0x9f, 0x55,
    0x35, 0x13, 0x41, 0xe5, 0x32, 0x15, 0x22, 0x5e,
    0x4d, 0xc, 0x83, 0x0,

    /* U+6E43 "湃" */
    0x5f, 0xf4, 0x44, 0x4, 0x40, 0x5f, 0xde, 0x40,
    0x5f, 0x5e, 0x44, 0x84, 0x49, 0xfc, 0x84, 0x90,
    0x49, 0x4,

    /* U+6E56 "湖" */
    0x64, 0xf2, 0x49, 0x1f, 0x9c, 0x4f, 0x64, 0x91,
    0xf9, 0x11, 0xf3, 0x19, 0x71, 0x95, 0xf9, 0x50,
    0x98, 0x13,

    /* U+6E58 "湘" */
    0x4, 0x6, 0x4f, 0x24, 0x91, 0xf9, 0xc4, 0xf6,
    0x49, 0xe, 0x90, 0xd9, 0x15, 0xf5, 0x49, 0x44,
    0x9c, 0x4f, 0x84, 0x90,

    /* U+6E7E "湾" */
    0x40, 0x81, 0x7f, 0xc9, 0x50, 0xa, 0xa9, 0x94,
    0xa0, 0x1, 0x1f, 0xc0, 0x2, 0x27, 0xf3, 0x20,
    0x11, 0xfc, 0x80, 0x20, 0x7, 0x0,

    /* U+6E7F "湿" */
    0x6f, 0xf0, 0x40, 0x83, 0xfd, 0x90, 0x26, 0xff,
    0x0, 0x0, 0x9, 0x5, 0x4a, 0x26, 0x52, 0x33,
    0x10, 0x91, 0xbf, 0xf0,

    /* U+6E83 "溃" */
    0x40, 0x81, 0xbf, 0x85, 0x24, 0xf, 0xe4, 0x8,
    0x17, 0xbc, 0x1f, 0xc0, 0x82, 0x14, 0x91, 0x24,
    0x89, 0x24, 0x86, 0xe4, 0x41, 0x0,

    /* U+6E85 "溅" */
    0x0, 0x42, 0xf3, 0xc, 0x94, 0x24, 0xa1, 0xae,
    0x6d, 0x21, 0x69, 0x63, 0x5c, 0x1a, 0x2a, 0x41,
    0x93, 0xb, 0x25, 0xba, 0x9, 0x80,

    /* U+6E89 "溉" */
    0x0, 0x1, 0xbd, 0xe0, 0x91, 0x3, 0xd4, 0x49,
    0x51, 0xa5, 0x42, 0xff, 0x82, 0xc, 0x2a, 0x30,
    0xac, 0xc2, 0xd5, 0x50, 0x25, 0x41, 0x9c,

    /* U+6E90 "源" */
    0x0, 0x3, 0x7f, 0xc2, 0x20, 0x17, 0xec, 0xa1,
    0x35, 0xf8, 0x28, 0x41, 0x7e, 0x28, 0x83, 0x55,
    0x95, 0x25, 0xa9, 0x10, 0x18, 0x0,

    /* U+6E9C "溜" */
    0x0, 0x6, 0xef, 0x38, 0x50, 0xa5, 0x9, 0x5c,
    0xf5, 0x28, 0xb0, 0xff, 0x28, 0x92, 0xff, 0x48,
    0x94, 0x89, 0x8f, 0xf0,

    /* U+6EA2 "溢" */
    0x44, 0x23, 0x31, 0x0, 0x90, 0x3f, 0xfc, 0x24,
    0x32, 0x10, 0x60, 0x65, 0xfe, 0x2a, 0x52, 0x52,
    0x92, 0x94, 0x94, 0xa5, 0xff, 0x80,

    /* U+6EAA "溪" */
    0x0, 0x31, 0xbe, 0x5, 0x24, 0x9, 0x44, 0x10,
    0x31, 0x20, 0x1e, 0x80, 0x46, 0x15, 0xc1, 0x7f,
    0xc8, 0x50, 0x8c, 0x40, 0x81, 0x80,

    /* U+6EAF "溯" */
    0x4a, 0xf2, 0xa9, 0x1f, 0x90, 0x4f, 0x55, 0x91,
    0x59, 0x15, 0xf3, 0xf9, 0x44, 0x94, 0x89, 0x48,
    0x91, 0x13,

    /* U+6EB6 "溶" */
    0x1, 0x3, 0x4, 0xb, 0xfc, 0x10, 0x28, 0x26,
    0x62, 0xd8, 0xa6, 0x0, 0x48, 0x2c, 0x31, 0x7f,
    0x19, 0x8, 0x88, 0x4c, 0x7e, 0x0,

    /* U+6EBA "溺" */
    0x6f, 0x78, 0x8, 0x43, 0xdf, 0x90, 0x86, 0x84,
    0x17, 0xbc, 0x4, 0x23, 0xad, 0x23, 0x19, 0x6f,
    0x50, 0x42, 0x8e, 0x60,

    /* U+6ECB "滋" */
    0x0, 0x3, 0x31, 0x8, 0x98, 0x3f, 0xf0, 0x44,
    0x64, 0x20, 0x2a, 0x43, 0xde, 0x24, 0x22, 0x21,
    0x12, 0x95, 0xad, 0x79, 0x9c, 0x80,

    /* U+6ED1 "滑" */
    0x27, 0xf0, 0xa0, 0x81, 0xe4, 0x9f, 0xf2, 0x80,
    0x87, 0xfc, 0x10, 0x42, 0xfe, 0x34, 0x11, 0x3f,
    0x99, 0x4, 0x8, 0xe0,

    /* U+6ED3 "滓" */
    0x60, 0x81, 0xff, 0xc2, 0x23, 0x8f, 0xe2, 0x22,
    0x1, 0x10, 0x3f, 0xe4, 0x10, 0x27, 0xf2, 0x4,
    0x10, 0x20, 0x81, 0x0,

    /* U+6ED4 "滔" */
    0x60, 0x39, 0xbe, 0x4, 0x22, 0x9, 0x24, 0x25,
    0x30, 0x80, 0x1c, 0xe0, 0x81, 0x14, 0x8, 0xbd,
    0xc9, 0x2, 0xc8, 0x14, 0x7f, 0x80,

    /* U+6EDA "滚" */
    0x40, 0x81, 0x7f, 0xc0, 0x88, 0x8, 0x2d, 0x90,
    0x91, 0x10, 0x3f, 0xc0, 0x30, 0x26, 0x59, 0xf3,
    0x10, 0x8c, 0x8f, 0x30, 0x40, 0x0,

    /* U+6EDE "滞" */
    0xc9, 0x21, 0xff, 0x9, 0x20, 0x92, 0xc0, 0x5,
    0xff, 0x11, 0x13, 0xff, 0x49, 0x24, 0x92, 0x89,
    0x68, 0x10,

    /* U+6EE1 "满" */
    0x2, 0x21, 0xff, 0xc0, 0x88, 0x0, 0x0, 0xff,
    0xb0, 0xa0, 0xbf, 0xe1, 0x29, 0x19, 0x49, 0x53,
    0x4b, 0xa2, 0x90, 0x14, 0x83, 0x80,

    /* U+6EE4 "滤" */
    0x40, 0x81, 0x83, 0xe2, 0x8, 0x3, 0xfe, 0x89,
    0x9, 0xaf, 0x80, 0x90, 0x82, 0x7e, 0x28, 0x0,
    0xad, 0x44, 0xd0, 0x95, 0x46, 0x11, 0xf0,

    /* U+6EE5 "滥" */
    0x42, 0x43, 0x52, 0x2, 0xbe, 0x15, 0xc, 0xba,
    0x15, 0x8, 0x0, 0x0, 0x0, 0x2f, 0xf1, 0x52,
    0x8a, 0x94, 0x94, 0xad, 0xff, 0x80,

    /* U+6EE8 "滨" */
    0x0, 0x3, 0x4, 0x5, 0xfe, 0x8, 0x70, 0x7f,
    0xb1, 0x0, 0xf, 0xc0, 0x48, 0x22, 0x41, 0x7f,
    0xd8, 0x48, 0x8c, 0x24, 0x80, 0x80,

    /* U+6EE9 "滩" */
    0x0, 0x43, 0x5, 0x7, 0xa4, 0x7, 0xf8, 0x72,
    0x2a, 0x90, 0x33, 0xe1, 0xa4, 0x2d, 0x22, 0x67,
    0xd4, 0xc9, 0x81, 0xf0, 0x10, 0x0,

    /* U+6EF4 "滴" */
    0x40, 0x81, 0xff, 0xc0, 0x88, 0x4, 0xc4, 0xff,
    0xb4, 0x4c, 0x2f, 0xe1, 0x13, 0x1b, 0xd9, 0x52,
    0xca, 0xf6, 0x94, 0x34, 0x83, 0x0,

    /* U+6F02 "漂" */
    0x6f, 0xf9, 0x8a, 0x1, 0xfe, 0x12, 0x94, 0x94,
    0x93, 0x58, 0x1f, 0xc4, 0x0, 0x2f, 0xfb, 0x4,
    0x13, 0x26, 0x93, 0x10,

    /* U+6F06 "漆" */
    0x40, 0x83, 0x4, 0xb, 0xfe, 0x5, 0xcc, 0xc9,
    0x90, 0xe0, 0x19, 0x81, 0x93, 0x24, 0xa1, 0x1e,
    0x11, 0xb8, 0x91, 0x24, 0x38, 0x0,

    /* U+6F0F "漏" */
    0x6f, 0xf0, 0x40, 0x83, 0xfc, 0x10, 0x6, 0xff,
    0x94, 0x40, 0x3f, 0xc5, 0x92, 0x2d, 0xb2, 0xb6,
    0x95, 0x24, 0x29, 0x60,

    /* U+6F13 "漓" */
    0x40, 0x81, 0x7f, 0xc0, 0x0, 0xa, 0xa0, 0x5d,
    0x33, 0x8, 0x9f, 0xc0, 0x10, 0x3f, 0xf9, 0x4a,
    0x5a, 0xfa, 0x90, 0x14, 0x83, 0x80,

    /* U+6F14 "演" */
    0x60, 0x81, 0xff, 0xc2, 0x2, 0xf, 0xce, 0x8,
    0x7, 0xf8, 0x22, 0x45, 0xfe, 0x28, 0x91, 0x7f,
    0x90, 0x98, 0x98, 0x60, 0x0, 0x0,

    /* U+6F20 "漠" */
    0x2, 0x21, 0x7f, 0xc0, 0x88, 0x0, 0x0, 0x7f,
    0x32, 0x8, 0x1f, 0xc0, 0xfe, 0x30, 0x81, 0x7f,
    0xc8, 0x50, 0x84, 0x44, 0xc1, 0x80,

    /* U+6F29 "漩" */
    0x48, 0x82, 0x50, 0x1f, 0xf8, 0x90, 0x4e, 0xf0,
    0xa5, 0xb, 0x42, 0xb7, 0x73, 0x45, 0x3c, 0x55,
    0xc2, 0xe7,

    /* U+6F2B "漫" */
    0x67, 0xe2, 0x7e, 0x4, 0x28, 0x3c, 0xcf, 0xf2,
    0xa5, 0xf, 0xf2, 0xff, 0x24, 0x24, 0x3c, 0xc7,
    0xe1, 0x83,

    /* U+6F31 "漱" */
    0x4, 0x2, 0x24, 0xf, 0xe0, 0x9, 0xe1, 0xf9,
    0x6a, 0xa8, 0x55, 0x3, 0xe8, 0x4, 0x42, 0x7d,
    0x15, 0x29, 0x89, 0x28, 0x50, 0x0,

    /* U+6F3E "漾" */
    0x4, 0x4c, 0x44, 0x3f, 0xf0, 0x10, 0xf, 0xed,
    0xff, 0x7, 0x0, 0xf8, 0x21, 0x35, 0xdc, 0x45,
    0xc9, 0x93, 0x3, 0x10,

    /* U+6F58 "潘" */
    0x0, 0x71, 0xfc, 0x5, 0x24, 0x5, 0x44, 0xff,
    0xb0, 0xe0, 0xa, 0xc1, 0x93, 0xf, 0xf1, 0xa4,
    0x89, 0xfc, 0xc9, 0x24, 0x7f, 0x0,

    /* U+6F5C "潜" */
    0x62, 0x21, 0xff, 0xc0, 0x88, 0x1f, 0xfc, 0x62,
    0x12, 0xa8, 0x22, 0x22, 0xfe, 0x14, 0x11, 0x3f,
    0x89, 0x4, 0x88, 0x24, 0x7f, 0x0,

    /* U+6F66 "潦" */
    0x41, 0x1, 0x7f, 0xc2, 0xd2, 0xc, 0x64, 0xff,
    0x16, 0xc, 0x1f, 0xc4, 0xfe, 0x20, 0x82, 0x25,
    0x92, 0x26, 0x7, 0x0,

    /* U+6F6D "潭" */
    0x5f, 0xf2, 0x28, 0xf, 0xf8, 0xff, 0x40, 0x0,
    0xfe, 0x2f, 0xe2, 0x82, 0x67, 0xc5, 0xff, 0xc1,
    0x0, 0x10,

    /* U+6F6E "潮" */
    0x4, 0x4, 0x47, 0x3f, 0x90, 0x49, 0x8f, 0x7d,
    0x19, 0xf, 0x91, 0x19, 0xf, 0xf6, 0x49, 0x5f,
    0x94, 0x49, 0x85, 0x30,

    /* U+6F84 "澄" */
    0x0, 0x4, 0xea, 0x22, 0xd0, 0xc6, 0x8f, 0xed,
    0x83, 0xf, 0xe0, 0x82, 0x28, 0x22, 0xfe, 0x44,
    0x4c, 0x48, 0x9f, 0xf0,

    /* U+6F88 "澈" */
    0x0, 0xc, 0x44, 0x3f, 0x40, 0xaf, 0xa, 0x9d,
    0x49, 0xf, 0xe1, 0x26, 0x2e, 0x65, 0x26, 0x4e,
    0x65, 0x2f, 0x96, 0x90,

    /* U+6F8E "澎" */
    0x84, 0x17, 0xf2, 0x4, 0x41, 0xf8, 0x80, 0x15,
    0xf2, 0x11, 0x41, 0xf8, 0x62, 0x14, 0xa3, 0x4a,
    0x29, 0xfc, 0x0, 0x80,

    /* U+6F9C "澜" */
    0x0, 0x4, 0xbf, 0x1, 0x11, 0x7d, 0x91, 0x1d,
    0x7d, 0x15, 0xd1, 0x7d, 0x57, 0xd5, 0x39, 0x55,
    0x59, 0x11, 0x90, 0x70,

    /* U+6FA1 "澡" */
    0x63, 0xe0, 0x91, 0x0, 0xf8, 0x9e, 0xf2, 0x94,
    0x84, 0xa4, 0x3d, 0xe0, 0x10, 0x2f, 0xf9, 0xe,
    0x11, 0xac, 0x91, 0x10,

    /* U+6FB3 "澳" */
    0xc1, 0x2, 0xfe, 0xd, 0x60, 0xba, 0xcf, 0xe0,
    0xba, 0xd, 0x62, 0x10, 0x5f, 0xf4, 0x28, 0xc6,
    0xc9, 0x83,

    /* U+6FC0 "激" */
    0x4, 0x43, 0x22, 0xb, 0xd0, 0x23, 0xf9, 0xf9,
    0x37, 0xe8, 0x11, 0x43, 0xea, 0x28, 0x61, 0x79,
    0x12, 0x58, 0xb2, 0xab, 0x68, 0x80,

    /* U+6FD2 "濒" */
    0x42, 0x1, 0x8b, 0xe2, 0xb2, 0x2, 0xbe, 0xa,
    0x89, 0x7e, 0xa2, 0x4a, 0x83, 0x6a, 0x35, 0xa8,
    0xda, 0xa4, 0x23, 0x11, 0x16, 0x18, 0x88,

    /* U+7011 "瀑" */
    0x6f, 0xf0, 0x7f, 0x82, 0x4, 0x1f, 0xee, 0xff,
    0x1, 0x20, 0x7f, 0xe4, 0xa4, 0x5f, 0x7a, 0x1e,
    0x37, 0x4c, 0x6, 0x0,

    /* U+704C "灌" */
    0x42, 0x21, 0xff, 0xc0, 0x0, 0x1e, 0xf0, 0x94,
    0xb7, 0xbc, 0xa, 0x0, 0xff, 0x1c, 0x41, 0x3f,
    0x89, 0xfe, 0x88, 0x84, 0x7f, 0x80,

    /* U+706B "火" */
    0x2, 0x0, 0x10, 0x0, 0x80, 0x44, 0x22, 0x23,
    0x11, 0x11, 0x9, 0x80, 0xa0, 0x5, 0x0, 0x44,
    0x6, 0x30, 0xc0, 0x64, 0x0, 0x0,

    /* U+706D "灭" */
    0x7f, 0xf8, 0xc, 0x0, 0x30, 0x4, 0xc4, 0x13,
    0x10, 0xcc, 0x82, 0x36, 0x0, 0xa0, 0x4, 0x80,
    0x31, 0x3, 0x83, 0x18, 0x6,

    /* U+706F "灯" */
    0x10, 0x0, 0x9f, 0xc4, 0x8, 0xa8, 0x45, 0x82,
    0x2c, 0x10, 0x40, 0x82, 0x4, 0x10, 0x21, 0x41,
    0x9, 0x8, 0x80, 0x4c, 0x1c, 0x0,

    /* U+7070 "灰" */
    0x10, 0x1, 0x0, 0xff, 0xf1, 0x0, 0x11, 0x3,
    0x12, 0x25, 0x22, 0x94, 0x61, 0x84, 0x28, 0xc6,
    0x48, 0xc2, 0x18, 0x10,

    /* U+7075 "灵" */
    0x7f, 0xe0, 0x1, 0xf, 0xf8, 0x0, 0x47, 0xfe,
    0x1, 0x0, 0x88, 0x84, 0xc4, 0x46, 0x40, 0x68,
    0x6, 0x31, 0xc0, 0x70,

    /* U+7076 "灶" */
    0x10, 0x40, 0x82, 0x4, 0x10, 0xa8, 0x85, 0x84,
    0x2d, 0xfe, 0x41, 0x6, 0x8, 0x30, 0x41, 0x42,
    0x1a, 0x10, 0x8f, 0xf0, 0x0, 0x0,

    /* U+7078 "灸" */
    0x8, 0x1, 0xf8, 0x21, 0x4, 0x20, 0xd, 0xc7,
    0x7, 0x86, 0x12, 0x66, 0x66, 0x44, 0xf8, 0x19,
    0x87, 0xe, 0x80, 0x10,

    /* U+707C "灼" */
    0x10, 0x80, 0x84, 0x4, 0x40, 0xab, 0xf5, 0xb0,
    0xad, 0x6, 0x44, 0x26, 0x11, 0x30, 0x49, 0x40,
    0x5b, 0x2, 0x88, 0x30, 0x7, 0x0,

    /* U+707E "灾" */
    0xc, 0x0, 0x60, 0xff, 0xe8, 0x2, 0x84, 0x22,
    0x44, 0x24, 0x44, 0x48, 0xa, 0x0, 0xa0, 0x11,
    0x6, 0xc, 0x80, 0x20,

    /* U+707F "灿" */
    0x10, 0x40, 0x82, 0x4, 0x10, 0x28, 0x85, 0xa4,
    0xad, 0x26, 0x49, 0x22, 0x49, 0x32, 0x49, 0xd2,
    0x4a, 0x92, 0x87, 0xf4, 0x0, 0x80,

    /* U+7089 "炉" */
    0x10, 0x80, 0x82, 0x4, 0x10, 0x2f, 0xf5, 0xa0,
    0xad, 0x4, 0x4f, 0xe4, 0x41, 0x32, 0x9, 0x90,
    0xa, 0x80, 0x88, 0xc, 0x40, 0x0, 0x0,

    /* U+708A "炊" */
    0x10, 0x80, 0x46, 0x1, 0x5f, 0x95, 0x42, 0x5b,
    0x49, 0x69, 0x1, 0x4, 0x4, 0x10, 0x30, 0xa0,
    0xa2, 0x82, 0x51, 0x10, 0xc6, 0x40, 0x0,

    /* U+708E "炎" */
    0x6, 0x2, 0x46, 0x24, 0x44, 0xf0, 0x18, 0xc7,
    0x3, 0x4, 0x2, 0x66, 0x26, 0x44, 0xe0, 0x19,
    0x3, 0xe, 0xc0, 0x30,

    /* U+7092 "炒" */
    0x10, 0x40, 0x41, 0x1, 0x55, 0x15, 0x52, 0x59,
    0x4b, 0x49, 0x21, 0x4, 0x84, 0x14, 0x28, 0x10,
    0xb1, 0x86, 0xc, 0x31, 0xc0,

    /* U+7095 "炕" */
    0x10, 0xc0, 0x41, 0x1, 0x4, 0x15, 0xff, 0x58,
    0x1, 0x67, 0xc1, 0x11, 0x4, 0x44, 0x31, 0x10,
    0xa4, 0x42, 0xf1, 0x58, 0x85, 0x44, 0x1c,

    /* U+70AB "炫" */
    0x20, 0x81, 0x2, 0xb, 0xfe, 0xd1, 0x7, 0x11,
    0x31, 0x90, 0x9f, 0x84, 0x8, 0x30, 0xa1, 0x88,
    0x92, 0x84, 0x8f, 0xd0, 0x0, 0x0,

    /* U+70AC "炬" */
    0x10, 0x0, 0x9f, 0xc4, 0x80, 0xb4, 0x5, 0xbf,
    0x2d, 0xa, 0x48, 0x46, 0x42, 0x33, 0xf1, 0x90,
    0xa, 0x80, 0x84, 0xc, 0x3f, 0x80,

    /* U+70AD "炭" */
    0x6, 0x4, 0x62, 0x7f, 0xe1, 0x0, 0x10, 0xf,
    0xff, 0x11, 0x2, 0x50, 0x29, 0x24, 0xb4, 0xc2,
    0x88, 0x4c, 0x38, 0x70,

    /* U+70AE "炮" */
    0x21, 0x0, 0x84, 0x2, 0xbf, 0x9a, 0x82, 0x77,
    0xc9, 0x89, 0x22, 0x24, 0x88, 0xf2, 0x32, 0x8,
    0xc8, 0xe2, 0xa0, 0xd0, 0x82, 0xc3, 0xf8,

    /* U+70B8 "炸" */
    0x11, 0x0, 0x44, 0x1, 0x7f, 0xd6, 0xa0, 0x5a,
    0x81, 0x43, 0xe1, 0x8, 0x4, 0x20, 0x30, 0x80,
    0xc3, 0xe2, 0x88, 0x18, 0x20, 0x40, 0x80,

    /* U+70B9 "点" */
    0x2, 0x0, 0x10, 0x0, 0xfe, 0x4, 0x3, 0xfe,
    0x10, 0x10, 0x80, 0x84, 0x4, 0x3f, 0xe0, 0x0,
    0x9, 0x4c, 0x89, 0x2c, 0x48, 0x80,

    /* U+70BC "炼" */
    0x20, 0x81, 0x4, 0x9, 0xfe, 0x52, 0xb, 0x7c,
    0x59, 0x22, 0x89, 0x4, 0xff, 0x20, 0x43, 0x92,
    0x96, 0x96, 0x88, 0x98, 0x1c, 0x0,

    /* U+70C1 "烁" */
    0x10, 0x70, 0x9e, 0x4, 0x80, 0xb4, 0x85, 0xa4,
    0x29, 0xfc, 0x41, 0x4, 0x8, 0x31, 0x51, 0xd2,
    0x4a, 0x92, 0x88, 0x90, 0xc, 0x0,

    /* U+70C2 "烂" */
    0x22, 0x11, 0x9, 0xa, 0x48, 0xd7, 0xf6, 0x80,
    0x30, 0x0, 0x80, 0x4, 0x7e, 0x30, 0x1, 0x80,
    0x1a, 0x0, 0x8f, 0xf0, 0x0, 0x0,

    /* U+70C8 "烈" */
    0x0, 0x17, 0xf0, 0x8c, 0x24, 0x7d, 0x24, 0x69,
    0x52, 0x48, 0x72, 0x43, 0x2, 0x30, 0x16, 0x3,
    0x90, 0x0, 0x92, 0x28, 0x89, 0x80, 0x0,

    /* U+70D8 "烘" */
    0x11, 0x20, 0x89, 0x4, 0x48, 0xbf, 0xf5, 0x92,
    0x28, 0x92, 0x44, 0x82, 0x24, 0x37, 0xf9, 0x80,
    0xa, 0x48, 0xc4, 0x24, 0x61, 0x80,

    /* U+70D9 "烙" */
    0x11, 0x0, 0x88, 0x4, 0xfc, 0x26, 0x25, 0xd2,
    0x2c, 0x62, 0x46, 0x82, 0xc1, 0x33, 0xf1, 0x50,
    0x8a, 0x84, 0x87, 0xe4, 0x21, 0x0,

    /* U+70DB "烛" */
    0x10, 0x40, 0x82, 0x4, 0x10, 0xb7, 0xe5, 0xa5,
    0x2d, 0x28, 0x49, 0x46, 0x7e, 0x30, 0x41, 0xc2,
    0x8a, 0x14, 0x8f, 0xf0, 0x40, 0x80,

    /* U+70DF "烟" */
    0x10, 0x0, 0x9f, 0xc4, 0x82, 0xac, 0x95, 0xa4,
    0xad, 0xfe, 0x49, 0x22, 0x49, 0x32, 0xa9, 0x54,
    0xc9, 0x82, 0x87, 0xf4, 0x20, 0x80,

    /* U+70E4 "烤" */
    0x20, 0x81, 0x4, 0xc8, 0xfc, 0xd1, 0x46, 0xff,
    0xb0, 0x40, 0x87, 0xe4, 0xe0, 0x39, 0x1, 0x8f,
    0x8a, 0x4, 0x80, 0x24, 0xe, 0x0,

    /* U+70E6 "烦" */
    0x10, 0x0, 0x9f, 0xc4, 0x10, 0xab, 0xe5, 0xa1,
    0x29, 0x28, 0x49, 0x46, 0x4a, 0x32, 0x51, 0x42,
    0x19, 0x28, 0x82, 0x30, 0x20, 0x80,

    /* U+70E7 "烧" */
    0x21, 0x1, 0x8, 0xc9, 0xf8, 0xd1, 0x26, 0x8e,
    0x30, 0x66, 0x8c, 0xe4, 0x0, 0x27, 0xf9, 0x89,
    0x1a, 0x48, 0x86, 0x58, 0x63, 0x80,

    /* U+70EB "烫" */
    0x6f, 0xe0, 0x10, 0xcf, 0xf0, 0x29, 0x24, 0x94,
    0x93, 0x81, 0x60, 0x40, 0x26, 0x44, 0xe0, 0x19,
    0x8e, 0x7,

    /* U+70ED "热" */
    0x21, 0x1, 0x8, 0x3f, 0xf8, 0x42, 0x42, 0x12,
    0x1f, 0x93, 0x8c, 0x84, 0x54, 0x26, 0x2b, 0x20,
    0xc0, 0x8, 0x92, 0x6c, 0x99, 0x0, 0x0,

    /* U+70F9 "烹" */
    0x4, 0xf, 0xff, 0x0, 0x3, 0xfc, 0x20, 0x41,
    0xf8, 0x7f, 0xe0, 0x38, 0x2, 0x1, 0xc0, 0x49,
    0x24, 0x93, 0x89, 0x10,

    /* U+710A "焊" */
    0x10, 0x0, 0x9f, 0x84, 0x84, 0xb7, 0xe5, 0xa1,
    0x2d, 0xf9, 0x40, 0x4, 0xff, 0x30, 0x81, 0xbf,
    0xca, 0x20, 0x81, 0x4, 0x8, 0x0,

    /* U+7115 "焕" */
    0x20, 0x81, 0xf, 0x88, 0x48, 0xd4, 0xc6, 0xff,
    0x39, 0x2a, 0x89, 0x44, 0x4a, 0x27, 0xf9, 0x86,
    0xa, 0x50, 0x96, 0x6c, 0xc1, 0x80,

    /* U+7119 "焙" */
    0x10, 0x80, 0x82, 0x5, 0xfe, 0xb4, 0x25, 0x92,
    0x2c, 0x92, 0x5f, 0xe4, 0x0, 0x23, 0xf1, 0x90,
    0x8a, 0x84, 0x94, 0x24, 0x3f, 0x0,

    /* U+711A "焚" */
    0x10, 0x40, 0x82, 0x3f, 0x7e, 0x61, 0xc5, 0xd5,
    0x69, 0x24, 0x41, 0x0, 0x40, 0x22, 0x23, 0x33,
    0x13, 0x40, 0x71, 0x8c, 0x3, 0x80,

    /* U+7126 "焦" */
    0x11, 0x1, 0x88, 0xf, 0xfc, 0xc2, 0xf, 0xfe,
    0x10, 0x80, 0xff, 0x84, 0x20, 0x21, 0x1, 0xff,
    0x88, 0x0, 0x92, 0x64, 0x89, 0x4, 0x0,

    /* U+7130 "焰" */
    0x10, 0x80, 0x84, 0x4, 0x7c, 0xaa, 0x25, 0xa2,
    0x2c, 0x50, 0x4c, 0xe2, 0x41, 0x32, 0x9, 0xdd,
    0xcb, 0x82, 0x87, 0xf4, 0x20, 0x80,

    /* U+7136 "然" */
    0x10, 0x50, 0xf2, 0x88, 0x90, 0x7f, 0xf4, 0x44,
    0x1e, 0x30, 0x22, 0x86, 0x32, 0x63, 0x18, 0x0,
    0x9, 0x24, 0x89, 0x3c, 0x48, 0x80,

    /* U+714C "煌" */
    0x20, 0x81, 0x4, 0x9, 0xfc, 0x58, 0x27, 0x7f,
    0x3a, 0xa, 0x9f, 0xc4, 0x0, 0x27, 0xf1, 0xbf,
    0x94, 0x20, 0x81, 0xc, 0xff, 0x80,

    /* U+714E "煎" */
    0x30, 0xc1, 0x8, 0xff, 0xf7, 0xd2, 0x45, 0x27,
    0xd2, 0x45, 0x27, 0xd2, 0x44, 0x25, 0xce, 0x61,
    0x24, 0x92, 0xc9, 0x10,

    /* U+715E "煞" */
    0x10, 0x41, 0xe4, 0x9, 0x3e, 0x8b, 0x27, 0xd9,
    0x2, 0x78, 0xf1, 0x80, 0x8c, 0x4, 0xf3, 0xec,
    0xc0, 0x0, 0x49, 0x26, 0x48, 0xa0, 0x44,

    /* U+7164 "煤" */
    0x22, 0x11, 0x10, 0x89, 0xfe, 0xd4, 0x26, 0xbf,
    0x31, 0xa, 0x8f, 0xc4, 0x8, 0x27, 0xf9, 0x87,
    0x1a, 0x5c, 0x8c, 0xb0, 0x44, 0x80,

    /* U+7167 "照" */
    0x7b, 0xf2, 0x44, 0x92, 0x44, 0xf4, 0x44, 0xbf,
    0x25, 0x9, 0x28, 0x4e, 0x7e, 0x40, 0x1, 0x69,
    0x19, 0x24, 0x89, 0x30,

    /* U+716E "煮" */
    0x4, 0x27, 0xfe, 0x4, 0x8f, 0xff, 0xc, 0x7,
    0xfc, 0xe0, 0x43, 0xfc, 0x20, 0x43, 0xfc, 0x61,
    0x24, 0x92, 0x89, 0x10,

    /* U+7184 "熄" */
    0x10, 0xc0, 0x4f, 0xe1, 0x20, 0x96, 0xfe, 0x5a,
    0x9, 0x4f, 0xe9, 0x20, 0x88, 0xfe, 0x30, 0x80,
    0xb5, 0xa2, 0x50, 0x91, 0x45, 0x81, 0xf0,

    /* U+718A "熊" */
    0x21, 0x2, 0x4b, 0x9f, 0x61, 0xa, 0x27, 0x9f,
    0x24, 0x81, 0xe7, 0x8f, 0x20, 0x49, 0x1a, 0xcf,
    0x80, 0x0, 0x92, 0x64, 0x99, 0x0,

    /* U+718F "熏" */
    0x0, 0x7, 0xfc, 0x4, 0xf, 0xff, 0x7f, 0xe5,
    0x4a, 0x45, 0x23, 0xec, 0x7f, 0xe0, 0x40, 0xff,
    0xf0, 0x2, 0x49, 0x38, 0x0,

    /* U+7194 "熔" */
    0x20, 0x81, 0x2, 0x9, 0xfe, 0xd8, 0x16, 0x92,
    0x2b, 0x6c, 0x87, 0x4, 0x46, 0x3f, 0xf9, 0x90,
    0x8a, 0x84, 0x94, 0x2c, 0x3f, 0x0,

    /* U+7199 "熙" */
    0x7e, 0xf9, 0x22, 0x25, 0xc8, 0x99, 0x3e, 0x64,
    0x81, 0x72, 0x4, 0x88, 0x5f, 0xbe, 0x0, 0x0,
    0x92, 0x46, 0x48, 0xb1, 0x13,

    /* U+719F "熟" */
    0x20, 0x8f, 0xc8, 0x3, 0xef, 0x8a, 0xfa, 0xaf,
    0xba, 0x31, 0xaf, 0xd7, 0x22, 0x36, 0x43, 0x40,
    0x24, 0x92, 0x89, 0x90,

    /* U+71AC "熬" */
    0x10, 0x8f, 0xd0, 0x11, 0xf7, 0xf2, 0x13, 0x2e,
    0xde, 0x38, 0xc2, 0x8c, 0x49, 0x69, 0xa3, 0x0,
    0x4, 0x92, 0xc9, 0x10, 0x0,

    /* U+71C3 "燃" */
    0x22, 0x31, 0x1d, 0x4b, 0x2a, 0xef, 0xf5, 0x52,
    0x36, 0x90, 0x89, 0x44, 0x4a, 0x34, 0x89, 0x80,
    0x9, 0x54, 0x92, 0x90, 0x92, 0x80,

    /* U+71CE "燎" */
    0x20, 0x81, 0x4, 0x9, 0xfe, 0xda, 0x57, 0x33,
    0x3b, 0xfa, 0x88, 0x64, 0x7e, 0x33, 0xf1, 0x84,
    0xa, 0xa4, 0x89, 0x18, 0x18, 0x0,

    /* U+71D5 "燕" */
    0x8, 0x87, 0xff, 0xc2, 0x20, 0x1f, 0x2, 0x4,
    0x77, 0xac, 0xa5, 0x8d, 0x29, 0xaf, 0x3a, 0x1,
    0x12, 0x65, 0x11, 0x30, 0x0, 0x0,

    /* U+71E5 "燥" */
    0x20, 0x0, 0x87, 0xc2, 0x11, 0x1a, 0x38, 0x6f,
    0xbd, 0x92, 0x92, 0x7b, 0xc8, 0x10, 0x37, 0xfc,
    0xc3, 0x82, 0x95, 0x11, 0x93, 0x44, 0x44,

    /* U+7206 "爆" */
    0x20, 0x1, 0x3f, 0x89, 0xfc, 0xe8, 0x27, 0x7f,
    0x39, 0x12, 0x9f, 0xc5, 0xff, 0x26, 0x91, 0xd5,
    0x54, 0x70, 0x9d, 0x60, 0x18, 0x0,

    /* U+722A "爪" */
    0x0, 0xf1, 0xf9, 0x8, 0x88, 0x44, 0x42, 0x22,
    0x11, 0x10, 0x88, 0x84, 0x42, 0x22, 0x12, 0x10,
    0x90, 0x87, 0x84, 0x10,

    /* U+722C "爬" */
    0xe, 0x3, 0xaf, 0x95, 0x54, 0xaa, 0xa5, 0x55,
    0x2a, 0xf9, 0x54, 0xa, 0xa2, 0x55, 0x12, 0x9f,
    0x94, 0x81, 0x23, 0x9, 0x7, 0x80,

    /* U+7231 "爱" */
    0x3f, 0xe0, 0x91, 0x4, 0x50, 0xff, 0xf4, 0x40,
    0x82, 0x0, 0x6f, 0x81, 0xfc, 0x1c, 0x60, 0x9e,
    0x19, 0xf8, 0x90, 0x30,

    /* U+7235 "爵" */
    0x7f, 0xf1, 0x11, 0x1f, 0xfc, 0x91, 0x27, 0xff,
    0x3e, 0x11, 0x17, 0xef, 0x84, 0x7c, 0xa2, 0x45,
    0x17, 0x8, 0xcc, 0xc0,

    /* U+7236 "父" */
    0x8, 0x0, 0x21, 0x1, 0x2, 0xc, 0x4, 0x68,
    0x68, 0x21, 0x0, 0xcc, 0x1, 0x20, 0x3, 0x0,
    0xc, 0x0, 0xcc, 0xe, 0x1c, 0x60, 0x18,

    /* U+7237 "爷" */
    0x18, 0xe3, 0x83, 0x93, 0x20, 0xe, 0x1, 0xde,
    0x30, 0xc, 0xff, 0x80, 0x84, 0x4, 0x20, 0x2f,
    0x1, 0x0, 0x8, 0x0,

    /* U+7238 "爸" */
    0x18, 0xc1, 0x83, 0x32, 0x24, 0xe, 0x1, 0xdc,
    0x78, 0x3c, 0xff, 0x84, 0x44, 0x22, 0x21, 0xff,
    0x8, 0x0, 0x40, 0x13, 0xff, 0x0,

    /* U+7239 "爹" */
    0x8, 0x40, 0x81, 0x99, 0x62, 0xf, 0x7, 0xb7,
    0x83, 0xe0, 0xf2, 0x0, 0x68, 0x3d, 0xf8, 0x38,
    0x86, 0x98, 0x3, 0x3, 0xe0, 0x0,

    /* U+723D "爽" */
    0x6, 0x0, 0x60, 0xff, 0xf1, 0x62, 0x66, 0xc5,
    0x6a, 0x6, 0x7, 0x6a, 0x66, 0x6d, 0x9a, 0x19,
    0x83, 0xc, 0xc0, 0x30,

    /* U+7247 "片" */
    0x1, 0x2, 0x10, 0x21, 0x2, 0x10, 0x3f, 0xf2,
    0x0, 0x20, 0x3, 0xfc, 0x20, 0x42, 0x4, 0x40,
    0x44, 0x4, 0x80, 0x40,

    /* U+7248 "版" */
    0x48, 0xf2, 0x58, 0x12, 0x80, 0x94, 0x7, 0xff,
    0x21, 0x89, 0xa, 0x4f, 0x54, 0x4a, 0xa2, 0x53,
    0x12, 0x91, 0x19, 0x68, 0xd1, 0x0,

    /* U+724C "牌" */
    0x50, 0x82, 0x9f, 0xd4, 0x92, 0xa4, 0x97, 0xbf,
    0xa1, 0x25, 0xf, 0xee, 0x34, 0x52, 0x22, 0xbf,
    0xd4, 0x8, 0xa0, 0x49, 0x2, 0x0,

    /* U+724D "牍" */
    0x50, 0xc2, 0x9f, 0x94, 0x30, 0xaf, 0xe7, 0xff,
    0xa0, 0xa9, 0x19, 0xe, 0x28, 0x57, 0xfa, 0x84,
    0x14, 0x68, 0xa6, 0x29, 0x40, 0x80,

    /* U+7259 "牙" */
    0x7f, 0xf0, 0x4, 0x8, 0x20, 0x41, 0x2, 0x8,
    0x3f, 0xfc, 0x6, 0x0, 0xd0, 0xc, 0x81, 0x84,
    0x38, 0x20, 0x7, 0x0,

    /* U+725B "牛" */
    0x2, 0x1, 0x90, 0x8, 0x80, 0xff, 0xe4, 0x20,
    0x61, 0x0, 0x8, 0x1f, 0xff, 0x2, 0x0, 0x10,
    0x0, 0x80, 0x4, 0x0, 0x20, 0x0,

    /* U+7261 "牡" */
    0x10, 0x42, 0x82, 0x14, 0x10, 0xf8, 0x85, 0x4,
    0x49, 0xfc, 0x41, 0x3, 0x88, 0xf8, 0x44, 0x82,
    0x4, 0x10, 0x20, 0x81, 0x7f, 0x80,

    /* U+7262 "牢" */
    0x0, 0x0, 0x60, 0xff, 0xf8, 0x1, 0x92, 0x13,
    0xfe, 0x42, 0x4, 0x20, 0x2, 0xf, 0xff, 0x2,
    0x0, 0x20, 0x2, 0x0,

    /* U+7267 "牧" */
    0x11, 0x2, 0x88, 0x14, 0x40, 0xff, 0xf5, 0x31,
    0x4b, 0x88, 0x44, 0x83, 0x94, 0xf0, 0xe0, 0x82,
    0x4, 0x38, 0x26, 0x61, 0x60, 0x80,

    /* U+7269 "物" */
    0x11, 0x2, 0x88, 0x14, 0x7e, 0xf5, 0x55, 0x2a,
    0xca, 0x54, 0x54, 0xa7, 0x29, 0x52, 0x48, 0xa4,
    0x44, 0x26, 0x22, 0x21, 0x27, 0x0,

    /* U+7272 "牲" */
    0x10, 0x42, 0x92, 0x14, 0x90, 0xf7, 0xf5, 0x24,
    0x4a, 0x20, 0x41, 0xf, 0x7f, 0xd0, 0x40, 0x82,
    0x4, 0x10, 0x20, 0x81, 0x7f, 0x80,

    /* U+7275 "牵" */
    0x2, 0x7, 0xfe, 0x6, 0x1, 0x9c, 0x60, 0x6f,
    0xff, 0xa2, 0x13, 0xfe, 0x42, 0x0, 0x20, 0xff,
    0xf0, 0x20, 0x2, 0x0,

    /* U+7279 "特" */
    0x20, 0x8a, 0x8, 0xa7, 0xef, 0x8, 0xaf, 0xfa,
    0x4, 0x20, 0x43, 0xff, 0xe0, 0x42, 0x64, 0x22,
    0x42, 0x4, 0x21, 0xc0,

    /* U+727A "牺" */
    0x20, 0x2, 0xff, 0xa2, 0x8f, 0x28, 0xff, 0xfa,
    0xa9, 0x2a, 0x92, 0xa9, 0xfa, 0x72, 0xc1, 0x28,
    0x12, 0xff, 0x28, 0x10,

    /* U+7280 "犀" */
    0x3f, 0xf8, 0x80, 0x23, 0xff, 0x8b, 0x24, 0x20,
    0x80, 0x9a, 0xc2, 0x80, 0x89, 0x20, 0x3b, 0xf9,
    0x7f, 0xf4, 0x8, 0x10, 0x20,

    /* U+7281 "犁" */
    0x4, 0x17, 0xc4, 0x84, 0x25, 0xfd, 0x23, 0x89,
    0x2a, 0xa, 0x40, 0xc6, 0x40, 0x3f, 0xf2, 0x10,
    0x3f, 0xfe, 0x4, 0x0, 0x20, 0x0,

    /* U+72AC "犬" */
    0x2, 0x0, 0x13, 0x0, 0x8c, 0x4, 0xf, 0xff,
    0x83, 0x80, 0x14, 0x0, 0xa0, 0xc, 0x80, 0xc6,
    0xc, 0x19, 0xc0, 0x70, 0x0, 0x80,

    /* U+72AF "犯" */
    0x44, 0x0, 0xa7, 0xe1, 0x10, 0x8c, 0x42, 0x49,
    0x8, 0x24, 0x21, 0x90, 0x8e, 0x4e, 0x69, 0x1,
    0x24, 0x0, 0x90, 0x42, 0x41, 0x71, 0xf8,

    /* U+72B6 "状" */
    0x10, 0x80, 0x84, 0xb4, 0x24, 0xa1, 0x1, 0x7f,
    0x88, 0x40, 0x43, 0x6, 0x38, 0x51, 0x44, 0x89,
    0x4, 0x8c, 0x2c, 0x31, 0xc0, 0x80,

    /* U+72B9 "犹" */
    0x1, 0x2, 0x89, 0xc, 0x44, 0xc2, 0xd, 0xff,
    0x88, 0x80, 0xc5, 0x6, 0x28, 0x52, 0x44, 0x92,
    0x4, 0x92, 0x28, 0x96, 0x87, 0x80,

    /* U+72C2 "狂" */
    0x0, 0x5, 0x7f, 0x20, 0x86, 0x8, 0x90, 0x81,
    0x8, 0x37, 0xf7, 0x8, 0xd0, 0x89, 0x8, 0x10,
    0x81, 0x8, 0x6f, 0xf0,

    /* U+72C8 "狈" */
    0x5b, 0xf1, 0x90, 0x88, 0xa5, 0xa5, 0x21, 0x29,
    0x9, 0x48, 0xca, 0x4a, 0x52, 0x92, 0x90, 0x8a,
    0x4, 0xcc, 0xc8, 0x30,

    /* U+72D0 "狐" */
    0x0, 0x12, 0xbf, 0xd, 0x28, 0x49, 0x4d, 0x4a,
    0xa, 0x50, 0xd2, 0x86, 0x94, 0x54, 0x94, 0xa6,
    0x86, 0x54, 0x33, 0xa6, 0x92, 0x80,

    /* U+72D7 "狗" */
    0xd9, 0x5, 0x20, 0x23, 0xf6, 0x61, 0x94, 0x11,
    0x3d, 0x32, 0x53, 0x25, 0x52, 0x59, 0x3d, 0x12,
    0x11, 0x1, 0x60, 0x60,

    /* U+72DE "狞" */
    0x40, 0x82, 0x82, 0x9, 0xfe, 0xc8, 0x19, 0x40,
    0x88, 0x0, 0xdf, 0xe6, 0x18, 0x50, 0xc4, 0x86,
    0x4, 0x30, 0x21, 0x86, 0x18, 0x0,

    /* U+72E0 "狠" */
    0x57, 0xf1, 0x20, 0x99, 0xfd, 0xa8, 0x21, 0x41,
    0x1b, 0xf9, 0xd4, 0x1a, 0x92, 0x94, 0xe0, 0xa3,
    0x5, 0x6c, 0xcc, 0x10,

    /* U+72E1 "狡" */
    0x10, 0x82, 0x82, 0x9, 0xfe, 0xc0, 0x49, 0x33,
    0x9, 0x8, 0xd8, 0xae, 0x24, 0xd1, 0x60, 0x86,
    0x4, 0x30, 0x26, 0xc6, 0xe1, 0x80,

    /* U+72EC "独" */
    0x0, 0x82, 0x84, 0xc, 0x20, 0xcf, 0xed, 0x49,
    0xa, 0x48, 0xd2, 0x46, 0xfe, 0x50, 0x80, 0x85,
    0x84, 0x24, 0x3f, 0xe6, 0xc0, 0x80,

    /* U+72ED "狭" */
    0x88, 0x82, 0x84, 0x9, 0xfe, 0xc1, 0x29, 0x29,
    0x9, 0x48, 0xc2, 0x86, 0xff, 0xd0, 0xc4, 0x8e,
    0x4, 0x48, 0x2c, 0x26, 0xc0, 0x80,

    /* U+72EE "狮" */
    0x41, 0x3, 0x8f, 0xc9, 0x48, 0xaa, 0xf1, 0x5a,
    0x8a, 0xd4, 0xd6, 0xae, 0xb5, 0x51, 0xa8, 0x95,
    0x44, 0xae, 0x28, 0x46, 0x82, 0x0,

    /* U+72F0 "狰" */
    0x51, 0x2, 0x9f, 0x8, 0x98, 0xc8, 0x8d, 0xff,
    0x8, 0x48, 0xff, 0xe6, 0x12, 0x50, 0x94, 0xbf,
    0x84, 0x20, 0x21, 0x6, 0x38, 0x0,

    /* U+72F1 "狱" */
    0x54, 0x23, 0xb1, 0x88, 0x8a, 0xc0, 0x45, 0xf,
    0x8f, 0x10, 0x48, 0x86, 0x44, 0x52, 0x60, 0x92,
    0x84, 0xd4, 0x2d, 0x16, 0x8, 0x80,

    /* U+72F8 "狸" */
    0x40, 0x1, 0x5f, 0xe3, 0x4c, 0x89, 0x32, 0x57,
    0xf8, 0x53, 0x21, 0x7f, 0x8c, 0x30, 0x50, 0xc1,
    0x5f, 0xe1, 0xc, 0x4, 0x30, 0x6f, 0xfc,

    /* U+72FC "狼" */
    0x0, 0x2, 0xc2, 0xc, 0xfc, 0x44, 0x2d, 0x3f,
    0x9, 0x8, 0x48, 0x46, 0x7e, 0x52, 0x44, 0x93,
    0x84, 0x88, 0x27, 0x26, 0x60, 0x80,

    /* U+730E "猎" */
    0x1, 0x22, 0x89, 0x9, 0xfe, 0xc2, 0x4d, 0x12,
    0xb, 0xfc, 0xc0, 0x6, 0x7e, 0xd2, 0x10, 0x9f,
    0x84, 0x84, 0x24, 0x26, 0x3f, 0x0,

    /* U+7316 "猖" */
    0x57, 0xf1, 0xa0, 0x99, 0xfd, 0xa8, 0x21, 0x7f,
    0x18, 0x0, 0xdf, 0xea, 0x83, 0x17, 0xf8, 0xa0,
    0xc5, 0x6, 0xcf, 0xf0,

    /* U+731B "猛" */
    0x53, 0xf1, 0x83, 0x8, 0x20, 0xaf, 0xf1, 0x8,
    0x8, 0x40, 0xc4, 0xa, 0xfe, 0x15, 0x50, 0xaa,
    0x85, 0x54, 0xdf, 0xf0,

    /* U+731C "猜" */
    0x48, 0x82, 0xbf, 0x88, 0x20, 0xc7, 0xc1, 0xff,
    0x88, 0x0, 0xcf, 0xc6, 0x42, 0x53, 0xf0, 0x90,
    0x84, 0xfc, 0x24, 0x26, 0x26, 0x0,

    /* U+7329 "猩" */
    0x57, 0xf1, 0xa0, 0x89, 0xfc, 0xa8, 0x21, 0x7f,
    0x1a, 0x40, 0xdf, 0xfb, 0x10, 0x17, 0xf0, 0x84,
    0x4, 0x20, 0xdf, 0xf0,

    /* U+732A "猪" */
    0x40, 0x82, 0x84, 0x4d, 0xfc, 0xc1, 0x49, 0xff,
    0x88, 0x40, 0xc4, 0xe, 0xfe, 0xde, 0x10, 0x9f,
    0x84, 0x84, 0x24, 0x26, 0x3f, 0x0,

    /* U+732B "猫" */
    0x12, 0x22, 0x91, 0xb, 0xfe, 0xc4, 0x49, 0x22,
    0x8, 0x0, 0xdf, 0xc6, 0x92, 0x54, 0x94, 0xbf,
    0x85, 0x24, 0x2f, 0xe6, 0x41, 0x0,

    /* U+732C "猬" */
    0xaf, 0xf6, 0x91, 0x4f, 0xfa, 0x91, 0x2f, 0xf2,
    0x0, 0x6f, 0xea, 0xfe, 0xa8, 0x22, 0xfe, 0x28,
    0x2e, 0x8e,

    /* U+732E "献" */
    0x10, 0x40, 0x83, 0x3f, 0x94, 0x20, 0xaf, 0xff,
    0xd5, 0x22, 0x29, 0x1f, 0x4c, 0x92, 0x67, 0xd5,
    0x24, 0xa9, 0x25, 0x28, 0x71, 0x0,

    /* U+7334 "猴" */
    0x0, 0x5, 0x2f, 0x11, 0x8, 0x9f, 0xfa, 0xd0,
    0x1a, 0x80, 0x97, 0xcc, 0xd0, 0x64, 0x85, 0x3f,
    0xc9, 0x30, 0x49, 0x46, 0x71, 0x80,

    /* U+733E "猾" */
    0x4b, 0xf1, 0x90, 0x88, 0xf4, 0xaf, 0xf1, 0x40,
    0x9b, 0xfc, 0xc8, 0x4a, 0x7e, 0x52, 0x10, 0x9f,
    0x84, 0x84, 0xc4, 0x60,

    /* U+733F "猿" */
    0x58, 0x82, 0xbf, 0x88, 0x20, 0xdf, 0xf9, 0x0,
    0xb, 0xf8, 0xd0, 0x46, 0xfe, 0xd1, 0x80, 0xb3,
    0x86, 0x98, 0x25, 0x66, 0x31, 0x80,

    /* U+7384 "玄" */
    0x4, 0x0, 0x60, 0xff, 0xf0, 0xc0, 0x8, 0x1,
    0x8, 0x21, 0x7, 0xe0, 0x4, 0x0, 0x84, 0x10,
    0x67, 0xfe, 0x60, 0x10,

    /* U+7387 "率" */
    0x2, 0x7, 0xff, 0xc1, 0x0, 0x89, 0x22, 0xf6,
    0x1, 0x0, 0xd3, 0x99, 0xfb, 0x2, 0x7, 0xff,
    0xc0, 0x80, 0x4, 0x0, 0x20, 0x0,

    /* U+7389 "玉" */
    0x7f, 0xf0, 0x10, 0x0, 0x80, 0x4, 0x0, 0x20,
    0x3f, 0xf8, 0x8, 0x0, 0x58, 0x2, 0x60, 0x11,
    0x80, 0x81, 0xff, 0xf0,

    /* U+738B "王" */
    0x7f, 0xf0, 0x10, 0x0, 0x80, 0x4, 0x0, 0x20,
    0x3f, 0xf8, 0x8, 0x0, 0x40, 0x2, 0x0, 0x10,
    0x3f, 0xfe,

    /* U+7396 "玖" */
    0x2, 0xf, 0x20, 0x23, 0xc2, 0x44, 0x24, 0x4f,
    0xc8, 0x28, 0x82, 0x1c, 0x21, 0x47, 0x24, 0xc6,
    0x20, 0xc3, 0x0, 0x10,

    /* U+739B "玛" */
    0xf7, 0xe4, 0x2, 0x42, 0x24, 0x22, 0xf2, 0x24,
    0x3f, 0x40, 0x14, 0x1, 0x57, 0xde, 0x1, 0x0,
    0x20, 0x6,

    /* U+73A9 "玩" */
    0xff, 0xf1, 0x0, 0x8, 0x0, 0x40, 0xf, 0xff,
    0x91, 0x20, 0x89, 0x4, 0x48, 0x3a, 0x47, 0x12,
    0x41, 0x12, 0x10, 0xf0,

    /* U+73AB "玫" */
    0x1, 0x0, 0x8, 0x3e, 0x80, 0x47, 0xe2, 0x22,
    0x13, 0x13, 0xf4, 0x84, 0x28, 0x21, 0x41, 0x4,
    0xe, 0x61, 0x86, 0xc0, 0xe3, 0x4, 0x0,

    /* U+73AF "环" */
    0xf7, 0xfa, 0x6, 0x10, 0x20, 0x83, 0xe, 0x1a,
    0x21, 0x59, 0x1a, 0x48, 0x90, 0x70, 0x87, 0x4,
    0x0, 0x20, 0x1, 0x0,

    /* U+73B0 "现" */
    0xfb, 0xf1, 0x10, 0x88, 0xa4, 0x45, 0x2f, 0xa9,
    0x11, 0x48, 0x8a, 0x44, 0x5a, 0x29, 0x43, 0x8a,
    0x60, 0x92, 0x18, 0xf0,

    /* U+73B2 "玲" */
    0x0, 0x87, 0x8c, 0x10, 0x50, 0x84, 0xc4, 0x53,
    0x7c, 0x49, 0x0, 0x8, 0xfc, 0x40, 0x22, 0x82,
    0x38, 0xa1, 0x3, 0x0, 0xc, 0x0,

    /* U+73B7 "玷" */
    0x0, 0x87, 0xc4, 0x8, 0x20, 0x41, 0xf2, 0x8,
    0x7c, 0x40, 0x82, 0x4, 0xfe, 0x26, 0x11, 0xf0,
    0xb9, 0x84, 0xf, 0xe0, 0x61, 0x0,

    /* U+73BB "玻" */
    0x0, 0x87, 0x84, 0x11, 0xfc, 0x89, 0x24, 0x49,
    0x7a, 0x43, 0xdf, 0xc8, 0xc6, 0x4f, 0x22, 0xcb,
    0x1e, 0x31, 0x13, 0xc1, 0x63, 0x80,

    /* U+73CA "珊" */
    0xe7, 0x72, 0x2a, 0x91, 0x54, 0x8a, 0xae, 0x55,
    0x27, 0xfd, 0x15, 0x48, 0xaa, 0x45, 0x57, 0xaa,
    0x82, 0x54, 0x17, 0x60,

    /* U+73CD "珍" */
    0x0, 0xc3, 0xe3, 0x2, 0x12, 0x8, 0x84, 0x2c,
    0x4b, 0xe6, 0x2, 0x22, 0x8, 0x10, 0x21, 0x98,
    0xec, 0x4e, 0x6, 0x0, 0x60, 0x2, 0x0,

    /* U+73E0 "珠" */
    0x0, 0x83, 0xea, 0x2, 0x28, 0x8, 0xfe, 0x24,
    0x83, 0xf2, 0x2, 0x7f, 0x88, 0x70, 0x21, 0xe0,
    0xea, 0x8f, 0x69, 0x83, 0x23, 0x0, 0x80,

    /* U+73ED "班" */
    0x1, 0x7, 0x8f, 0xd0, 0x48, 0x8a, 0x44, 0x52,
    0x7a, 0x91, 0x25, 0xe9, 0x24, 0x41, 0x22, 0x9,
    0x1c, 0x89, 0xcc, 0x40, 0xdf, 0x80, 0x0,

    /* U+7403 "球" */
    0x0, 0xa7, 0x85, 0x90, 0x24, 0x9f, 0xf4, 0x9,
    0x7a, 0x49, 0xb, 0x88, 0x18, 0x43, 0xc2, 0xb5,
    0x3b, 0x24, 0x11, 0x10, 0x38, 0x0,

    /* U+7405 "琅" */
    0x0, 0x7, 0xc2, 0x8, 0xfc, 0x44, 0x22, 0x3f,
    0x7d, 0x8, 0x88, 0x44, 0x7e, 0x22, 0x41, 0x52,
    0x9e, 0x89, 0x5, 0x60, 0x71, 0x80,

    /* U+7406 "理" */
    0xf7, 0xf2, 0x24, 0x91, 0x24, 0x8f, 0xef, 0x49,
    0x23, 0xf9, 0x2, 0x8, 0x10, 0x47, 0xf3, 0x84,
    0x20, 0x20, 0x3f, 0xf0,

    /* U+7409 "琉" */
    0x0, 0x87, 0x84, 0x13, 0xfe, 0x86, 0x44, 0x43,
    0x7f, 0xf9, 0x0, 0x48, 0x0, 0x44, 0xa2, 0x25,
    0x1d, 0x29, 0x19, 0x51, 0x8b, 0x80,

    /* U+7410 "琐" */
    0x0, 0x87, 0xa4, 0x90, 0xac, 0x81, 0x4, 0x7f,
    0x7a, 0x9, 0x12, 0x48, 0x92, 0x44, 0x92, 0xa4,
    0xb9, 0x44, 0x4, 0xe0, 0xc1, 0x80,

    /* U+7422 "琢" */
    0xff, 0xfa, 0xc, 0x10, 0xc0, 0x9b, 0x2e, 0x9e,
    0x23, 0x71, 0x3b, 0x88, 0x7a, 0x53, 0x57, 0xe2,
    0x42, 0x20, 0x7, 0x0,

    /* U+7433 "琳" */
    0x2, 0x13, 0xc8, 0x44, 0x21, 0x13, 0xff, 0x42,
    0x13, 0xdc, 0xc4, 0x7b, 0x91, 0xb6, 0x4a, 0x59,
    0xeb, 0x59, 0x29, 0x40, 0x84, 0x2, 0x10,

    /* U+7434 "琴" */
    0xfb, 0xf2, 0xc, 0xfb, 0xf2, 0xc, 0xfb, 0xf0,
    0xe0, 0x35, 0x8c, 0x27, 0x7f, 0xc0, 0x8, 0x1,
    0x0, 0x20,

    /* U+743C "琼" */
    0x0, 0x87, 0x84, 0x13, 0xfe, 0x80, 0x4, 0x7f,
    0x7a, 0x9, 0x10, 0x48, 0xfe, 0x40, 0x82, 0xa4,
    0xb9, 0x24, 0x11, 0x10, 0x38, 0x0,

    /* U+745E "瑞" */
    0x0, 0x87, 0xa4, 0x91, 0x24, 0x8f, 0xe4, 0x0,
    0x77, 0xfd, 0x2, 0x8, 0xfe, 0x45, 0x53, 0xaa,
    0xb9, 0x54, 0xa, 0xa0, 0x57, 0x0,

    /* U+745F "瑟" */
    0xfd, 0xf9, 0x82, 0x3f, 0x7c, 0x60, 0x8f, 0xff,
    0x82, 0x20, 0x9, 0xd, 0x14, 0x4b, 0x34, 0x72,
    0x8e, 0x13, 0x9f, 0x80,

    /* U+7470 "瑰" */
    0x0, 0x87, 0xbf, 0x91, 0x24, 0x8f, 0xef, 0x49,
    0x23, 0xf9, 0x4, 0x8, 0x34, 0x53, 0xb7, 0x97,
    0x81, 0x22, 0x11, 0xf0,

    /* U+7483 "璃" */
    0x0, 0x87, 0xff, 0xd0, 0x0, 0x8a, 0xa4, 0x4d,
    0x72, 0x89, 0x1f, 0xc8, 0x10, 0x47, 0xfa, 0xaa,
    0x79, 0xfa, 0x8, 0x10, 0x43, 0x0,

    /* U+74A7 "璧" */
    0x0, 0x43, 0xef, 0xd1, 0x44, 0xf9, 0x44, 0x3f,
    0xbe, 0x23, 0x17, 0xf7, 0x88, 0x7f, 0xf0, 0x10,
    0xf, 0xfc, 0x4, 0xcf, 0xff, 0x80,

    /* U+74DC "瓜" */
    0x0, 0x0, 0x3f, 0xc3, 0x22, 0x8, 0x88, 0x22,
    0x20, 0x88, 0x82, 0x22, 0x8, 0x8c, 0x22, 0x90,
    0x9a, 0x44, 0x45, 0x13, 0xf2, 0x80, 0x68,

    /* U+74E2 "瓢" */
    0x0, 0x7, 0xef, 0x8c, 0x55, 0xfa, 0xab, 0x55,
    0x7e, 0xa8, 0x5, 0x4f, 0x2a, 0xfd, 0x70, 0xd3,
    0x96, 0xab, 0x27, 0xf2, 0x0, 0x80,

    /* U+74E3 "瓣" */
    0x40, 0xa2, 0x7d, 0x3e, 0xbf, 0x35, 0x9a, 0xad,
    0x35, 0x5b, 0xeb, 0xe5, 0x54, 0x2a, 0xa7, 0xd7,
    0xd3, 0x68, 0xab, 0x49, 0x66, 0x0,

    /* U+74E4 "瓤" */
    0x0, 0x0, 0x8f, 0xbb, 0x55, 0xfa, 0xab, 0x55,
    0x24, 0xab, 0xf5, 0x5f, 0xaa, 0xfd, 0x51, 0x33,
    0xb6, 0xaa, 0xe5, 0xf0, 0x21, 0x80,

    /* U+74E6 "瓦" */
    0xff, 0xf1, 0x0, 0x10, 0x1, 0xf8, 0x10, 0x83,
    0x8, 0x24, 0x82, 0x28, 0x20, 0x92, 0x9, 0x67,
    0x97, 0x8f,

    /* U+74EE "瓮" */
    0x10, 0x82, 0x4, 0xcc, 0x31, 0x8, 0x3f, 0xc0,
    0x4, 0xff, 0xf2, 0x0, 0x20, 0x3, 0xf8, 0x28,
    0x84, 0x69, 0x7e, 0x70,

    /* U+74F6 "瓶" */
    0x48, 0x4, 0xbf, 0x9, 0xf, 0xd0, 0x49, 0xe4,
    0x92, 0x49, 0xaf, 0xea, 0x4a, 0xa4, 0xa6, 0x4a,
    0x24, 0xaf, 0x8b, 0x30,

    /* U+74F7 "瓷" */
    0x4, 0x6, 0x7f, 0x9, 0x21, 0x18, 0xe6, 0xc0,
    0x83, 0xff, 0xf1, 0x0, 0x3f, 0x82, 0x88, 0x26,
    0x92, 0x9, 0x7c, 0xf0,

    /* U+7518 "甘" */
    0x10, 0x40, 0x82, 0x4, 0x11, 0xff, 0xf1, 0x4,
    0x8, 0x20, 0x41, 0x3, 0xf8, 0x10, 0x40, 0x82,
    0x4, 0x10, 0x3f, 0x81, 0x4, 0x0,

    /* U+751A "甚" */
    0x10, 0x60, 0x83, 0x3f, 0xfe, 0x20, 0xc1, 0xfe,
    0x8, 0x30, 0x7f, 0x9f, 0xff, 0x20, 0x81, 0x22,
    0xb, 0x8, 0x50, 0x43, 0xff, 0x0,

    /* U+751C "甜" */
    0x1d, 0x17, 0x88, 0x84, 0x44, 0x27, 0xff, 0xd1,
    0x8, 0x88, 0x44, 0x42, 0x3e, 0x7d, 0xf2, 0x28,
    0x91, 0x44, 0xfb, 0xe4, 0x51, 0x0,

    /* U+751F "生" */
    0x12, 0x1, 0x90, 0x8, 0x80, 0xff, 0xe4, 0x20,
    0x61, 0x0, 0x8, 0x7, 0xfe, 0x2, 0x0, 0x10,
    0x0, 0x80, 0x4, 0xf, 0xff, 0x80,

    /* U+7525 "甥" */
    0x53, 0xfa, 0x92, 0x5f, 0xff, 0x24, 0x91, 0x3f,
    0xbe, 0x20, 0x41, 0x2, 0x7f, 0x10, 0x49, 0xe4,
    0x50, 0x62, 0xc, 0x70,

    /* U+7528 "用" */
    0x3f, 0xf2, 0x21, 0x22, 0x13, 0xff, 0x22, 0x12,
    0x21, 0x22, 0x13, 0xff, 0x22, 0x16, 0x21, 0x42,
    0x1c, 0x2f,

    /* U+7529 "甩" */
    0x7f, 0xe4, 0x22, 0x42, 0x27, 0xfe, 0x42, 0x24,
    0x22, 0x7f, 0xe4, 0x22, 0x42, 0xe4, 0x21, 0x82,
    0x18, 0x3f,

    /* U+752B "甫" */
    0x6, 0x80, 0x66, 0xff, 0xf0, 0x60, 0x7f, 0xe4,
    0x62, 0x46, 0x27, 0xfe, 0x46, 0x27, 0xfe, 0x46,
    0x24, 0x62, 0x46, 0xe0,

    /* U+7530 "田" */
    0xff, 0xf0, 0x86, 0x10, 0xc2, 0x18, 0x43, 0xff,
    0xe1, 0xc, 0x21, 0x84, 0x30, 0x87, 0xff, 0xc0,
    0x10,

    /* U+7531 "由" */
    0x4, 0x0, 0x80, 0x10, 0x7f, 0xf8, 0x43, 0x8,
    0x61, 0xf, 0xff, 0x84, 0x30, 0x86, 0x10, 0xff,
    0xf8, 0x2,

    /* U+7532 "甲" */
    0xff, 0xf0, 0x86, 0x10, 0xff, 0xf8, 0x43, 0x8,
    0x61, 0xf, 0xff, 0x4, 0x0, 0x80, 0x10, 0x2,
    0x0,

    /* U+7533 "申" */
    0x4, 0x0, 0x83, 0xff, 0xc2, 0x18, 0x43, 0xff,
    0xe1, 0xc, 0x21, 0xff, 0xf0, 0x84, 0x10, 0x2,
    0x0, 0x40,

    /* U+7535 "电" */
    0x4, 0x0, 0x83, 0xff, 0x42, 0x28, 0x45, 0xff,
    0xa1, 0x14, 0x22, 0xff, 0xd0, 0x84, 0x10, 0x82,
    0x10, 0x7e,

    /* U+7537 "男" */
    0x3f, 0xf2, 0x21, 0x3f, 0xf2, 0x21, 0x22, 0x13,
    0xff, 0x2, 0x7, 0xff, 0x4, 0x10, 0xc1, 0x38,
    0x16, 0xf,

    /* U+7538 "甸" */
    0x10, 0x1, 0x0, 0x3f, 0xf2, 0x1, 0x40, 0x1f,
    0xf9, 0xa4, 0x93, 0xf9, 0x24, 0x92, 0x49, 0x3f,
    0x92, 0x1, 0x1, 0xe0,

    /* U+753B "画" */
    0xff, 0xe0, 0x0, 0x0, 0x1f, 0xca, 0x4b, 0x7f,
    0x69, 0x2d, 0x25, 0xbf, 0xb0, 0x7, 0xff, 0x80,
    0x10,

    /* U+7545 "畅" */
    0x20, 0x2, 0x7e, 0xf8, 0x4a, 0x88, 0xab, 0xf,
    0xff, 0xa9, 0x5a, 0x95, 0xfa, 0x52, 0x49, 0x21,
    0x12, 0x32, 0x26, 0x60,

    /* U+754C "界" */
    0x3f, 0xf0, 0x88, 0x43, 0xff, 0x8, 0x84, 0x3f,
    0xf0, 0x23, 0x1, 0x6, 0x1a, 0x16, 0x8, 0x40,
    0x21, 0x1, 0x4, 0x8, 0x10,

    /* U+754F "畏" */
    0x7f, 0xe4, 0x42, 0x7f, 0xe4, 0x42, 0x7f, 0xe0,
    0x0, 0xff, 0xf2, 0x22, 0x23, 0x42, 0x18, 0x2c,
    0xc3, 0x3,

    /* U+7554 "畔" */
    0x0, 0x87, 0xd4, 0xaa, 0xad, 0x55, 0x4a, 0xbf,
    0x7c, 0x42, 0xa2, 0x15, 0x10, 0xab, 0xf7, 0xc4,
    0x20, 0x20, 0x1, 0x0, 0x8, 0x0,

    /* U+7559 "留" */
    0x8, 0x7, 0x3f, 0x40, 0x94, 0x89, 0x49, 0x97,
    0xd1, 0x42, 0x70, 0x0, 0x3f, 0xe3, 0xfe, 0x22,
    0x22, 0x22, 0x3f, 0xe0,

    /* U+755C "畜" */
    0x2, 0xf, 0xff, 0x18, 0x7, 0xf0, 0x8, 0x47,
    0xfe, 0x0, 0x7, 0xfe, 0x46, 0x27, 0xfe, 0x46,
    0x27, 0xfe,

    /* U+7565 "略" */
    0x0, 0x87, 0xc8, 0x2a, 0x7d, 0x56, 0x4a, 0xda,
    0x7c, 0x62, 0xa7, 0x95, 0xc3, 0xab, 0xf7, 0xd0,
    0xa0, 0x84, 0x4, 0x20, 0x3f, 0x0,

    /* U+7566 "畦" */
    0x0, 0x8f, 0x88, 0xab, 0xea, 0x88, 0xa8, 0x8f,
    0xff, 0xa8, 0xa, 0x88, 0xa8, 0x8a, 0xbf, 0xf8,
    0x88, 0x8, 0x7, 0xf0,

    /* U+756A "番" */
    0x0, 0xc7, 0xf0, 0x24, 0x41, 0x48, 0xff, 0xf0,
    0xd0, 0x14, 0x86, 0x46, 0xbf, 0xd2, 0x44, 0x3f,
    0xc2, 0x44, 0x3f, 0xc0,

    /* U+7574 "畴" */
    0x0, 0x87, 0xbf, 0xb4, 0x41, 0xaf, 0xed, 0x10,
    0x7f, 0xff, 0x48, 0x9a, 0x7f, 0xd4, 0x27, 0xe9,
    0x26, 0x28, 0x1, 0xc0,

    /* U+7578 "畸" */
    0x0, 0x8f, 0x7f, 0xd0, 0x8d, 0x16, 0xd6, 0x1f,
    0xff, 0xd0, 0x2d, 0x7a, 0xd4, 0xad, 0x4a, 0xf7,
    0xa8, 0x2, 0x0, 0xe0,

    /* U+7586 "疆" */
    0xff, 0xf1, 0x7e, 0xf7, 0xe8, 0x4a, 0x83, 0x4f,
    0xff, 0x50, 0xf, 0x7e, 0x57, 0xeb, 0x7e, 0x10,
    0x7, 0xff,

    /* U+758F "疏" */
    0x0, 0x43, 0xe2, 0x2, 0xfe, 0x21, 0x1, 0x11,
    0x29, 0xfd, 0x70, 0x2a, 0x2a, 0x51, 0x52, 0xaa,
    0x9e, 0x97, 0x4, 0xb0, 0x45, 0x80,

    /* U+7591 "疑" */
    0x40, 0x2, 0x5f, 0xdc, 0x4, 0x89, 0xc7, 0xc2,
    0x21, 0xfd, 0xf1, 0x32, 0x28, 0xfd, 0x79, 0x8a,
    0xe, 0xd0, 0xdd, 0x8c, 0x67, 0x80,

    /* U+7597 "疗" */
    0x2, 0x0, 0x10, 0xf, 0xff, 0x40, 0x6, 0xff,
    0x10, 0x30, 0x82, 0x1c, 0x20, 0xa1, 0x1, 0x8,
    0x10, 0x40, 0x82, 0x8, 0x70, 0x0,

    /* U+7599 "疙" */
    0x1, 0x0, 0x8, 0xf, 0xff, 0x48, 0xa, 0x7f,
    0x34, 0x0, 0xa0, 0x4, 0xfc, 0xe0, 0xc1, 0x18,
    0x11, 0x2, 0x90, 0x18, 0xff, 0x80,

    /* U+759A "疚" */
    0x0, 0x0, 0x8, 0xf, 0xfd, 0x44, 0xa, 0x20,
    0x33, 0xe0, 0x91, 0x5, 0x18, 0xe8, 0x81, 0xa,
    0x18, 0xd0, 0x8c, 0x4d, 0x81, 0x80, 0x0,

    /* U+759F "疟" */
    0x2, 0x0, 0x8, 0xf, 0xff, 0x40, 0xa, 0x0,
    0x33, 0xf8, 0x90, 0xc, 0x80, 0xbf, 0xf9, 0x20,
    0x11, 0x1, 0x8f, 0xe0, 0x0, 0x0,

    /* U+75A4 "疤" */
    0x0, 0x0, 0x10, 0xf, 0xff, 0x40, 0xa, 0xff,
    0x34, 0x88, 0xa4, 0x4d, 0x22, 0xef, 0xf1, 0x40,
    0x12, 0x2, 0x90, 0x28, 0xff, 0x0,

    /* U+75AB "疫" */
    0x0, 0x0, 0x8, 0xf, 0xff, 0x40, 0xa, 0x7c,
    0x32, 0x20, 0xb1, 0x7, 0x6, 0xef, 0xe1, 0x63,
    0x19, 0x30, 0x87, 0xd, 0xef, 0x0,

    /* U+75AE "疮" */
    0x1, 0x1, 0xff, 0xe8, 0x61, 0x43, 0x6, 0x24,
    0x16, 0x18, 0xff, 0xdc, 0x8c, 0x25, 0xc3, 0x20,
    0x91, 0x5, 0x8f, 0xe0,

    /* U+75AF "疯" */
    0x2, 0x1, 0xff, 0xe8, 0x1, 0x5f, 0xc6, 0x82,
    0x16, 0x50, 0xaa, 0x9d, 0x24, 0x29, 0xa3, 0x55,
    0x15, 0x1b, 0xa0, 0x20,

    /* U+75B2 "疲" */
    0x1, 0x1, 0xff, 0xe8, 0x21, 0x5f, 0xe6, 0x89,
    0x14, 0x48, 0xbf, 0xdd, 0x44, 0x29, 0x23, 0x4e,
    0x16, 0x71, 0xac, 0x70,

    /* U+75B9 "疹" */
    0x0, 0x0, 0x8, 0xf, 0xff, 0x42, 0xa, 0x38,
    0x33, 0x20, 0xe2, 0xe4, 0x60, 0xe4, 0xc1, 0x8,
    0x9b, 0x98, 0x81, 0x8c, 0x70, 0x4, 0x0,

    /* U+75BC "疼" */
    0x2, 0x0, 0x8, 0xf, 0xff, 0x44, 0xa, 0x7e,
    0x37, 0x20, 0xef, 0x4, 0x30, 0xee, 0x61, 0x98,
    0x90, 0x30, 0x8e, 0xc, 0xc, 0x0,

    /* U+75BE "疾" */
    0x2, 0x0, 0x10, 0xf, 0xfd, 0x48, 0xa, 0x40,
    0x33, 0xf8, 0xa4, 0x5, 0x20, 0xef, 0xf1, 0x8,
    0x18, 0xa0, 0x8c, 0x8d, 0x83, 0x80,

    /* U+75C5 "病" */
    0x0, 0x0, 0x30, 0x3f, 0xfa, 0x0, 0xaf, 0xf6,
    0x10, 0x2f, 0xf6, 0x91, 0xa9, 0x92, 0xad, 0x4c,
    0x54, 0x81, 0x88, 0x70,

    /* U+75C7 "症" */
    0x0, 0x0, 0x8, 0xf, 0xff, 0x40, 0xa, 0xff,
    0xb0, 0x40, 0x82, 0x5, 0x10, 0x68, 0xf5, 0x44,
    0x1a, 0x20, 0x91, 0xd, 0xff, 0x80, 0x0,

    /* U+75CA "痊" */
    0x2, 0x3, 0xff, 0xa1, 0xa, 0x38, 0x64, 0x42,
    0x83, 0x2f, 0xee, 0x10, 0x2f, 0xe6, 0x10, 0x41,
    0xd, 0xff,

    /* U+75D2 "痒" */
    0x0, 0x0, 0x30, 0x3f, 0xfa, 0x44, 0x66, 0x42,
    0xff, 0x21, 0xe, 0xfe, 0xa1, 0x2, 0x10, 0x5f,
    0xf4, 0x10, 0x81, 0x0,

    /* U+75D5 "痕" */
    0x0, 0x0, 0x8, 0xf, 0xff, 0x40, 0xa, 0xfe,
    0x34, 0x10, 0xbf, 0x85, 0x4, 0xef, 0xe5, 0x48,
    0x9a, 0x38, 0x91, 0x8c, 0xe3, 0x0, 0x0,

    /* U+75D8 "痘" */
    0x0, 0x0, 0x20, 0x3f, 0xfa, 0x0, 0xbf, 0xf6,
    0x0, 0x2f, 0xe6, 0x82, 0xaf, 0xe2, 0x44, 0x44,
    0x44, 0x4c, 0x9f, 0xf0,

    /* U+75DB "痛" */
    0x2, 0x1, 0xff, 0xc8, 0x1, 0x5f, 0xe6, 0x4,
    0x11, 0xc0, 0xbf, 0xcd, 0x22, 0xaf, 0xf1, 0x48,
    0x93, 0xfc, 0x92, 0x28, 0x97, 0x0,

    /* U+75E2 "痢" */
    0x1, 0x1, 0xff, 0xe8, 0xc4, 0xdc, 0xa2, 0x25,
    0x17, 0xab, 0x9d, 0x44, 0xea, 0x2a, 0x52, 0x90,
    0x90, 0x85, 0x4, 0x60,

    /* U+75EA "痪" */
    0x1, 0x1, 0xff, 0xe8, 0xc1, 0x47, 0xc6, 0x44,
    0x1f, 0xf8, 0xb2, 0x5d, 0x92, 0x3f, 0xfb, 0xc,
    0x10, 0x99, 0xb8, 0x70,

    /* U+75F0 "痰" */
    0x0, 0x0, 0x8, 0xf, 0xff, 0x42, 0xa, 0x51,
    0x34, 0x90, 0x8b, 0x5, 0x86, 0xe1, 0x1, 0x68,
    0x9e, 0x68, 0x84, 0x8c, 0xc3, 0x8, 0x0,

    /* U+75F4 "痴" */
    0x3, 0x1, 0xff, 0xea, 0x0, 0xde, 0xf3, 0x44,
    0x92, 0x27, 0xfd, 0x34, 0x89, 0x26, 0x4a, 0x5a,
    0x52, 0x5f, 0x20, 0x90,

    /* U+75F9 "痹" */
    0x0, 0x0, 0x20, 0x3f, 0xfa, 0x0, 0x6f, 0xe2,
    0xfe, 0x29, 0x26, 0xfe, 0xa0, 0x3, 0xff, 0x44,
    0x44, 0x44, 0xd8, 0x40,

    /* U+761F "瘟" */
    0x2, 0x1, 0xff, 0xc8, 0x1, 0x5f, 0xc6, 0x82,
    0x17, 0xf0, 0xa0, 0x9c, 0xf8, 0xaf, 0xf1, 0x94,
    0x94, 0xa4, 0xa5, 0x2f, 0xff, 0x80,

    /* U+7624 "瘤" */
    0x3, 0x1, 0xff, 0xe8, 0x81, 0x5b, 0xe6, 0xa5,
    0x15, 0x28, 0xb2, 0x4c, 0x24, 0xaf, 0xf1, 0x48,
    0x93, 0xfc, 0x92, 0x28, 0xff, 0x0,

    /* U+7626 "瘦" */
    0x3, 0x1, 0xff, 0xc8, 0x1, 0x4a, 0x6, 0x93,
    0x16, 0xb8, 0xa4, 0x4d, 0xfe, 0xe1, 0x5, 0x7f,
    0x8b, 0x8, 0x8d, 0x84, 0x7e, 0xc, 0x8,

    /* U+7629 "瘩" */
    0x3, 0x1, 0xff, 0xe9, 0x11, 0x7f, 0xf6, 0x54,
    0x11, 0xc0, 0x99, 0x9f, 0xff, 0xa0, 0x1, 0x7f,
    0x12, 0x8, 0x90, 0x48, 0xfe, 0x0,

    /* U+762A "瘪" */
    0x1, 0x1, 0xff, 0xe8, 0x21, 0x5e, 0xe6, 0xff,
    0x16, 0x8, 0xbf, 0xcd, 0xfe, 0xa1, 0x81, 0x73,
    0x9d, 0x72, 0x8c, 0x2c, 0x7f, 0x0,

    /* U+762B "瘫" */
    0x1, 0x3, 0xff, 0xa0, 0xa7, 0xdf, 0x25, 0x23,
    0x72, 0x6d, 0xfe, 0x92, 0x2d, 0xf5, 0x92, 0x51,
    0xf8, 0x10,

    /* U+7638 "瘸" */
    0x1, 0x1, 0xff, 0xe9, 0x0, 0xde, 0xe6, 0x55,
    0x15, 0xb8, 0x82, 0xd, 0xfe, 0xa9, 0x91, 0x57,
    0x9a, 0x64, 0x9c, 0xe4, 0x83, 0x0,

    /* U+763E "瘾" */
    0x1, 0x81, 0xff, 0xc8, 0x11, 0x5d, 0xe6, 0xba,
    0x16, 0xfc, 0xb0, 0x2d, 0x5f, 0xea, 0x9, 0x57,
    0x93, 0xe8, 0x93, 0x38, 0x8f, 0x0,

    /* U+764C "癌" */
    0x2, 0x1, 0xff, 0xc8, 0x1, 0x4f, 0xc6, 0x42,
    0x33, 0xf0, 0x80, 0xf, 0xdf, 0xae, 0xf9, 0x8,
    0x12, 0x44, 0x92, 0x28, 0xff, 0x0,

    /* U+765E "癞" */
    0x1, 0x1, 0xff, 0xc8, 0x1, 0x48, 0x47, 0xf7,
    0x32, 0x28, 0xbd, 0xe6, 0xa9, 0xef, 0x69, 0x33,
    0x53, 0x5a, 0xa8, 0x68, 0x4c, 0x80,

    /* U+7663 "癣" */
    0x1, 0x1, 0xff, 0xc9, 0x1, 0x4c, 0xa6, 0xa1,
    0x1f, 0xfc, 0xb4, 0x8d, 0xff, 0xad, 0x21, 0x7f,
    0xd0, 0x8, 0xbe, 0x48, 0x2, 0x0,

    /* U+767B "登" */
    0x0, 0x7, 0xe4, 0x9, 0x97, 0xa, 0x2f, 0x4c,
    0x3, 0xbf, 0xd2, 0x4, 0x20, 0x43, 0xfc, 0x10,
    0x80, 0x90, 0xff, 0xf0,

    /* U+767D "白" */
    0x8, 0x2, 0xf, 0xfe, 0x1, 0x80, 0x60, 0x1f,
    0xfe, 0x1, 0x80, 0x60, 0x1f, 0xfe, 0x1,

    /* U+767E "百" */
    0xff, 0xf0, 0x40, 0x4, 0x3, 0xfe, 0x20, 0x22,
    0x2, 0x20, 0x23, 0xfe, 0x20, 0x22, 0x2, 0x3f,
    0xe2, 0x2,

    /* U+7682 "皂" */
    0x2, 0x3, 0xfe, 0x20, 0x22, 0x2, 0x3f, 0xe2,
    0x2, 0x3f, 0xe0, 0x80, 0x8, 0xff, 0xf0, 0x8,
    0x0, 0x83, 0xf, 0xe0,

    /* U+7684 "的" */
    0x21, 0x2, 0x10, 0xfb, 0xf8, 0xa1, 0x8e, 0x18,
    0x91, 0xf9, 0x18, 0x89, 0x88, 0xd8, 0x81, 0x88,
    0x1f, 0x81, 0x80, 0xe0,

    /* U+7686 "皆" */
    0x42, 0x4, 0x22, 0x7b, 0xc4, 0x20, 0x4a, 0x1f,
    0x3e, 0xc, 0x7, 0xfc, 0x40, 0x47, 0xfc, 0x40,
    0x44, 0x4, 0x7f, 0xc0,

    /* U+7687 "皇" */
    0x4, 0x7, 0xfe, 0x40, 0x24, 0x2, 0x7f, 0xe4,
    0x2, 0x7f, 0xe0, 0x0, 0x7f, 0xe0, 0x60, 0x7f,
    0xe0, 0x60, 0xff, 0xf0,

    /* U+76AE "皮" */
    0x1, 0x0, 0x4, 0x3, 0xff, 0x88, 0x46, 0x21,
    0x10, 0x84, 0x3, 0xff, 0x9, 0xc, 0x24, 0x20,
    0x89, 0x6, 0x18, 0x10, 0xf0, 0xdc, 0x3c,

    /* U+76B1 "皱" */
    0x30, 0x20, 0xf0, 0x82, 0x5f, 0xd3, 0x4a, 0x49,
    0x2a, 0x24, 0x87, 0xdf, 0x81, 0x62, 0x7d, 0x58,
    0x15, 0xc0, 0x53, 0x1f, 0x56, 0x6, 0x8c,

    /* U+76BF "皿" */
    0x7f, 0xf2, 0x44, 0x92, 0x24, 0x91, 0x24, 0x89,
    0x24, 0x49, 0x22, 0x49, 0x12, 0x48, 0x97, 0xff,
    0xc0,

    /* U+76C5 "盅" */
    0x2, 0x0, 0x10, 0x1f, 0xfc, 0x84, 0x24, 0x21,
    0x3f, 0xf8, 0x8, 0x0, 0x0, 0x7f, 0xf3, 0x69,
    0x9b, 0x4c, 0xda, 0x6f, 0xff, 0x80,

    /* U+76C6 "盆" */
    0x8, 0x80, 0x82, 0x8, 0x9, 0xbf, 0xb0, 0x44,
    0x4, 0x20, 0xeb, 0xc, 0x20, 0x3f, 0xf1, 0x29,
    0x89, 0x4c, 0x4a, 0x6f, 0xff, 0x80,

    /* U+76C8 "盈" */
    0xff, 0xc0, 0x82, 0x7, 0xfc, 0x54, 0x22, 0x61,
    0x27, 0xba, 0x40, 0x7, 0xfc, 0x25, 0x21, 0x29,
    0x9, 0x49, 0xff, 0xf0,

    /* U+76CA "益" */
    0x10, 0x40, 0x82, 0x2, 0x21, 0xff, 0xf0, 0x0,
    0xc, 0x73, 0x80, 0x47, 0xfc, 0x25, 0x21, 0x29,
    0x9, 0x48, 0x4a, 0x4f, 0xff, 0x80,

    /* U+76CF "盏" */
    0x5, 0x80, 0x27, 0xbf, 0xc0, 0x8, 0x6f, 0xfc,
    0x1, 0xb8, 0x6, 0x2f, 0xdf, 0x0, 0x1, 0xff,
    0x9, 0x48, 0x4a, 0x4f, 0xff, 0x80,

    /* U+76D0 "盐" */
    0x11, 0x1, 0x10, 0xfd, 0xc1, 0x16, 0x11, 0x11,
    0xd0, 0xe1, 0x0, 0x0, 0x7f, 0xe4, 0x92, 0x49,
    0x24, 0x92, 0xff, 0xf0,

    /* U+76D1 "监" */
    0x8, 0x82, 0x44, 0x12, 0x7e, 0x92, 0x4, 0xa4,
    0x25, 0x18, 0x0, 0x0, 0x0, 0x3f, 0xf1, 0x24,
    0x89, 0x24, 0x49, 0x2f, 0xff, 0x80,

    /* U+76D2 "盒" */
    0x6, 0x0, 0xf0, 0x19, 0x87, 0xfe, 0xc0, 0x33,
    0xfc, 0x20, 0x41, 0xf8, 0x7f, 0xe4, 0x92, 0x49,
    0x24, 0x92, 0xff, 0xf0,

    /* U+76D4 "盔" */
    0x10, 0xf, 0xff, 0x21, 0x2, 0xb2, 0x6a, 0x45,
    0x30, 0x84, 0x81, 0x86, 0x20, 0x17, 0xfe, 0x49,
    0x24, 0x92, 0xff, 0xf0,

    /* U+76D6 "盖" */
    0x10, 0x40, 0x46, 0x1f, 0xfc, 0x4, 0x3, 0xfe,
    0x1, 0x3, 0xff, 0xe0, 0x0, 0x3f, 0xf1, 0x29,
    0x89, 0x4c, 0x4a, 0x6f, 0xff, 0x80,

    /* U+76D7 "盗" */
    0x42, 0x1, 0xbf, 0xc3, 0x24, 0x13, 0x23, 0x14,
    0x63, 0x12, 0x20, 0x67, 0xfc, 0x25, 0x21, 0x29,
    0x9, 0x49, 0xff, 0xf0,

    /* U+76D8 "盘" */
    0x2, 0x1, 0xff, 0x9, 0x8, 0x46, 0x4f, 0xff,
    0x92, 0x11, 0x8c, 0x88, 0x18, 0x3f, 0xe1, 0x49,
    0xa, 0x48, 0x52, 0x4f, 0xff, 0x80,

    /* U+76DB "盛" */
    0x1, 0x40, 0x9, 0x1f, 0xfe, 0x82, 0x27, 0xca,
    0x22, 0x61, 0x17, 0x33, 0x46, 0x3f, 0xf1, 0x24,
    0x89, 0x24, 0x49, 0x2f, 0xff, 0x80,

    /* U+76DF "盟" */
    0x79, 0xf2, 0x48, 0x92, 0x7c, 0xf2, 0x27, 0xaf,
    0x21, 0x8, 0x11, 0xc7, 0xfc, 0x29, 0x21, 0x49,
    0xa, 0x49, 0xff, 0xf0,

    /* U+76EE "目" */
    0xff, 0xc0, 0x60, 0x3f, 0xf8, 0xc, 0x6, 0x3,
    0xff, 0x80, 0xc0, 0x7f, 0xf0, 0x10,

    /* U+76EF "盯" */
    0xf7, 0xfc, 0x82, 0x24, 0x11, 0xe0, 0x89, 0x4,
    0x48, 0x23, 0xc1, 0x12, 0x8, 0x90, 0x47, 0x82,
    0x20, 0x10, 0x7, 0x80,

    /* U+76F2 "盲" */
    0x6, 0xf, 0xff, 0x20, 0x2, 0x0, 0x3f, 0xe0,
    0x0, 0x3f, 0xe2, 0x6, 0x3f, 0xe2, 0x6, 0x3f,
    0xe2, 0x6, 0x3f, 0xe0,

    /* U+76F4 "直" */
    0x2, 0x7, 0xff, 0xc1, 0x80, 0x7f, 0xc2, 0x2,
    0x10, 0x10, 0xff, 0x84, 0x4, 0x3f, 0xe1, 0xff,
    0x8, 0x8, 0x40, 0x4f, 0xff, 0x80,

    /* U+76F8 "相" */
    0x20, 0x2, 0x3f, 0x22, 0x1f, 0xa1, 0x23, 0xf2,
    0x21, 0x72, 0x16, 0xa1, 0xab, 0xfa, 0x21, 0x22,
    0x12, 0x3f, 0x22, 0x10,

    /* U+76F9 "盹" */
    0x0, 0x87, 0x84, 0x27, 0xff, 0x21, 0xf, 0x49,
    0x4a, 0x4a, 0x52, 0x5e, 0x92, 0x94, 0x94, 0x9f,
    0xbc, 0x21, 0x1, 0x10, 0xf, 0x80,

    /* U+76FC "盼" */
    0x0, 0x4f, 0x24, 0x92, 0x49, 0x62, 0xf4, 0x29,
    0x81, 0x97, 0xff, 0x32, 0x92, 0x29, 0x22, 0xf6,
    0x28, 0x42, 0x8, 0xc0,

    /* U+76FE "盾" */
    0x0, 0xe7, 0xf0, 0x42, 0x7, 0xff, 0x42, 0x4,
    0x20, 0x5f, 0xe5, 0x2, 0x5f, 0xe5, 0x2, 0x5f,
    0xe9, 0x2, 0x9f, 0xe0,

    /* U+7701 "省" */
    0x2, 0x0, 0x93, 0x8, 0x94, 0x87, 0x80, 0x70,
    0xf, 0x3, 0xff, 0x82, 0x4, 0x1f, 0xe0, 0x81,
    0x7, 0xf8, 0x20, 0x41, 0xfe, 0x0,

    /* U+7709 "眉" */
    0x3f, 0xf2, 0x11, 0x3f, 0xf2, 0x0, 0x2f, 0xf2,
    0x81, 0x2f, 0xf2, 0x81, 0x2f, 0xf4, 0x81, 0x48,
    0x14, 0xff,

    /* U+770B "看" */
    0x7f, 0xe0, 0x40, 0x7f, 0xe0, 0x80, 0xff, 0xf1,
    0x0, 0x3f, 0xe5, 0xfe, 0x90, 0x21, 0xfe, 0x10,
    0x21, 0xfe,

    /* U+771F "真" */
    0x2, 0xf, 0xff, 0x4, 0x3, 0xfc, 0x20, 0x43,
    0xfc, 0x3f, 0xc2, 0x4, 0x3f, 0xcf, 0xff, 0x0,
    0x87, 0x6, 0x80, 0x10,

    /* U+7720 "眠" */
    0xf7, 0xf4, 0xa0, 0xa5, 0x5, 0xef, 0xe9, 0x48,
    0x4a, 0x43, 0xdf, 0xd2, 0x90, 0x94, 0x47, 0xa2,
    0x21, 0x7c, 0x1c, 0x60,

    /* U+7728 "眨" */
    0x0, 0x7, 0x9f, 0x25, 0x1, 0x22, 0xf, 0x8,
    0x4b, 0xfa, 0x40, 0x9e, 0xc, 0x90, 0xc4, 0x88,
    0x3d, 0x81, 0x16, 0x0, 0x8f, 0x0,

    /* U+772F "眯" */
    0x0, 0x87, 0xa4, 0xa5, 0xa5, 0x25, 0x4f, 0x2a,
    0x48, 0x42, 0x7f, 0xfe, 0x38, 0x93, 0xe4, 0x95,
    0x3d, 0x25, 0x11, 0x10, 0x8, 0x0,

    /* U+7736 "眶" */
    0xf7, 0xf9, 0x40, 0x97, 0xff, 0x48, 0x94, 0x89,
    0x7e, 0xf4, 0x89, 0x48, 0x97, 0xfe, 0x40, 0x87,
    0xf0,

    /* U+7737 "眷" */
    0x22, 0x40, 0xa4, 0x1f, 0xf8, 0x10, 0xf, 0xff,
    0x8, 0x41, 0xff, 0x94, 0xa, 0x3f, 0xc1, 0x2,
    0xf, 0xf0, 0x40, 0x83, 0xfc, 0x0,

    /* U+773C "眼" */
    0xf7, 0xf4, 0xa0, 0xa5, 0xfd, 0xe8, 0x29, 0x41,
    0x4b, 0xfb, 0xd2, 0x12, 0x93, 0x94, 0xe7, 0xa3,
    0x21, 0x4c, 0xc, 0x30,

    /* U+7740 "着" */
    0x8, 0x40, 0x42, 0xf, 0xfc, 0x4, 0x3, 0xff,
    0x2, 0x1, 0xef, 0xe3, 0xfe, 0x38, 0x13, 0x7f,
    0x93, 0xfc, 0x10, 0x20, 0xff, 0x0,

    /* U+7741 "睁" */
    0x2, 0x7, 0x9f, 0x25, 0x11, 0x39, 0x8f, 0xff,
    0x48, 0x8a, 0x7f, 0xfe, 0x22, 0x91, 0x14, 0xbf,
    0xbc, 0x41, 0x2, 0x0, 0x30, 0x0,

    /* U+775B "睛" */
    0x0, 0x8f, 0x7f, 0x90, 0x89, 0x7e, 0xf0, 0x89,
    0xff, 0x90, 0xf, 0x7e, 0x97, 0xe9, 0x42, 0xf7,
    0xe8, 0x42, 0x4, 0x60,

    /* U+7761 "睡" */
    0x0, 0x2f, 0x7c, 0x90, 0x89, 0xff, 0xff, 0xf9,
    0x4a, 0x9f, 0xff, 0x4a, 0x94, 0xa9, 0xff, 0xf0,
    0x88, 0x8, 0x7, 0xf0,

    /* U+7763 "督" */
    0x10, 0x0, 0xef, 0x84, 0x45, 0xfd, 0x45, 0x86,
    0x2a, 0x72, 0x4c, 0x67, 0xfc, 0x20, 0x21, 0xff,
    0xf, 0xf8, 0x40, 0x43, 0xfe, 0x0,

    /* U+7766 "睦" */
    0x0, 0x87, 0x84, 0x25, 0xfd, 0x21, 0xf, 0x7f,
    0xc8, 0x2, 0x48, 0xdf, 0x93, 0x90, 0x84, 0xbf,
    0xbc, 0x21, 0x1, 0x0, 0xff, 0x80,

    /* U+776C "睬" */
    0x0, 0x7, 0xbf, 0xa4, 0x5, 0x29, 0x2f, 0x4b,
    0x49, 0x12, 0x42, 0x1e, 0xff, 0x91, 0xc4, 0x9f,
    0x3d, 0xad, 0x19, 0x30, 0x8, 0x0,

    /* U+7779 "睹" */
    0x1, 0xf, 0x13, 0x97, 0xe9, 0x16, 0xf1, 0x49,
    0xff, 0x91, 0xf, 0x7e, 0x9a, 0x29, 0x3e, 0xf2,
    0x28, 0x22, 0x3, 0xe0,

    /* U+7784 "瞄" */
    0x2, 0x4f, 0x24, 0x9f, 0xff, 0x24, 0x90, 0x9,
    0x7e, 0xf5, 0x29, 0x52, 0x97, 0xef, 0x52, 0x85,
    0x28, 0x7e, 0x4, 0x20,

    /* U+778E "瞎" */
    0x1, 0x8f, 0x8, 0x9f, 0xf9, 0x89, 0xf7, 0xe9,
    0x8, 0x93, 0xef, 0x7f, 0x90, 0x89, 0x7e, 0xf4,
    0x28, 0x42, 0x7, 0xe0,

    /* U+7792 "瞒" */
    0x2, 0x67, 0x7f, 0xe8, 0x99, 0x40, 0xe, 0xff,
    0xd1, 0x22, 0xbf, 0xdd, 0x4a, 0xaa, 0x55, 0x5b,
    0xbb, 0x2d, 0x11, 0x20, 0x83, 0x0,

    /* U+77A7 "瞧" */
    0x2, 0x87, 0x92, 0x25, 0xfd, 0x39, 0xf, 0xff,
    0x4a, 0x42, 0x5f, 0xde, 0x90, 0x94, 0x84, 0xbf,
    0xbd, 0x49, 0xa, 0xa0, 0x95, 0x0,

    /* U+77AA "瞪" */
    0xf6, 0xb4, 0x92, 0x25, 0x9d, 0xef, 0xc9, 0x81,
    0xcb, 0xf3, 0xd0, 0x92, 0x84, 0x93, 0xc7, 0x92,
    0x20, 0x90, 0x1f, 0xe0,

    /* U+77AC "瞬" */
    0x0, 0xf, 0x7e, 0x95, 0x29, 0x2a, 0xf7, 0xf9,
    0x81, 0x94, 0x2f, 0x7f, 0x99, 0xa9, 0xea, 0xf2,
    0xf8, 0x42, 0x8, 0x20,

    /* U+77AD "瞭" */
    0x0, 0x87, 0x8c, 0x27, 0xfd, 0x26, 0xaf, 0x62,
    0x4b, 0xfa, 0x70, 0xde, 0xfc, 0x94, 0x24, 0x9e,
    0x3d, 0x29, 0x11, 0x20, 0x38, 0x0,

    /* U+77B3 "瞳" */
    0x1, 0xe, 0xff, 0xa4, 0x4a, 0xff, 0xe0, 0xa,
    0xff, 0xa9, 0x1e, 0xff, 0xa9, 0x1a, 0x7e, 0xef,
    0xf8, 0x10, 0x1f, 0xf0,

    /* U+77BB "瞻" */
    0x2, 0xf, 0x7c, 0x98, 0x89, 0xf7, 0xfa, 0x69,
    0x88, 0x9f, 0x7f, 0xbe, 0x98, 0x9, 0xbe, 0xfb,
    0xe8, 0xa2, 0xb, 0xe0,

    /* U+77D7 "矗" */
    0x2, 0x7, 0xfe, 0x3f, 0xc2, 0x4, 0x3f, 0xcf,
    0xff, 0x10, 0x4f, 0xff, 0x7d, 0xe7, 0xde, 0x7d,
    0xe7, 0xde, 0xff, 0xf0,

    /* U+77DB "矛" */
    0x7f, 0xe0, 0xc, 0x1d, 0x0, 0x30, 0xff, 0xf0,
    0x63, 0xa, 0x21, 0x24, 0x62, 0xc, 0x20, 0x2,
    0x0, 0xe0,

    /* U+77E2 "矢" */
    0x10, 0x2, 0x0, 0x3f, 0xe4, 0x40, 0xc4, 0x0,
    0x40, 0xff, 0xf0, 0x60, 0x6, 0x0, 0x90, 0x18,
    0x86, 0x6, 0x80, 0x10,

    /* U+77E5 "知" */
    0x20, 0x4, 0x1f, 0x7f, 0x15, 0x11, 0x91, 0x11,
    0x11, 0xff, 0x11, 0x11, 0x11, 0x13, 0x91, 0x25,
    0x14, 0x3f, 0x81, 0x10,

    /* U+77E9 "矩" */
    0x40, 0x4, 0x7f, 0x7c, 0xa, 0x40, 0xa7, 0xe2,
    0x42, 0xfc, 0x22, 0x42, 0x27, 0xe3, 0x40, 0x5c,
    0x4, 0xc0, 0x87, 0xf0,

    /* U+77EB "矫" */
    0x40, 0x2, 0x1f, 0x9e, 0x20, 0xc1, 0xa, 0x7f,
    0x90, 0x93, 0xe8, 0x44, 0xa5, 0x31, 0x22, 0x89,
    0x12, 0xc9, 0x4, 0x48, 0x42, 0x0,

    /* U+77ED "短" */
    0x40, 0x2, 0x3f, 0xde, 0x1, 0x47, 0xea, 0x21,
    0x11, 0xb, 0xe8, 0x44, 0x7e, 0x20, 0x1, 0x89,
    0x12, 0x48, 0x92, 0x48, 0x7f, 0x80,

    /* U+77EE "矮" */
    0x20, 0x12, 0x1f, 0x1e, 0x21, 0xef, 0xfb, 0x1c,
    0x19, 0x53, 0xf2, 0x44, 0x20, 0x37, 0xf9, 0x91,
    0x12, 0xd0, 0x91, 0x88, 0x73, 0x0,

    /* U+77F3 "石" */
    0x7f, 0xf8, 0x20, 0x3, 0x0, 0x10, 0x1, 0x80,
    0xf, 0xf8, 0xe0, 0x4f, 0x2, 0x58, 0x10, 0xc0,
    0x87, 0xfc, 0x30, 0x20,

    /* U+77FE "矾" */
    0xfb, 0xe1, 0x11, 0x10, 0x88, 0x86, 0x47, 0x2a,
    0x69, 0x53, 0x49, 0x8a, 0x44, 0x52, 0x23, 0xa1,
    0x51, 0xa, 0x90, 0x70,

    /* U+77FF "矿" */
    0x0, 0x8f, 0x84, 0x23, 0xf4, 0x20, 0x42, 0x7,
    0xa0, 0xca, 0xc, 0xa0, 0x4a, 0x4, 0xe0, 0x7c,
    0x4, 0x40, 0x4c, 0x0,

    /* U+7801 "码" */
    0xfb, 0xe2, 0x2, 0x42, 0x24, 0x22, 0x7a, 0x2c,
    0xbf, 0xc8, 0x14, 0x81, 0x4f, 0xd7, 0x81, 0x40,
    0x30, 0x6,

    /* U+7802 "砂" */
    0x0, 0x8f, 0x88, 0x20, 0x84, 0x2a, 0x42, 0x9f,
    0xc9, 0xcc, 0x84, 0x8b, 0x48, 0x24, 0x84, 0x78,
    0xc4, 0x30, 0x4, 0x0,

    /* U+780C "砌" */
    0xf5, 0xf4, 0x45, 0x47, 0x54, 0xc5, 0x74, 0x5d,
    0x45, 0xd5, 0x55, 0x75, 0x54, 0x97, 0x9, 0x41,
    0x10, 0x27,

    /* U+780D "砍" */
    0x1, 0x7, 0xd0, 0x8, 0x80, 0x47, 0xf4, 0x21,
    0x3e, 0x4b, 0x22, 0x19, 0x10, 0x48, 0xc2, 0x4a,
    0x1e, 0x48, 0x84, 0x64, 0x41, 0x80,

    /* U+7814 "研" */
    0xfb, 0xf1, 0x9, 0x10, 0x48, 0x82, 0x47, 0x92,
    0x67, 0xff, 0x24, 0x89, 0x24, 0x49, 0x23, 0xd1,
    0x10, 0x88, 0x8, 0x40,

    /* U+7816 "砖" */
    0x0, 0x87, 0xc4, 0x9, 0xfc, 0x82, 0x4, 0x10,
    0x23, 0xff, 0xec, 0x19, 0x7e, 0x48, 0x22, 0x52,
    0x1e, 0x60, 0x81, 0x84, 0x6, 0x0,

    /* U+781A "砚" */
    0xfb, 0xf1, 0x10, 0x90, 0xa4, 0x85, 0x27, 0x29,
    0x69, 0x4b, 0x4a, 0x4a, 0x18, 0x51, 0x43, 0x8a,
    0x50, 0x92, 0x98, 0xe0,

    /* U+7830 "砰" */
    0xfb, 0xf2, 0x8, 0x62, 0x94, 0x2a, 0x7a, 0xac,
    0x88, 0xcf, 0xf4, 0x88, 0x48, 0x87, 0x88, 0x40,
    0x80, 0x8,

    /* U+7834 "破" */
    0x0, 0x8f, 0x88, 0x23, 0xf6, 0x49, 0x44, 0x97,
    0xc8, 0xfb, 0xfc, 0xe2, 0x4d, 0x24, 0xcc, 0x7c,
    0xc4, 0x56, 0x4a, 0x10,

    /* U+7838 "砸" */
    0xff, 0xf9, 0x20, 0x19, 0x10, 0x8b, 0xe7, 0xd5,
    0x66, 0xab, 0x35, 0x49, 0xae, 0x4c, 0x43, 0xe2,
    0x11, 0x0, 0x8f, 0xf0,

    /* U+783E "砾" */
    0x0, 0x1f, 0xbe, 0x22, 0x4, 0x24, 0x42, 0x47,
    0xff, 0xc8, 0x4c, 0x84, 0x4b, 0x54, 0xa5, 0x7e,
    0x54, 0x44, 0x41, 0xc0,

    /* U+7840 "础" */
    0x0, 0x8f, 0x89, 0x24, 0x94, 0x49, 0x44, 0x97,
    0xbf, 0xc8, 0x8c, 0xc9, 0x4c, 0x94, 0xc9, 0x7c,
    0x94, 0x7f, 0x40, 0x10,

    /* U+7845 "硅" */
    0x0, 0x8f, 0x88, 0x23, 0xf4, 0x8, 0x40, 0x87,
    0x7f, 0xd0, 0xd, 0x8, 0x57, 0xf5, 0x8, 0x70,
    0x84, 0x8, 0x47, 0xf0,

    /* U+7855 "硕" */
    0xff, 0xf9, 0x4, 0x10, 0xfc, 0x84, 0x27, 0xa9,
    0x65, 0x4b, 0x2a, 0x49, 0x52, 0x4a, 0x93, 0xca,
    0x10, 0xcc, 0x8c, 0x30,

    /* U+785D "硝" */
    0x0, 0x8f, 0xa9, 0x22, 0xb4, 0xa, 0x43, 0xf7,
    0xa1, 0xca, 0x1c, 0xbf, 0x4a, 0x14, 0xbf, 0x7a,
    0x14, 0x21, 0x42, 0x70,

    /* U+786B "硫" */
    0x0, 0x87, 0xc4, 0x9, 0xfe, 0xc2, 0x4, 0x32,
    0x3f, 0xfb, 0x20, 0x19, 0x54, 0x4a, 0xa2, 0x55,
    0x1e, 0xa8, 0x89, 0x54, 0xcb, 0x80,

    /* U+786C "硬" */
    0xff, 0xf1, 0x4, 0x9, 0xfc, 0x89, 0x27, 0xff,
    0x26, 0x4b, 0x32, 0x59, 0xfe, 0x4a, 0x83, 0xc8,
    0x10, 0xf0, 0x88, 0xe0,

    /* U+786E "确" */
    0x1, 0xf, 0xbe, 0x22, 0x44, 0x44, 0x47, 0xf7,
    0xc9, 0xcb, 0xfc, 0xc9, 0x4c, 0x94, 0xff, 0x7c,
    0x94, 0x49, 0x48, 0xb0,

    /* U+787C "硼" */
    0xf7, 0x74, 0x55, 0x45, 0x54, 0x77, 0x75, 0x5d,
    0x55, 0xd7, 0x75, 0x99, 0x59, 0x97, 0x99, 0x49,
    0x95, 0xbb,

    /* U+7889 "碉" */
    0xfb, 0xf2, 0x41, 0x25, 0xf4, 0x49, 0x7c, 0x97,
    0xdf, 0xcc, 0x1c, 0xdf, 0x4d, 0x37, 0xdf, 0x45,
    0x14, 0x83,

    /* U+788C "碌" */
    0xfb, 0xf1, 0x0, 0x90, 0xfc, 0x80, 0x27, 0xff,
    0xa4, 0x43, 0x2a, 0x59, 0x1c, 0x49, 0xe3, 0xf5,
    0x91, 0x22, 0x3, 0x0,

    /* U+788D "碍" */
    0xfb, 0xf1, 0x1f, 0x98, 0x84, 0x87, 0xe7, 0x80,
    0x67, 0xff, 0x20, 0x89, 0xff, 0x4a, 0x23, 0xc9,
    0x10, 0x8, 0x81, 0xc0,

    /* U+788E "碎" */
    0x0, 0x8f, 0x88, 0x27, 0xf2, 0x2, 0x42, 0x47,
    0xb6, 0xcd, 0x9c, 0xc9, 0x48, 0x84, 0xbf, 0x78,
    0x84, 0x8, 0x40, 0x80,

    /* U+7891 "碑" */
    0x0, 0x87, 0xc4, 0x19, 0xfc, 0x89, 0x24, 0x7f,
    0x3a, 0x4b, 0x5f, 0xda, 0x28, 0xd2, 0x42, 0xbf,
    0xdc, 0x10, 0x80, 0x80, 0x4, 0x0,

    /* U+7897 "碗" */
    0x0, 0x8f, 0x8, 0x4f, 0xf4, 0x81, 0x44, 0x7,
    0x77, 0xd9, 0x5d, 0xd5, 0x53, 0x55, 0x24, 0x72,
    0x54, 0x45, 0x48, 0x70,

    /* U+7898 "碘" */
    0x1, 0x47, 0xca, 0x8, 0xfc, 0xca, 0xa4, 0x55,
    0x22, 0xab, 0xef, 0xd9, 0xaa, 0x4d, 0x52, 0x7f,
    0xde, 0x48, 0x84, 0x24, 0x41, 0x0,

    /* U+789F "碟" */
    0x0, 0xaf, 0x4a, 0x4f, 0xf4, 0x4a, 0x44, 0xe7,
    0x40, 0xd7, 0xfd, 0x8, 0x5f, 0xf5, 0x1c, 0x72,
    0xa4, 0x4b, 0x48, 0x90,

    /* U+78A7 "碧" */
    0x0, 0x8f, 0xbe, 0x22, 0x2f, 0xbe, 0x22, 0x22,
    0xa2, 0xfb, 0xe0, 0x0, 0xff, 0xf3, 0xfe, 0x60,
    0x2a, 0x2, 0x3f, 0xe0,

    /* U+78B0 "碰" */
    0x2, 0x27, 0x91, 0x10, 0x50, 0x9f, 0xf4, 0x14,
    0x3c, 0xa7, 0x55, 0x5a, 0xaa, 0xd5, 0x52, 0xaa,
    0x94, 0x50, 0xe2, 0x84, 0xff, 0x80,

    /* U+78B1 "碱" */
    0x0, 0x67, 0x82, 0xd1, 0xfe, 0x88, 0x84, 0x7d,
    0x3a, 0x2b, 0x5f, 0x5a, 0xda, 0x5a, 0xa2, 0xdd,
    0x1e, 0x9a, 0x91, 0x55, 0x11, 0x80,

    /* U+78B3 "碳" */
    0x0, 0x87, 0xe4, 0x89, 0x24, 0x8f, 0xe4, 0x7f,
    0xbd, 0x3, 0x29, 0x19, 0x6a, 0xcb, 0x62, 0x62,
    0x1f, 0x28, 0x8b, 0x60, 0x31, 0x0,

    /* U+78B4 "碴" */
    0x0, 0x87, 0xc4, 0x9, 0xfe, 0xc3, 0xc4, 0x2b,
    0x3e, 0x7, 0x2f, 0xd9, 0x42, 0x4b, 0xf2, 0x50,
    0x9e, 0x78, 0x80, 0x4, 0x7f, 0x80,

    /* U+78BE "碾" */
    0xff, 0xf1, 0x20, 0x99, 0xfc, 0x8a, 0x47, 0xff,
    0x66, 0x93, 0x34, 0x89, 0xfe, 0x4d, 0x53, 0xeb,
    0x12, 0x78, 0x96, 0x20,

    /* U+78C1 "磁" */
    0x2, 0x27, 0x91, 0x10, 0x90, 0x9f, 0xf4, 0x22,
    0x3a, 0xab, 0x55, 0x5b, 0xdc, 0x52, 0x22, 0xaa,
    0x9d, 0x54, 0x9f, 0xf4, 0x18, 0x80,

    /* U+78C5 "磅" */
    0x0, 0x47, 0xdf, 0xc8, 0x44, 0x42, 0x44, 0x7f,
    0xbe, 0x7, 0x21, 0x19, 0x7f, 0x49, 0x2, 0x4f,
    0x9e, 0x44, 0x84, 0x24, 0x47, 0x0,

    /* U+78D5 "磕" */
    0x0, 0x87, 0xc4, 0x8, 0xfc, 0xc1, 0x4, 0x7f,
    0xbd, 0x13, 0x3f, 0xd9, 0x0, 0x4f, 0xf2, 0x6a,
    0x9f, 0x54, 0x8a, 0xa4, 0x7f, 0x80,

    /* U+78E8 "磨" */
    0x1, 0x3, 0xff, 0xd1, 0x8, 0xbf, 0xf4, 0xf7,
    0x2a, 0x55, 0x7f, 0xe8, 0xc0, 0x4f, 0xf2, 0xe0,
    0xa9, 0x5, 0xf, 0xe0,

    /* U+78F7 "磷" */
    0x4, 0x8f, 0x2a, 0x42, 0x84, 0xff, 0x41, 0xc4,
    0x6a, 0xfc, 0x1d, 0x7f, 0x59, 0x25, 0x7a, 0x72,
    0xf4, 0x42, 0x48, 0x20,

    /* U+7901 "礁" */
    0x2, 0x87, 0xa2, 0x11, 0xfc, 0x99, 0x4, 0xff,
    0x3a, 0x43, 0x5f, 0xda, 0x90, 0x57, 0xf2, 0xa0,
    0x1d, 0x54, 0x92, 0xa4, 0x95, 0x0,

    /* U+793A "示" */
    0x7f, 0xe0, 0x0, 0x0, 0x0, 0x0, 0xff, 0xf0,
    0x60, 0x26, 0x42, 0x64, 0x46, 0x2c, 0x63, 0x86,
    0x11, 0xc0,

    /* U+793C "礼" */
    0x61, 0x2, 0x10, 0x21, 0xf, 0x90, 0x19, 0x1,
    0x10, 0x21, 0x7, 0x90, 0xad, 0x2, 0x10, 0x21,
    0x12, 0x11, 0x21, 0xf0,

    /* U+793E "社" */
    0x10, 0x20, 0x40, 0x80, 0x2, 0x1f, 0x8, 0xc,
    0x20, 0x27, 0xf1, 0x2, 0xf, 0x8, 0xd4, 0x20,
    0x40, 0x81, 0x2, 0x4, 0x8, 0x13, 0xfc,

    /* U+7948 "祈" */
    0x20, 0x71, 0x9c, 0x3e, 0x80, 0x24, 0x1, 0x3f,
    0x99, 0x11, 0xe8, 0x95, 0x44, 0x22, 0x21, 0x31,
    0x9, 0x8, 0x48, 0x40,

    /* U+7956 "祖" */
    0x20, 0x2, 0x3e, 0xa, 0x2f, 0xa2, 0x13, 0xe2,
    0x22, 0x72, 0x2e, 0xa2, 0xab, 0xe2, 0x22, 0x22,
    0x22, 0x22, 0x2f, 0xf0,

    /* U+795D "祝" */
    0x20, 0x1, 0x3f, 0xbf, 0x4, 0x28, 0x23, 0x41,
    0x13, 0xfb, 0xcd, 0x15, 0x48, 0x22, 0x41, 0x12,
    0x49, 0x12, 0x50, 0xf0,

    /* U+795E "神" */
    0x20, 0x82, 0x8, 0x0, 0x8f, 0xff, 0x14, 0x92,
    0x7f, 0x34, 0x9e, 0xc9, 0xa7, 0xf2, 0x49, 0x20,
    0x82, 0x8, 0x20, 0x80,

    /* U+795F "祟" */
    0x2, 0x4, 0x22, 0x7f, 0xe4, 0x22, 0x7f, 0xe0,
    0x0, 0x3f, 0xc0, 0x0, 0xff, 0xf0, 0x20, 0x22,
    0xc6, 0x22, 0xe, 0x0,

    /* U+7960 "祠" */
    0x0, 0x2, 0xff, 0x20, 0x15, 0x7d, 0x10, 0x13,
    0x1, 0x67, 0x9f, 0x49, 0xa4, 0x92, 0x79, 0x24,
    0x12, 0x41, 0x20, 0x70,

    /* U+7965 "祥" */
    0x42, 0x11, 0x8, 0x88, 0x49, 0xff, 0xf1, 0x4,
    0x18, 0x21, 0xcf, 0xde, 0x8, 0xa8, 0x41, 0x3f,
    0xc8, 0x10, 0x40, 0x82, 0x4, 0x0,

    /* U+7968 "票" */
    0xff, 0xf8, 0x44, 0x1f, 0xfc, 0x91, 0x27, 0xff,
    0x0, 0x0, 0xff, 0x80, 0x0, 0xff, 0xf8, 0x92,
    0x18, 0x8d, 0x1c, 0x0,

    /* U+796D "祭" */
    0x11, 0x0, 0xff, 0x88, 0xa4, 0xb9, 0x44, 0xce,
    0x1c, 0x20, 0x7f, 0xcc, 0x3, 0x3f, 0xf0, 0x18,
    0x6, 0xd8, 0xc6, 0x20, 0x60, 0x0,

    /* U+7977 "祷" */
    0x20, 0x81, 0x4, 0x1, 0xff, 0xf1, 0x1, 0xbf,
    0x8, 0x40, 0x9f, 0xef, 0x22, 0xa9, 0xf9, 0x14,
    0x89, 0xa4, 0x58, 0x22, 0x7, 0x0,

    /* U+7978 "祸" */
    0x0, 0x1, 0x3f, 0x89, 0x4, 0xf8, 0x21, 0x7f,
    0x8, 0x40, 0xdf, 0xee, 0x91, 0xa5, 0xc9, 0x29,
    0x49, 0x8a, 0x48, 0x12, 0x43, 0x80,

    /* U+7980 "禀" */
    0x6, 0xf, 0xff, 0x0, 0x7, 0xfe, 0x5f, 0x25,
    0xf2, 0x7f, 0xe0, 0x0, 0x3f, 0xcf, 0xff, 0x34,
    0x86, 0x46, 0x8c, 0x0,

    /* U+7981 "禁" */
    0x20, 0x82, 0x8, 0xfb, 0xf3, 0xc, 0x69, 0xaa,
    0x29, 0x3f, 0xe0, 0x0, 0x0, 0xf, 0xff, 0x22,
    0x6, 0x26, 0x8e, 0x0,

    /* U+798F "福" */
    0x0, 0x0, 0x9f, 0xc4, 0x0, 0xfb, 0xe0, 0x91,
    0x4, 0xf8, 0x60, 0xf, 0xff, 0xd6, 0x48, 0x9f,
    0xc4, 0x92, 0x24, 0x91, 0x3f, 0x80,

    /* U+79BB "离" */
    0x4, 0xf, 0xff, 0x0, 0x4, 0xd2, 0x47, 0x25,
    0x82, 0x7f, 0xe0, 0x40, 0x7f, 0xe4, 0x92, 0x57,
    0xa4, 0x82, 0x40, 0x60,

    /* U+79BD "禽" */
    0x6, 0x0, 0x6c, 0x1c, 0x9f, 0x3f, 0x92, 0xa,
    0x17, 0x90, 0xe2, 0x87, 0xfc, 0x6, 0x3, 0xff,
    0x92, 0x24, 0xbe, 0xa4, 0x7, 0x0,

    /* U+79BE "禾" */
    0x0, 0x40, 0xfc, 0x74, 0x0, 0x40, 0x4, 0xf,
    0xff, 0xe, 0x0, 0xd0, 0x14, 0x82, 0x44, 0xc4,
    0x38, 0x41, 0x4, 0x0,

    /* U+79C0 "秀" */
    0x0, 0x47, 0xf8, 0x4, 0xf, 0xff, 0xd, 0x1,
    0x4c, 0x64, 0x6b, 0xf1, 0x9, 0x1, 0x9e, 0x10,
    0x22, 0x2, 0xc1, 0xc0,

    /* U+79C1 "私" */
    0x8, 0x87, 0xc4, 0x4, 0x20, 0x21, 0xf, 0xd8,
    0x18, 0x80, 0xe4, 0x8a, 0xa4, 0xd3, 0x34, 0x90,
    0x84, 0x9c, 0x2f, 0x31, 0x0, 0x0,

    /* U+79C3 "秃" */
    0x0, 0x47, 0xf8, 0x4, 0xf, 0xff, 0xd, 0x1,
    0x48, 0x64, 0x6c, 0x43, 0x1f, 0x81, 0x18, 0x11,
    0x83, 0x19, 0xe0, 0xf0,

    /* U+79C6 "秆" */
    0x0, 0x7, 0x3f, 0x20, 0x82, 0x8, 0xf8, 0x82,
    0x8, 0x37, 0xf6, 0x88, 0x68, 0x8a, 0x8, 0x20,
    0x82, 0x8, 0x20, 0x80,

    /* U+79C9 "秉" */
    0x0, 0x3, 0xff, 0x0, 0x80, 0xff, 0xe7, 0xfe,
    0x1, 0x13, 0xff, 0xe0, 0x44, 0x7f, 0xe0, 0x7c,
    0xc, 0xb1, 0xc4, 0x70, 0x20, 0x0,

    /* U+79CB "秋" */
    0x8, 0x43, 0xc1, 0x1, 0x4, 0x4, 0x52, 0xfd,
    0x48, 0xcd, 0x43, 0xa5, 0x17, 0x10, 0x50, 0xa2,
    0x42, 0x81, 0x11, 0x4, 0xc6, 0x16, 0x8,

    /* U+79CD "种" */
    0x8, 0x8f, 0x8, 0x20, 0x82, 0x7f, 0xfc, 0x92,
    0x49, 0x74, 0x96, 0xc9, 0xef, 0xfa, 0x8, 0x20,
    0x82, 0x8, 0x20, 0x80,

    /* U+79D1 "科" */
    0x10, 0x27, 0x99, 0x8, 0x68, 0x41, 0x4f, 0x82,
    0x11, 0x11, 0xc6, 0x8d, 0x4, 0xa0, 0x3d, 0x3f,
    0x8, 0x8, 0x40, 0x42, 0x2, 0x0,

    /* U+79D2 "秒" */
    0x10, 0x87, 0x84, 0x8, 0x28, 0x45, 0x6f, 0xa9,
    0x12, 0x49, 0xd2, 0xd, 0x16, 0xa0, 0x25, 0x2,
    0x8, 0x30, 0x46, 0x2, 0xc0, 0x0,

    /* U+79D5 "秕" */
    0x1c, 0x47, 0x22, 0x9, 0x10, 0x48, 0x8f, 0xc5,
    0x93, 0xb8, 0xd1, 0xf, 0x88, 0x6c, 0x45, 0x22,
    0x29, 0x12, 0x4e, 0x92, 0x47, 0x80,

    /* U+79D8 "秘" */
    0x1, 0x7, 0xc4, 0x88, 0x14, 0x42, 0x4f, 0x92,
    0x12, 0x99, 0xd5, 0x4d, 0xb9, 0xe5, 0x8d, 0x8,
    0x8, 0xc4, 0x4e, 0x22, 0x5f, 0x0,

    /* U+79DF "租" */
    0x0, 0xf, 0xbe, 0x22, 0x22, 0x22, 0xfb, 0xe3,
    0x22, 0x72, 0x26, 0xa2, 0x6b, 0xea, 0x22, 0xa2,
    0x22, 0x22, 0x2f, 0xf0,

    /* U+79E4 "秤" */
    0x18, 0xe, 0x7f, 0x20, 0x82, 0x49, 0xfa, 0xa2,
    0x2a, 0x70, 0xa6, 0xff, 0xa8, 0x8a, 0x8, 0x20,
    0x82, 0x8, 0x20, 0x80,

    /* U+79E6 "秦" */
    0x2, 0x3, 0xff, 0x81, 0x0, 0x7f, 0xe0, 0x80,
    0x7f, 0xfc, 0x41, 0xf, 0xf4, 0xc2, 0x19, 0xff,
    0x3, 0xe0, 0x64, 0xc4, 0x20, 0x0,

    /* U+79E7 "秧" */
    0x18, 0x87, 0x4, 0x8, 0xfc, 0x45, 0x2f, 0xa9,
    0x11, 0x49, 0xca, 0x4e, 0xff, 0xa0, 0xc5, 0xa,
    0x8, 0x58, 0x44, 0x62, 0x41, 0x80,

    /* U+79E9 "秩" */
    0x8, 0x87, 0x94, 0x8, 0xa0, 0x47, 0xef, 0xc8,
    0x12, 0x40, 0xc2, 0xd, 0xfe, 0x68, 0x85, 0xa,
    0x28, 0x50, 0x44, 0x42, 0xc1, 0x0,

    /* U+79EB "秫" */
    0x18, 0x87, 0x5, 0x8, 0x24, 0x41, 0xf, 0xff,
    0x10, 0xe1, 0xc7, 0xd, 0x54, 0xa2, 0xa5, 0x24,
    0x89, 0x26, 0x41, 0x2, 0x8, 0x0,

    /* U+79EF "积" */
    0x8, 0x7, 0x9f, 0x84, 0x84, 0x24, 0x2f, 0xe1,
    0x19, 0x8, 0xef, 0xca, 0x80, 0xd0, 0x4, 0x89,
    0x4, 0x44, 0x24, 0x21, 0x20, 0x0,

    /* U+79F0 "称" */
    0x1a, 0xe, 0x20, 0x23, 0xf2, 0x29, 0xfc, 0x82,
    0x4a, 0x72, 0xa6, 0xaa, 0xa4, 0x9a, 0x49, 0x24,
    0x92, 0x8, 0x21, 0x80,

    /* U+79F8 "秸" */
    0x18, 0x87, 0x4, 0x9, 0xfe, 0x41, 0xf, 0x88,
    0x13, 0xf9, 0xc0, 0xd, 0x0, 0xab, 0xf5, 0x10,
    0x88, 0x84, 0x47, 0xe2, 0x21, 0x0,

    /* U+79FB "移" */
    0x38, 0x87, 0xf, 0x89, 0xc9, 0xf1, 0xc2, 0x3c,
    0x3b, 0x61, 0xe3, 0xed, 0x62, 0xa7, 0xb5, 0x3,
    0x8, 0x60, 0x4c, 0x0,

    /* U+79FD "秽" */
    0x0, 0x8f, 0x49, 0x24, 0x92, 0x49, 0x27, 0xff,
    0x90, 0x33, 0xf6, 0xa1, 0x65, 0x2a, 0xe, 0x20,
    0xc2, 0x38, 0x24, 0x0,

    /* U+7A00 "稀" */
    0x0, 0x3, 0xb3, 0x28, 0x70, 0x4c, 0x62, 0x10,
    0x7f, 0xfd, 0x8a, 0x16, 0xfe, 0xac, 0x95, 0x24,
    0x89, 0x24, 0x49, 0x62, 0x8, 0x0,

    /* U+7A0B "程" */
    0x7b, 0xf5, 0x10, 0x88, 0x85, 0xf7, 0xe2, 0x0,
    0x3b, 0xf9, 0xa2, 0x15, 0x10, 0xa7, 0xf1, 0x4,
    0x8, 0x20, 0x4f, 0xf0,

    /* U+7A0D "稍" */
    0x12, 0x4f, 0x12, 0x48, 0x54, 0x40, 0x8f, 0xbf,
    0x91, 0x5, 0xc8, 0x2d, 0x7f, 0xe2, 0xd, 0x1f,
    0xc8, 0x82, 0x44, 0x12, 0x23, 0x80,

    /* U+7A0E "税" */
    0x1a, 0x37, 0x9, 0x8, 0x50, 0x4f, 0xef, 0xc1,
    0x12, 0x9, 0xd0, 0x4d, 0xfe, 0x69, 0x45, 0xa,
    0x28, 0x90, 0x4c, 0x92, 0xc7, 0x80,

    /* U+7A1A "稚" */
    0x79, 0x41, 0x12, 0x8, 0xff, 0xfc, 0x83, 0x3f,
    0x35, 0x21, 0xa9, 0x14, 0x7e, 0xa2, 0x41, 0x12,
    0x8, 0xfe, 0x44, 0x0,

    /* U+7A20 "稠" */
    0x0, 0x7, 0xdf, 0xe9, 0x2, 0x4b, 0xdf, 0xc8,
    0x92, 0x45, 0xd7, 0xae, 0x81, 0xed, 0xed, 0x29,
    0x49, 0x7a, 0x4a, 0x12, 0x83, 0x80,

    /* U+7A33 "稳" */
    0x1a, 0x7, 0x9f, 0x9, 0x10, 0x4f, 0xef, 0x81,
    0x13, 0xf9, 0xc0, 0x4d, 0xfe, 0xa0, 0x5, 0x14,
    0x8a, 0x84, 0x54, 0x52, 0x3e, 0x0,

    /* U+7A3B "稻" */
    0x0, 0xf, 0x3f, 0x24, 0x12, 0x49, 0xfc, 0xa2,
    0x0, 0x76, 0x77, 0xc1, 0x64, 0x1a, 0x77, 0xa4,
    0x12, 0x41, 0x27, 0xf0,

    /* U+7A3C "稼" */
    0x0, 0xf, 0x8, 0x2f, 0xf2, 0x81, 0xf7, 0xe6,
    0x30, 0x6c, 0xe7, 0x3a, 0xa4, 0xaa, 0x9a, 0x26,
    0x92, 0x88, 0x23, 0x80,

    /* U+7A3D "稽" */
    0x0, 0xa3, 0xc4, 0xa9, 0xfe, 0x43, 0xf, 0xb7,
    0x13, 0x79, 0xcc, 0x2d, 0x7e, 0xe8, 0x5, 0x1f,
    0x88, 0xfc, 0x44, 0x22, 0x3f, 0x0,

    /* U+7A3F "稿" */
    0x0, 0x3, 0xc4, 0x29, 0xfe, 0x47, 0xef, 0xa1,
    0x11, 0xf9, 0xc0, 0xd, 0xff, 0xa4, 0xd, 0x2f,
    0x49, 0x4a, 0x4b, 0xd2, 0x41, 0x80,

    /* U+7A46 "穆" */
    0x10, 0x87, 0xbf, 0x89, 0x4, 0x4f, 0xef, 0xc1,
    0x7f, 0xf8, 0xca, 0x8e, 0x52, 0x6c, 0xc5, 0x1b,
    0x8, 0xe4, 0x40, 0xc2, 0x78, 0x0,

    /* U+7A57 "穗" */
    0x10, 0x87, 0xbf, 0x88, 0x20, 0x4f, 0xef, 0xc9,
    0x13, 0xf9, 0xdf, 0xcd, 0x14, 0xe7, 0xf5, 0x4,
    0x9, 0x94, 0x4c, 0x62, 0x1e, 0x0,

    /* U+7A74 "穴" */
    0x4, 0x0, 0x20, 0x0, 0x81, 0xff, 0xe8, 0x1,
    0x40, 0x8, 0x42, 0x2, 0x10, 0x10, 0xc1, 0x2,
    0x18, 0x8, 0x80, 0x68, 0x1, 0x0,

    /* U+7A76 "究" */
    0x4, 0x0, 0x20, 0x3f, 0xfd, 0x0, 0x23, 0x1c,
    0x60, 0x18, 0x20, 0x1f, 0xf0, 0x8, 0x80, 0x44,
    0x4, 0x22, 0x41, 0x2c, 0xf, 0x0,

    /* U+7A77 "穷" */
    0x0, 0x0, 0x60, 0xff, 0xf8, 0x1, 0x98, 0xd6,
    0x42, 0x4, 0xf, 0xfe, 0xc, 0x20, 0x82, 0x18,
    0x63, 0x4, 0xc1, 0xc0,

    /* U+7A7A "空" */
    0x4, 0x0, 0x40, 0xff, 0xf8, 0x1, 0x99, 0x92,
    0x6, 0xc0, 0x17, 0xfe, 0x4, 0x0, 0x40, 0x4,
    0x0, 0x40, 0xff, 0xf0,

    /* U+7A7F "穿" */
    0x0, 0x0, 0x60, 0xff, 0xf8, 0x1, 0x38, 0xc4,
    0x2, 0x7f, 0xf2, 0x8, 0x7f, 0xf0, 0x28, 0x1c,
    0x8e, 0x8, 0x3, 0x80,

    /* U+7A81 "突" */
    0x0, 0x0, 0x60, 0xff, 0xf8, 0x1, 0x99, 0x96,
    0x6, 0x47, 0x80, 0x4c, 0xff, 0xf0, 0x60, 0x9,
    0x1, 0x98, 0x60, 0x78, 0x1,

    /* U+7A83 "窃" */
    0x1, 0x3, 0xff, 0xd0, 0x2, 0x38, 0xe2, 0x0,
    0x11, 0xfd, 0xf1, 0x24, 0x11, 0x20, 0x89, 0x64,
    0x4e, 0x42, 0x4, 0x60,

    /* U+7A84 "窄" */
    0x4, 0xf, 0xff, 0x80, 0x11, 0xc, 0xe8, 0x61,
    0x80, 0x3f, 0xf6, 0x40, 0xc7, 0xe0, 0x40, 0x7,
    0xe0, 0x40, 0x4, 0x0,

    /* U+7A8D "窍" */
    0x2, 0xf, 0xff, 0x88, 0x11, 0x8c, 0x60, 0x70,
    0x0, 0xff, 0xf2, 0x10, 0x21, 0x2, 0x3f, 0x28,
    0x2f, 0x2, 0x0, 0xe0,

    /* U+7A91 "窑" */
    0x6, 0xf, 0xff, 0x80, 0x11, 0x9c, 0x60, 0x67,
    0x0, 0x3f, 0xe4, 0x20, 0xff, 0xf0, 0x20, 0x42,
    0x24, 0x22, 0x7f, 0xe0,

    /* U+7A92 "窒" */
    0x4, 0xf, 0xff, 0x89, 0x1b, 0xd, 0x60, 0x67,
    0xfe, 0x18, 0x83, 0xfc, 0x4, 0x27, 0xfe, 0x4,
    0x0, 0x40, 0xff, 0xf0,

    /* U+7A96 "窖" */
    0x6, 0xf, 0xff, 0x81, 0x13, 0x8c, 0x52, 0x23,
    0xfe, 0x62, 0xf, 0xff, 0x0, 0x7, 0xfe, 0x40,
    0x24, 0x2, 0x7f, 0xe0,

    /* U+7A97 "窗" */
    0x6, 0xf, 0xff, 0x88, 0x13, 0xc, 0xc4, 0x37,
    0xfe, 0x48, 0x24, 0xfa, 0x51, 0x24, 0x72, 0x45,
    0xa5, 0x82, 0x7f, 0xe0,

    /* U+7A98 "窘" */
    0x6, 0x7, 0xff, 0xe2, 0x26, 0xe0, 0xe7, 0xfe,
    0x2, 0x13, 0xff, 0xe1, 0x4, 0x7f, 0xe1, 0x80,
    0x1f, 0xfd, 0x20, 0x61, 0xff, 0x0,

    /* U+7A9C "窜" */
    0x4, 0xf, 0xff, 0x81, 0x13, 0xc, 0xc4, 0x37,
    0xfe, 0x44, 0x27, 0xfe, 0x4, 0x7, 0xff, 0x44,
    0x37, 0xff, 0x4, 0x0,

    /* U+7A9D "窝" */
    0x4, 0xf, 0xff, 0x91, 0x16, 0xe, 0xbf, 0xd2,
    0x4, 0x3f, 0xc0, 0x40, 0xff, 0xf8, 0x41, 0x9b,
    0x9b, 0x9, 0x80, 0x70,

    /* U+7A9F "窟" */
    0x2, 0x3, 0xff, 0xd0, 0x22, 0x70, 0xe6, 0x1,
    0x9f, 0xf8, 0x80, 0x47, 0xfe, 0x31, 0x11, 0xff,
    0x90, 0x40, 0xa2, 0x25, 0xff, 0x0,

    /* U+7AA5 "窥" */
    0x6, 0xf, 0xff, 0x89, 0x13, 0xc, 0x40, 0x22,
    0x3e, 0xfa, 0x22, 0x2a, 0xfa, 0xa2, 0x2a, 0x71,
    0x84, 0x99, 0x8e, 0xf0,

    /* U+7ABF "窿" */
    0x4, 0xf, 0xff, 0x89, 0x17, 0xf, 0xf3, 0xe9,
    0xe4, 0xa1, 0x8a, 0xe7, 0x97, 0xc9, 0x7f, 0x99,
    0xb, 0x7e, 0x8f, 0xf0,

    /* U+7ACB "立" */
    0x2, 0x0, 0x10, 0x0, 0x80, 0xff, 0xe0, 0x0,
    0x8, 0x20, 0x41, 0x3, 0x18, 0x8, 0x80, 0x44,
    0x0, 0x41, 0xff, 0xf0,

    /* U+7AD6 "竖" */
    0x17, 0xe5, 0x22, 0x52, 0x45, 0x1c, 0x51, 0x85,
    0x67, 0x14, 0x37, 0xfe, 0x10, 0x81, 0x8, 0x10,
    0x8f, 0xff,

    /* U+7AD9 "站" */
    0x60, 0x81, 0x4, 0x8, 0x21, 0xf1, 0xf1, 0x8,
    0x48, 0x41, 0x42, 0xa, 0xfe, 0x56, 0x11, 0x70,
    0xbd, 0x84, 0xf, 0xe0, 0x61, 0x0,

    /* U+7ADE "竞" */
    0x4, 0x7, 0xfe, 0x10, 0x81, 0x8, 0xff, 0xf0,
    0x0, 0x3f, 0xc2, 0x4, 0x3f, 0xc0, 0x90, 0x19,
    0x13, 0x11, 0xe1, 0xf0,

    /* U+7ADF "竟" */
    0x6, 0x7, 0xfe, 0x10, 0x8f, 0xff, 0x0, 0x7,
    0xfe, 0x40, 0x27, 0xfe, 0x40, 0x27, 0xfe, 0x9,
    0x1, 0x11, 0xe1, 0xf0,

    /* U+7AE0 "章" */
    0x2, 0x3, 0xff, 0x84, 0x10, 0x11, 0x8f, 0xff,
    0x80, 0x0, 0xff, 0x87, 0xfc, 0x20, 0x20, 0xfe,
    0x3f, 0xfe, 0x4, 0x0, 0x20, 0x0,

    /* U+7AE3 "竣" */
    0x0, 0x81, 0xd, 0x8, 0xc5, 0xff, 0xf1, 0x12,
    0x29, 0x89, 0x52, 0x2a, 0x3e, 0x53, 0x21, 0x6f,
    0x3c, 0x30, 0x6, 0xe0, 0x41, 0x80,

    /* U+7AE5 "童" */
    0x2, 0x3, 0xff, 0x84, 0x11, 0xff, 0xf0, 0x0,
    0x1f, 0xf0, 0x88, 0x87, 0xfc, 0x22, 0x20, 0xfe,
    0x1f, 0xfc, 0x4, 0xf, 0xff, 0x80,

    /* U+7AED "竭" */
    0x23, 0xf2, 0x21, 0xfb, 0xf1, 0x21, 0x53, 0xe5,
    0x3f, 0x54, 0x95, 0x49, 0x52, 0xd3, 0xb1, 0xc3,
    0xf0, 0x7,

    /* U+7AEF "端" */
    0x20, 0x81, 0x24, 0x41, 0x23, 0xff, 0xf1, 0x80,
    0x2b, 0xfd, 0x42, 0xa, 0xff, 0x55, 0x48, 0xea,
    0x7d, 0x52, 0xa, 0x90, 0x55, 0x80,

    /* U+7AF9 "竹" */
    0x20, 0x81, 0x4, 0x8, 0x40, 0xff, 0xf5, 0x32,
    0x69, 0x10, 0x40, 0x82, 0x4, 0x10, 0x20, 0x81,
    0x4, 0x8, 0x20, 0x41, 0xe, 0x0,

    /* U+7AFF "竿" */
    0x21, 0x83, 0xef, 0xf4, 0x91, 0x0, 0x7, 0xff,
    0x1, 0x0, 0x8, 0x1f, 0xff, 0x2, 0x0, 0x10,
    0x0, 0x80, 0x4, 0x0,

    /* U+7B06 "笆" */
    0x21, 0x81, 0xef, 0xd4, 0x98, 0x94, 0x43, 0xff,
    0x11, 0x8, 0x88, 0x47, 0xfe, 0x20, 0x11, 0x0,
    0x48, 0x2, 0x7f, 0xf0,

    /* U+7B0B "笋" */
    0x41, 0x3, 0xef, 0xe4, 0x91, 0x24, 0x47, 0xff,
    0x3, 0x18, 0x18, 0xdf, 0xff, 0x6, 0x33, 0xff,
    0x83, 0xc, 0x30, 0x6, 0x0, 0x0,

    /* U+7B11 "笑" */
    0x0, 0x1, 0x8, 0x1f, 0x7f, 0xa4, 0x80, 0xf,
    0x3f, 0xc0, 0x8, 0x0, 0x40, 0xff, 0xf8, 0x28,
    0x3, 0x60, 0x31, 0x8e, 0x3, 0x80,

    /* U+7B14 "笔" */
    0x41, 0x7, 0xff, 0x96, 0x40, 0xe, 0x7d, 0x0,
    0x42, 0x7f, 0xc0, 0x40, 0x1f, 0xfe, 0x40, 0x4,
    0x10, 0x7f,

    /* U+7B19 "笙" */
    0x20, 0x81, 0xff, 0xd2, 0xd8, 0x86, 0x41, 0x20,
    0x1f, 0xf8, 0x88, 0x0, 0x40, 0x1f, 0xf0, 0x10,
    0x0, 0x80, 0xff, 0xf0,

    /* U+7B1B "笛" */
    0x20, 0x1, 0x8, 0x1f, 0x7e, 0x94, 0xc0, 0x20,
    0x1, 0x0, 0xff, 0xc4, 0x42, 0x22, 0x11, 0xff,
    0x88, 0x84, 0x7f, 0xe2, 0x1, 0x0,

    /* U+7B24 "笤" */
    0x21, 0x7, 0xdf, 0x52, 0x40, 0xa4, 0x7f, 0xe0,
    0x42, 0xc, 0x21, 0x9e, 0x60, 0x3, 0xfe, 0x20,
    0x22, 0x2, 0x3f, 0xe0,

    /* U+7B26 "符" */
    0x21, 0x3, 0xef, 0xf4, 0x91, 0x4, 0x3, 0x2,
    0x17, 0xfd, 0x80, 0x94, 0x84, 0x22, 0x21, 0x9,
    0x8, 0x8, 0x41, 0xc0,

    /* U+7B28 "笨" */
    0x41, 0x7, 0xff, 0x96, 0xc0, 0x40, 0xff, 0xf0,
    0xd0, 0x14, 0x83, 0x4c, 0x64, 0x6d, 0xfb, 0x84,
    0x0, 0x40,

    /* U+7B2C "第" */
    0x41, 0x7, 0xff, 0xd2, 0x49, 0x4, 0x7f, 0xe0,
    0x42, 0x7f, 0xe4, 0x40, 0x44, 0x7, 0xfe, 0xc,
    0x23, 0x42, 0x44, 0xe0,

    /* U+7B3C "笼" */
    0x20, 0x83, 0xef, 0xd4, 0x49, 0x14, 0x40, 0x4c,
    0x6, 0x13, 0xff, 0xe1, 0x20, 0x9, 0x20, 0x8e,
    0xc, 0x62, 0xce, 0x1c, 0x9f, 0x80,

    /* U+7B49 "等" */
    0x21, 0x83, 0xef, 0xd4, 0xd1, 0x24, 0x47, 0xff,
    0x1, 0x0, 0x8, 0x1f, 0xff, 0x0, 0x47, 0xff,
    0xc4, 0x10, 0x18, 0x80, 0x1c, 0x0,

    /* U+7B4B "筋" */
    0x41, 0x7, 0xff, 0xd6, 0x49, 0x44, 0x78, 0x84,
    0xbf, 0x4b, 0xf7, 0x89, 0x48, 0x97, 0x89, 0x49,
    0x18, 0xb1, 0x9e, 0x70,

    /* U+7B4F "筏" */
    0x21, 0x7, 0xff, 0xd2, 0xc9, 0x4, 0x12, 0xc2,
    0x22, 0x6f, 0xfe, 0x22, 0xa1, 0x22, 0x1c, 0x21,
    0x92, 0x6d, 0x28, 0x70,

    /* U+7B50 "筐" */
    0x41, 0x7, 0xff, 0xe6, 0x89, 0x44, 0x7f, 0xf4,
    0x0, 0x5f, 0xe4, 0x20, 0x5f, 0xc4, 0x20, 0x5f,
    0xe4, 0x0, 0x7f, 0xf0,

    /* U+7B51 "筑" */
    0x0, 0x1, 0x8, 0x1f, 0x7f, 0xa6, 0x88, 0x22,
    0x7d, 0xf0, 0x88, 0x84, 0x64, 0x22, 0xa1, 0x57,
    0x3d, 0x8, 0x8, 0x51, 0x83, 0x80,

    /* U+7B52 "筒" */
    0x21, 0x3, 0xef, 0xd4, 0x91, 0x34, 0xc7, 0xff,
    0x20, 0x9, 0x7f, 0x48, 0x2, 0x4f, 0x92, 0x44,
    0x93, 0xe4, 0x90, 0x24, 0x7, 0x0,

    /* U+7B54 "答" */
    0x61, 0x7, 0xff, 0xd2, 0x49, 0x64, 0xf, 0x1,
    0x88, 0x7f, 0xf8, 0x0, 0x3f, 0xc2, 0x4, 0x20,
    0x43, 0xfc,

    /* U+7B56 "策" */
    0x41, 0x7, 0xff, 0xb2, 0x89, 0x44, 0x6, 0xf,
    0xff, 0x7f, 0xe4, 0x62, 0x46, 0x24, 0xf6, 0x1f,
    0x8e, 0x67, 0x86, 0x0,

    /* U+7B5B "筛" */
    0x20, 0x81, 0xff, 0xd4, 0x49, 0x94, 0x41, 0x7f,
    0xa8, 0x41, 0x5f, 0xca, 0xd2, 0x56, 0x90, 0xb4,
    0x8d, 0xa4, 0x4d, 0x64, 0x8, 0x0,

    /* U+7B5D "筝" */
    0x21, 0x83, 0xef, 0xd4, 0xd1, 0x14, 0x41, 0xf8,
    0x10, 0x81, 0xff, 0x80, 0x44, 0xff, 0xf8, 0x11,
    0x1f, 0xf8, 0x4, 0x1, 0xe0, 0x0,

    /* U+7B77 "筷" */
    0x21, 0x3, 0xef, 0xd4, 0x91, 0x34, 0xc2, 0x10,
    0x1b, 0xfa, 0xa4, 0x54, 0x22, 0xaf, 0xf9, 0xc,
    0x8, 0xb0, 0x4c, 0xc2, 0xc1, 0x80,

    /* U+7B79 "筹" */
    0x21, 0x7, 0xdf, 0x52, 0x48, 0x40, 0x7f, 0xe7,
    0xfc, 0x8, 0xf, 0xff, 0x10, 0x83, 0xfe, 0x6c,
    0x8c, 0x48, 0x1, 0x80,

    /* U+7B7E "签" */
    0x41, 0x7, 0xff, 0xd6, 0x49, 0x64, 0x9, 0x3,
    0xc, 0xdf, 0xb0, 0x0, 0x24, 0x42, 0x24, 0x12,
    0x80, 0x8, 0xff, 0xf0,

    /* U+7B80 "简" */
    0x21, 0x81, 0xef, 0xd2, 0xd8, 0x10, 0x42, 0xff,
    0x8, 0x9, 0x0, 0x49, 0xf2, 0x4f, 0x92, 0x44,
    0x92, 0x24, 0x9f, 0x24, 0x7, 0x0,

    /* U+7B8D "箍" */
    0x21, 0x1, 0xf7, 0xed, 0x24, 0x20, 0x90, 0x27,
    0xf8, 0x90, 0xf, 0xc4, 0x9, 0x7c, 0x2d, 0x53,
    0xd5, 0x42, 0x57, 0x9, 0x10, 0x67, 0xfc,

    /* U+7B95 "箕" */
    0x41, 0x7, 0xff, 0x52, 0x89, 0x44, 0x7f, 0xf1,
    0x4, 0x1f, 0xc1, 0x4, 0x1f, 0xc1, 0x4, 0xff,
    0xf1, 0x98, 0x60, 0x68, 0x1,

    /* U+7B97 "算" */
    0x61, 0x7, 0xff, 0x92, 0x4b, 0xfe, 0x20, 0x23,
    0xfe, 0x20, 0x23, 0xfe, 0x3f, 0xe1, 0x8, 0xff,
    0xf1, 0x8, 0xe0, 0x80,

    /* U+7BA1 "管" */
    0x20, 0x83, 0xff, 0xd2, 0x48, 0x4, 0x47, 0xff,
    0xa0, 0x4, 0x7f, 0x82, 0x4, 0x1f, 0xe0, 0x80,
    0x7, 0xfc, 0x20, 0x21, 0xff, 0x0,

    /* U+7BA9 "箩" */
    0x61, 0x82, 0xfb, 0xa5, 0x88, 0xff, 0xe4, 0x89,
    0x24, 0x49, 0xff, 0xc1, 0x80, 0x1f, 0xe3, 0x3,
    0x3, 0x30, 0xe, 0x7, 0xc0, 0x0,

    /* U+7BAB "箫" */
    0x21, 0x7, 0xdf, 0x52, 0x49, 0x44, 0x7f, 0xe0,
    0x42, 0xff, 0xf7, 0xfe, 0x4, 0x4, 0x42, 0x54,
    0xa5, 0x4a, 0x84, 0x20,

    /* U+7BAD "箭" */
    0x20, 0x83, 0xef, 0xd6, 0xc9, 0x20, 0x41, 0xc,
    0x7f, 0xfc, 0x0, 0xf, 0x92, 0x7c, 0x92, 0x24,
    0x9f, 0x24, 0x88, 0x24, 0xc7, 0x0,

    /* U+7BB1 "箱" */
    0x61, 0x7, 0xdf, 0xd2, 0x41, 0x0, 0x13, 0xff,
    0xe1, 0x33, 0xf7, 0xa1, 0x57, 0xf9, 0x21, 0x92,
    0x11, 0x3f,

    /* U+7BC7 "篇" */
    0x21, 0x3, 0xff, 0xd6, 0x98, 0x4, 0x3, 0xff,
    0x10, 0x8, 0xff, 0xc4, 0x0, 0x3f, 0xf1, 0x94,
    0x97, 0xfc, 0xa5, 0x25, 0x2b, 0x0,

    /* U+7BD3 "篓" */
    0x41, 0x7, 0xff, 0x96, 0x40, 0x40, 0x34, 0xcf,
    0xff, 0x1d, 0x86, 0x47, 0x8, 0xf, 0xff, 0x30,
    0x80, 0xf8, 0xf8, 0x60,

    /* U+7BD9 "篙" */
    0x20, 0x81, 0xff, 0xd2, 0x48, 0x4, 0x7, 0xdf,
    0x8f, 0xf0, 0x40, 0x81, 0xf8, 0x7f, 0xfa, 0x0,
    0xd3, 0xf6, 0x9f, 0xb4, 0x3, 0x0,

    /* U+7BE1 "篡" */
    0x20, 0x83, 0xef, 0xf2, 0xc8, 0x7f, 0xc3, 0xfe,
    0x1f, 0xf0, 0x80, 0x83, 0xf8, 0xff, 0xf8, 0x92,
    0x19, 0x2f, 0x31, 0x81, 0xf2, 0x0,

    /* U+7BEE "篮" */
    0x20, 0x83, 0xef, 0xf6, 0x49, 0x4, 0x44, 0x88,
    0x24, 0xfd, 0x25, 0x9, 0x44, 0x8, 0x21, 0xff,
    0x89, 0x24, 0x49, 0x2f, 0xff, 0x80,

    /* U+7BF1 "篱" */
    0x20, 0x83, 0xff, 0xd4, 0xd9, 0x14, 0x47, 0xff,
    0x91, 0x90, 0xb3, 0x87, 0xfc, 0x2, 0x3, 0xff,
    0x91, 0x24, 0x9e, 0xa4, 0x3, 0x0,

    /* U+7BF7 "篷" */
    0x21, 0x83, 0xef, 0xf4, 0x91, 0x36, 0x4, 0x3f,
    0x17, 0xb0, 0xf, 0x9d, 0x93, 0x27, 0xf1, 0x3f,
    0x8b, 0xfe, 0xe1, 0x8, 0xff, 0x80,

    /* U+7C07 "簇" */
    0x21, 0x3, 0xff, 0xb4, 0xb0, 0x44, 0x82, 0x20,
    0x7f, 0xf9, 0x14, 0x8, 0x7e, 0x7e, 0x82, 0x7f,
    0x92, 0x31, 0x92, 0xcb, 0x63, 0x0,

    /* U+7C38 "簸" */
    0x21, 0x3, 0xff, 0xf4, 0x91, 0x90, 0x84, 0x84,
    0x7f, 0xfd, 0xe9, 0x49, 0x7e, 0x7a, 0x92, 0x54,
    0xbf, 0x98, 0x94, 0xc4, 0xaf, 0x0, 0x80,

    /* U+7C3F "簿" */
    0x20, 0x81, 0xff, 0xd2, 0xd0, 0x1, 0x26, 0x7e,
    0xb, 0xf8, 0x12, 0x4c, 0xfe, 0x27, 0xf0, 0x81,
    0xb, 0xfe, 0x44, 0x44, 0xe, 0x0,

    /* U+7C4D "籍" */
    0x21, 0x7, 0xdf, 0x52, 0x4a, 0x12, 0xff, 0xf2,
    0x12, 0xf9, 0x22, 0x7f, 0xf8, 0x3, 0x3f, 0x6b,
    0xfa, 0x21, 0x23, 0xf0,

    /* U+7C73 "米" */
    0x6, 0x4, 0x62, 0x66, 0x62, 0x64, 0x36, 0xc0,
    0x60, 0xff, 0xf0, 0xf0, 0x1f, 0x81, 0x6c, 0x66,
    0x6c, 0x63, 0x6, 0x0,

    /* U+7C7B "类" */
    0x24, 0x42, 0x44, 0x14, 0x8f, 0xff, 0xf, 0x87,
    0x46, 0xc6, 0x30, 0x40, 0x4, 0xf, 0xff, 0xe,
    0x1, 0x98, 0xf0, 0xf8, 0x1,

    /* U+7C7D "籽" */
    0x20, 0x5, 0x5f, 0xea, 0x5, 0x60, 0x42, 0x4,
    0x7c, 0x21, 0x9f, 0xee, 0x8, 0x68, 0x45, 0x2,
    0x28, 0x10, 0x40, 0x82, 0x1c, 0x0,

    /* U+7C89 "粉" */
    0x20, 0xa5, 0x4d, 0x2a, 0x48, 0xd2, 0x22, 0x31,
    0x7f, 0x4, 0x8f, 0xee, 0x12, 0x68, 0x95, 0x48,
    0xa8, 0x44, 0x44, 0x22, 0x46, 0x0,

    /* U+7C92 "粒" */
    0x20, 0x85, 0x44, 0x2a, 0x21, 0x6f, 0xea, 0x0,
    0x7d, 0x11, 0x88, 0x8e, 0x24, 0x79, 0x25, 0x49,
    0x28, 0x48, 0x40, 0x82, 0x7f, 0x80,

    /* U+7C97 "粗" */
    0x20, 0xa, 0xbe, 0xaa, 0x2b, 0x22, 0x22, 0x2f,
    0xbe, 0x22, 0x27, 0x22, 0x6b, 0xea, 0x22, 0xa2,
    0x22, 0x22, 0x2f, 0xf0,

    /* U+7C98 "粘" */
    0x10, 0x84, 0xa4, 0x25, 0x20, 0xb1, 0xf1, 0x8,
    0x7e, 0x40, 0xc2, 0x6, 0x7e, 0x5a, 0x16, 0x90,
    0xa4, 0x84, 0x27, 0xe1, 0x21, 0x0,

    /* U+7C9F "粟" */
    0xff, 0xf0, 0x90, 0x7f, 0xe4, 0x92, 0x49, 0x27,
    0xfe, 0x24, 0x41, 0x48, 0xff, 0xf0, 0xd0, 0x34,
    0xcc, 0x43,

    /* U+7CA4 "粤" */
    0xc, 0x7, 0xfe, 0x4d, 0x25, 0xfa, 0x4d, 0x25,
    0xa, 0x7f, 0xe0, 0x0, 0xff, 0xf2, 0x0, 0x3f,
    0xc0, 0x4, 0x3, 0xc0,

    /* U+7CA5 "粥" */
    0x4, 0xe, 0x4f, 0x2d, 0x12, 0xd1, 0xec, 0x79,
    0xf8, 0x86, 0x8e, 0x6f, 0x2d, 0x12, 0xd1, 0x34,
    0x12, 0x41, 0xc4, 0x60,

    /* U+7CAA "粪" */
    0x24, 0x42, 0x44, 0x14, 0x8f, 0xff, 0xd, 0x7,
    0x4f, 0x90, 0x97, 0xfe, 0x10, 0x81, 0x8, 0xff,
    0xf0, 0x98, 0x70, 0x68, 0x0,

    /* U+7CAE "粮" */
    0x20, 0x85, 0x44, 0x2a, 0xfd, 0x64, 0x22, 0x3f,
    0x7d, 0x8, 0x88, 0x4e, 0x7e, 0x6a, 0x85, 0x13,
    0xa8, 0x98, 0x47, 0x62, 0x60, 0x0,

    /* U+7CB1 "粱" */
    0x0, 0x6, 0xfc, 0x82, 0x64, 0xa6, 0x12, 0x54,
    0x45, 0xd9, 0xca, 0x44, 0x14, 0x8f, 0xff, 0xd,
    0x3, 0x4c, 0xc4, 0x30,

    /* U+7CB9 "粹" */
    0x20, 0x85, 0x44, 0x2b, 0xfd, 0x62, 0x42, 0x22,
    0x7d, 0xb1, 0x95, 0x4e, 0x92, 0x7f, 0xfd, 0x4,
    0x28, 0x20, 0x41, 0x2, 0x8, 0x0,

    /* U+7CBE "精" */
    0x20, 0x83, 0x5f, 0x9a, 0x20, 0xd7, 0xe2, 0x8,
    0x7d, 0xb8, 0xcf, 0xc5, 0x42, 0x6b, 0xf7, 0x10,
    0xa8, 0xfc, 0x44, 0x22, 0x23, 0x0,

    /* U+7CCA "糊" */
    0x42, 0x4, 0x27, 0xd2, 0x5d, 0xfd, 0x42, 0x7f,
    0x25, 0x67, 0x55, 0x97, 0xd9, 0x5c, 0x95, 0x47,
    0x54, 0x89, 0x40, 0xb0,

    /* U+7CD5 "糕" */
    0x22, 0x25, 0x51, 0x2a, 0x49, 0x6f, 0xea, 0x8,
    0x7d, 0xf9, 0x82, 0xe, 0x10, 0xaf, 0xfd, 0x0,
    0x29, 0x54, 0x4a, 0xa2, 0x94, 0x80,

    /* U+7CD6 "糖" */
    0x41, 0x5, 0x8, 0xd7, 0xfe, 0x7f, 0x44, 0x9f,
    0x7f, 0x44, 0x96, 0x7f, 0xd4, 0x8c, 0xff, 0xca,
    0x14, 0xa1, 0x53, 0xf0,

    /* U+7CD9 "糙" */
    0x41, 0x46, 0xca, 0x35, 0x7d, 0xac, 0x84, 0x3f,
    0x7e, 0x1, 0x97, 0xcc, 0xa2, 0xd5, 0x16, 0xa8,
    0xb1, 0x7c, 0x94, 0x5, 0x1f, 0x0,

    /* U+7CDC "糜" */
    0x3, 0x3, 0xff, 0xd2, 0x8, 0xfd, 0xf5, 0xeb,
    0x34, 0x95, 0x0, 0x9, 0x24, 0x7f, 0xfa, 0x3e,
    0x22, 0x4d, 0x62, 0x10,

    /* U+7CDF "糟" */
    0x41, 0x4d, 0xff, 0xd1, 0x4d, 0x7f, 0x45, 0x5f,
    0x7f, 0x45, 0x56, 0x7f, 0x50, 0xd, 0x7f, 0xc7,
    0xf4, 0x41, 0x47, 0xf0,

    /* U+7CE0 "糠" */
    0x20, 0x85, 0xff, 0xee, 0x21, 0x57, 0xe2, 0x89,
    0x7d, 0xfd, 0xa2, 0x4d, 0x7e, 0x7a, 0x85, 0x57,
    0xaa, 0x68, 0x5d, 0x33, 0x18, 0x0,

    /* U+7CEF "糯" */
    0x20, 0xb, 0x7f, 0xbf, 0xfb, 0x89, 0x22, 0xef,
    0x7e, 0x60, 0x86, 0xff, 0x71, 0xb, 0x7f, 0xa5,
    0x52, 0x55, 0x25, 0x70,

    /* U+7CFB "系" */
    0x1, 0xe7, 0xe0, 0x8, 0x1, 0x8, 0x3f, 0x0,
    0x64, 0x18, 0x67, 0xff, 0x42, 0x11, 0x2c, 0x22,
    0x24, 0x21, 0xe, 0x0,

    /* U+7D0A "紊" */
    0x6, 0xf, 0xff, 0x10, 0x80, 0xf0, 0x1f, 0xf,
    0x4f, 0x19, 0x3, 0xf0, 0x8, 0xc7, 0xfe, 0x2,
    0x7, 0x2c, 0xce, 0x20,

    /* U+7D20 "素" */
    0x2, 0x3, 0xff, 0x80, 0x80, 0x7f, 0xc0, 0x20,
    0x7f, 0xfc, 0x31, 0x7, 0xf0, 0xc, 0x63, 0xff,
    0x84, 0x80, 0x64, 0xec, 0xe1, 0x0,

    /* U+7D22 "索" */
    0x2, 0xf, 0xff, 0x2, 0x0, 0x20, 0xff, 0xf8,
    0x41, 0x99, 0x92, 0xe4, 0x7f, 0xe0, 0x21, 0x12,
    0xc6, 0x22, 0x8e, 0x10,

    /* U+7D27 "紧" */
    0x10, 0x5, 0x7f, 0x52, 0x25, 0x1c, 0x53, 0xe0,
    0xc1, 0x19, 0x83, 0xe0, 0x8, 0x67, 0xff, 0x12,
    0x13, 0x26, 0x4e, 0x10,

    /* U+7D2B "紫" */
    0x11, 0x2, 0x88, 0x97, 0x78, 0xa2, 0x1f, 0xdf,
    0x2, 0x0, 0x66, 0x7, 0xc8, 0x8, 0x63, 0xff,
    0x90, 0x84, 0x64, 0xc4, 0xe1, 0x0,

    /* U+7D2F "累" */
    0x7f, 0xe4, 0x22, 0x7f, 0xe4, 0x22, 0x7f, 0xe1,
    0x88, 0x7f, 0x0, 0x84, 0xff, 0xe0, 0x20, 0x72,
    0xe8, 0xe0,

    /* U+7D6E "絮" */
    0x20, 0xf, 0xdf, 0x45, 0x14, 0x91, 0x39, 0x13,
    0xdf, 0xce, 0x83, 0xf4, 0x8, 0x67, 0xff, 0x2,
    0x17, 0x26, 0xce, 0x10,

    /* U+7E41 "繁" */
    0x0, 0x83, 0xf4, 0x3f, 0x7c, 0xab, 0x4f, 0xe6,
    0x2a, 0x31, 0xfe, 0x61, 0x10, 0x37, 0x43, 0xff,
    0x90, 0x84, 0x64, 0xe4, 0xe1, 0x0,

    /* U+7EA0 "纠" */
    0x18, 0x11, 0x11, 0x21, 0x12, 0x51, 0x59, 0x17,
    0x11, 0x31, 0x16, 0x51, 0x79, 0x70, 0x39, 0xc,
    0x1f, 0x1, 0x0, 0x10,

    /* U+7EA2 "红" */
    0x30, 0x1, 0x3f, 0xd0, 0x30, 0xb1, 0x8f, 0xc,
    0x10, 0x61, 0x3, 0x1f, 0x18, 0x0, 0xc0, 0xc6,
    0x39, 0xfe,

    /* U+7EA4 "纤" */
    0x0, 0x1, 0xf, 0x88, 0xb0, 0x81, 0x8c, 0x8c,
    0x78, 0x60, 0x9f, 0xe8, 0x18, 0xf8, 0xc0, 0x6,
    0x2, 0x31, 0xe1, 0x80, 0xc, 0x0,

    /* U+7EA6 "约" */
    0x1, 0x2, 0x10, 0x21, 0x4, 0x3f, 0xda, 0x1f,
    0x41, 0x23, 0x14, 0x19, 0xf8, 0xd0, 0x1, 0x8,
    0x1f, 0x1, 0x0, 0xe0,

    /* U+7EA7 "级" */
    0x10, 0x0, 0xbf, 0x8, 0x48, 0x52, 0x44, 0x92,
    0x78, 0xbc, 0xc4, 0x65, 0x32, 0x72, 0x90, 0x13,
    0x6, 0x98, 0xc9, 0xe0, 0x70, 0x80,

    /* U+7EAA "纪" */
    0x10, 0x1, 0x9f, 0x88, 0x4, 0xd0, 0x24, 0x81,
    0x78, 0x8, 0x8f, 0xc8, 0x40, 0xfa, 0x0, 0x10,
    0x0, 0x83, 0xf4, 0x10, 0x3f, 0x0,

    /* U+7EAB "纫" */
    0x20, 0x2, 0x7f, 0x40, 0x94, 0x89, 0xb2, 0x9e,
    0x49, 0x24, 0x94, 0x59, 0xf1, 0x10, 0x11, 0x3a,
    0x1c, 0x63, 0xc, 0xe0,

    /* U+7EAC "纬" */
    0x20, 0x82, 0x8, 0x47, 0xf5, 0x8, 0x90, 0x8e,
    0x7f, 0x40, 0x85, 0xff, 0xe0, 0x90, 0x9, 0x18,
    0x9e, 0xb, 0x0, 0x80,

    /* U+7EAF "纯" */
    0x20, 0x81, 0x4, 0x19, 0xfe, 0x81, 0xd, 0x8,
    0x7a, 0x48, 0x92, 0x48, 0x92, 0xff, 0xf0, 0x4,
    0x86, 0x23, 0xc1, 0x10, 0x7, 0x80,

    /* U+7EB1 "纱" */
    0x20, 0x82, 0x8, 0x42, 0xa5, 0xa9, 0xf4, 0x92,
    0x49, 0x40, 0x8f, 0x8a, 0x0, 0x21, 0x8c, 0xe1,
    0x80, 0xe0,

    /* U+7EB2 "纲" */
    0x20, 0x2, 0x7f, 0x64, 0x14, 0x45, 0xd5, 0x5f,
    0x55, 0x24, 0x94, 0x49, 0xfd, 0x50, 0x55, 0x1f,
    0x1e, 0x41, 0x4, 0x70,

    /* U+7EB3 "纳" */
    0x20, 0x82, 0x8, 0x40, 0x84, 0xff, 0x94, 0x9e,
    0x49, 0x25, 0x94, 0x55, 0xf5, 0x70, 0x63, 0x1c,
    0x1e, 0x41, 0x4, 0x70,

    /* U+7EB5 "纵" */
    0x22, 0x21, 0x11, 0x18, 0x88, 0xb4, 0x4b, 0x22,
    0x71, 0x10, 0x88, 0x8a, 0xe4, 0xe5, 0x50, 0x22,
    0x9d, 0x25, 0x93, 0x10, 0x90, 0x80,

    /* U+7EB7 "纷" */
    0x0, 0x0, 0x8d, 0x8, 0x48, 0x52, 0x24, 0xb1,
    0x7b, 0x4, 0xcf, 0xe4, 0x12, 0xf8, 0x90, 0x8,
    0x82, 0x45, 0xe4, 0x20, 0x66, 0x0,

    /* U+7EB8 "纸" */
    0x10, 0xf9, 0x1a, 0x8, 0x90, 0x94, 0x8f, 0xa4,
    0x9, 0xfc, 0x89, 0xf, 0x48, 0x2, 0x40, 0x51,
    0x7c, 0xaa, 0x6, 0x30,

    /* U+7EB9 "纹" */
    0x0, 0x81, 0x4, 0x8, 0x10, 0x8f, 0xf4, 0xa1,
    0x79, 0x10, 0x84, 0x8c, 0x24, 0xf8, 0xc0, 0x6,
    0x6, 0x31, 0xc6, 0x60, 0xc1, 0x80,

    /* U+7EBA "纺" */
    0x20, 0x86, 0x8, 0x47, 0xf9, 0x10, 0xf1, 0x2,
    0x1e, 0x42, 0x2f, 0x22, 0x2, 0x21, 0x22, 0xe4,
    0x20, 0x8e,

    /* U+7EBD "纽" */
    0x20, 0x2, 0x7e, 0x61, 0x24, 0x12, 0x91, 0x2f,
    0x12, 0x27, 0xe4, 0x22, 0xf2, 0x20, 0x22, 0x12,
    0x2e, 0x26, 0xf, 0xf0,

    /* U+7EBF "线" */
    0x10, 0xa1, 0x84, 0x88, 0x20, 0xd7, 0xe4, 0x88,
    0x38, 0x4c, 0x9f, 0x8c, 0x19, 0xf8, 0x50, 0x3,
    0x6, 0x33, 0xc7, 0x50, 0x63, 0x80,

    /* U+7EC3 "练" */
    0x1, 0x6, 0x10, 0x4f, 0xf4, 0x20, 0xbf, 0x8e,
    0x48, 0x44, 0x84, 0x7f, 0xf0, 0x80, 0x4a, 0x34,
    0x9c, 0x89, 0x3, 0x80,

    /* U+7EC4 "组" */
    0x10, 0x0, 0x9f, 0x88, 0x84, 0x94, 0x27, 0xbf,
    0x9, 0x8, 0x88, 0x4d, 0x42, 0xf3, 0xf0, 0x10,
    0x82, 0x85, 0xe4, 0x20, 0x7f, 0x80,

    /* U+7EC5 "绅" */
    0x30, 0x82, 0x8, 0x47, 0xf4, 0xc9, 0xb4, 0x9e,
    0x7f, 0x64, 0x94, 0xc9, 0xf7, 0xf0, 0x8, 0x38,
    0x8e, 0x8, 0x0, 0x80,

    /* U+7EC6 "细" */
    0x10, 0x0, 0x9f, 0xc8, 0x92, 0x44, 0x94, 0xa4,
    0xbd, 0x24, 0x4f, 0xe4, 0x49, 0x7a, 0x48, 0x12,
    0x41, 0x93, 0xf7, 0xf0, 0x20, 0x80,

    /* U+7EC7 "织" */
    0x10, 0x0, 0x9f, 0x88, 0x84, 0xd4, 0x25, 0xa1,
    0x39, 0x8, 0x8f, 0xcf, 0x0, 0x61, 0x20, 0x9,
    0x8e, 0x84, 0x8c, 0x20, 0x0, 0x0,

    /* U+7EC8 "终" */
    0x10, 0x80, 0x87, 0xe2, 0x31, 0x13, 0xa8, 0xf8,
    0x60, 0x42, 0x82, 0x31, 0x9e, 0x30, 0x40, 0x20,
    0x0, 0x7, 0xdc, 0x0, 0xc,

    /* U+7ECA "绊" */
    0x30, 0x81, 0x14, 0x88, 0xa4, 0x85, 0x45, 0x8,
    0x7b, 0xfc, 0x82, 0x8, 0x10, 0xf7, 0xf8, 0x4,
    0x6, 0x21, 0xc1, 0x0, 0x8, 0x0,

    /* U+7ECD "绍" */
    0x0, 0x2, 0x7f, 0x20, 0x94, 0x91, 0x91, 0x1f,
    0x67, 0x20, 0x5, 0xbf, 0xe2, 0x10, 0x21, 0x7a,
    0x18, 0x3f, 0x2, 0x10,

    /* U+7ECE "绎" */
    0x0, 0x1, 0xbf, 0x88, 0xc4, 0xd3, 0x44, 0x8c,
    0x79, 0x9c, 0x92, 0xb, 0x7e, 0xf0, 0x80, 0x4,
    0x1, 0xff, 0xe1, 0x0, 0x8, 0x0,

    /* U+7ECF "经" */
    0x10, 0x0, 0x9f, 0x88, 0x8, 0xd0, 0x84, 0x8e,
    0x3b, 0x8c, 0x90, 0x2b, 0x7e, 0xf0, 0x40, 0x2,
    0x2, 0x11, 0xe0, 0x80, 0x7f, 0x80,

    /* U+7ED1 "绑" */
    0x22, 0x3, 0x13, 0xd3, 0xf2, 0xa4, 0xab, 0x25,
    0x73, 0xe9, 0x9, 0x4a, 0x49, 0xef, 0xc8, 0x12,
    0x5d, 0x9f, 0x88, 0x80, 0x84, 0x0,

    /* U+7ED2 "绒" */
    0x10, 0x51, 0x2, 0x88, 0x10, 0x8f, 0xf4, 0x84,
    0x78, 0xa4, 0x85, 0x24, 0xfa, 0x79, 0x30, 0x11,
    0x2, 0x89, 0xec, 0xd0, 0x49, 0x80,

    /* U+7ED3 "结" */
    0x20, 0x82, 0x8, 0x67, 0xf4, 0x88, 0xb0, 0x8f,
    0x7f, 0x20, 0x4, 0x0, 0xfb, 0xe8, 0x22, 0x2,
    0x27, 0xa2, 0x83, 0xe0,

    /* U+7ED5 "绕" */
    0x11, 0x1, 0x8, 0x49, 0xfc, 0x91, 0x25, 0x8a,
    0x78, 0x64, 0x9c, 0xe4, 0x0, 0x7f, 0xf8, 0x9,
    0x2, 0x49, 0xe6, 0x50, 0x63, 0x80,

    /* U+7ED8 "绘" */
    0x20, 0x81, 0x4, 0x8, 0x50, 0xa4, 0x45, 0x63,
    0x73, 0xf0, 0x80, 0xe, 0xfe, 0xc1, 0x0, 0x1b,
    0x1c, 0x89, 0x8f, 0xe0, 0x1, 0x0,

    /* U+7ED9 "给" */
    0x0, 0x1, 0x86, 0x8, 0x30, 0xd2, 0x44, 0xb1,
    0x7a, 0xf4, 0x80, 0xb, 0x7e, 0xe2, 0x10, 0x10,
    0x8e, 0x85, 0x87, 0xe0, 0x21, 0x0,

    /* U+7EDC "络" */
    0x1, 0x1, 0x88, 0x8, 0xfc, 0xc4, 0x24, 0xd2,
    0x78, 0x60, 0x87, 0x8c, 0xc3, 0xf3, 0xf0, 0x10,
    0x86, 0x85, 0xc7, 0xe0, 0x21, 0x0,

    /* U+7EDD "绝" */
    0x0, 0x0, 0x88, 0x8, 0x78, 0x54, 0x44, 0xff,
    0x79, 0x28, 0xc9, 0x44, 0x4a, 0x7b, 0xf0, 0x10,
    0x0, 0x81, 0xf4, 0x10, 0x3f, 0x0,

    /* U+7EDE "绞" */
    0x30, 0x81, 0x2, 0x9, 0xfe, 0x90, 0x4d, 0x23,
    0x7b, 0xc, 0x98, 0xa9, 0x24, 0xf1, 0x40, 0x6,
    0xe, 0x71, 0x86, 0x60, 0x40, 0x80,

    /* U+7EDF "统" */
    0x30, 0x81, 0x6, 0x19, 0xfe, 0x93, 0x9, 0x12,
    0x79, 0x8, 0x9f, 0xe8, 0x68, 0xf3, 0x40, 0x12,
    0x6, 0x93, 0xcc, 0x90, 0xc7, 0x80,

    /* U+7EE2 "绢" */
    0x0, 0x1, 0x3f, 0x22, 0x16, 0xbf, 0x78, 0x1,
    0x3f, 0x22, 0x15, 0xbf, 0xf2, 0x10, 0x21, 0x3,
    0xff, 0xa1, 0x2, 0x30,

    /* U+7EE3 "绣" */
    0x20, 0x31, 0x3e, 0x10, 0x20, 0x8f, 0xf9, 0x1a,
    0x79, 0x58, 0x92, 0x28, 0xfc, 0xf9, 0x20, 0xb,
    0xc6, 0xc3, 0xc4, 0x30, 0x47, 0x0,

    /* U+7EE7 "继" */
    0x20, 0x41, 0x22, 0x11, 0x54, 0x8a, 0xad, 0x44,
    0x7b, 0xfc, 0x93, 0x88, 0x9a, 0xf5, 0x50, 0x22,
    0xf, 0x11, 0x8f, 0xf0,

    /* U+7EE9 "绩" */
    0x10, 0x81, 0x3f, 0xc8, 0x20, 0x97, 0xed, 0x88,
    0x5b, 0xbc, 0x8f, 0xcb, 0x42, 0xe2, 0x90, 0x14,
    0x8e, 0x21, 0x86, 0x60, 0x40, 0x80,

    /* U+7EEA "绪" */
    0x10, 0x81, 0x4, 0xc8, 0xfc, 0xc1, 0x64, 0x8a,
    0x7b, 0xfc, 0xc2, 0x4, 0x7e, 0xf5, 0x10, 0xf,
    0x82, 0x45, 0xe2, 0x20, 0x1f, 0x0,

    /* U+7EED "续" */
    0x10, 0x81, 0x1f, 0x88, 0x20, 0x81, 0xd, 0xff,
    0x98, 0xa8, 0x99, 0xf, 0x8, 0xc7, 0xf8, 0x44,
    0x1c, 0x69, 0x6, 0x30, 0x40, 0x80,

    /* U+7EF0 "绰" */
    0x10, 0xc1, 0x7, 0xc8, 0x30, 0x81, 0x84, 0xbf,
    0xf9, 0xc, 0xcf, 0xec, 0x43, 0x7b, 0xfc, 0x6,
    0x3, 0xff, 0xe1, 0x80, 0xc, 0x0,

    /* U+7EF3 "绳" */
    0x20, 0x1, 0x1f, 0x99, 0x4, 0xa7, 0xe9, 0x8,
    0x73, 0xfc, 0x92, 0x68, 0xff, 0xf4, 0x98, 0x3f,
    0xcd, 0x21, 0x81, 0x10, 0xf, 0x80,

    /* U+7EF4 "维" */
    0x0, 0x1, 0xa, 0x8, 0x90, 0x87, 0xfd, 0xe4,
    0x59, 0xf8, 0x89, 0xb, 0x48, 0xe3, 0xf0, 0x12,
    0x6, 0x91, 0xc7, 0xf0, 0x20, 0x0,

    /* U+7EF5 "绵" */
    0x20, 0x82, 0x7f, 0x44, 0x15, 0x7f, 0xf4, 0x1a,
    0x7f, 0x40, 0x87, 0x7f, 0xc4, 0x90, 0x49, 0x74,
    0x9c, 0x4b, 0x0, 0x80,

    /* U+7EF7 "绷" */
    0x27, 0x79, 0x2a, 0x49, 0x52, 0xae, 0xf7, 0x54,
    0x92, 0xa5, 0x5d, 0xfc, 0xa9, 0x5, 0x49, 0xca,
    0x7a, 0x62, 0x17, 0x30,

    /* U+7EF8 "绸" */
    0x20, 0x2, 0x7f, 0x44, 0x15, 0xdd, 0x94, 0x9e,
    0x49, 0x25, 0xf4, 0x41, 0xf5, 0xd0, 0x65, 0x1d,
    0xdf, 0xa1, 0x18, 0x30,

    /* U+7EFC "综" */
    0x0, 0x81, 0x2, 0x9, 0xfe, 0x88, 0x1b, 0xbf,
    0x68, 0x0, 0x80, 0x8, 0xff, 0xf0, 0x40, 0x12,
    0x87, 0x97, 0xd8, 0x90, 0x1c, 0x0,

    /* U+7EFD "绽" */
    0x21, 0x81, 0x4, 0x9, 0xfe, 0x88, 0x15, 0x0,
    0x79, 0xfc, 0x82, 0x8, 0x50, 0xfa, 0xf8, 0x14,
    0x6, 0xa1, 0xcb, 0x0, 0xcf, 0x80,

    /* U+7EFF "绿" */
    0x0, 0x1, 0x3f, 0x98, 0x4, 0xaf, 0xe9, 0x1,
    0x7b, 0xfc, 0x82, 0x8, 0xd2, 0xf2, 0xe0, 0xf,
    0xd, 0xad, 0x81, 0x10, 0x18, 0x0,

    /* U+7F00 "缀" */
    0x0, 0x0, 0x9f, 0xe2, 0x10, 0x89, 0xdc, 0x53,
    0x31, 0xd9, 0xa2, 0x0, 0xb, 0xfe, 0x71, 0x48,
    0x14, 0xc1, 0xb3, 0x19, 0xec, 0x8, 0xc8,

    /* U+7F05 "缅" */
    0x0, 0x1, 0xbf, 0xc8, 0x20, 0xc1, 0x4, 0xff,
    0xba, 0x94, 0x93, 0xa4, 0xa5, 0x7d, 0x28, 0x27,
    0x41, 0x4a, 0xfa, 0x54, 0x7f, 0x80,

    /* U+7F06 "缆" */
    0x21, 0x21, 0x2b, 0x9, 0x5c, 0x8a, 0x85, 0x51,
    0x78, 0x0, 0x9f, 0xc8, 0x82, 0xf4, 0x90, 0x24,
    0x8f, 0x35, 0x82, 0x80, 0xe7, 0x0,

    /* U+7F0E "缎" */
    0x1, 0x1, 0x1b, 0x89, 0x14, 0x88, 0xa5, 0x75,
    0x7a, 0x4c, 0x92, 0xc, 0xff, 0x74, 0x54, 0x22,
    0x87, 0xc9, 0xc8, 0xe0, 0x58, 0x80,

    /* U+7F13 "缓" */
    0x20, 0x2, 0xfe, 0x45, 0x24, 0x42, 0x97, 0xfe,
    0x20, 0x2f, 0xf4, 0x20, 0xf3, 0xe8, 0x62, 0x15,
    0x4e, 0xc8, 0x1b, 0x70, 0x0,

    /* U+7F14 "缔" */
    0x30, 0x81, 0x3f, 0x88, 0x88, 0x92, 0x4b, 0x7f,
    0xfa, 0x4, 0x82, 0x8, 0x7e, 0xf2, 0x94, 0x14,
    0x86, 0xa5, 0xc5, 0x60, 0x8, 0x0,

    /* U+7F15 "缕" */
    0x32, 0x41, 0x12, 0x98, 0x54, 0x8f, 0xfd, 0x16,
    0x5b, 0x2c, 0x82, 0x8, 0x10, 0xf7, 0xfc, 0x9,
    0x0, 0xc9, 0xe1, 0xc0, 0x7b, 0x80,

    /* U+7F16 "编" */
    0x0, 0x2, 0x8, 0x67, 0xf5, 0x41, 0x97, 0xfe,
    0x40, 0x27, 0xf4, 0x6d, 0xe6, 0xd0, 0x7f, 0x3a,
    0xdc, 0xad, 0xa, 0xd0,

    /* U+7F18 "缘" */
    0x11, 0x0, 0x9f, 0x8, 0x88, 0x57, 0xc4, 0x82,
    0x7b, 0xfc, 0x46, 0x4, 0xd2, 0x71, 0xe0, 0x32,
    0x8e, 0x74, 0x8c, 0x90, 0x1c, 0x0,

    /* U+7F1A "缚" */
    0x30, 0xb1, 0x3f, 0xd8, 0x20, 0x9f, 0xfd, 0xc8,
    0xdb, 0xfc, 0x9f, 0xe9, 0x91, 0xf8, 0x24, 0x3f,
    0xc0, 0x89, 0xe3, 0x40, 0x6, 0x0,

    /* U+7F1D "缝" */
    0x20, 0x81, 0x47, 0x91, 0x44, 0xa9, 0x49, 0x4,
    0x70, 0xdc, 0xb1, 0x8, 0xbe, 0xf5, 0xf6, 0x22,
    0x1, 0xfd, 0xfc, 0x80, 0x9f, 0x80,

    /* U+7F20 "缠" */
    0x0, 0x81, 0x3f, 0xc9, 0x0, 0x8b, 0xe5, 0x55,
    0x7a, 0xf8, 0x95, 0x4a, 0xbe, 0xe4, 0x40, 0x2f,
    0x8d, 0x11, 0x90, 0x80, 0xbf, 0x80, 0x0,

    /* U+7F24 "缤" */
    0x0, 0x2, 0x8, 0x47, 0xf5, 0x41, 0x97, 0xfe,
    0x20, 0x23, 0xf4, 0x24, 0xe2, 0x40, 0xff, 0x32,
    0x4c, 0x62, 0x8, 0x10,

    /* U+7F28 "缨" */
    0x2f, 0x71, 0x5d, 0x96, 0xec, 0xbb, 0x6e, 0xd2,
    0x13, 0xa9, 0x24, 0x1d, 0xff, 0x2, 0x21, 0xba,
    0x30, 0x78, 0x1c, 0x20,

    /* U+7F29 "缩" */
    0x10, 0x41, 0x3f, 0xc9, 0x2, 0x93, 0xf7, 0x22,
    0x13, 0x7c, 0x9a, 0x2e, 0x51, 0x2, 0xf8, 0xd4,
    0x5c, 0xa2, 0x5, 0xf0,

    /* U+7F2D "缭" */
    0x20, 0x81, 0x3f, 0xd1, 0x4a, 0xa6, 0x6f, 0x7f,
    0x13, 0xd, 0x4f, 0xdc, 0x7e, 0x0, 0x81, 0xd4,
    0xb1, 0x22, 0x3, 0x0,

    /* U+7F30 "缰" */
    0x0, 0x0, 0xbf, 0xc8, 0xfc, 0x54, 0xa4, 0xbf,
    0x79, 0xf8, 0x40, 0x4, 0x7e, 0x7b, 0xf0, 0x1f,
    0x86, 0xfc, 0xc0, 0x0, 0x7f, 0x80,

    /* U+7F34 "缴" */
    0x22, 0x21, 0x7d, 0x13, 0x28, 0xbf, 0xfb, 0xcc,
    0xf7, 0xe9, 0x8, 0xc9, 0xf6, 0xe2, 0x30, 0x1c,
    0x8d, 0x2d, 0x89, 0xf0, 0xb4, 0x80,

    /* U+7F38 "缸" */
    0x40, 0x2, 0x0, 0x1f, 0xff, 0x20, 0x81, 0x4,
    0x7e, 0x20, 0x41, 0x12, 0x88, 0x94, 0x44, 0xa2,
    0x27, 0x11, 0xcf, 0xf0,

    /* U+7F3A "缺" */
    0x40, 0x82, 0x4, 0x1f, 0x21, 0x23, 0xe9, 0x9,
    0x7e, 0x48, 0x42, 0x52, 0xbc, 0x94, 0xc4, 0xaf,
    0x27, 0x49, 0xce, 0x20, 0x20, 0x80,

    /* U+7F50 "罐" */
    0x41, 0x23, 0xff, 0xa8, 0x1, 0x4f, 0xea, 0x4d,
    0x7f, 0xf8, 0x8d, 0x15, 0x7e, 0xae, 0x45, 0x5f,
    0x2a, 0xfd, 0xf4, 0x80, 0x3f, 0x80,

    /* U+7F51 "网" */
    0xff, 0xf8, 0x1, 0x88, 0x5a, 0xa9, 0xb9, 0x99,
    0x99, 0x98, 0x99, 0x55, 0xa7, 0x5e, 0x21, 0x80,
    0x18, 0x7,

    /* U+7F55 "罕" */
    0xff, 0xf8, 0x1, 0x19, 0x83, 0x6, 0x40, 0x33,
    0xfc, 0x6, 0x0, 0x60, 0xff, 0xf0, 0x60, 0x6,
    0x0, 0x60,

    /* U+7F57 "罗" */
    0xff, 0xf2, 0x26, 0x44, 0xff, 0xf1, 0x0, 0x7f,
    0x90, 0x14, 0x84, 0xd, 0x0, 0xc0, 0xe0, 0x70,
    0x0,

    /* U+7F5A "罚" */
    0x7f, 0xf4, 0x91, 0x7f, 0xf2, 0x0, 0x30, 0x11,
    0x91, 0x1, 0x1f, 0x11, 0x11, 0x11, 0x41, 0x18,
    0x12, 0x7,

    /* U+7F62 "罢" */
    0x7f, 0xf4, 0x93, 0x49, 0x37, 0xff, 0x6, 0x7,
    0xfe, 0x6, 0xf, 0xff, 0x18, 0x83, 0x4, 0x7f,
    0xe0, 0x0,

    /* U+7F69 "罩" */
    0x7f, 0xe4, 0x92, 0x7f, 0xe0, 0x40, 0x7, 0xe7,
    0xfe, 0x40, 0x27, 0xfe, 0x7f, 0xe0, 0x40, 0xff,
    0xf0, 0x40,

    /* U+7F6A "罪" */
    0xff, 0xe9, 0x12, 0x91, 0x2f, 0xfe, 0xf1, 0xf1,
    0x10, 0x11, 0xf, 0x1e, 0x11, 0xf, 0x1f, 0x11,
    0x1, 0x10,

    /* U+7F6E "置" */
    0x7f, 0xe4, 0x92, 0x36, 0xcf, 0xff, 0x4, 0x3,
    0xbc, 0x3f, 0xc2, 0x4, 0x3f, 0xc3, 0xfc, 0x20,
    0x4f, 0xff,

    /* U+7F72 "署" */
    0x7f, 0xe4, 0x92, 0x7f, 0xe0, 0x40, 0x7f, 0xe0,
    0x4c, 0xff, 0xf0, 0xc0, 0xf3, 0xe1, 0xfe, 0x10,
    0x21, 0xfe,

    /* U+7F8A "羊" */
    0x10, 0x40, 0x42, 0x1f, 0xfc, 0x4, 0x0, 0x20,
    0x3f, 0xf0, 0x8, 0x0, 0x40, 0xff, 0xf8, 0x10,
    0x0, 0x80, 0x4, 0x0,

    /* U+7F8E "美" */
    0x10, 0x40, 0xc6, 0x1f, 0xfc, 0x4, 0x7, 0xff,
    0x1, 0x3, 0xff, 0xe0, 0x40, 0xff, 0xf8, 0x28,
    0x3, 0x60, 0xe0, 0xec, 0x0, 0x80,

    /* U+7F94 "羔" */
    0x10, 0x40, 0xc6, 0x3f, 0xfe, 0x4, 0x0, 0x20,
    0x3f, 0xf8, 0x8, 0x0, 0x40, 0xff, 0xf8, 0x0,
    0x1a, 0x44, 0x91, 0x2c, 0x48, 0x80,

    /* U+7F9E "羞" */
    0x10, 0xc1, 0x8, 0x7f, 0xe0, 0x40, 0x7f, 0xe0,
    0x80, 0xff, 0xf1, 0x0, 0x3f, 0xc6, 0x44, 0xdf,
    0xc0, 0x44, 0x7f, 0xf0,

    /* U+7FA1 "羡" */
    0x10, 0x87, 0xfe, 0x6, 0x7, 0xfe, 0x6, 0xf,
    0xff, 0x2, 0x6, 0x7f, 0x25, 0x20, 0x92, 0x33,
    0x8c, 0x6c, 0x18, 0x30,

    /* U+7FA4 "群" */
    0x0, 0x13, 0xe8, 0x85, 0x29, 0xff, 0xe1, 0x44,
    0x12, 0x21, 0xf7, 0xc4, 0x8, 0x7c, 0x47, 0x2f,
    0xc9, 0x10, 0x78, 0x82, 0x4, 0x0,

    /* U+7FB9 "羹" */
    0x10, 0x87, 0xff, 0x2, 0x3, 0xfc, 0xff, 0xf4,
    0x92, 0x90, 0x96, 0xf6, 0x7f, 0xe7, 0xff, 0xff,
    0xf0, 0xf0, 0xf0, 0xf0,

    /* U+7FBD "羽" */
    0x7d, 0xf0, 0x41, 0x45, 0x16, 0x59, 0x24, 0x90,
    0x41, 0xc, 0x31, 0xcd, 0x67, 0x10, 0x41, 0x4,
    0x11, 0xc7,

    /* U+7FC1 "翁" */
    0x8, 0x81, 0x83, 0x19, 0xc, 0x11, 0x3, 0xfe,
    0x0, 0x11, 0xf7, 0xc0, 0x82, 0x34, 0x90, 0x61,
    0x8d, 0x34, 0x8a, 0x21, 0xc7, 0x0,

    /* U+7FC5 "翅" */
    0x20, 0x1, 0x3b, 0xbe, 0x44, 0x4a, 0xa2, 0x33,
    0x7c, 0x8a, 0x2c, 0xca, 0xaa, 0x51, 0x11, 0x88,
    0x8d, 0xdc, 0xb0, 0x8, 0x7f, 0x0,

    /* U+7FCE "翎" */
    0x0, 0x2, 0x3f, 0x30, 0x94, 0xad, 0x6e, 0xd9,
    0x1b, 0x0, 0x97, 0x89, 0x9, 0xb1, 0x2d, 0x50,
    0x93, 0x9, 0x11, 0xb0,

    /* U+7FD4 "翔" */
    0x0, 0x2, 0xdf, 0xd4, 0x23, 0xf1, 0x12, 0x2a,
    0x91, 0x57, 0xe2, 0xa4, 0x11, 0xfb, 0xb9, 0x24,
    0x58, 0x22, 0x81, 0x18, 0x3b, 0x80,

    /* U+7FD8 "翘" */
    0x20, 0x1, 0x1f, 0x9e, 0xb5, 0x5d, 0xa3, 0x9d,
    0x1a, 0x4b, 0x76, 0xc0, 0x36, 0xfe, 0xd1, 0x84,
    0x94, 0x6c, 0xa0, 0x18, 0xff, 0x0,

    /* U+7FE0 "翠" */
    0x7d, 0xf3, 0x24, 0x85, 0x14, 0xf9, 0xe0, 0x20,
    0x3f, 0xf8, 0x21, 0x3, 0x18, 0x25, 0xb7, 0xff,
    0xc0, 0xc0, 0x6, 0x0,

    /* U+7FE9 "翩" */
    0x10, 0x0, 0xcf, 0xdf, 0x92, 0x84, 0xd7, 0xf6,
    0xa0, 0x6d, 0xf9, 0x2b, 0x49, 0x5a, 0xdb, 0xfb,
    0x56, 0x93, 0xb4, 0x95, 0x2d, 0x80,

    /* U+7FF0 "翰" */
    0x10, 0x60, 0x41, 0x8f, 0xcb, 0x4, 0xc6, 0x7e,
    0x9, 0x1e, 0xe7, 0xc8, 0x91, 0xaa, 0x7c, 0x88,
    0x42, 0x6f, 0xfe, 0x84, 0x22, 0x11, 0x98,

    /* U+7FFB "翻" */
    0x0, 0xf, 0xbf, 0x54, 0x95, 0x89, 0xfe, 0xd3,
    0x9b, 0xd4, 0x9f, 0xdb, 0x96, 0xdf, 0xc9, 0x94,
    0x9f, 0xc9, 0x85, 0xb0,

    /* U+7FFC "翼" */
    0xfb, 0xf2, 0x48, 0x86, 0x3c, 0xff, 0xe4, 0x42,
    0x3f, 0xf1, 0xff, 0x82, 0x10, 0x7f, 0xf7, 0xff,
    0xc6, 0x71, 0xc0, 0x70,

    /* U+8000 "耀" */
    0x20, 0x2, 0x3f, 0xaa, 0xdb, 0x9, 0x37, 0xff,
    0x9d, 0x53, 0xf5, 0x64, 0x57, 0xf5, 0x24, 0x5f,
    0xf9, 0x24, 0x83, 0xf0,

    /* U+8001 "老" */
    0x4, 0x0, 0x20, 0x9f, 0xf8, 0x8, 0x80, 0x48,
    0x7f, 0xfc, 0x18, 0x3, 0x0, 0x79, 0xe6, 0x70,
    0x2, 0x6, 0x10, 0x20, 0xff, 0x0,

    /* U+8003 "考" */
    0x4, 0x0, 0x42, 0x7f, 0xc0, 0x48, 0xff, 0xf0,
    0x60, 0xc, 0x3, 0xfe, 0xf8, 0x1, 0xfc, 0x0,
    0x40, 0xc, 0x7, 0x80,

    /* U+8005 "者" */
    0x4, 0x0, 0x20, 0x9f, 0xf8, 0x8, 0x80, 0x48,
    0x7f, 0xfc, 0x18, 0x7, 0xfc, 0xd0, 0x20, 0xff,
    0x4, 0x8, 0x20, 0x41, 0xfe, 0x0,

    /* U+800C "而" */
    0xff, 0xf8, 0x10, 0x1, 0x0, 0xff, 0xe4, 0x89,
    0x24, 0x49, 0x22, 0x49, 0x12, 0x48, 0x92, 0x44,
    0x92, 0x24, 0x91, 0xe0,

    /* U+800D "耍" */
    0xff, 0xf8, 0x10, 0x1f, 0xfc, 0x91, 0x24, 0x89,
    0x24, 0x58, 0x10, 0x1f, 0xff, 0x10, 0xc1, 0xec,
    0x1, 0xf1, 0xf0, 0x70,

    /* U+8010 "耐" */
    0x0, 0x2f, 0xe2, 0x10, 0x22, 0x2, 0xff, 0xfa,
    0xa2, 0xab, 0x2a, 0xaa, 0xaa, 0xaa, 0xa2, 0xaa,
    0x2a, 0xa2, 0x86, 0x60,

    /* U+8015 "耕" */
    0x21, 0x21, 0x9, 0x3e, 0x48, 0x47, 0xef, 0x92,
    0x10, 0x93, 0xe4, 0x84, 0xff, 0x71, 0x23, 0x49,
    0x28, 0x88, 0x44, 0x42, 0x42, 0x0,

    /* U+8017 "耗" */
    0x10, 0x0, 0x83, 0x3f, 0x60, 0x21, 0x7, 0x8f,
    0x9, 0xc3, 0xf2, 0x6, 0x1f, 0x5b, 0x82, 0xa4,
    0x24, 0x22, 0x21, 0x11, 0xf, 0x80,

    /* U+8018 "耘" */
    0x20, 0x1, 0x1f, 0xbe, 0xfc, 0x40, 0xf, 0x80,
    0x13, 0xfb, 0xe2, 0x6, 0x30, 0x71, 0x23, 0x59,
    0x28, 0x84, 0x4f, 0xe2, 0x1, 0x0,

    /* U+8019 "耙" */
    0x20, 0x1, 0x1f, 0xbf, 0x24, 0x49, 0x2f, 0xc9,
    0x12, 0x48, 0x92, 0x5f, 0x7e, 0x34, 0x13, 0x60,
    0x29, 0x3, 0x48, 0x12, 0x3f, 0x0,

    /* U+8033 "耳" */
    0xff, 0xf2, 0x4, 0x20, 0x43, 0xfc, 0x20, 0x42,
    0x4, 0x3f, 0xc2, 0x4, 0x20, 0x7f, 0xfc, 0x0,
    0x40, 0x4,

    /* U+8038 "耸" */
    0x10, 0x81, 0x8, 0x31, 0x86, 0xb6, 0x42, 0x2f,
    0xff, 0x20, 0x43, 0xfc, 0x20, 0x43, 0xfc, 0x20,
    0x4f, 0xff, 0x0, 0x40,

    /* U+803B "耻" */
    0x0, 0x47, 0xe2, 0x12, 0x10, 0x90, 0x87, 0x94,
    0x24, 0xa1, 0x25, 0xcf, 0x28, 0x49, 0x42, 0x4a,
    0x3f, 0x50, 0x12, 0x80, 0xff, 0x80,

    /* U+803D "耽" */
    0x0, 0x87, 0xc4, 0x14, 0x20, 0xaf, 0xe7, 0x49,
    0x2a, 0x49, 0x43, 0xe, 0x18, 0x51, 0xc2, 0x8a,
    0x3e, 0x52, 0x24, 0x91, 0x47, 0x0,

    /* U+803F "耿" */
    0x0, 0x8f, 0xc8, 0x48, 0x84, 0xa9, 0x7a, 0x94,
    0xaa, 0x4a, 0xa7, 0x88, 0x48, 0x84, 0xd4, 0xf9,
    0x40, 0xa2, 0xc, 0x10,

    /* U+8042 "聂" */
    0x7f, 0xf8, 0x40, 0x81, 0xfe, 0x7, 0xf8, 0x10,
    0x21, 0xff, 0xe0, 0x2, 0x1f, 0x7e, 0x4, 0x90,
    0xe2, 0xc1, 0x86, 0x19, 0x6e, 0x0, 0x8,

    /* U+804A "聊" */
    0x0, 0x87, 0xcc, 0x15, 0x8e, 0xa9, 0x57, 0x4a,
    0xaa, 0x55, 0x52, 0xae, 0x95, 0x54, 0xaa, 0xbd,
    0x7f, 0x4e, 0x22, 0x41, 0x62, 0x0,

    /* U+804B "聋" */
    0xd, 0x80, 0x8c, 0xff, 0xf0, 0xa6, 0x33, 0x9d,
    0xff, 0x0, 0xf, 0xff, 0x3f, 0xc2, 0x4, 0x3f,
    0xcf, 0xff, 0x0, 0x40,

    /* U+804C "职" */
    0xff, 0xf2, 0x50, 0x92, 0x84, 0xf4, 0x24, 0xa1,
    0x25, 0x9, 0xef, 0xc9, 0x0, 0x49, 0x27, 0xe8,
    0x82, 0x84, 0x14, 0x10,

    /* U+8054 "联" */
    0xfa, 0x22, 0x8b, 0x15, 0xfc, 0xe1, 0x5, 0x8,
    0x28, 0x41, 0xdf, 0xca, 0x10, 0x51, 0xc7, 0xca,
    0x4, 0x88, 0x28, 0x20,

    /* U+8058 "聘" */
    0x0, 0x87, 0xff, 0x95, 0x24, 0xa9, 0x27, 0x7f,
    0x2a, 0x49, 0x4d, 0x8e, 0xff, 0x52, 0x3, 0xdf,
    0xb4, 0x4, 0x20, 0x61, 0xe, 0x0,

    /* U+805A "聚" */
    0xff, 0xf3, 0xe0, 0x91, 0x6c, 0xf8, 0xc4, 0x4f,
    0x7f, 0x91, 0xff, 0x1, 0x46, 0xf3, 0xc0, 0x76,
    0x3c, 0x8e, 0x4, 0x0,

    /* U+806A "聪" */
    0x0, 0x27, 0xc9, 0x14, 0x50, 0xa7, 0xe7, 0x21,
    0x29, 0x9, 0x48, 0x4e, 0x7e, 0x51, 0x82, 0xea,
    0xbd, 0x44, 0x2a, 0x51, 0x1e, 0x0,

    /* U+8083 "肃" */
    0x6, 0x7, 0xfe, 0x6, 0x2f, 0xff, 0x6, 0x27,
    0xfe, 0x6, 0x4, 0x62, 0x57, 0x25, 0x6a, 0x56,
    0xa4, 0x62, 0x86, 0x20,

    /* U+8084 "肄" */
    0x90, 0x87, 0x9f, 0xa0, 0x25, 0x11, 0x2c, 0xff,
    0xb8, 0x49, 0xef, 0xd4, 0x10, 0xa3, 0xf7, 0xc4,
    0x9, 0xfe, 0xb1, 0x8, 0x88, 0x0,

    /* U+8086 "肆" */
    0x0, 0x43, 0xff, 0x90, 0x14, 0xf8, 0xa4, 0x3f,
    0xbe, 0x29, 0xf, 0xdf, 0x88, 0x23, 0xf1, 0x42,
    0x11, 0xff, 0xf8, 0x80, 0x4, 0x0,

    /* U+8089 "肉" */
    0x4, 0x0, 0x83, 0xff, 0xc2, 0x18, 0xe3, 0x33,
    0x69, 0x2c, 0x21, 0x8e, 0x33, 0x66, 0xc2, 0xc0,
    0x18, 0xe,

    /* U+808B "肋" */
    0x0, 0x83, 0xc4, 0x12, 0x20, 0x91, 0x7, 0xbf,
    0xa4, 0x45, 0x22, 0x2f, 0x11, 0x49, 0x8a, 0x48,
    0x52, 0x43, 0x16, 0x19, 0xa7, 0x0,

    /* U+808C "肌" */
    0x79, 0xe2, 0x49, 0x12, 0x48, 0xf2, 0x44, 0x92,
    0x24, 0x91, 0xe4, 0x89, 0x24, 0x49, 0x2a, 0x49,
    0x62, 0x8b, 0x3c, 0x70,

    /* U+8096 "肖" */
    0x4, 0x8, 0x88, 0x93, 0x12, 0x47, 0xfc, 0x80,
    0x90, 0x13, 0xfe, 0x40, 0x4f, 0xf9, 0x1, 0x20,
    0x24, 0x1c,

    /* U+8098 "肘" */
    0x0, 0x23, 0xc1, 0x12, 0x8, 0x90, 0x47, 0xbf,
    0xa4, 0x11, 0x24, 0x8f, 0x14, 0x48, 0xa2, 0x41,
    0x12, 0x9, 0x10, 0x49, 0x8e, 0x0,

    /* U+809A "肚" */
    0x0, 0x43, 0xc2, 0x12, 0x10, 0x90, 0x87, 0x84,
    0x25, 0xfd, 0x21, 0xf, 0x8, 0x48, 0x42, 0x42,
    0x12, 0x11, 0x9f, 0xf9, 0x80, 0x0,

    /* U+809B "肛" */
    0x78, 0x2, 0x5f, 0xd2, 0x10, 0xf0, 0x84, 0x84,
    0x24, 0x21, 0xe1, 0x9, 0x8, 0x48, 0x42, 0x42,
    0x22, 0xff, 0x30, 0x0,

    /* U+809D "肝" */
    0x7b, 0xfa, 0x42, 0x12, 0x10, 0xf0, 0x84, 0x84,
    0x25, 0xfd, 0xe1, 0x9, 0x8, 0x48, 0x42, 0x42,
    0x22, 0x11, 0x30, 0x80,

    /* U+80A0 "肠" */
    0x7b, 0xf2, 0x41, 0x12, 0x30, 0xf3, 0x4, 0xbf,
    0xa4, 0x55, 0xe4, 0xa9, 0x69, 0x4a, 0x4a, 0x44,
    0x52, 0x45, 0x34, 0xe0,

    /* U+80A1 "股" */
    0x79, 0xe2, 0x49, 0x12, 0x48, 0xf2, 0x47, 0xa3,
    0xa5, 0xf9, 0xe8, 0x49, 0x24, 0x49, 0xe2, 0x46,
    0x22, 0x79, 0x3c, 0x30,

    /* U+80A2 "肢" */
    0x0, 0x41, 0xe1, 0x4, 0x84, 0x12, 0xfe, 0x78,
    0x41, 0x2f, 0xe4, 0xb0, 0x9e, 0x44, 0x49, 0xb1,
    0x23, 0x84, 0x8e, 0x12, 0x6c, 0x9e, 0x18,

    /* U+80A4 "肤" */
    0x0, 0x41, 0xe1, 0x4, 0x84, 0x12, 0xfe, 0x78,
    0x41, 0x21, 0x4, 0xff, 0x9e, 0x30, 0x48, 0xc1,
    0x22, 0x84, 0x93, 0x32, 0xc6, 0x9e, 0x8,

    /* U+80A5 "肥" */
    0x7b, 0xf2, 0x52, 0x92, 0x94, 0xf4, 0xa4, 0xa5,
    0x25, 0xf9, 0xe8, 0x49, 0x40, 0x4a, 0x2, 0x50,
    0x52, 0x85, 0x37, 0xe0,

    /* U+80A9 "肩" */
    0x3, 0x3, 0xff, 0x20, 0x13, 0xff, 0x20, 0x2,
    0xff, 0x28, 0x12, 0xff, 0x28, 0x14, 0xff, 0x48,
    0x10, 0x87,

    /* U+80AA "肪" */
    0x0, 0x3, 0xc2, 0x12, 0x10, 0x97, 0xf7, 0x88,
    0x24, 0x41, 0x23, 0xcf, 0x12, 0x48, 0x92, 0x48,
    0x92, 0x45, 0x14, 0x2b, 0xe6, 0x0,

    /* U+80AE "肮" */
    0x0, 0x3, 0xc4, 0x12, 0x20, 0x9f, 0xf7, 0x80,
    0x25, 0xf1, 0x28, 0x8f, 0x44, 0x4a, 0x22, 0x51,
    0x12, 0x8b, 0x98, 0x59, 0xc3, 0x80,

    /* U+80AF "肯" */
    0x2, 0x2, 0x20, 0x23, 0xe2, 0x20, 0xff, 0xf0,
    0x0, 0x3f, 0xc2, 0x4, 0x3f, 0xc2, 0x4, 0x3f,
    0xc2, 0x4, 0x21, 0xc0,

    /* U+80B2 "育" */
    0x0, 0x0, 0x60, 0xff, 0xf1, 0x8, 0x7f, 0xc0,
    0x2, 0x3f, 0xc2, 0x4, 0x3f, 0xc2, 0x4, 0x3f,
    0xc2, 0x4, 0x21, 0xc0,

    /* U+80B4 "肴" */
    0x78, 0xc0, 0x70, 0x78, 0xe0, 0x80, 0xff, 0xf1,
    0x0, 0x3f, 0xcd, 0x4, 0x1f, 0xc1, 0xfc, 0x10,
    0x41, 0x1c,

    /* U+80BA "肺" */
    0x0, 0x43, 0xc2, 0x13, 0xfe, 0x90, 0x87, 0x84,
    0x25, 0xfd, 0x29, 0x2f, 0x49, 0x4a, 0x4a, 0x52,
    0x52, 0x97, 0x90, 0x89, 0x84, 0x0,

    /* U+80BE "肾" */
    0x97, 0xe9, 0x24, 0x92, 0x49, 0x18, 0x97, 0xf1,
    0x43, 0x7f, 0xc4, 0x4, 0x7f, 0xc7, 0xfc, 0x40,
    0x44, 0x1c,

    /* U+80BF "肿" */
    0x0, 0x43, 0xc2, 0x12, 0x10, 0x97, 0xf7, 0xa4,
    0xa5, 0x25, 0x29, 0x29, 0x49, 0x7b, 0xfa, 0x42,
    0x12, 0x10, 0x90, 0x89, 0x84, 0x0,

    /* U+80C0 "胀" */
    0x1, 0x1, 0xe4, 0x24, 0x91, 0x12, 0x48, 0x79,
    0xc1, 0x24, 0x4, 0xbf, 0x9e, 0x48, 0x49, 0x21,
    0x24, 0x84, 0x91, 0x12, 0x76, 0x9b, 0x8,

    /* U+80C1 "胁" */
    0x0, 0x83, 0xc4, 0x12, 0x20, 0x9f, 0xc7, 0x8a,
    0x25, 0x59, 0x2a, 0xcf, 0x95, 0x4d, 0x2a, 0x49,
    0x12, 0x48, 0x94, 0x49, 0xcc, 0x0,

    /* U+80C3 "胃" */
    0xff, 0xe1, 0x1f, 0xfe, 0x11, 0x7b, 0x9f, 0xe4,
    0x9, 0xfe, 0x40, 0x9f, 0xe4, 0x9, 0x6,

    /* U+80C6 "胆" */
    0x79, 0xf2, 0x48, 0x92, 0x44, 0xf2, 0x24, 0x9f,
    0x24, 0x89, 0x24, 0x4f, 0x22, 0x49, 0xf2, 0x40,
    0x12, 0x1, 0x37, 0xf0,

    /* U+80CC "背" */
    0x9, 0x7, 0xcb, 0x82, 0x60, 0x72, 0x1c, 0x9f,
    0x0, 0x0, 0xff, 0x84, 0x4, 0x3f, 0xe1, 0x1,
    0xf, 0xf8, 0x40, 0x42, 0xe, 0x0,

    /* U+80CE "胎" */
    0x0, 0x3, 0xc4, 0x12, 0x48, 0x92, 0x47, 0xa1,
    0x27, 0xfd, 0x20, 0xf, 0x7e, 0x4a, 0x12, 0x50,
    0x92, 0x84, 0x94, 0x29, 0xbf, 0x0,

    /* U+80D6 "胖" */
    0x0, 0x83, 0xc4, 0x92, 0xac, 0x95, 0x47, 0x8a,
    0x25, 0xf9, 0x22, 0xf, 0x10, 0x4f, 0xfa, 0x44,
    0x12, 0x21, 0x11, 0x9, 0x88, 0x0,

    /* U+80DA "胚" */
    0x7b, 0xfa, 0x42, 0x12, 0x20, 0xf1, 0x4, 0x9e,
    0x25, 0x59, 0xfa, 0x69, 0x10, 0x48, 0x82, 0x44,
    0x12, 0x1, 0x3f, 0xf0,

    /* U+80DC "胜" */
    0x0, 0x41, 0xe5, 0x4, 0xa4, 0x12, 0xfe, 0x7a,
    0x41, 0x31, 0x4, 0x84, 0x1e, 0xfe, 0x48, 0x41,
    0x21, 0x4, 0x84, 0x12, 0x10, 0x9f, 0xfc,

    /* U+80DE "胞" */
    0x1, 0x1, 0xe4, 0x4, 0xbf, 0x92, 0x82, 0x7f,
    0xc9, 0x29, 0x24, 0xa4, 0x9e, 0xf2, 0x4a, 0x9,
    0x29, 0xc4, 0xa0, 0x12, 0x83, 0x9b, 0xf8,

    /* U+80E1 "胡" */
    0x10, 0x1, 0x1f, 0x11, 0x1f, 0xd1, 0x11, 0xf1,
    0x11, 0x79, 0x14, 0x9f, 0x49, 0x14, 0x91, 0x7a,
    0x14, 0x21, 0x4, 0x70,

    /* U+80E7 "胧" */
    0x1, 0x3, 0xcb, 0x12, 0x44, 0x9f, 0xf7, 0x94,
    0x24, 0xa1, 0x25, 0x4f, 0x2e, 0x49, 0x62, 0x52,
    0x12, 0xb3, 0x9e, 0x99, 0xc7, 0x80,

    /* U+80EF "胯" */
    0x0, 0x1, 0xe2, 0x4, 0xff, 0x92, 0x48, 0x7b,
    0x11, 0x3f, 0xb4, 0x80, 0x1f, 0xfe, 0x49, 0x1,
    0x27, 0xc4, 0x81, 0x12, 0x4, 0x98, 0xf0,

    /* U+80F0 "胰" */
    0x0, 0x83, 0xff, 0x92, 0x20, 0x9f, 0xe7, 0x89,
    0x27, 0xf9, 0x32, 0xf, 0xfe, 0x48, 0x92, 0x4e,
    0x92, 0x5c, 0x94, 0x49, 0xc1, 0x0,

    /* U+80F3 "胳" */
    0x0, 0x3, 0xc8, 0x12, 0x7c, 0x96, 0x47, 0xde,
    0x24, 0x61, 0x27, 0x89, 0x43, 0x7f, 0xf2, 0x50,
    0x92, 0x85, 0x14, 0x29, 0xbf, 0x0,

    /* U+80F6 "胶" */
    0x0, 0x3, 0xc2, 0x12, 0xfe, 0x90, 0x7, 0x93,
    0x25, 0xd, 0x3c, 0x69, 0x25, 0x79, 0x22, 0x46,
    0x12, 0x31, 0x93, 0x69, 0xe1, 0x80,

    /* U+80F8 "胸" */
    0x0, 0x3, 0xd0, 0x12, 0xfe, 0x94, 0x17, 0xe4,
    0xa6, 0xd5, 0x32, 0xaf, 0xb5, 0x4d, 0x6a, 0x61,
    0x52, 0xfb, 0x90, 0x1b, 0x87, 0x80,

    /* U+80FD "能" */
    0x31, 0x1, 0x48, 0x91, 0x78, 0xfa, 0x0, 0x10,
    0xbe, 0xfd, 0x14, 0xf, 0xa2, 0x45, 0xe3, 0xe8,
    0x11, 0x42, 0x8a, 0x14, 0xdf, 0x80,

    /* U+8102 "脂" */
    0x2, 0x3, 0xd0, 0x12, 0xbc, 0x96, 0x7, 0xa0,
    0xa5, 0xf9, 0x20, 0xf, 0x7e, 0x4a, 0x12, 0x5f,
    0x92, 0x84, 0x94, 0x29, 0xbf, 0x0,

    /* U+8106 "脆" */
    0x0, 0x3, 0xcf, 0x12, 0x48, 0x94, 0x87, 0xff,
    0xa7, 0x1, 0x2b, 0xc9, 0x52, 0x7a, 0x92, 0x55,
    0x92, 0xa0, 0x99, 0x19, 0xcf, 0x80,

    /* U+8109 "脉" */
    0x0, 0x1, 0xe3, 0x4, 0x82, 0x12, 0xf0, 0x78,
    0x49, 0x3d, 0x44, 0x96, 0x1e, 0x58, 0x49, 0x51,
    0x29, 0x44, 0xe4, 0xb2, 0x10, 0x99, 0xc0,

    /* U+810A "脊" */
    0x0, 0x0, 0xcc, 0xe0, 0xb4, 0xe, 0xdc, 0x44,
    0x88, 0x61, 0x8f, 0xff, 0xc4, 0x8, 0x1f, 0xe0,
    0x40, 0x81, 0xfe, 0x4, 0x8, 0x10, 0xe0,

    /* U+810F "脏" */
    0x0, 0x3, 0xc2, 0x12, 0x10, 0x97, 0xf7, 0xa2,
    0x25, 0x11, 0x2b, 0xef, 0x44, 0x4a, 0x22, 0x51,
    0x12, 0x88, 0x98, 0x49, 0xdf, 0x80,

    /* U+8110 "脐" */
    0x0, 0x1, 0xe1, 0x4, 0xff, 0xd2, 0x44, 0x79,
    0xb1, 0x23, 0x4, 0xfb, 0xde, 0x82, 0x49, 0x11,
    0x24, 0x44, 0x91, 0x12, 0x84, 0x9a, 0x10,

    /* U+8111 "脑" */
    0x0, 0x3, 0xc2, 0x12, 0x10, 0x97, 0x77, 0x82,
    0x25, 0x95, 0x2b, 0x2f, 0x49, 0x4a, 0xaa, 0x5d,
    0x52, 0x82, 0x97, 0xf9, 0x80, 0x80,

    /* U+8113 "脓" */
    0x78, 0x42, 0x42, 0x13, 0xfe, 0xf1, 0x94, 0x8c,
    0x24, 0xad, 0xec, 0x89, 0xa4, 0x49, 0x32, 0x48,
    0x92, 0x77, 0x72, 0x10,

    /* U+8116 "脖" */
    0x0, 0x43, 0xc2, 0x12, 0xfe, 0x90, 0x87, 0xbf,
    0xa6, 0x5, 0x27, 0xcf, 0x4, 0x48, 0x42, 0x7f,
    0xd2, 0x11, 0x90, 0x89, 0x9c, 0x0,

    /* U+811A "脚" */
    0x1, 0x3, 0xc9, 0xd2, 0x4a, 0x97, 0x57, 0x92,
    0xa4, 0x95, 0x2e, 0xaf, 0x55, 0x4a, 0xaa, 0x55,
    0x52, 0xee, 0x9c, 0xc9, 0x82, 0x0,

    /* U+812F "脯" */
    0x0, 0x53, 0xc2, 0xd2, 0xfe, 0x90, 0x87, 0xbf,
    0xa5, 0x25, 0x29, 0x29, 0x7f, 0x7a, 0x4a, 0x5f,
    0xd2, 0x92, 0x94, 0x99, 0xa5, 0x80,

    /* U+8131 "脱" */
    0x0, 0x3, 0xc8, 0x92, 0x28, 0x97, 0xe7, 0xa1,
    0x25, 0x9, 0x2f, 0xcf, 0x14, 0x48, 0xa2, 0x49,
    0x12, 0x4a, 0x96, 0x59, 0xe3, 0x80,

    /* U+8138 "脸" */
    0x0, 0x83, 0xc4, 0x12, 0x50, 0x94, 0x44, 0xa1,
    0x3f, 0xf5, 0x20, 0x9, 0x92, 0x7a, 0x92, 0x55,
    0x12, 0x9, 0x9f, 0xf9, 0x80, 0x0,

    /* U+813E "脾" */
    0x0, 0x1, 0xe1, 0x4, 0xbf, 0x92, 0x92, 0x7b,
    0xf9, 0x29, 0x24, 0xbf, 0x92, 0x20, 0x7b, 0x21,
    0x3f, 0xf4, 0x82, 0x32, 0x8, 0x98, 0x20,

    /* U+814A "腊" */
    0x1, 0x23, 0xc9, 0x13, 0xfe, 0x92, 0x47, 0x92,
    0x27, 0xfd, 0x20, 0x9, 0x7e, 0x7a, 0x12, 0x5f,
    0x92, 0x85, 0x14, 0x2b, 0xbf, 0x0,

    /* U+814B "腋" */
    0x0, 0x3, 0xc2, 0x13, 0xfe, 0x92, 0x87, 0xa7,
    0xa5, 0x45, 0x3a, 0xcf, 0xea, 0x4a, 0x52, 0x51,
    0x12, 0x98, 0x95, 0xab, 0xb8, 0x80,

    /* U+814C "腌" */
    0x0, 0x3, 0xc2, 0x13, 0xfe, 0x93, 0x47, 0xb5,
    0x27, 0xfd, 0x29, 0x4f, 0x7e, 0x4a, 0x52, 0x5f,
    0x92, 0x92, 0x90, 0x99, 0x87, 0x80,

    /* U+8150 "腐" */
    0x2, 0x3, 0xff, 0xd1, 0x0, 0x97, 0xf7, 0xa2,
    0x24, 0x91, 0x5, 0xb, 0xfe, 0x53, 0x12, 0xef,
    0x94, 0xe5, 0x38, 0xa9, 0x7, 0x0,

    /* U+8154 "腔" */
    0x0, 0x41, 0xe1, 0x4, 0xff, 0xd3, 0x1, 0x79,
    0xb1, 0x28, 0x24, 0x80, 0x1e, 0xfe, 0x48, 0x41,
    0x21, 0x4, 0x84, 0x12, 0x10, 0x9f, 0xfc,

    /* U+8155 "腕" */
    0x0, 0x81, 0xe2, 0x4, 0xff, 0x93, 0x2, 0x7a,
    0x1, 0x2f, 0xe4, 0xac, 0x93, 0x52, 0x7d, 0x49,
    0x25, 0xe4, 0x94, 0x12, 0x91, 0xbc, 0x78,

    /* U+8165 "腥" */
    0x7b, 0xf2, 0x50, 0x92, 0xfc, 0xf4, 0x24, 0xbf,
    0x25, 0x21, 0xef, 0xe9, 0x88, 0x4b, 0xf2, 0x42,
    0x12, 0x11, 0x3f, 0xf0,

    /* U+816E "腮" */
    0x7b, 0xf9, 0x2b, 0x24, 0xbf, 0x9e, 0xb2, 0x4a,
    0xc9, 0x2f, 0xe7, 0x84, 0x13, 0x5a, 0x4d, 0x9,
    0x34, 0x24, 0xd1, 0x66, 0x7c,

    /* U+8170 "腰" */
    0x7f, 0xf9, 0x24, 0x84, 0xbf, 0x9f, 0x4a, 0x4d,
    0x29, 0x2f, 0xe4, 0x90, 0x1f, 0xfe, 0x4a, 0x11,
    0x3c, 0x84, 0x8f, 0x2f, 0xc2,

    /* U+8179 "腹" */
    0x0, 0x3, 0xcf, 0xd2, 0x80, 0x9f, 0xe7, 0xa1,
    0x25, 0xf9, 0x28, 0x4f, 0x3c, 0x49, 0xf2, 0x59,
    0x13, 0x31, 0x93, 0xc9, 0xe1, 0x80,

    /* U+817A "腺" */
    0x0, 0x3, 0xdf, 0x92, 0x84, 0x97, 0xe7, 0xa1,
    0x25, 0xf9, 0x21, 0x9, 0xa, 0x7f, 0xd2, 0x4b,
    0x12, 0xd9, 0x9c, 0xb9, 0x9c, 0x0,

    /* U+817B "腻" */
    0x0, 0x29, 0xe0, 0xa4, 0xff, 0xd2, 0x8, 0x7b,
    0xa1, 0x2f, 0x84, 0xba, 0x1f, 0x28, 0x4d, 0xa1,
    0x36, 0x84, 0x91, 0x52, 0xa5, 0xbe, 0x4c,

    /* U+817E "腾" */
    0x0, 0x1, 0xe9, 0x44, 0xbf, 0x92, 0x20, 0x7f,
    0xfd, 0x2c, 0x44, 0xff, 0xde, 0x48, 0x49, 0xf9,
    0x20, 0x24, 0xbe, 0x92, 0x2, 0x98, 0x30,

    /* U+817F "腿" */
    0x70, 0xf9, 0x4a, 0x25, 0x2f, 0x9c, 0x22, 0x56,
    0xf9, 0x4a, 0x7, 0x2b, 0x94, 0xa4, 0x52, 0xe9,
    0x4a, 0x25, 0x70, 0x2f, 0x3f,

    /* U+8180 "膀" */
    0x0, 0x83, 0xff, 0xd2, 0xc, 0x92, 0x47, 0xff,
    0xa6, 0x5, 0x22, 0x9, 0xff, 0x79, 0x2, 0x4f,
    0xd2, 0x44, 0x94, 0x29, 0xc7, 0x0,

    /* U+818A "膊" */
    0x0, 0x53, 0xc2, 0xd3, 0xfe, 0x90, 0x87, 0xbf,
    0xa5, 0xfd, 0x2f, 0xef, 0x49, 0x48, 0x12, 0x7f,
    0xd2, 0x44, 0x91, 0x29, 0x87, 0x0,

    /* U+818F "膏" */
    0x6, 0xf, 0xff, 0x3f, 0xc3, 0xfc, 0x0, 0xf,
    0xff, 0xbf, 0xd3, 0xfc, 0x3f, 0xc2, 0x4, 0x3f,
    0xc3, 0xfc, 0x21, 0xc0,

    /* U+8198 "膘" */
    0x7f, 0xfa, 0x49, 0x12, 0xfe, 0xfa, 0x54, 0xbf,
    0xa4, 0x1, 0x2f, 0xef, 0x0, 0x4f, 0xfa, 0x56,
    0x93, 0x33, 0x3b, 0x80,

    /* U+819B "膛" */
    0x0, 0x43, 0xd2, 0x92, 0xd4, 0x9f, 0xf7, 0xc0,
    0xa7, 0xfd, 0x28, 0x4f, 0x7e, 0x48, 0x42, 0x5f,
    0xd2, 0x10, 0x90, 0x89, 0xff, 0x80,

    /* U+819C "膜" */
    0x1, 0x23, 0xff, 0xd2, 0x48, 0x90, 0x7, 0xbf,
    0x25, 0xf9, 0x28, 0x4f, 0x7e, 0x48, 0x82, 0x7f,
    0xd2, 0x30, 0x92, 0x49, 0xe1, 0x80,

    /* U+819D "膝" */
    0x0, 0x41, 0xe1, 0x4, 0xbf, 0x92, 0x7c, 0x7e,
    0x49, 0x23, 0x4, 0x9b, 0x1f, 0x93, 0x49, 0x51,
    0x21, 0x84, 0x9f, 0x23, 0x92, 0x98, 0xc0,

    /* U+81A8 "膨" */
    0x2, 0x3, 0xbc, 0x94, 0x88, 0xaf, 0xc7, 0x1,
    0x2b, 0xc9, 0x52, 0x8e, 0xf8, 0x50, 0xa, 0xa8,
    0x94, 0x65, 0x2e, 0x4b, 0x4, 0x0,

    /* U+81B3 "膳" */
    0x0, 0x1, 0xe4, 0x44, 0xbf, 0xd2, 0x10, 0x7b,
    0xf9, 0x2f, 0xf4, 0xa4, 0x9e, 0x54, 0x4a, 0xa9,
    0x2f, 0xe4, 0xa0, 0x92, 0x82, 0xbb, 0xf8,

    /* U+81C0 "臀" */
    0x7e, 0xe3, 0xf4, 0xdf, 0xfc, 0xa9, 0x27, 0xee,
    0x5b, 0xdc, 0xff, 0x84, 0x4, 0x3f, 0xe1, 0xff,
    0x8, 0x8, 0x41, 0xc0,

    /* U+81C2 "臂" */
    0x0, 0x43, 0xef, 0xdf, 0x24, 0x83, 0xf7, 0xc2,
    0x52, 0xfe, 0xf0, 0x87, 0xfe, 0x20, 0x31, 0xff,
    0x8f, 0xfc, 0x40, 0x62, 0xe, 0x0,

    /* U+81CA "臊" */
    0x7b, 0xe1, 0x28, 0x84, 0xbe, 0x1f, 0xfe, 0x4c,
    0xc9, 0x3f, 0xe7, 0x88, 0x13, 0xfe, 0x48, 0xc1,
    0x26, 0x84, 0xa9, 0xaf, 0x20,

    /* U+81E3 "臣" */
    0xff, 0xf0, 0x82, 0x10, 0x7f, 0xe8, 0x5, 0x0,
    0xa0, 0x17, 0xfe, 0x84, 0x10, 0x83, 0xff, 0x80,

    /* U+81EA "自" */
    0x8, 0x2, 0xf, 0xfe, 0x1, 0x80, 0x7f, 0xf8,
    0x6, 0x1, 0xff, 0xe0, 0x18, 0x7, 0xff, 0x80,
    0x40,

    /* U+81ED "臭" */
    0x4, 0x7, 0xfe, 0x40, 0x67, 0xfe, 0x40, 0x67,
    0xfe, 0x40, 0x67, 0xfe, 0x6, 0xcf, 0xff, 0xa,
    0x3, 0x18, 0xe0, 0x70,

    /* U+81F3 "至" */
    0xff, 0xf8, 0x40, 0x4, 0x30, 0x40, 0xc7, 0xff,
    0x0, 0x8, 0x8, 0xf, 0xfe, 0x2, 0x0, 0x10,
    0x0, 0x81, 0xff, 0xf0,

    /* U+81F4 "致" */
    0x1, 0x87, 0xe8, 0x8, 0x40, 0x93, 0xe4, 0xb2,
    0x7f, 0x90, 0x5c, 0x82, 0x24, 0xfc, 0xc0, 0x86,
    0x4, 0x30, 0xfb, 0xc8, 0x33, 0x0, 0x0,

    /* U+81FC "臼" */
    0x0, 0x7, 0x3, 0x8f, 0xc0, 0x18, 0x3, 0x0,
    0x7e, 0xfc, 0x1, 0x80, 0x30, 0x6, 0x0, 0xff,
    0xf8, 0x2,

    /* U+8200 "舀" */
    0x1, 0xf7, 0xf8, 0x6, 0x16, 0x22, 0x22, 0x22,
    0x80, 0x79, 0xf4, 0x1, 0x40, 0x17, 0xdf, 0x40,
    0x17, 0xff, 0x40, 0x10,

    /* U+8205 "舅" */
    0xfb, 0xff, 0x7e, 0x0, 0xbf, 0xe7, 0xfe, 0x88,
    0x5f, 0xfb, 0xff, 0x4, 0x1f, 0xfc, 0x20, 0xf8,
    0xe0,

    /* U+8206 "舆" */
    0x2, 0x3, 0xd1, 0x91, 0xe4, 0x88, 0x27, 0x53,
    0x21, 0xc9, 0xde, 0xc8, 0x22, 0x41, 0x17, 0xff,
    0xc2, 0x10, 0x70, 0xce, 0x1, 0x0,

    /* U+820C "舌" */
    0x0, 0xe3, 0xf8, 0x0, 0x80, 0x4, 0xf, 0xff,
    0x81, 0x0, 0x8, 0x0, 0x40, 0x3f, 0xe1, 0x1,
    0x8, 0x8, 0x40, 0x43, 0xfe, 0x0,

    /* U+820D "舍" */
    0x2, 0x0, 0x30, 0x3, 0x60, 0x21, 0x87, 0xff,
    0x1, 0x1, 0xff, 0xc0, 0x40, 0x2, 0x1, 0xff,
    0x8, 0x8, 0x7f, 0xc2, 0x2, 0x0,

    /* U+8212 "舒" */
    0x0, 0x0, 0x63, 0xe2, 0x41, 0x90, 0xb4, 0x3c,
    0x20, 0x27, 0xe7, 0xe2, 0x42, 0xa, 0x7e, 0x21,
    0x8, 0x84, 0x22, 0x1f, 0x88, 0x42, 0xe0,

    /* U+8214 "舔" */
    0x10, 0x7, 0x1f, 0xc8, 0x20, 0x41, 0xf, 0xff,
    0x91, 0x88, 0x9a, 0x7f, 0x92, 0x8a, 0xd4, 0x55,
    0x63, 0x2b, 0xf1, 0x8, 0x98, 0x0,

    /* U+821E "舞" */
    0x20, 0x1, 0xff, 0xb9, 0x48, 0x4a, 0x47, 0xff,
    0x92, 0x93, 0xff, 0xe4, 0x8, 0x7f, 0xfd, 0x4a,
    0x6, 0xfe, 0x60, 0x8c, 0x4, 0x0,

    /* U+821F "舟" */
    0x2, 0x0, 0x30, 0xf, 0xf8, 0x48, 0x42, 0x22,
    0x10, 0x93, 0xff, 0xe4, 0x4, 0x26, 0x21, 0x19,
    0x18, 0x8, 0x80, 0x48, 0xe, 0x0,

    /* U+822A "航" */
    0x20, 0x83, 0xc2, 0x13, 0xfe, 0xd0, 0x4, 0x9e,
    0x7c, 0x91, 0x24, 0x8d, 0x24, 0x59, 0x22, 0x49,
    0x62, 0x8b, 0x3c, 0x70,

    /* U+822C "般" */
    0x10, 0x0, 0x8f, 0x1f, 0x48, 0x8a, 0x45, 0x53,
    0xa2, 0x3, 0xf7, 0xc8, 0xa2, 0x55, 0x22, 0xa5,
    0x11, 0x31, 0x9, 0xc9, 0xf1, 0x0,

    /* U+8230 "舰" */
    0x10, 0x1, 0x1f, 0x9e, 0x84, 0x94, 0xa6, 0xa5,
    0x25, 0x2b, 0xe9, 0x49, 0x4a, 0x68, 0x42, 0xc6,
    0x12, 0x33, 0x16, 0x99, 0xa3, 0x80,

    /* U+8231 "舱" */
    0x0, 0x40, 0x83, 0x7, 0x8a, 0x12, 0x44, 0x6b,
    0x9, 0x27, 0xcf, 0x91, 0x12, 0x44, 0x69, 0x11,
    0x65, 0xc4, 0x90, 0xa2, 0x42, 0x99, 0xf8,

    /* U+8235 "舵" */
    0x20, 0x41, 0x2, 0x1e, 0xfe, 0xd4, 0x16, 0xb0,
    0xa4, 0x83, 0xe4, 0xc9, 0x2c, 0x69, 0x82, 0xc8,
    0x12, 0x43, 0x92, 0x19, 0x8f, 0x80,

    /* U+8236 "舶" */
    0x0, 0x2, 0x8, 0x78, 0x84, 0xbf, 0x6a, 0x14,
    0xa1, 0xfa, 0x14, 0xbf, 0x6a, 0x15, 0xa1, 0xca,
    0x18, 0xbf, 0x9a, 0x10,

    /* U+8237 "舷" */
    0x20, 0x43, 0xc2, 0x12, 0xfe, 0xd1, 0x4, 0x89,
    0x7c, 0x91, 0x2f, 0x8d, 0x8, 0x58, 0x92, 0x48,
    0xb2, 0xff, 0x34, 0x10,

    /* U+8239 "船" */
    0x10, 0x1, 0xe, 0x7d, 0x24, 0x52, 0x55, 0x25,
    0x53, 0xfc, 0x4, 0x5f, 0x55, 0x14, 0xd1, 0x45,
    0x14, 0x5f, 0x8d, 0x10,

    /* U+8247 "艇" */
    0x10, 0x1, 0x1f, 0x9e, 0x48, 0x94, 0x46, 0xa2,
    0x25, 0xff, 0xe4, 0x89, 0x64, 0x6b, 0x22, 0xdf,
    0xd2, 0xc1, 0x17, 0x9, 0xc7, 0x80,

    /* U+8258 "艘" */
    0x20, 0x40, 0x8d, 0xe5, 0xa4, 0x9a, 0xfe, 0x6a,
    0x49, 0x69, 0x24, 0xbf, 0x9e, 0x10, 0x6b, 0xf9,
    0x64, 0x44, 0x8a, 0x12, 0x38, 0x9f, 0x18,

    /* U+826F "良" */
    0x4, 0x7, 0xfc, 0x40, 0x47, 0xfc, 0x40, 0x44,
    0x4, 0x7f, 0xc4, 0xc2, 0x44, 0xc4, 0x38, 0x49,
    0x87, 0x7, 0x0, 0x0,

    /* U+8270 "艰" */
    0x3, 0xf7, 0xd0, 0x92, 0xfc, 0x94, 0x22, 0xa1,
    0x19, 0xf8, 0x4a, 0x6, 0x4a, 0x2a, 0x62, 0x51,
    0x30, 0xac, 0x6, 0x10,

    /* U+8272 "色" */
    0x8, 0x1, 0xf8, 0x11, 0x82, 0x10, 0xff, 0xe2,
    0x22, 0x22, 0x22, 0x22, 0x3f, 0xe2, 0x0, 0x20,
    0x12, 0x1, 0x3f, 0xf0,

    /* U+8273 "艳" */
    0x21, 0x1, 0x1f, 0x3e, 0x98, 0x48, 0x82, 0x3f,
    0x7e, 0x48, 0x92, 0x44, 0x7e, 0xfc, 0x1, 0x20,
    0x9, 0x2, 0x44, 0x22, 0x3f, 0x0,

    /* U+827A "艺" */
    0x10, 0x81, 0x8, 0xff, 0xf1, 0x8, 0x0, 0x7,
    0xfc, 0x1, 0x80, 0x60, 0xc, 0x1, 0x0, 0x20,
    0x12, 0x1, 0x3f, 0xe0,

    /* U+827E "艾" */
    0x10, 0x81, 0x8, 0xff, 0xf1, 0x8, 0x0, 0x2,
    0xc, 0x10, 0x81, 0x98, 0xf, 0x0, 0x60, 0x1f,
    0x8f, 0xf, 0x0, 0x0,

    /* U+8282 "节" */
    0x10, 0x81, 0x8, 0xff, 0xf1, 0x8, 0x0, 0xf,
    0xfe, 0x8, 0x20, 0x82, 0x8, 0x20, 0x82, 0x9,
    0xe0, 0x80, 0x8, 0x0,

    /* U+828B "芋" */
    0x10, 0x81, 0x8, 0xff, 0xf1, 0x8, 0x7f, 0xe0,
    0x20, 0x2, 0x0, 0x20, 0xff, 0xf0, 0x20, 0x2,
    0x0, 0x20, 0x1c, 0x0,

    /* U+828D "芍" */
    0x10, 0x81, 0x8, 0xff, 0xf1, 0x8, 0x10, 0x3,
    0xfe, 0x60, 0x2d, 0x2, 0x8, 0x20, 0x42, 0x4,
    0x20, 0x2, 0x3, 0xc0,

    /* U+8292 "芒" */
    0x10, 0x81, 0x8, 0xff, 0xf1, 0x8, 0x14, 0x80,
    0x20, 0xff, 0xf2, 0x0, 0x20, 0x2, 0x0, 0x20,
    0x3, 0xfe,

    /* U+8299 "芙" */
    0x10, 0x8f, 0xff, 0x10, 0x80, 0x40, 0x4, 0x7,
    0xfe, 0x4, 0x0, 0x40, 0xff, 0xf0, 0x60, 0x9,
    0x1, 0x98, 0xe0, 0x70, 0x1,

    /* U+829C "芜" */
    0x10, 0x8f, 0xff, 0x10, 0x80, 0x0, 0x7f, 0xe0,
    0x40, 0x4, 0xf, 0xff, 0x6, 0x0, 0xe0, 0xa,
    0x3, 0x21, 0xc3, 0xf0,

    /* U+829D "芝" */
    0x10, 0x81, 0x8, 0xff, 0xf1, 0x8, 0x6, 0x7,
    0xfe, 0x0, 0xc0, 0x18, 0x3, 0x0, 0xc0, 0x78,
    0xd, 0x80, 0x87, 0xf0,

    /* U+82A5 "芥" */
    0x10, 0x81, 0x8, 0xff, 0xf1, 0x8, 0x6, 0x1,
    0x98, 0x60, 0x79, 0x9, 0x10, 0x81, 0x8, 0x10,
    0x82, 0x8, 0x40, 0x80,

    /* U+82A6 "芦" */
    0x10, 0x8f, 0xff, 0x10, 0x80, 0x20, 0x7f, 0xe4,
    0x2, 0x40, 0x27, 0xfe, 0x40, 0x24, 0x0, 0x40,
    0xc, 0x0, 0x80, 0x0,

    /* U+82AC "芬" */
    0x10, 0x8f, 0xff, 0x10, 0x80, 0x0, 0x10, 0x83,
    0xc, 0x60, 0x6b, 0xfd, 0x8, 0x40, 0x84, 0x18,
    0xc3, 0x8, 0xc3, 0x80,

    /* U+82AD "芭" */
    0x10, 0x8f, 0xff, 0x10, 0x80, 0x0, 0x7f, 0xe4,
    0x42, 0x44, 0x24, 0x42, 0x7f, 0xe4, 0x0, 0x40,
    0x14, 0x1, 0x3f, 0xe0,

    /* U+82AF "芯" */
    0x10, 0x81, 0x8, 0xff, 0xf1, 0x8, 0x4, 0x0,
    0x20, 0x12, 0x5, 0x12, 0x50, 0x2d, 0x1, 0x90,
    0x59, 0x5, 0x1f, 0x80,

    /* U+82B1 "花" */
    0x10, 0x81, 0x8, 0xff, 0xf1, 0x8, 0x0, 0x1,
    0x20, 0x22, 0x66, 0x2c, 0xe3, 0x2, 0xe0, 0x22,
    0x12, 0x21, 0x21, 0xf0,

    /* U+82B3 "芳" */
    0x10, 0x8f, 0xff, 0x10, 0x80, 0x40, 0x2, 0xf,
    0xff, 0x8, 0x1, 0x80, 0x1f, 0xc1, 0x4, 0x30,
    0x46, 0x4, 0xc3, 0xc0,

    /* U+82B9 "芹" */
    0x10, 0x8f, 0xff, 0x10, 0x80, 0x6, 0x3f, 0xc2,
    0x0, 0x20, 0x3, 0xff, 0x61, 0x4, 0x10, 0x41,
    0xc, 0x10, 0x81, 0x0,

    /* U+82BD "芽" */
    0x10, 0x8f, 0xff, 0x10, 0x80, 0x0, 0x7f, 0xe2,
    0x8, 0x20, 0x87, 0xff, 0x2, 0x80, 0xc8, 0x18,
    0x8e, 0x8, 0x87, 0x80,

    /* U+82C7 "苇" */
    0x10, 0x8f, 0xff, 0x10, 0x80, 0x40, 0x7f, 0xe0,
    0x40, 0x7f, 0xe0, 0x40, 0x4, 0xf, 0xff, 0x4,
    0x20, 0x4e, 0x4, 0x0,

    /* U+82CD "苍" */
    0x10, 0x81, 0x8, 0xff, 0xf1, 0x8, 0x6, 0x1,
    0x98, 0x60, 0x7b, 0xf9, 0x20, 0x82, 0x8, 0x23,
    0x82, 0x2, 0x1f, 0xc0,

    /* U+82CF "苏" */
    0x10, 0x81, 0x8, 0xff, 0xf1, 0x8, 0x14, 0x87,
    0xfc, 0x4, 0x42, 0x86, 0x48, 0x64, 0x8d, 0x10,
    0xd2, 0x8, 0xc3, 0x80,

    /* U+82D4 "苔" */
    0x10, 0x8f, 0xff, 0x10, 0x80, 0xc0, 0x18, 0x82,
    0x4, 0x7f, 0xe0, 0x0, 0x3f, 0xe2, 0x2, 0x20,
    0x23, 0xfe, 0x20, 0x20,

    /* U+82D7 "苗" */
    0x10, 0x81, 0x8, 0xff, 0xf1, 0x8, 0x0, 0x7,
    0xfe, 0x44, 0x24, 0x42, 0x7f, 0xe4, 0x42, 0x44,
    0x24, 0x42, 0x7f, 0xe0,

    /* U+82DB "苛" */
    0x10, 0x8f, 0xff, 0x10, 0x80, 0x0, 0xff, 0xf0,
    0x4, 0x0, 0x43, 0xe4, 0x22, 0x42, 0x24, 0x3e,
    0x42, 0x4, 0x1, 0xc0,

    /* U+82DE "苞" */
    0x10, 0x8f, 0xff, 0x10, 0x82, 0x0, 0x3f, 0xe4,
    0x2, 0xbf, 0x22, 0x12, 0x3f, 0x22, 0xc, 0x20,
    0x12, 0x1, 0x3f, 0xe0,

    /* U+82DF "苟" */
    0x10, 0x8f, 0xff, 0x10, 0x81, 0x0, 0x3f, 0xe6,
    0x2, 0x40, 0x2b, 0xf2, 0x21, 0x22, 0x12, 0x3f,
    0x22, 0x2, 0x1, 0xe0,

    /* U+82E5 "若" */
    0x10, 0xc0, 0x86, 0x3f, 0xfe, 0x21, 0x80, 0x40,
    0x7f, 0xfc, 0x20, 0x3, 0x0, 0x3f, 0xf3, 0x80,
    0xa4, 0x4, 0x3f, 0xe1, 0x1, 0x0,

    /* U+82E6 "苦" */
    0x10, 0x81, 0x8, 0xff, 0xf1, 0x8, 0x14, 0x8f,
    0xff, 0x4, 0x0, 0x40, 0x3f, 0xe2, 0x2, 0x20,
    0x23, 0xfe, 0x20, 0x20,

    /* U+82EB "苫" */
    0x10, 0x81, 0x8, 0xff, 0xf1, 0x48, 0x14, 0x80,
    0x7f, 0x4, 0x0, 0x40, 0x7f, 0xe4, 0x2, 0x40,
    0x24, 0x2, 0x7f, 0xe0,

    /* U+82F1 "英" */
    0x10, 0x81, 0x8, 0xff, 0xf1, 0x8, 0x4, 0x7,
    0xfe, 0x44, 0x24, 0x42, 0xff, 0xf0, 0x60, 0x9,
    0x3, 0xc, 0xc0, 0x30,

    /* U+82F9 "苹" */
    0x10, 0xc7, 0xff, 0xc4, 0x30, 0x0, 0x7, 0xff,
    0x11, 0x10, 0xc9, 0x82, 0x48, 0xff, 0xf8, 0x10,
    0x0, 0x80, 0x4, 0x0, 0x20, 0x0,

    /* U+8301 "茁" */
    0x10, 0x81, 0x8, 0xff, 0xf1, 0x68, 0x26, 0x62,
    0x66, 0x26, 0x63, 0xfe, 0x6, 0x4, 0x62, 0x46,
    0x27, 0xfe, 0x0, 0x20,

    /* U+8302 "茂" */
    0x10, 0x8f, 0xff, 0x10, 0x80, 0x24, 0x2, 0x27,
    0xff, 0x42, 0x4, 0x24, 0x43, 0x44, 0x18, 0x43,
    0x98, 0xe9, 0x90, 0x70,

    /* U+8303 "范" */
    0x10, 0x8f, 0xff, 0x10, 0x80, 0x0, 0x67, 0xe0,
    0x42, 0x84, 0x26, 0x42, 0x14, 0xe1, 0x40, 0x24,
    0x14, 0x41, 0xc7, 0xf0,

    /* U+8304 "茄" */
    0x10, 0x8f, 0xff, 0x10, 0x82, 0x0, 0x21, 0xff,
    0xd1, 0x25, 0x12, 0x51, 0x25, 0x14, 0x51, 0x45,
    0x1c, 0x5f, 0x99, 0x10,

    /* U+8305 "茅" */
    0x10, 0x8f, 0xff, 0x10, 0x80, 0x0, 0x7f, 0xc0,
    0x88, 0x7, 0xf, 0xff, 0xe, 0x21, 0xa6, 0x62,
    0xc, 0x20, 0xe, 0x0,

    /* U+8309 "茉" */
    0x10, 0x8f, 0xff, 0x10, 0x80, 0x40, 0x4, 0xf,
    0xff, 0x4, 0xf, 0xff, 0xd, 0x1, 0xd8, 0x24,
    0xcc, 0x43, 0x4, 0x0,

    /* U+830E "茎" */
    0x10, 0x8f, 0xff, 0x10, 0x80, 0x0, 0x7f, 0xc0,
    0x8, 0x3, 0x3, 0xde, 0xc0, 0x13, 0xfe, 0x6,
    0x0, 0x60, 0xff, 0xf0,

    /* U+8327 "茧" */
    0x10, 0x81, 0x8, 0xff, 0xf1, 0x8, 0x4, 0x7,
    0xfe, 0x44, 0x64, 0x46, 0x7f, 0xe0, 0x40, 0x4,
    0x40, 0x46, 0xff, 0xf0, 0x0,

    /* U+832B "茫" */
    0x10, 0x8f, 0xff, 0x10, 0x84, 0x10, 0x60, 0x82,
    0x8, 0xf, 0xfc, 0x40, 0x4, 0x1, 0x40, 0x24,
    0xc, 0x7f, 0x0, 0x0,

    /* U+832C "茬" */
    0x10, 0x8f, 0xff, 0x18, 0x80, 0x80, 0xff, 0xf1,
    0x0, 0x31, 0x6, 0x10, 0xef, 0xfa, 0x10, 0x21,
    0x2, 0x10, 0x2f, 0xf0,

    /* U+8334 "茴" */
    0x10, 0x8f, 0xff, 0x10, 0x80, 0x0, 0x7f, 0xe4,
    0x2, 0x4f, 0x25, 0x12, 0x51, 0x24, 0xf2, 0x40,
    0x24, 0x2, 0x7f, 0xe0,

    /* U+8335 "茵" */
    0x10, 0x8f, 0xff, 0x10, 0x80, 0x0, 0x7f, 0xe4,
    0x42, 0x44, 0x25, 0xfa, 0x46, 0x24, 0x52, 0x58,
    0xa5, 0x2, 0x7f, 0xe0,

    /* U+8336 "茶" */
    0x10, 0x81, 0x8, 0xff, 0xf1, 0x8, 0x6, 0x1,
    0x98, 0x36, 0xec, 0x63, 0x3f, 0xc0, 0x60, 0x26,
    0xc4, 0x62, 0xc, 0x0,

    /* U+8338 "茸" */
    0x10, 0x8f, 0xff, 0x10, 0x80, 0x0, 0xff, 0xf2,
    0x4, 0x3f, 0xc2, 0x4, 0x3f, 0xc2, 0x4, 0x20,
    0x7f, 0xff, 0x0, 0x40,

    /* U+8346 "荆" */
    0x24, 0x2, 0x41, 0xff, 0x50, 0x5, 0xff, 0x52,
    0x45, 0x24, 0x5f, 0xf5, 0x24, 0x52, 0x45, 0x24,
    0x14, 0x41, 0x84, 0x30,

    /* U+8349 "草" */
    0x10, 0x8f, 0xff, 0x10, 0x83, 0xfc, 0x20, 0x42,
    0x4, 0x3f, 0xc2, 0x4, 0x3f, 0xc0, 0x40, 0xff,
    0xf0, 0x40, 0x4, 0x0,

    /* U+8350 "荐" */
    0x10, 0x8f, 0xff, 0x10, 0x80, 0x80, 0xff, 0xf1,
    0x0, 0x27, 0xe6, 0x4, 0xe0, 0x8a, 0xff, 0x20,
    0x82, 0x8, 0x23, 0x80,

    /* U+8352 "荒" */
    0x10, 0x8f, 0xff, 0x10, 0x80, 0x20, 0xff, 0xf2,
    0x0, 0x20, 0x3, 0xfe, 0x0, 0x2, 0x44, 0x24,
    0x46, 0x45, 0xc4, 0x70,

    /* U+8354 "荔" */
    0x10, 0x8f, 0xff, 0x10, 0x80, 0x40, 0x7f, 0xe0,
    0x84, 0x71, 0xc2, 0x8, 0xfb, 0xf2, 0x89, 0x49,
    0x94, 0x93, 0x9a, 0x60,

    /* U+835A "荚" */
    0x10, 0x8f, 0xff, 0x10, 0x80, 0x60, 0x7f, 0xe2,
    0x64, 0x36, 0x40, 0x68, 0xff, 0xf0, 0x60, 0x9,
    0x3, 0xc, 0xc0, 0x30,

    /* U+835E "荞" */
    0x10, 0x8f, 0xff, 0x10, 0x80, 0x4, 0x7f, 0x80,
    0x40, 0xff, 0xf1, 0x90, 0x20, 0xcd, 0xb, 0x10,
    0x81, 0x8, 0x60, 0x80,

    /* U+8360 "荠" */
    0x10, 0x8f, 0xff, 0x10, 0x80, 0x60, 0xff, 0xf1,
    0x8, 0x9, 0x0, 0xf0, 0xf9, 0xf1, 0x8, 0x10,
    0x83, 0x8, 0x60, 0x80,

    /* U+8361 "荡" */
    0x10, 0x8f, 0xff, 0x10, 0x84, 0x0, 0x6f, 0xe0,
    0x30, 0xcf, 0xf0, 0x29, 0x4, 0x92, 0xc9, 0x59,
    0x34, 0x22, 0x86, 0x60,

    /* U+8363 "荣" */
    0x10, 0x8f, 0xff, 0x10, 0x80, 0x0, 0xff, 0xf8,
    0x41, 0x84, 0x1f, 0xff, 0xf, 0x1, 0xd8, 0x34,
    0xcc, 0x43, 0x4, 0x0,

    /* U+8364 "荤" */
    0x10, 0x8f, 0xff, 0x10, 0x8f, 0xff, 0x88, 0x10,
    0x80, 0x7f, 0xe1, 0x20, 0x3f, 0xe0, 0x20, 0xff,
    0xf0, 0x20, 0x2, 0x0,

    /* U+8367 "荧" */
    0x10, 0x8f, 0xff, 0x10, 0x80, 0x0, 0xff, 0xf8,
    0x1, 0x6, 0x2, 0x64, 0x66, 0xc0, 0xd0, 0x19,
    0x87, 0xe, 0xc0, 0x30,

    /* U+836F "药" */
    0x10, 0x8f, 0xff, 0x10, 0x82, 0x10, 0x23, 0x4,
    0x3f, 0x96, 0x1f, 0x51, 0x61, 0x1f, 0x8b, 0x0,
    0x37, 0x82, 0x80, 0xe0,

    /* U+8377 "荷" */
    0x10, 0x8f, 0xff, 0x10, 0x81, 0x0, 0x2f, 0xf6,
    0x2, 0xef, 0x2a, 0x92, 0x29, 0x22, 0x92, 0x2f,
    0x22, 0x2, 0x20, 0xe0,

    /* U+8378 "荸" */
    0x10, 0x8f, 0xff, 0x10, 0x8f, 0xff, 0x6, 0xf,
    0xff, 0x80, 0x1b, 0xfd, 0x3, 0xf, 0xff, 0x6,
    0x0, 0x60, 0x1c, 0x0,

    /* U+8389 "莉" */
    0x10, 0x8f, 0xff, 0x10, 0x80, 0x42, 0xf8, 0xa1,
    0xa, 0xfe, 0xa3, 0xa, 0x3c, 0xa5, 0x4a, 0xd0,
    0x29, 0x2, 0x10, 0x60,

    /* U+83AB "莫" */
    0x10, 0x8f, 0xff, 0x10, 0x83, 0xfe, 0x40, 0x23,
    0xfe, 0x40, 0x23, 0xfe, 0x4, 0xf, 0xff, 0xf,
    0x1, 0x9c, 0xc0, 0x70,

    /* U+83B1 "莱" */
    0x10, 0x8f, 0xff, 0x10, 0x80, 0x40, 0x7f, 0xe2,
    0x44, 0x34, 0xc1, 0x48, 0xff, 0xf0, 0xd0, 0x14,
    0x86, 0x46, 0x84, 0x10,

    /* U+83B2 "莲" */
    0x10, 0x8f, 0xff, 0x10, 0x88, 0x20, 0x4f, 0xf4,
    0x40, 0x4, 0x8e, 0xfe, 0x20, 0x83, 0xff, 0x20,
    0x87, 0x8, 0x8f, 0xf0,

    /* U+83B7 "获" */
    0x10, 0x8f, 0xff, 0x10, 0x80, 0x14, 0x71, 0x66,
    0x12, 0x9f, 0xf3, 0x18, 0x71, 0x8d, 0x18, 0x12,
    0x41, 0x62, 0x68, 0x10,

    /* U+83B9 "莹" */
    0x10, 0x8f, 0xff, 0x10, 0x80, 0x0, 0xff, 0xf8,
    0x1, 0x3f, 0xc0, 0x60, 0x6, 0x3, 0xfc, 0x6,
    0x80, 0x64, 0xff, 0xf0,

    /* U+83BA "莺" */
    0x10, 0x8f, 0xff, 0x10, 0x8f, 0xff, 0x84, 0x1b,
    0xfd, 0x2c, 0x42, 0x3c, 0x3f, 0xf0, 0x1, 0xff,
    0x90, 0x1, 0x0, 0xe0,

    /* U+83BD "莽" */
    0x10, 0x8f, 0xff, 0x10, 0x80, 0x4c, 0xff, 0xf0,
    0x90, 0x10, 0x86, 0x6, 0x90, 0x9f, 0xff, 0x10,
    0x82, 0x8, 0x40, 0x80,

    /* U+83C7 "菇" */
    0x10, 0x8f, 0xff, 0x10, 0x82, 0x8, 0x20, 0x8f,
    0xff, 0x48, 0x84, 0x88, 0xd3, 0xf7, 0x21, 0x3a,
    0x14, 0xbf, 0x82, 0x10,

    /* U+83CA "菊" */
    0x10, 0x8f, 0xff, 0x10, 0x82, 0x0, 0x3f, 0xe4,
    0x2, 0xa4, 0xa1, 0x52, 0x7f, 0xe0, 0xe2, 0x15,
    0x26, 0x42, 0x4, 0xe0,

    /* U+83CC "菌" */
    0x10, 0x8f, 0xff, 0x10, 0x80, 0x0, 0x7f, 0xe4,
    0x3a, 0x5c, 0x27, 0xfe, 0x47, 0x24, 0xda, 0x74,
    0xa4, 0x2, 0x7f, 0xe0,

    /* U+83DC "菜" */
    0x10, 0x8f, 0xff, 0x10, 0x80, 0x6, 0x7f, 0x84,
    0x42, 0x24, 0x40, 0x40, 0xff, 0xf0, 0xd0, 0x34,
    0x8e, 0x47, 0x84, 0x10,

    /* U+83E0 "菠" */
    0x10, 0x8f, 0xff, 0x10, 0x84, 0x10, 0x2f, 0xf0,
    0x91, 0xc9, 0x4, 0xfe, 0xe, 0x22, 0xa4, 0x49,
    0x85, 0x3c, 0x9e, 0x30,

    /* U+83E9 "菩" */
    0x10, 0x8f, 0xff, 0x10, 0x80, 0x60, 0x7f, 0xe1,
    0x8, 0x10, 0x8f, 0xff, 0x0, 0x3, 0xfc, 0x20,
    0x42, 0x4, 0x3f, 0xc0,

    /* U+83F1 "菱" */
    0x10, 0x8f, 0xff, 0x14, 0x83, 0xfe, 0x4, 0xf,
    0xff, 0x19, 0x8e, 0xc7, 0x1f, 0xc3, 0x8, 0x4f,
    0x0, 0xf0, 0xf0, 0xf0,

    /* U+83F2 "菲" */
    0x10, 0x8f, 0xff, 0x10, 0x80, 0x0, 0x9, 0xf,
    0x9f, 0x9, 0xf, 0x9f, 0x9, 0x0, 0x90, 0xf9,
    0xf0, 0x90, 0x9, 0x0,

    /* U+8404 "萄" */
    0x10, 0x8f, 0xff, 0x10, 0x82, 0x0, 0x7f, 0xed,
    0x2, 0xbf, 0xa0, 0x42, 0x7f, 0xa2, 0x4a, 0x24,
    0xa3, 0xfa, 0x0, 0xe0,

    /* U+840C "萌" */
    0x10, 0x8f, 0xff, 0x10, 0x80, 0x0, 0x7b, 0xe8,
    0xa2, 0x8a, 0x27, 0xbe, 0x8a, 0x27, 0xbe, 0x86,
    0x20, 0x42, 0x8, 0x60,

    /* U+840D "萍" */
    0x10, 0xc7, 0xff, 0xc4, 0x30, 0x80, 0x6, 0xff,
    0x80, 0x4a, 0x12, 0x4c, 0x96, 0x0, 0xa0, 0x7f,
    0xc8, 0x20, 0x81, 0x0, 0x8, 0x0,

    /* U+840E "萎" */
    0x10, 0x8f, 0xff, 0x10, 0x87, 0xfc, 0x4, 0xf,
    0xff, 0x1d, 0x8e, 0xc7, 0x8, 0xf, 0xff, 0x30,
    0x80, 0xf8, 0xf8, 0x70,

    /* U+841D "萝" */
    0x10, 0x8f, 0xff, 0x10, 0x87, 0xfe, 0x49, 0x24,
    0x92, 0x7f, 0xe0, 0x80, 0x1f, 0xee, 0x4, 0x19,
    0x80, 0x60, 0x78, 0x0,

    /* U+8424 "萤" */
    0x10, 0x8f, 0xff, 0x10, 0x80, 0x0, 0xff, 0xf8,
    0x61, 0x7f, 0xe6, 0x66, 0x66, 0x67, 0xfe, 0x6,
    0x40, 0x66, 0xff, 0xf0, 0x0,

    /* U+8425 "营" */
    0x10, 0x8f, 0xff, 0x10, 0x8f, 0xff, 0x80, 0x1b,
    0xfd, 0x20, 0x43, 0xfc, 0x0, 0x7, 0xfe, 0x40,
    0x24, 0x2, 0x7f, 0xe0,

    /* U+8427 "萧" */
    0x10, 0x8f, 0xff, 0x10, 0x87, 0xfe, 0x4, 0x2f,
    0xff, 0x4, 0x27, 0xfe, 0x44, 0x24, 0xd2, 0x54,
    0xa5, 0x4a, 0x84, 0x20,

    /* U+8428 "萨" */
    0x18, 0xc7, 0xff, 0xc6, 0x30, 0xe1, 0x5, 0x7f,
    0xa9, 0x91, 0x84, 0x8a, 0xff, 0x54, 0x2, 0xe0,
    0x1d, 0x0, 0x98, 0x4, 0x80, 0x0,

    /* U+843D "落" */
    0x10, 0x8f, 0xff, 0x10, 0x84, 0x20, 0x27, 0xe0,
    0xc6, 0x9b, 0xc6, 0x3c, 0x1c, 0x32, 0x7e, 0x64,
    0x24, 0x42, 0x87, 0xe0,

    /* U+8457 "著" */
    0x10, 0x8f, 0xff, 0x10, 0x80, 0x42, 0x7f, 0xc0,
    0x48, 0xff, 0xf0, 0xc0, 0x3f, 0xed, 0x2, 0x1f,
    0xe1, 0x2, 0x1f, 0xe0,

    /* U+845B "葛" */
    0x10, 0x8f, 0xff, 0x10, 0x83, 0xfc, 0x20, 0x43,
    0xfc, 0x20, 0x41, 0xf8, 0x3f, 0xee, 0x72, 0x38,
    0xa3, 0xfa, 0x0, 0xe0,

    /* U+8461 "葡" */
    0x10, 0x8f, 0xff, 0x10, 0x82, 0x0, 0x7f, 0xec,
    0x52, 0xbe, 0x23, 0xfa, 0x24, 0xa3, 0xfa, 0x3f,
    0xa2, 0x4a, 0x25, 0xe0,

    /* U+8463 "董" */
    0x10, 0x8f, 0xff, 0x10, 0x82, 0xf4, 0xff, 0xf0,
    0x40, 0x7f, 0xe7, 0xfe, 0x44, 0x23, 0xfc, 0x7f,
    0xe0, 0x40, 0xff, 0xf0,

    /* U+846B "葫" */
    0x10, 0x8f, 0xff, 0x10, 0x82, 0x0, 0x21, 0xef,
    0xd2, 0x21, 0xe2, 0x12, 0x59, 0xe4, 0xa2, 0x4a,
    0x27, 0xa2, 0x44, 0x60,

    /* U+846C "葬" */
    0x10, 0x8f, 0xff, 0x10, 0x8f, 0xff, 0x11, 0x3,
    0xd6, 0xe9, 0x81, 0x11, 0x61, 0xff, 0xff, 0x10,
    0x83, 0x8, 0xc0, 0x80,

    /* U+8471 "葱" */
    0x10, 0x8f, 0xff, 0x10, 0x83, 0xfe, 0x6d, 0x2f,
    0x92, 0x17, 0x22, 0x72, 0x4, 0xc1, 0x40, 0x52,
    0x2d, 0xb, 0x9f, 0x90,

    /* U+8475 "葵" */
    0x10, 0x8f, 0xff, 0x10, 0x87, 0xa4, 0x49, 0x87,
    0x9a, 0x30, 0xc7, 0xfe, 0x86, 0x17, 0xfe, 0x7,
    0x1, 0x8c, 0xf0, 0x60,

    /* U+8482 "蒂" */
    0x10, 0x8f, 0xff, 0x10, 0x80, 0x20, 0x7f, 0xe1,
    0x8, 0xff, 0xf8, 0x41, 0x3f, 0xc2, 0x44, 0x24,
    0x42, 0x4c, 0x4, 0x0,

    /* U+848B "蒋" */
    0x10, 0x8f, 0xff, 0x10, 0x82, 0x10, 0xa7, 0xe6,
    0xc4, 0x63, 0x82, 0xe4, 0x6f, 0xfa, 0x4, 0x22,
    0x42, 0x4, 0x20, 0xc0,

    /* U+8499 "蒙" */
    0x10, 0x8f, 0xff, 0x10, 0x87, 0xff, 0x80, 0x11,
    0xf8, 0x7f, 0xe1, 0x84, 0xe4, 0x81, 0xb8, 0x6e,
    0xc3, 0x26, 0x4e, 0x20,

    /* U+849C "蒜" */
    0x10, 0x87, 0xff, 0x84, 0x20, 0x0, 0x7, 0xdf,
    0x0, 0x3, 0xff, 0xc2, 0x8, 0x55, 0x56, 0xaa,
    0xa5, 0x95, 0x24, 0x83, 0xc, 0x0,

    /* U+84B2 "蒲" */
    0x10, 0x8f, 0xff, 0x10, 0x84, 0x12, 0x3f, 0xf0,
    0x10, 0xcf, 0xe0, 0x92, 0xf, 0xe2, 0x92, 0x4f,
    0xe4, 0x92, 0x89, 0x60,

    /* U+84B8 "蒸" */
    0x10, 0x8f, 0xff, 0x10, 0x83, 0xf8, 0x1, 0xf,
    0xe6, 0x15, 0x82, 0x4c, 0xcc, 0x33, 0xfc, 0x41,
    0x4, 0x92, 0x89, 0x10,

    /* U+84BF "蒿" */
    0x10, 0x8f, 0xff, 0x10, 0x8f, 0xff, 0x0, 0x3,
    0xfc, 0x20, 0x41, 0xf8, 0x7f, 0xe4, 0x2, 0x5f,
    0xa5, 0xfa, 0x40, 0x60,

    /* U+84C4 "蓄" */
    0x10, 0x8f, 0xff, 0x10, 0x8f, 0xff, 0x18, 0x7,
    0xf8, 0xc, 0x47, 0xfe, 0x0, 0x7, 0xfe, 0x7f,
    0xe4, 0x62, 0x7f, 0xe0,

    /* U+84C9 "蓉" */
    0x10, 0x8f, 0xff, 0x14, 0x80, 0x60, 0xff, 0xf9,
    0x1, 0xb6, 0xd4, 0xe2, 0x11, 0x87, 0xff, 0xa0,
    0x52, 0x4, 0x3f, 0xc0,

    /* U+84D6 "蓖" */
    0x10, 0x8f, 0xff, 0x14, 0x87, 0xfe, 0x59, 0x24,
    0x62, 0x59, 0xa7, 0xfe, 0x41, 0x27, 0xde, 0x41,
    0x14, 0xd1, 0x71, 0xf0,

    /* U+84DD "蓝" */
    0x10, 0x8f, 0xff, 0x10, 0x80, 0x90, 0x49, 0xf4,
    0xa0, 0x4a, 0x44, 0x84, 0x0, 0x7, 0xfe, 0x49,
    0x24, 0x92, 0xff, 0xf0,

    /* U+84EC "蓬" */
    0x10, 0x8f, 0xff, 0x10, 0x88, 0x7e, 0x4c, 0x42,
    0x38, 0x6, 0xef, 0x91, 0x27, 0xc2, 0xfe, 0x2f,
    0xe7, 0x10, 0x8f, 0xf0,

    /* U+8511 "蔑" */
    0x10, 0x8f, 0xff, 0x10, 0x87, 0xfe, 0x49, 0x24,
    0x92, 0x7f, 0xe0, 0x2c, 0x7f, 0xf4, 0x24, 0x79,
    0x8c, 0x39, 0x8c, 0x70,

    /* U+8513 "蔓" */
    0x10, 0x8f, 0xff, 0x10, 0x82, 0xf4, 0x3f, 0xc3,
    0xfc, 0x7f, 0xe4, 0x92, 0x36, 0xcf, 0xfe, 0x10,
    0x80, 0xf0, 0xf8, 0xf0,

    /* U+8517 "蔗" */
    0x10, 0x8f, 0xff, 0x10, 0x80, 0x20, 0x7f, 0xe4,
    0x88, 0x7f, 0xe4, 0x88, 0x48, 0x84, 0xf8, 0x40,
    0x9, 0x52, 0xa4, 0x90, 0x0,

    /* U+851A "蔚" */
    0x10, 0x8f, 0xff, 0x10, 0x87, 0xc2, 0x44, 0x27,
    0xdf, 0x40, 0x27, 0xd2, 0x81, 0xab, 0xea, 0xac,
    0xaa, 0xa2, 0x98, 0xe0,

    /* U+852B "蔫" */
    0x10, 0x8f, 0xff, 0x10, 0x8f, 0xff, 0x23, 0xe2,
    0x20, 0xff, 0xf1, 0x0, 0x2f, 0xe3, 0xff, 0x54,
    0xa5, 0x2a, 0x0, 0xe0,

    /* U+852C "蔬" */
    0x10, 0x8f, 0xff, 0x10, 0x8f, 0x88, 0x17, 0xf3,
    0x34, 0xa7, 0xeb, 0xc1, 0xa0, 0xa, 0x2a, 0xba,
    0xae, 0x4b, 0x8c, 0xb0,

    /* U+853C "蔼" */
    0x10, 0x8f, 0xff, 0x10, 0x84, 0x7e, 0x24, 0x22,
    0x7e, 0x4, 0x2e, 0x3c, 0x27, 0xf2, 0xc9, 0x37,
    0x56, 0x7d, 0x0, 0x60,

    /* U+853D "蔽" */
    0x10, 0x8f, 0xff, 0x10, 0x81, 0x48, 0x54, 0x85,
    0x9f, 0xfd, 0x29, 0x6a, 0xdc, 0xad, 0xcc, 0xdc,
    0xc9, 0x5a, 0x9f, 0x10,

    /* U+8549 "蕉" */
    0x10, 0x8f, 0xff, 0x12, 0x82, 0x20, 0x3f, 0xe6,
    0x20, 0xbf, 0xe2, 0x20, 0x3f, 0xe3, 0xfe, 0x0,
    0x24, 0x92, 0x89, 0x10,

    /* U+854A "蕊" */
    0x10, 0x8f, 0xff, 0x10, 0x81, 0x44, 0x52, 0x45,
    0xa, 0x1f, 0x82, 0x0, 0x59, 0x4d, 0x75, 0xc7,
    0x14, 0xb2, 0x39, 0xe0,

    /* U+8574 "蕴" */
    0x10, 0x8f, 0xff, 0x10, 0x82, 0x3e, 0x22, 0x24,
    0xbe, 0xf2, 0x22, 0x1c, 0x7f, 0xfe, 0x55, 0x5,
    0x57, 0xd5, 0xcf, 0xf0,

    /* U+857E "蕾" */
    0x10, 0x8f, 0xff, 0x10, 0x82, 0xf4, 0xff, 0xf8,
    0x41, 0xb4, 0xd3, 0xdc, 0x0, 0x7, 0xfe, 0x7f,
    0xe4, 0x42, 0x7f, 0xe0,

    /* U+8584 "薄" */
    0x10, 0x8f, 0xff, 0x10, 0xc7, 0xff, 0x21, 0x8,
    0xfe, 0x4f, 0xe0, 0x92, 0xf, 0xe3, 0xff, 0x4c,
    0x44, 0x24, 0x80, 0xc0,

    /* U+8587 "薇" */
    0x10, 0x8f, 0xff, 0x10, 0x82, 0x44, 0x56, 0x8b,
    0x6f, 0x28, 0x95, 0xea, 0xc1, 0x6c, 0xe6, 0x52,
    0x45, 0x36, 0x51, 0x90,

    /* U+859B "薛" */
    0x10, 0x8f, 0xff, 0x10, 0x82, 0x8, 0xfb, 0xf8,
    0x82, 0x89, 0x2f, 0xff, 0x80, 0x8f, 0x88, 0x8b,
    0xff, 0x88, 0x88, 0x80,

    /* U+85AA "薪" */
    0x10, 0x8f, 0xff, 0x10, 0x82, 0x7, 0xfd, 0xc4,
    0x90, 0xfd, 0x1, 0x1f, 0xfd, 0x45, 0x94, 0x5a,
    0x49, 0x24, 0x26, 0x40,

    /* U+85AF "薯" */
    0x10, 0x8f, 0xff, 0x10, 0x86, 0xf6, 0x7f, 0xe0,
    0x42, 0x3f, 0xcf, 0xff, 0x1c, 0xf, 0x3e, 0x1f,
    0xe1, 0x2, 0x1f, 0xe0,

    /* U+85CF "藏" */
    0x8, 0x43, 0xff, 0xc2, 0x14, 0x0, 0xb5, 0xff,
    0xa8, 0x21, 0xdd, 0x42, 0xfa, 0x74, 0xd2, 0xbd,
    0x15, 0x88, 0xaf, 0xd6, 0x9, 0x80,

    /* U+85D0 "藐" */
    0x8, 0x47, 0xff, 0xc2, 0x10, 0x30, 0x8f, 0x1f,
    0x26, 0x88, 0xc7, 0xd9, 0x22, 0x39, 0xf6, 0x45,
    0xe, 0x29, 0x92, 0x53, 0xb3, 0x80,

    /* U+85D5 "藕" */
    0x8, 0x87, 0xff, 0xc2, 0x20, 0x47, 0xef, 0xe9,
    0x11, 0xfb, 0xea, 0x44, 0x7e, 0x7b, 0xfb, 0xd5,
    0x7a, 0xfb, 0x44, 0x12, 0x23, 0x80,

    /* U+85E4 "藤" */
    0x10, 0x8f, 0xff, 0x10, 0x87, 0x52, 0x51, 0x45,
    0x7f, 0x71, 0x5, 0x6f, 0x74, 0xb9, 0xaa, 0x93,
    0xc9, 0x4a, 0xb1, 0x0,

    /* U+85FB "藻" */
    0x10, 0x8f, 0xff, 0x10, 0x84, 0x7c, 0x24, 0x40,
    0x7c, 0xce, 0xf7, 0x29, 0xe, 0xf7, 0xff, 0x43,
    0x8c, 0xd6, 0x91, 0x10,

    /* U+8611 "蘑" */
    0x18, 0xc7, 0xff, 0xc6, 0xb0, 0xff, 0xf4, 0x84,
    0x2f, 0x79, 0x5b, 0x4d, 0x29, 0x7f, 0xfa, 0x20,
    0x13, 0xfd, 0x70, 0x28, 0xff, 0x0,

    /* U+8638 "蘸" */
    0x10, 0x8f, 0xff, 0x10, 0x8f, 0xd4, 0x31, 0xff,
    0xf4, 0xb5, 0xfb, 0x54, 0xcd, 0xef, 0xdf, 0x84,
    0xf, 0xed, 0x86, 0xb0,

    /* U+864E "虎" */
    0x6, 0x0, 0x7e, 0x6, 0x7, 0xff, 0x46, 0x15,
    0xfc, 0x46, 0x14, 0x1e, 0x4f, 0x84, 0x88, 0x48,
    0x99, 0x89, 0xb0, 0xf0,

    /* U+864F "虏" */
    0x2, 0x0, 0x1f, 0x80, 0x80, 0xff, 0xf4, 0x21,
    0x2f, 0xf1, 0x8, 0x28, 0x7e, 0x41, 0x2, 0xff,
    0x90, 0x85, 0xc, 0x2b, 0x8e, 0x0,

    /* U+8650 "虐" */
    0x2, 0x0, 0x1f, 0x0, 0x80, 0xff, 0xf4, 0x21,
    0x2f, 0xe9, 0xf, 0xc8, 0x0, 0x4f, 0xe2, 0x40,
    0x1f, 0xff, 0x90, 0x8, 0xff, 0x0,

    /* U+8651 "虑" */
    0x2, 0x0, 0x3e, 0x2, 0x7, 0xff, 0x42, 0x15,
    0xfc, 0x42, 0x14, 0x3f, 0x40, 0x5, 0x52, 0x54,
    0x3a, 0x45, 0x87, 0xc0,

    /* U+865A "虚" */
    0x2, 0x0, 0x3e, 0x2, 0x7, 0xff, 0x42, 0x15,
    0xfc, 0x42, 0x14, 0x3f, 0x44, 0x85, 0x4a, 0x54,
    0xc8, 0x48, 0xbf, 0xf0,

    /* U+866B "虫" */
    0x2, 0x0, 0x10, 0x0, 0x80, 0xff, 0xe4, 0x21,
    0x21, 0x9, 0x8, 0x4f, 0xfe, 0x2, 0x0, 0x11,
    0x0, 0x85, 0xff, 0xf0, 0x0, 0x80,

    /* U+8671 "虱" */
    0x7f, 0xe0, 0x1, 0x1f, 0xc8, 0x10, 0x47, 0xf2,
    0x24, 0x91, 0x24, 0x8f, 0xe4, 0x8, 0x20, 0x49,
    0x7f, 0xea, 0x1, 0xb0,

    /* U+8679 "虹" */
    0x20, 0x2, 0x0, 0x27, 0xff, 0x88, 0xa8, 0x8a,
    0x88, 0xa8, 0x8f, 0x88, 0xa0, 0x82, 0x88, 0x38,
    0x8c, 0x7f,

    /* U+867D "虽" */
    0x7f, 0xc6, 0x4, 0x7f, 0xc0, 0x20, 0x2, 0x7,
    0xfe, 0x42, 0x24, 0x22, 0x7f, 0xe4, 0x20, 0x2,
    0x4f, 0xfe, 0x0, 0x0,

    /* U+867E "虾" */
    0x10, 0x0, 0x4f, 0xf1, 0x4, 0x1f, 0x10, 0x54,
    0x41, 0x51, 0x85, 0x45, 0x9f, 0x12, 0x50, 0x40,
    0x51, 0x1, 0x44, 0x3f, 0x10, 0x0, 0x40,

    /* U+8680 "蚀" */
    0x20, 0x42, 0x2, 0x1e, 0x10, 0x97, 0xec, 0xa5,
    0x51, 0x28, 0x89, 0x44, 0x7e, 0x20, 0x41, 0x2,
    0x8e, 0x14, 0x6f, 0xe0, 0x0, 0x0,

    /* U+8681 "蚁" */
    0x10, 0x0, 0x45, 0x21, 0x14, 0x9f, 0x5e, 0x55,
    0x11, 0x54, 0x45, 0x49, 0x1f, 0x28, 0x50, 0xa0,
    0x51, 0x1, 0x4e, 0x3f, 0x6c, 0x3, 0x18,

    /* U+8682 "蚂" */
    0x20, 0x1, 0x1f, 0x8, 0x9, 0xf4, 0x4a, 0xa2,
    0x55, 0x12, 0xaf, 0xff, 0x1, 0xa0, 0x11, 0x3e,
    0x8e, 0x5, 0x90, 0x20, 0x7, 0x0,

    /* U+868A "蚊" */
    0x20, 0x81, 0x6, 0x8, 0x11, 0xf7, 0xfa, 0x91,
    0x54, 0x92, 0xa4, 0x9f, 0x14, 0xa0, 0xc1, 0x42,
    0xa, 0x39, 0xee, 0x60, 0x61, 0x80,

    /* U+868C "蚌" */
    0x20, 0x82, 0x8, 0x20, 0x8f, 0xff, 0xa8, 0x8a,
    0x88, 0xab, 0xef, 0x88, 0xa0, 0x82, 0xff, 0x28,
    0x8f, 0xc8, 0x0, 0x80,

    /* U+8693 "蚓" */
    0x10, 0x8, 0x9e, 0x44, 0x12, 0xf8, 0x95, 0x7c,
    0xab, 0x85, 0x5c, 0x2f, 0xf9, 0x50, 0x48, 0xa2,
    0x45, 0x12, 0xf0, 0x90, 0x18, 0x80,

    /* U+8695 "蚕" */
    0x7f, 0xe0, 0xc0, 0xff, 0xf1, 0x10, 0x30, 0x86,
    0x46, 0xff, 0xf2, 0x44, 0x3f, 0xc0, 0x40, 0x4,
    0x6f, 0xfe, 0x0, 0x0,

    /* U+869C "蚜" */
    0x20, 0x1, 0x1f, 0xc8, 0x9, 0xf4, 0x4a, 0xa2,
    0x55, 0x12, 0xaf, 0xff, 0xc, 0xa0, 0xa1, 0x49,
    0xa, 0x89, 0xf0, 0x40, 0xe, 0x0,

    /* U+86A3 "蚣" */
    0x21, 0x41, 0x9, 0x8, 0x49, 0xf4, 0x4a, 0xa1,
    0x57, 0xa, 0xa2, 0x1f, 0x10, 0xa1, 0x81, 0x49,
    0xa, 0x49, 0xf4, 0xe0, 0x79, 0x0,

    /* U+86A4 "蚤" */
    0x7f, 0xe0, 0xb3, 0x6, 0x30, 0xe, 0x1, 0xdc,
    0x71, 0x18, 0xff, 0x84, 0x44, 0x3f, 0xe0, 0x12,
    0x0, 0x98, 0xff, 0xe0, 0x1, 0x0,

    /* U+86AA "蚪" */
    0x20, 0x21, 0x1, 0x8, 0x69, 0xf1, 0x4a, 0x82,
    0x55, 0x12, 0xa6, 0x9f, 0x4, 0xa0, 0x29, 0x9f,
    0x8a, 0x9, 0xf0, 0x40, 0x2, 0x0,

    /* U+86AF "蚯" */
    0x20, 0x31, 0xf, 0x8, 0x41, 0xf2, 0xa, 0x90,
    0x54, 0xfe, 0xa4, 0x9f, 0x24, 0xa1, 0x21, 0x49,
    0xa, 0x49, 0xf2, 0x40, 0x7f, 0x80,

    /* U+86C0 "蛀" */
    0x21, 0x2, 0x8, 0x20, 0x8f, 0xff, 0xa8, 0x8a,
    0x88, 0xa8, 0x8f, 0xbe, 0xa0, 0x82, 0x88, 0x28,
    0x8f, 0x88, 0x7, 0xf0,

    /* U+86C6 "蛆" */
    0x20, 0x2, 0x3e, 0x22, 0x2f, 0xa2, 0xab, 0xea,
    0xa2, 0xaa, 0x2f, 0xa2, 0xa3, 0xe2, 0xa2, 0x2a,
    0x2f, 0xa2, 0x7, 0xf0,

    /* U+86C7 "蛇" */
    0x20, 0x82, 0xc, 0x23, 0xff, 0xa1, 0xaa, 0x1a,
    0x90, 0xa9, 0x3f, 0x94, 0xa1, 0x82, 0x90, 0x29,
    0x1f, 0x51, 0x1, 0xf0,

    /* U+86C9 "蛉" */
    0x20, 0x41, 0x6, 0x8, 0x39, 0xf2, 0x4a, 0xb1,
    0x57, 0x66, 0xa0, 0x1f, 0x3e, 0xa0, 0x11, 0x41,
    0xa, 0x51, 0xf1, 0x80, 0x6, 0x0,

    /* U+86CB "蛋" */
    0x7f, 0xf8, 0x48, 0x61, 0x3d, 0xa, 0x80, 0x67,
    0xf9, 0x0, 0x3, 0xff, 0x8, 0x84, 0x3f, 0xf0,
    0x9, 0x0, 0x27, 0x1f, 0xfe, 0x0, 0x8,

    /* U+86D4 "蛔" */
    0x10, 0x0, 0x8f, 0xc4, 0x82, 0xfc, 0x15, 0x6e,
    0xab, 0x55, 0x5a, 0xaf, 0xd5, 0x16, 0xe8, 0xb0,
    0x47, 0x82, 0xcb, 0xf0, 0x20, 0x80,

    /* U+86D9 "蛙" */
    0x20, 0x82, 0x8, 0x23, 0xff, 0x88, 0xa8, 0x8a,
    0xff, 0xa8, 0xf, 0x88, 0xa3, 0xf2, 0x88, 0x28,
    0x8f, 0x88, 0x7, 0xf0,

    /* U+86DB "蛛" */
    0x20, 0x81, 0x14, 0x8, 0xa1, 0xf7, 0xea, 0xa8,
    0x56, 0x42, 0xbf, 0xff, 0x38, 0xa1, 0xc1, 0x55,
    0xe, 0xad, 0x89, 0x30, 0x8, 0x0,

    /* U+86E4 "蛤" */
    0x10, 0xc0, 0x86, 0x4, 0x30, 0xfa, 0x45, 0x53,
    0x2b, 0xf9, 0x50, 0xf, 0x3e, 0x16, 0x10, 0xb0,
    0x9f, 0x84, 0x83, 0xe0, 0x21, 0x0,

    /* U+86EE "蛮" */
    0x6, 0xf, 0xff, 0x9, 0x2, 0x94, 0x49, 0x24,
    0x93, 0x4, 0x7, 0xfe, 0x44, 0x27, 0xfe, 0x4,
    0x40, 0x46, 0xff, 0xf0, 0x0,

    /* U+86F9 "蛹" */
    0x20, 0x2, 0x3f, 0x20, 0x6f, 0x98, 0xab, 0xfa,
    0xc9, 0xac, 0x9f, 0xbf, 0xa4, 0x92, 0xbf, 0x3c,
    0x9c, 0xc9, 0x4, 0xf0,

    /* U+86FE "蛾" */
    0x20, 0xa0, 0x9c, 0xa7, 0x92, 0x5a, 0x48, 0x6f,
    0xfd, 0xa4, 0x86, 0x92, 0x9e, 0x4a, 0x27, 0xb0,
    0xa4, 0xc1, 0x93, 0x5a, 0x55, 0x3, 0x8,

    /* U+8700 "蜀" */
    0x7f, 0xf4, 0x91, 0x7f, 0xf1, 0x0, 0x3f, 0xfc,
    0x41, 0x3f, 0x92, 0x49, 0x3f, 0x90, 0x51, 0x7f,
    0xb0, 0xe,

    /* U+8702 "蜂" */
    0x10, 0x80, 0x43, 0xc1, 0x11, 0x1f, 0xe8, 0x54,
    0x61, 0x52, 0xc5, 0x74, 0x9f, 0x7e, 0x50, 0x40,
    0x53, 0x81, 0xff, 0x9d, 0x10, 0x0, 0x40,

    /* U+8708 "蜈" */
    0x20, 0x1, 0x1f, 0x88, 0x85, 0xf4, 0x2a, 0xbf,
    0x54, 0x2, 0xbf, 0xdf, 0x10, 0xa7, 0xf9, 0x4c,
    0xe, 0x51, 0x94, 0x60, 0x40, 0x0,

    /* U+8712 "蜒" */
    0x40, 0x12, 0x77, 0xbc, 0x89, 0xa8, 0x4d, 0x4a,
    0x6f, 0x5b, 0x4a, 0x9e, 0x54, 0xd6, 0xa2, 0xb5,
    0x15, 0xbd, 0xee, 0x0, 0x9f, 0x0,

    /* U+8713 "蜓" */
    0x40, 0x4, 0xee, 0xf2, 0x4d, 0x44, 0xd4, 0x4d,
    0xff, 0xd2, 0x4f, 0x24, 0xd6, 0x45, 0x7f, 0x36,
    0xd, 0x70, 0x8, 0xf0,

    /* U+8715 "蜕" */
    0x22, 0x31, 0x9, 0x8, 0x59, 0xf7, 0xea, 0xc1,
    0x56, 0xa, 0xb0, 0x5f, 0x7e, 0xa1, 0x41, 0x4a,
    0xa, 0x93, 0xf4, 0x90, 0x47, 0x80,

    /* U+8717 "蜗" */
    0x40, 0x2, 0x1f, 0x90, 0x85, 0xe7, 0xed, 0x8,
    0x68, 0x43, 0x5f, 0xfe, 0x91, 0xc4, 0xca, 0xab,
    0x55, 0x4b, 0xf8, 0x10, 0x47, 0x0,

    /* U+8718 "蜘" */
    0x22, 0x1, 0x10, 0x8, 0xfe, 0xfa, 0x56, 0xd2,
    0xb4, 0x95, 0xbf, 0xaf, 0x25, 0x61, 0x29, 0x4d,
    0x4a, 0xab, 0xf4, 0x70, 0x42, 0x80,

    /* U+871C "蜜" */
    0x4, 0xf, 0xff, 0x8c, 0x15, 0x14, 0x5e, 0x77,
    0xfc, 0xc0, 0x7, 0xfe, 0x44, 0x27, 0xfe, 0x4,
    0x40, 0x46, 0xff, 0xf0, 0x1,

    /* U+8721 "蜡" */
    0x21, 0x21, 0x9, 0x8, 0xff, 0xf2, 0x4a, 0x92,
    0x57, 0xfe, 0xa0, 0x1f, 0x7e, 0xa2, 0x11, 0x5f,
    0x8a, 0x85, 0xf4, 0x28, 0x7f, 0x0,

    /* U+873B "蜻" */
    0x20, 0x81, 0x3f, 0x88, 0x21, 0xf7, 0xea, 0x88,
    0x55, 0xba, 0xaf, 0xdf, 0x42, 0xa3, 0xf1, 0x50,
    0x8a, 0xfd, 0xf4, 0x20, 0x27, 0x0,

    /* U+8747 "蝇" */
    0x20, 0x2, 0x3e, 0x22, 0x2f, 0xbe, 0xa8, 0x8a,
    0xbf, 0xac, 0x9f, 0xbf, 0xa4, 0x92, 0xbf, 0x3c,
    0x9e, 0x89, 0x0, 0xf0,

    /* U+8749 "蝉" */
    0x22, 0x21, 0x9, 0x8, 0x51, 0xf7, 0xea, 0xc9,
    0x55, 0xfa, 0xb2, 0x5f, 0x7e, 0xa0, 0x81, 0x4,
    0xb, 0xff, 0xf1, 0x0, 0x8, 0x0,

    /* U+874C "蝌" */
    0x20, 0x88, 0x9c, 0x27, 0x92, 0x9a, 0x46, 0x6f,
    0xc9, 0xa5, 0xa6, 0xb3, 0x9e, 0xe2, 0x27, 0x4c,
    0xb5, 0xe1, 0x90, 0x9a, 0x42, 0x1, 0x8,

    /* U+874E "蝎" */
    0x40, 0x4, 0x7f, 0x44, 0x1f, 0x7f, 0xd4, 0x1d,
    0x7f, 0xd4, 0xf, 0x7f, 0xc8, 0x95, 0x59, 0x56,
    0x57, 0x7d, 0x0, 0x70,

    /* U+8757 "蝗" */
    0x10, 0x40, 0x41, 0x1, 0x1f, 0x9f, 0x42, 0x55,
    0xf9, 0x54, 0x25, 0x5f, 0x9f, 0xfe, 0x50, 0x40,
    0x57, 0xe1, 0xc4, 0x1f, 0x10, 0x3, 0xfc,

    /* U+8759 "蝙" */
    0x40, 0x84, 0x8, 0x47, 0xff, 0x41, 0xd7, 0xfd,
    0x40, 0xd7, 0xff, 0x6d, 0xc6, 0xd5, 0xbf, 0x5a,
    0xde, 0xad, 0x2, 0xb0,

    /* U+8760 "蝠" */
    0x10, 0x0, 0x4f, 0xf1, 0x0, 0x1f, 0x7e, 0x55,
    0x9, 0x57, 0xe5, 0x40, 0x1f, 0xff, 0x52, 0x44,
    0x5f, 0xf1, 0x64, 0x5f, 0x91, 0x7, 0xfc,

    /* U+8774 "蝴" */
    0x21, 0x1, 0x9, 0xc8, 0x4a, 0xff, 0xd6, 0x93,
    0xb4, 0x95, 0xa4, 0xaf, 0x75, 0x7a, 0xb9, 0x55,
    0x46, 0xea, 0xf4, 0x90, 0xd, 0x80,

    /* U+8776 "蝶" */
    0x40, 0xa2, 0x25, 0x13, 0xfd, 0xe9, 0x4d, 0x4e,
    0x6a, 0x3, 0x5f, 0xde, 0x10, 0xcf, 0xf2, 0x8e,
    0xc, 0xe9, 0x89, 0x20, 0x88, 0x0,

    /* U+8783 "螃" */
    0x40, 0x84, 0x7f, 0xf2, 0x2d, 0x14, 0xd7, 0xfd,
    0x41, 0xd0, 0x8f, 0x7f, 0xc1, 0x5, 0x1e, 0x53,
    0x2f, 0x22, 0x4, 0xe0,

    /* U+878D "融" */
    0x0, 0x47, 0xf2, 0x0, 0x10, 0xfb, 0xe4, 0x55,
    0x1c, 0xab, 0xfd, 0x55, 0x7e, 0xaa, 0x45, 0xd2,
    0xa4, 0x95, 0x25, 0xe9, 0x78, 0x80,

    /* U+879F "螟" */
    0x40, 0x2, 0x3f, 0xd1, 0x3, 0xe7, 0xed, 0x21,
    0x69, 0xfb, 0x48, 0x5e, 0x7e, 0x50, 0x82, 0xbf,
    0xcc, 0x49, 0x96, 0x60, 0x61, 0x80,

    /* U+87BA "螺" */
    0x40, 0x2, 0x3f, 0x91, 0x25, 0xef, 0xed, 0x49,
    0x6b, 0xfb, 0x4d, 0x9e, 0xf0, 0xc3, 0xf2, 0xb4,
    0x4c, 0xa9, 0x99, 0x20, 0x18, 0x0,

    /* U+87C0 "蟀" */
    0x40, 0x82, 0x4, 0x13, 0xff, 0xe1, 0xd, 0x55,
    0x68, 0xc3, 0x4b, 0xdf, 0xfc, 0xc0, 0x82, 0xff,
    0xd4, 0x21, 0xe1, 0x0, 0x8, 0x0,

    /* U+87C6 "蟆" */
    0x21, 0x21, 0x3f, 0xfe, 0x49, 0x57, 0xea, 0xa1,
    0x55, 0xfa, 0xa8, 0x5f, 0x7e, 0x28, 0x81, 0x7f,
    0xde, 0x31, 0x12, 0x40, 0x61, 0x80,

    /* U+87CB "蟋" */
    0x40, 0x32, 0x3e, 0x10, 0xa5, 0xe3, 0x4d, 0x7f,
    0xe8, 0xe3, 0x4a, 0xde, 0x93, 0xc0, 0x82, 0xaa,
    0x95, 0x45, 0xea, 0x50, 0x1e, 0x0,

    /* U+87E5 "蟥" */
    0x41, 0x24, 0x12, 0x47, 0xff, 0x12, 0xd7, 0xfd,
    0x8, 0xd7, 0xff, 0x49, 0xc7, 0xf5, 0x7f, 0x31,
    0x4c, 0xa2, 0x4, 0x10,

    /* U+87F9 "蟹" */
    0x20, 0x3, 0xdf, 0xbf, 0x25, 0xae, 0x67, 0xdf,
    0x3e, 0x23, 0x5f, 0xf0, 0x48, 0x3f, 0xe1, 0x11,
    0xf, 0xf8, 0x4, 0x87, 0xfe, 0x0, 0x0,

    /* U+8815 "蠕" */
    0x40, 0x4, 0x7f, 0x40, 0x8f, 0xff, 0xdf, 0xfd,
    0x7e, 0xd0, 0x8f, 0xff, 0xc1, 0x5, 0x7f, 0x55,
    0x5f, 0x55, 0x5, 0x70,

    /* U+8822 "蠢" */
    0x4, 0xf, 0xfe, 0x7f, 0xef, 0xff, 0x3f, 0xce,
    0xf, 0x3f, 0x83, 0xf8, 0xfb, 0xfa, 0xa9, 0xfb,
    0xf2, 0x8a, 0xff, 0xf0,

    /* U+8840 "血" */
    0x2, 0x0, 0x30, 0x1, 0x0, 0xff, 0xe4, 0x89,
    0x24, 0x49, 0x22, 0x49, 0x12, 0x48, 0x92, 0x44,
    0x92, 0x25, 0xff, 0xf0,

    /* U+8845 "衅" */
    0x18, 0x20, 0x44, 0x91, 0x12, 0x9f, 0xaa, 0x6a,
    0xa1, 0xaf, 0xf6, 0xa2, 0x1a, 0x88, 0x6b, 0xfd,
    0xa8, 0x87, 0xe2, 0x10, 0x8, 0x0, 0x20,

    /* U+884C "行" */
    0x10, 0x1, 0x1f, 0xd0, 0x1, 0x10, 0x1, 0x0,
    0x13, 0xfd, 0x80, 0x94, 0x4, 0x20, 0x21, 0x1,
    0x8, 0x8, 0x40, 0x42, 0x1e, 0x0,

    /* U+884D "衍" */
    0x0, 0x1, 0x37, 0xd0, 0x81, 0x20, 0x3, 0x0,
    0x16, 0x7d, 0x88, 0x94, 0x4, 0x21, 0x21, 0x11,
    0x9, 0x88, 0x48, 0x42, 0x6, 0x0,

    /* U+8854 "衔" */
    0x0, 0x1, 0x23, 0xd9, 0xe1, 0x90, 0x1, 0x80,
    0x13, 0xfd, 0x88, 0x45, 0xf2, 0x22, 0x11, 0x10,
    0x88, 0xa4, 0x46, 0x22, 0x7, 0x0,

    /* U+8857 "街" */
    0x12, 0x1, 0x11, 0xd3, 0xe0, 0x24, 0x1, 0x20,
    0x17, 0xdd, 0x88, 0x5c, 0x42, 0x2f, 0x91, 0x10,
    0x88, 0x84, 0x5f, 0x22, 0x7, 0x0,

    /* U+8859 "衙" */
    0x10, 0x1, 0x7f, 0xd0, 0x80, 0x3f, 0x3, 0x28,
    0x12, 0x5d, 0xbf, 0x44, 0x2, 0x27, 0x91, 0x24,
    0x89, 0x24, 0x4f, 0x22, 0x43, 0x0,

    /* U+8861 "衡" */
    0x24, 0x1, 0x3d, 0xd2, 0x40, 0x5f, 0x83, 0xa7,
    0xb7, 0xe9, 0xa9, 0x45, 0xfa, 0x22, 0x11, 0x7e,
    0x89, 0xc4, 0x49, 0x22, 0x83, 0x0,

    /* U+8863 "衣" */
    0x6, 0x0, 0x20, 0xff, 0xf0, 0x60, 0xa, 0x3,
    0x12, 0x71, 0x49, 0x18, 0x10, 0x81, 0x4, 0x17,
    0x63, 0x81, 0x20, 0x0,

    /* U+8865 "补" */
    0x20, 0x80, 0x84, 0x4, 0x21, 0xf9, 0x0, 0x88,
    0x4, 0x70, 0x5a, 0xc7, 0x93, 0xd4, 0x80, 0x84,
    0x4, 0x20, 0x21, 0x1, 0x8, 0x0,

    /* U+8868 "表" */
    0x6, 0x7, 0xff, 0x6, 0x0, 0x60, 0x7f, 0xe0,
    0x60, 0xff, 0xf0, 0xa0, 0x11, 0x2f, 0x1c, 0x90,
    0x81, 0x66, 0x38, 0x30, 0x0,

    /* U+8869 "衩" */
    0x20, 0x0, 0x3f, 0xbf, 0x4, 0x25, 0x21, 0x26,
    0x15, 0x11, 0xc5, 0x15, 0x38, 0x20, 0x81, 0xa,
    0x9, 0x8c, 0x48, 0x20,

    /* U+886B "衫" */
    0x20, 0x20, 0x6, 0x3e, 0xe0, 0x24, 0x1, 0x3,
    0x14, 0x61, 0xce, 0x15, 0x3, 0x20, 0x31, 0x3,
    0x8, 0x60, 0x4c, 0x0,

    /* U+886C "衬" */
    0x30, 0x10, 0x60, 0x47, 0xc1, 0x3, 0x7f, 0x8,
    0x10, 0x42, 0x43, 0xc9, 0x1f, 0x34, 0x56, 0x50,
    0x40, 0x41, 0x1, 0x4, 0x4, 0x10, 0x70,

    /* U+8870 "衰" */
    0x4, 0xf, 0xff, 0x0, 0x3, 0xfc, 0x20, 0x4f,
    0xff, 0x20, 0x43, 0xfc, 0xa, 0x23, 0x16, 0xd0,
    0x81, 0x66, 0x18, 0x30,

    /* U+8877 "衷" */
    0x6, 0xf, 0xff, 0x4, 0x7, 0xfe, 0x44, 0x24,
    0x42, 0x7f, 0xe0, 0x40, 0xe, 0x27, 0x3c, 0x91,
    0x81, 0x2c, 0x3c, 0x30,

    /* U+8881 "袁" */
    0x3, 0x0, 0xff, 0xc0, 0x30, 0x1f, 0xfe, 0x0,
    0x0, 0x7f, 0xc1, 0x3, 0x7, 0xfc, 0x5, 0x10,
    0xe2, 0x84, 0x84, 0x3, 0xcc, 0x18, 0x8,

    /* U+8884 "袄" */
    0x0, 0x0, 0x40, 0x71, 0x9e, 0x1f, 0x8, 0xc,
    0x20, 0x20, 0x81, 0x5f, 0xce, 0x8, 0xd4, 0x60,
    0x41, 0x41, 0xd, 0x4, 0x62, 0x13, 0x4,

    /* U+888B "袋" */
    0x12, 0x61, 0x88, 0x98, 0xff, 0xdb, 0xa, 0xc,
    0x93, 0x3c, 0x8, 0x1f, 0xff, 0xd, 0x11, 0x8f,
    0x34, 0x30, 0x3e, 0x61, 0x0, 0x80,

    /* U+888D "袍" */
    0x0, 0x1, 0x8, 0x8, 0xfd, 0xec, 0x21, 0x7d,
    0x11, 0x29, 0xa9, 0x4e, 0x4a, 0xab, 0xd1, 0x13,
    0x88, 0x80, 0x44, 0x12, 0x3f, 0x0,

    /* U+8892 "袒" */
    0x23, 0xf1, 0x1f, 0xbe, 0x84, 0x24, 0x21, 0x3f,
    0x15, 0x9, 0xc8, 0x55, 0x42, 0x23, 0xf1, 0x0,
    0x8, 0x0, 0x4f, 0xf0,

    /* U+8896 "袖" */
    0x10, 0x40, 0x82, 0x1e, 0x10, 0x17, 0xf0, 0xa4,
    0x89, 0x24, 0xe9, 0x2f, 0x7f, 0x5a, 0x48, 0x92,
    0x44, 0x92, 0x27, 0xf1, 0x20, 0x80,

    /* U+889C "袜" */
    0x40, 0x81, 0x4, 0x8, 0x20, 0xef, 0xf1, 0x8,
    0x10, 0x40, 0xdf, 0xee, 0x38, 0xa9, 0xa1, 0x15,
    0x89, 0xa4, 0x59, 0x12, 0x8, 0x0,

    /* U+88AB "被" */
    0x40, 0x81, 0x4, 0x8, 0x21, 0xef, 0xe1, 0x49,
    0x1a, 0x48, 0xbf, 0xce, 0xc4, 0xb5, 0x21, 0x2a,
    0x9, 0x30, 0x53, 0xc2, 0xe1, 0x0,

    /* U+88AD "袭" */
    0xc, 0x0, 0x8c, 0xff, 0xf0, 0x94, 0x11, 0x96,
    0xf1, 0x4, 0xef, 0xff, 0xe, 0x27, 0x14, 0x90,
    0xc1, 0xe7, 0x10, 0x0,

    /* U+88B1 "袱" */
    0x21, 0x41, 0x12, 0x80, 0x94, 0xe4, 0x81, 0x7f,
    0x93, 0x20, 0xe9, 0xe, 0x4c, 0xea, 0x61, 0x15,
    0x8, 0xa4, 0x45, 0x22, 0x30, 0x80,

    /* U+88C1 "裁" */
    0x10, 0x80, 0x85, 0x1f, 0xa4, 0x21, 0xf, 0xff,
    0x8c, 0x4b, 0xfe, 0x42, 0x1e, 0x6a, 0x67, 0x22,
    0x8, 0xb2, 0x73, 0x50, 0x33, 0x80,

    /* U+88C2 "裂" */
    0x0, 0x17, 0xfa, 0x87, 0x95, 0xc4, 0xa1, 0xc5,
    0x18, 0x9, 0xc, 0x9f, 0xff, 0xd, 0x11, 0x85,
    0x34, 0x10, 0x2e, 0x61, 0x80, 0x80,

    /* U+88C5 "装" */
    0x10, 0x46, 0x82, 0xd, 0xfe, 0x20, 0x87, 0x4,
    0x49, 0xfc, 0x8, 0x0, 0x60, 0xff, 0xf8, 0x68,
    0x8c, 0x29, 0xa0, 0x81, 0xf3, 0x80, 0x0,

    /* U+88C6 "裆" */
    0x10, 0x40, 0x92, 0x40, 0x52, 0xfa, 0xb0, 0x85,
    0xb, 0xfc, 0xf0, 0x2f, 0x81, 0x55, 0xf8, 0x80,
    0x44, 0x2, 0x27, 0xf1, 0x0, 0x80,

    /* U+88D5 "裕" */
    0x0, 0x2, 0x14, 0x22, 0x2f, 0xe9, 0x14, 0x83,
    0x14, 0x2b, 0x67, 0x63, 0xaf, 0xf2, 0x22, 0x22,
    0x22, 0x22, 0x23, 0xe0,

    /* U+88D9 "裙" */
    0x0, 0x1, 0x1f, 0x80, 0x24, 0xef, 0xf1, 0x9,
    0x18, 0x48, 0xaf, 0xce, 0x20, 0xeb, 0xf1, 0x38,
    0x88, 0x44, 0x43, 0xe2, 0x11, 0x0,

    /* U+88E4 "裤" */
    0x60, 0x41, 0x3f, 0xfd, 0x11, 0xe8, 0x81, 0x5f,
    0x92, 0x40, 0xb4, 0x8e, 0xbf, 0xac, 0x21, 0x21,
    0x9, 0xfe, 0x48, 0x42, 0x82, 0x0,

    /* U+88F3 "裳" */
    0x26, 0x42, 0x64, 0xff, 0xf8, 0x1, 0xbf, 0xd2,
    0x4, 0x3f, 0xc0, 0x60, 0xff, 0xf0, 0xe2, 0x31,
    0x4d, 0x8, 0x1e, 0x70, 0x0,

    /* U+88F8 "裸" */
    0x0, 0x0, 0x47, 0xe0, 0x14, 0x9f, 0x7e, 0x9,
    0x48, 0x57, 0xe3, 0x84, 0x1d, 0xff, 0x54, 0x60,
    0x43, 0x41, 0x14, 0x85, 0x91, 0x10, 0x40,

    /* U+88F9 "裹" */
    0x2, 0x3, 0xff, 0xc0, 0x0, 0x7f, 0xe3, 0xff,
    0x1f, 0xf9, 0xff, 0xe1, 0xd8, 0x73, 0x38, 0x69,
    0x9e, 0x30, 0x14, 0xe1, 0xc0, 0x80,

    /* U+8902 "褂" */
    0x21, 0x10, 0x84, 0x42, 0x11, 0x1d, 0xf4, 0x11,
    0x10, 0xdf, 0x43, 0x11, 0x9c, 0x47, 0x27, 0xd0,
    0x84, 0x42, 0x11, 0x9, 0xf4, 0x20, 0x10,

    /* U+8910 "褐" */
    0x0, 0x2, 0x3f, 0x22, 0x1f, 0xbf, 0x12, 0x12,
    0x9e, 0x3b, 0xf7, 0xa5, 0xac, 0x5a, 0x2d, 0x23,
    0x32, 0x3f, 0x20, 0x30,

    /* U+8912 "褒" */
    0x2, 0xf, 0xdf, 0x2f, 0xe6, 0x82, 0xe7, 0xcb,
    0xff, 0x27, 0x43, 0x93, 0x6, 0x3, 0xa6, 0xd1,
    0x81, 0x2e, 0x3c, 0x10,

    /* U+8925 "褥" */
    0x0, 0x1, 0x3f, 0xc9, 0x0, 0xeb, 0xe1, 0x7f,
    0x8a, 0x94, 0xd5, 0xce, 0xb7, 0x64, 0x21, 0x3f,
    0xca, 0x48, 0x51, 0x42, 0x86, 0x0,

    /* U+892A "褪" */
    0x0, 0x0, 0x93, 0xe0, 0x28, 0x9c, 0xbe, 0x10,
    0x88, 0x5b, 0xe2, 0xa8, 0x1c, 0xaa, 0xea, 0x90,
    0x8b, 0xa2, 0x28, 0x89, 0xc0, 0x28, 0xfc,

    /* U+895F "襟" */
    0x22, 0x21, 0x11, 0x1, 0xfe, 0xf6, 0x61, 0x66,
    0x94, 0x0, 0xcf, 0xcd, 0x0, 0x27, 0xf9, 0x4,
    0x8, 0xa4, 0x49, 0x12, 0x18, 0x0,

    /* U+897F "西" */
    0xff, 0xf0, 0x90, 0x9, 0x7, 0xfe, 0x49, 0x24,
    0x92, 0x51, 0x27, 0x1e, 0x40, 0x24, 0x2, 0x7f,
    0xe4, 0x2,

    /* U+8981 "要" */
    0xff, 0xf8, 0x44, 0x1f, 0xfc, 0x91, 0x24, 0x89,
    0x3f, 0xf8, 0x30, 0x1f, 0xff, 0x10, 0x41, 0xc4,
    0x1, 0xe1, 0xf8, 0xf0,

    /* U+8986 "覆" */
    0xff, 0xf7, 0xfe, 0x49, 0x23, 0x6c, 0x4f, 0xfb,
    0xfe, 0x27, 0xe4, 0x42, 0xc3, 0xc4, 0x7e, 0x5a,
    0xc5, 0xf7,

    /* U+89C1 "见" */
    0x3f, 0xe1, 0x1, 0x8, 0x88, 0x44, 0x42, 0x22,
    0x11, 0x10, 0x88, 0x84, 0xa4, 0x5, 0x0, 0x68,
    0x46, 0x43, 0xc3, 0xe0,

    /* U+89C2 "观" */
    0xfb, 0xf0, 0x50, 0x82, 0xa4, 0x95, 0x27, 0xa9,
    0x19, 0x48, 0x4a, 0x46, 0x5a, 0x29, 0x43, 0x4a,
    0x70, 0x92, 0x8, 0xf0,

    /* U+89C4 "规" */
    0x20, 0x1, 0x1f, 0x88, 0x85, 0xf5, 0x22, 0x29,
    0x11, 0x4b, 0xea, 0x44, 0x52, 0x32, 0xd1, 0x8e,
    0x12, 0x72, 0x85, 0x98, 0xc7, 0x0,

    /* U+89C5 "觅" */
    0x0, 0x23, 0xfe, 0x88, 0x88, 0x44, 0x41, 0x24,
    0x1f, 0xf0, 0x80, 0x84, 0x44, 0x22, 0x21, 0x19,
    0x1, 0x40, 0x32, 0x16, 0x1f, 0x80,

    /* U+89C6 "视" */
    0x0, 0x1, 0x1f, 0x80, 0x84, 0xf4, 0xa1, 0xa5,
    0x9, 0x28, 0xc9, 0x4f, 0x52, 0xaa, 0xd1, 0x6,
    0x8, 0x52, 0x44, 0x92, 0x47, 0x80,

    /* U+89C8 "览" */
    0x8, 0x82, 0x4c, 0x12, 0x7e, 0x96, 0x84, 0xa2,
    0x0, 0x0, 0xff, 0x84, 0x4, 0x22, 0x21, 0x11,
    0x1, 0xc0, 0x3a, 0x1f, 0x1f, 0x0,

    /* U+89C9 "觉" */
    0x44, 0x42, 0x44, 0xff, 0xf8, 0x1, 0xbf, 0xd2,
    0x4, 0x24, 0x42, 0x44, 0x26, 0x40, 0xa0, 0x12,
    0x1e, 0x3f,

    /* U+89D2 "角" */
    0x8, 0x1, 0xfc, 0x21, 0x87, 0xff, 0xe2, 0x12,
    0x21, 0x3f, 0xf2, 0x21, 0x22, 0x13, 0xff, 0x62,
    0x14, 0x21, 0xc2, 0xf0,

    /* U+89E3 "解" */
    0x20, 0x1, 0xcf, 0xd2, 0x12, 0xf9, 0x1d, 0x5b,
    0x2a, 0x81, 0x52, 0x8f, 0xbf, 0x55, 0x23, 0xef,
    0xd5, 0x9, 0x28, 0x48, 0xc2, 0x0,

    /* U+89E6 "触" */
    0x20, 0x41, 0xc2, 0x12, 0x10, 0x93, 0xef, 0xd5,
    0x2a, 0xa9, 0xf5, 0x4a, 0xbe, 0x54, 0x43, 0xe2,
    0x15, 0x14, 0xab, 0xe9, 0xd0, 0x80,

    /* U+8A00 "言" */
    0x6, 0x0, 0x18, 0x3f, 0xfe, 0x0, 0x3, 0xfe,
    0x0, 0x0, 0xff, 0x80, 0x0, 0x0, 0x1, 0xff,
    0x8, 0x8, 0x40, 0x43, 0xfe, 0x0,

    /* U+8A89 "誉" */
    0x26, 0x21, 0x92, 0x3f, 0xfe, 0x20, 0x86, 0x23,
    0x4e, 0xe4, 0xff, 0x80, 0x0, 0x1f, 0xc1, 0xff,
    0x8, 0x8, 0x7f, 0xc0,

    /* U+8A8A "誊" */
    0x22, 0x41, 0x48, 0x7f, 0xe0, 0x80, 0xff, 0xf3,
    0x8, 0xc2, 0x73, 0xd8, 0x3f, 0xc3, 0xfc, 0x3f,
    0xc2, 0x4, 0x3f, 0xc0,

    /* U+8A93 "誓" */
    0x20, 0x6f, 0xb8, 0x22, 0x3, 0xbf, 0xe6, 0x46,
    0x44, 0x4, 0xf, 0xbf, 0x3f, 0xc3, 0xfc, 0x3f,
    0xc2, 0x4, 0x3f, 0xc0,

    /* U+8B66 "警" */
    0x28, 0x8f, 0xef, 0x7d, 0xaf, 0x46, 0x54, 0xe6,
    0xf9, 0x2, 0x7, 0xdf, 0x3f, 0xe3, 0xfe, 0x3f,
    0xe2, 0x2, 0x3f, 0xe0,

    /* U+8B6C "譬" */
    0x0, 0x43, 0xef, 0xdf, 0x24, 0x87, 0xff, 0xdf,
    0xfe, 0x20, 0x8, 0x1f, 0xbf, 0x3f, 0xe1, 0xff,
    0xf, 0xf8, 0x40, 0x43, 0xfe, 0x0,

    /* U+8BA1 "计" */
    0x41, 0x82, 0x18, 0x11, 0x80, 0x18, 0x1, 0x8e,
    0xff, 0x21, 0x82, 0x18, 0x21, 0x82, 0x18, 0x39,
    0x82, 0x18, 0x1, 0x80,

    /* U+8BA2 "订" */
    0x40, 0x6, 0xff, 0x20, 0x80, 0x8, 0x0, 0x8e,
    0x8, 0x20, 0x82, 0x8, 0x20, 0x82, 0x88, 0x38,
    0x82, 0x8, 0x3, 0x80,

    /* U+8BA4 "认" */
    0x40, 0x83, 0x4, 0xc, 0x20, 0x1, 0x0, 0x8,
    0x70, 0x40, 0x82, 0x4, 0x18, 0x21, 0x41, 0xa,
    0xe, 0xc8, 0x64, 0x40, 0x41, 0x80,

    /* U+8BA5 "讥" */
    0x0, 0x3, 0x1e, 0xc, 0x90, 0x4, 0x80, 0x24,
    0x71, 0x20, 0x89, 0x4, 0x48, 0x22, 0x41, 0x12,
    0xf, 0x12, 0x68, 0x90, 0x87, 0x80,

    /* U+8BA8 "讨" */
    0x40, 0x23, 0x1, 0xc, 0x8, 0xf, 0xf0, 0x7f,
    0xf0, 0x10, 0x88, 0x84, 0x24, 0x21, 0x21, 0x1,
    0xa, 0x8, 0x60, 0x46, 0xe, 0x0,

    /* U+8BA9 "让" */
    0x41, 0x2, 0x10, 0x11, 0x0, 0x10, 0x1, 0xe,
    0x1e, 0x21, 0x2, 0x10, 0x21, 0x2, 0x10, 0x39,
    0x3, 0x10, 0x4f, 0xf0,

    /* U+8BAD "训" */
    0x44, 0x93, 0x49, 0x4, 0x9e, 0x49, 0x24, 0x92,
    0x49, 0x24, 0x92, 0x49, 0x24, 0x93, 0x49, 0x28,
    0x10, 0x81,

    /* U+8BAE "议" */
    0x41, 0x1, 0x24, 0x81, 0x24, 0x8, 0x4e, 0x62,
    0x11, 0x10, 0x89, 0x4, 0x28, 0x21, 0x81, 0x4e,
    0xc, 0xd8, 0xd8, 0x70, 0x80, 0x0,

    /* U+8BAF "讯" */
    0x6f, 0xe3, 0x22, 0x2, 0x20, 0x22, 0xe2, 0x22,
    0xfa, 0x22, 0x22, 0x22, 0x22, 0x23, 0x23, 0x22,
    0x30, 0x21,

    /* U+8BB0 "记" */
    0x40, 0x3, 0x3f, 0x8c, 0x4, 0x0, 0x20, 0x1,
    0x70, 0x8, 0x9f, 0xc4, 0x80, 0x24, 0x1, 0x20,
    0xf, 0x2, 0x68, 0x10, 0x7f, 0x0,

    /* U+8BB2 "讲" */
    0x42, 0x23, 0x11, 0xc, 0x88, 0x1f, 0xf0, 0x22,
    0x71, 0x10, 0x88, 0x85, 0xff, 0x22, 0x21, 0x11,
    0xd, 0x8, 0xc8, 0x40, 0x82, 0x0,

    /* U+8BB3 "讳" */
    0x41, 0x6, 0x10, 0x2f, 0xf0, 0x10, 0x1, 0xe,
    0xfe, 0x21, 0x2, 0xff, 0x21, 0x12, 0x11, 0x39,
    0x12, 0x13, 0x1, 0x0,

    /* U+8BB6 "讶" */
    0x0, 0x2, 0x7f, 0x88, 0x10, 0x8, 0x8e, 0x44,
    0x12, 0x20, 0xbf, 0xe4, 0x18, 0x21, 0x41, 0x92,
    0x9, 0x90, 0x10, 0x80, 0x1c, 0x0,

    /* U+8BB8 "许" */
    0x42, 0x1, 0x10, 0x1, 0xfc, 0x9, 0xe, 0x88,
    0x10, 0x40, 0xbf, 0xe4, 0x10, 0x20, 0x81, 0xc4,
    0xc, 0x20, 0x1, 0x0,

    /* U+8BB9 "讹" */
    0x41, 0x41, 0x1a, 0x4, 0x90, 0x4, 0xb0, 0x65,
    0x77, 0x30, 0xa9, 0x4, 0x58, 0x22, 0x41, 0x12,
    0xe, 0x92, 0x64, 0x90, 0x27, 0x80,

    /* U+8BBA "论" */
    0x40, 0x81, 0xa, 0x4, 0xd8, 0xc, 0x6e, 0xc1,
    0x91, 0x0, 0x89, 0x84, 0x70, 0x22, 0x1, 0xd0,
    0x4c, 0x84, 0xc7, 0xe0,

    /* U+8BBC "讼" */
    0x62, 0x41, 0x91, 0x0, 0x88, 0x8, 0x6e, 0x41,
    0x10, 0x80, 0x84, 0x4, 0x28, 0x22, 0x21, 0xd1,
    0xd, 0xfc, 0x8, 0x20,

    /* U+8BBD "讽" */
    0x67, 0xf0, 0xd0, 0x40, 0x45, 0x1, 0x54, 0xe5,
    0x50, 0x93, 0x42, 0x49, 0x9, 0x34, 0x25, 0x50,
    0xd4, 0xc2, 0xa1, 0x82, 0x2,

    /* U+8BBE "设" */
    0x63, 0xe1, 0x91, 0x0, 0x89, 0xc8, 0x72, 0x80,
    0x13, 0xf8, 0x90, 0x44, 0x44, 0x29, 0x41, 0x8e,
    0x19, 0xdc, 0x10, 0x30,

    /* U+8BBF "访" */
    0x41, 0x2, 0x8, 0xf, 0xf0, 0x20, 0xe2, 0x2,
    0x3e, 0x22, 0x22, 0x22, 0x24, 0x23, 0x42, 0x6c,
    0x60, 0x9c,

    /* U+8BC0 "诀" */
    0x41, 0x6, 0x10, 0x21, 0x0, 0x7e, 0x1, 0x2e,
    0x12, 0x21, 0x22, 0xff, 0x21, 0x82, 0x38, 0x3a,
    0x43, 0x46, 0x48, 0x30,

    /* U+8BC1 "证" */
    0x40, 0x3, 0x3f, 0xcc, 0x20, 0x1, 0x0, 0x8,
    0x71, 0x40, 0x8b, 0xc4, 0x50, 0x22, 0x81, 0x14,
    0xe, 0xa0, 0x65, 0x6, 0xff, 0x80,

    /* U+8BC4 "评" */
    0x4f, 0xf1, 0x4, 0x1, 0x24, 0x9, 0x4e, 0x4a,
    0x12, 0x50, 0xbf, 0xe4, 0x10, 0x20, 0x81, 0x84,
    0x8, 0x20, 0x1, 0x0,

    /* U+8BC5 "诅" */
    0x67, 0xe2, 0x42, 0x4, 0x20, 0x42, 0xe7, 0xe2,
    0x42, 0x24, 0x22, 0x7e, 0x24, 0x23, 0xc2, 0x34,
    0x24, 0xff,

    /* U+8BC6 "识" */
    0x40, 0x3, 0x3f, 0x89, 0x4, 0x8, 0x2e, 0x41,
    0x12, 0x8, 0x9f, 0xc4, 0x0, 0x22, 0x21, 0x91,
    0x8d, 0x4, 0xc8, 0x20, 0x0, 0x0,

    /* U+8BC8 "诈" */
    0x42, 0x1, 0x10, 0x1, 0xfe, 0xa, 0xe, 0x90,
    0x14, 0xf8, 0x84, 0x4, 0x20, 0x21, 0xf9, 0xc8,
    0x8, 0x40, 0x2, 0x0,

    /* U+8BC9 "诉" */
    0x41, 0xe2, 0x60, 0x4, 0x0, 0x40, 0xe7, 0xf2,
    0x44, 0x24, 0x42, 0x5c, 0x24, 0x73, 0x45, 0x28,
    0x40, 0x84,

    /* U+8BCA "诊" */
    0x60, 0x81, 0x8a, 0x0, 0x98, 0x8, 0x6e, 0x98,
    0x11, 0x80, 0x81, 0x4, 0x10, 0x23, 0x11, 0x43,
    0xc, 0x30, 0xce, 0x0,

    /* U+8BCD "词" */
    0x4f, 0xf2, 0x1, 0x7, 0xd0, 0x1, 0xe0, 0x12,
    0x39, 0x24, 0x92, 0x49, 0x23, 0x93, 0xc1, 0x20,
    0x10, 0x7,

    /* U+8BD1 "译" */
    0x47, 0xf1, 0x10, 0x88, 0x48, 0x1, 0x8e, 0x3e,
    0x12, 0x4c, 0x8f, 0xc4, 0x10, 0x20, 0x81, 0xff,
    0xcc, 0x20, 0x1, 0x0,

    /* U+8BD5 "试" */
    0x40, 0x41, 0x2, 0x84, 0x10, 0x1f, 0xfe, 0x4,
    0x10, 0x20, 0x9d, 0x4, 0x48, 0x22, 0x41, 0x12,
    0xa, 0xea, 0x7e, 0x50, 0x1, 0x0,

    /* U+8BD7 "诗" */
    0x40, 0x83, 0x4, 0xc, 0xfc, 0x1, 0x0, 0x8,
    0x73, 0xfc, 0x80, 0x84, 0xff, 0x20, 0x21, 0x9,
    0xe, 0x48, 0x40, 0x40, 0xe, 0x0,

    /* U+8BDA "诚" */
    0x40, 0x53, 0x2, 0x8c, 0x10, 0x2f, 0xf0, 0x44,
    0x33, 0xa4, 0x95, 0x44, 0xaa, 0x25, 0x31, 0x29,
    0x4f, 0xda, 0x51, 0xb0, 0x99, 0x80,

    /* U+8BDD "话" */
    0x40, 0xf1, 0x3c, 0x0, 0x20, 0x1, 0xe, 0x7f,
    0x90, 0x40, 0x82, 0x4, 0x7e, 0x22, 0x11, 0xd0,
    0x8c, 0x84, 0x87, 0xe0,

    /* U+8BDE "诞" */
    0x0, 0x2, 0x73, 0x88, 0xa8, 0x48, 0x40, 0x4a,
    0x77, 0x5c, 0x8a, 0x85, 0x54, 0x2a, 0xa1, 0x35,
    0xf, 0x3e, 0x6e, 0x0, 0x9f, 0x80,

    /* U+8BE1 "诡" */
    0x42, 0x1, 0x1f, 0x5, 0x98, 0x8, 0x80, 0xff,
    0xf6, 0x0, 0x97, 0xc4, 0xa2, 0x25, 0x11, 0x29,
    0x8f, 0x40, 0x5a, 0x10, 0x9f, 0x80,

    /* U+8BE2 "询" */
    0x42, 0x1, 0x10, 0x1, 0xfe, 0x8, 0x10, 0x80,
    0xf7, 0xe4, 0x91, 0x24, 0xf9, 0x24, 0x49, 0xbe,
    0x4d, 0x2, 0xc0, 0x30, 0xf, 0x0,

    /* U+8BE5 "该" */
    0x41, 0x6, 0x8, 0x2f, 0xf0, 0x10, 0x2, 0xe,
    0x64, 0x2f, 0xc2, 0x9, 0x23, 0x22, 0x64, 0x20,
    0x83, 0x36, 0x2e, 0x30, 0x80,

    /* U+8BE6 "详" */
    0x0, 0x13, 0x8, 0x8c, 0x48, 0xf, 0xf0, 0x4,
    0x70, 0x20, 0x8f, 0xc4, 0x8, 0x20, 0x41, 0x3f,
    0xce, 0x10, 0x60, 0x80, 0x4, 0x0,

    /* U+8BEB "诫" */
    0x0, 0x43, 0x2, 0x8c, 0x10, 0x1f, 0xf0, 0x4,
    0x72, 0xa4, 0x95, 0x45, 0xfa, 0x25, 0x61, 0x29,
    0xd, 0x5a, 0x51, 0x50, 0x89, 0x80,

    /* U+8BEC "诬" */
    0x67, 0xf9, 0x84, 0x0, 0xa4, 0x5, 0x2e, 0x29,
    0x13, 0x48, 0x96, 0xe4, 0xb5, 0x28, 0xc9, 0x44,
    0xc, 0x20, 0x5f, 0xf0,

    /* U+8BED "语" */
    0x4f, 0xf9, 0xc, 0x0, 0x40, 0xf, 0xee, 0x11,
    0x17, 0xfc, 0x80, 0x4, 0xfe, 0x24, 0x11, 0x60,
    0x8d, 0x4, 0x4f, 0xe0,

    /* U+8BEF "误" */
    0x43, 0xf1, 0x90, 0x80, 0x84, 0x7, 0xee, 0x0,
    0x13, 0xf8, 0x82, 0x4, 0xff, 0x20, 0xc1, 0xcb,
    0x8, 0xcc, 0x8, 0x10,

    /* U+8BF1 "诱" */
    0x0, 0x33, 0x3e, 0xc, 0x20, 0xf, 0xf0, 0x1a,
    0x71, 0xd8, 0x9a, 0x64, 0xfc, 0x21, 0x21, 0x4b,
    0xce, 0xc4, 0xc4, 0x20, 0x47, 0x0,

    /* U+8BF2 "诲" */
    0x0, 0x2, 0x10, 0x9, 0xfc, 0x8, 0x0, 0xbf,
    0x71, 0x8, 0x8b, 0x45, 0xff, 0x25, 0x91, 0x60,
    0x8d, 0xfc, 0x40, 0x20, 0x6, 0x0,

    /* U+8BF4 "说" */
    0x2, 0x23, 0x11, 0xc, 0x58, 0xf, 0xe0, 0x41,
    0x72, 0x8, 0x90, 0x44, 0xfe, 0x21, 0x41, 0x1a,
    0xe, 0x90, 0xcc, 0x90, 0xc7, 0x80,

    /* U+8BF5 "诵" */
    0x47, 0xf2, 0x2, 0x1, 0xc0, 0x4, 0xe7, 0xf2,
    0x49, 0x27, 0xf2, 0x49, 0x27, 0xf3, 0xc9, 0x64,
    0x90, 0x4b,

    /* U+8BF7 "请" */
    0x41, 0x6, 0xff, 0x21, 0x0, 0xff, 0x1, 0xe,
    0xef, 0x27, 0xe2, 0x42, 0x27, 0xe2, 0x42, 0x37,
    0xe2, 0x42, 0x4, 0x60,

    /* U+8BF8 "诸" */
    0x41, 0x2, 0x8, 0x8b, 0xfc, 0x2, 0x40, 0x14,
    0x77, 0xfc, 0x8c, 0x4, 0xfe, 0x3c, 0x11, 0x3f,
    0x8d, 0x4, 0x48, 0x24, 0x7f, 0x0,

    /* U+8BFA "诺" */
    0x42, 0x21, 0x7f, 0xc0, 0x88, 0x3, 0xe, 0x10,
    0x17, 0xfc, 0x8c, 0x4, 0x40, 0x27, 0xf1, 0x70,
    0x8c, 0x84, 0x64, 0x26, 0x3f, 0x0,

    /* U+8BFB "读" */
    0x40, 0x83, 0x3f, 0x8c, 0x20, 0x1, 0x0, 0xff,
    0x71, 0x48, 0x86, 0x44, 0xd0, 0x2f, 0xf9, 0xc,
    0xc, 0x58, 0x4c, 0x20, 0x80, 0x0,

    /* U+8BFD "诽" */
    0x41, 0x46, 0x14, 0x21, 0x40, 0x77, 0x1, 0x4e,
    0x14, 0x27, 0x72, 0x14, 0x27, 0x72, 0x94, 0x31,
    0x46, 0x14, 0x1, 0x40,

    /* U+8BFE "课" */
    0x47, 0xf1, 0x24, 0x81, 0xfc, 0x9, 0x2e, 0x49,
    0x11, 0xf0, 0xbf, 0xe4, 0x38, 0x2a, 0xa1, 0xb5,
    0x9b, 0x26, 0x1, 0x0,

    /* U+8C01 "谁" */
    0x42, 0x42, 0x64, 0x7, 0xf0, 0xc4, 0x67, 0xf2,
    0x44, 0x24, 0x42, 0x7f, 0x24, 0x43, 0x44, 0x27,
    0xf0, 0x40,

    /* U+8C03 "调" */
    0x67, 0xf3, 0x49, 0x4, 0x90, 0x5d, 0xe4, 0x92,
    0x55, 0x25, 0xd2, 0x65, 0x26, 0x53, 0xdd, 0x28,
    0x11, 0x83,

    /* U+8C05 "谅" */
    0x0, 0x2, 0x6, 0x9, 0xfe, 0x0, 0x0, 0x3f,
    0x71, 0x8, 0x88, 0x44, 0x7e, 0x20, 0xc1, 0x56,
    0x8d, 0x36, 0xd9, 0x90, 0x18, 0x0,

    /* U+8C06 "谆" */
    0x40, 0x81, 0x3f, 0xcc, 0x0, 0x7, 0xe0, 0x21,
    0x71, 0x8, 0x87, 0x84, 0x7e, 0x20, 0x41, 0xff,
    0xcc, 0x10, 0xc0, 0x80, 0x1c, 0x0,

    /* U+8C08 "谈" */
    0x0, 0x83, 0x14, 0x8d, 0x2c, 0x9, 0x40, 0x1c,
    0x71, 0x98, 0xba, 0x64, 0x10, 0x24, 0x91, 0x25,
    0x8, 0x50, 0x66, 0xc6, 0xe3, 0x80,

    /* U+8C0A "谊" */
    0x0, 0x82, 0x4, 0x9, 0xfc, 0x8, 0x20, 0x7f,
    0x71, 0x10, 0x88, 0x84, 0x7c, 0x22, 0x21, 0x5f,
    0xe, 0x88, 0x64, 0x44, 0xff, 0x80,

    /* U+8C0B "谋" */
    0x2, 0x22, 0x11, 0xb, 0xfe, 0x4, 0x40, 0x3e,
    0x71, 0x10, 0x8f, 0x84, 0x10, 0x2f, 0xf9, 0x4e,
    0xc, 0xa8, 0x49, 0x20, 0x88, 0x0,

    /* U+8C0D "谍" */
    0x0, 0xa4, 0x4a, 0x2f, 0xf0, 0x4a, 0x4, 0xae,
    0x4e, 0x27, 0xf2, 0x8, 0x2f, 0xf2, 0x1c, 0x32,
    0xa6, 0xcb, 0x8, 0x90,

    /* U+8C0E "谎" */
    0x42, 0x23, 0x7f, 0xc8, 0x88, 0x1, 0x0, 0xff,
    0xb2, 0x0, 0x9f, 0xe4, 0x0, 0x20, 0x1, 0x24,
    0x8f, 0x24, 0x69, 0x34, 0xc9, 0x80,

    /* U+8C10 "谐" */
    0x44, 0x43, 0x22, 0x4d, 0xfc, 0x8, 0x8e, 0x4c,
    0x97, 0xbc, 0x82, 0x4, 0xfe, 0x24, 0x11, 0x7f,
    0x8d, 0x4, 0x48, 0x24, 0x7f, 0x0,

    /* U+8C12 "谒" */
    0x47, 0xf1, 0x20, 0x81, 0xfc, 0x8, 0x26, 0x3e,
    0x13, 0xfc, 0x92, 0x25, 0x11, 0x25, 0xc9, 0xa0,
    0xc9, 0xfc, 0x0, 0x60,

    /* U+8C13 "谓" */
    0x47, 0xf9, 0x24, 0x41, 0xfe, 0x9, 0x16, 0x37,
    0x11, 0xf8, 0x88, 0x44, 0x7e, 0x22, 0x11, 0x5f,
    0x8c, 0x84, 0x4, 0xe0,

    /* U+8C1A "谚" */
    0x0, 0x2, 0x2, 0x9, 0xfe, 0x2, 0x60, 0x12,
    0x73, 0xfc, 0x90, 0x4, 0x8c, 0x25, 0x91, 0x23,
    0x9, 0x62, 0x70, 0x66, 0x9c, 0x1, 0x0,

    /* U+8C1C "谜" */
    0x0, 0x43, 0x4a, 0x4b, 0x54, 0x1, 0xa0, 0x4,
    0x76, 0xfc, 0x91, 0x84, 0x9a, 0x24, 0xd9, 0x2a,
    0x4d, 0x10, 0x54, 0x0, 0x9f, 0x80,

    /* U+8C22 "谢" */
    0x2, 0x12, 0x10, 0x89, 0xc4, 0xa, 0xfe, 0x71,
    0x13, 0xa8, 0x95, 0x44, 0xaa, 0x3f, 0x31, 0x18,
    0x8f, 0x44, 0x52, 0x20, 0x33, 0x0,

    /* U+8C23 "谣" */
    0x40, 0x73, 0x3e, 0xd, 0x24, 0x5, 0x40, 0x22,
    0x73, 0xf8, 0x92, 0x4, 0x10, 0x2f, 0xf9, 0x64,
    0x8d, 0x24, 0xcf, 0xe0, 0x1, 0x0,

    /* U+8C24 "谤" */
    0x40, 0x83, 0x7f, 0xc8, 0x88, 0x4, 0x40, 0xff,
    0xf4, 0x4, 0xa2, 0x25, 0xff, 0x23, 0x1, 0x1f,
    0x8e, 0x84, 0x4c, 0x40, 0x8e, 0x0,

    /* U+8C26 "谦" */
    0x42, 0x23, 0x1a, 0xb, 0xfe, 0x2, 0x80, 0x14,
    0x73, 0xf8, 0xbf, 0xe4, 0x2a, 0x27, 0xf1, 0x1b,
    0xd, 0x5c, 0x5a, 0xb0, 0x14, 0x80,

    /* U+8C28 "谨" */
    0x42, 0x43, 0x7f, 0xc8, 0x90, 0x7, 0x80, 0x10,
    0x77, 0xf8, 0xa4, 0x45, 0xfe, 0x21, 0x1, 0x7f,
    0x8f, 0xfc, 0x42, 0x5, 0xff, 0x80,

    /* U+8C2C "谬" */
    0x4f, 0xf1, 0x8, 0x81, 0x5c, 0xe, 0xee, 0x91,
    0x10, 0x40, 0x8d, 0x85, 0x93, 0x23, 0x41, 0x4c,
    0x8c, 0x98, 0xc7, 0x0, 0x40, 0x0,

    /* U+8C2D "谭" */
    0x67, 0xf9, 0xbf, 0x81, 0x55, 0xcf, 0xee, 0x0,
    0x13, 0xf8, 0x90, 0x44, 0xfe, 0x27, 0xf1, 0x44,
    0xf, 0xfe, 0xc1, 0x0,

    /* U+8C31 "谱" */
    0x2, 0x22, 0x12, 0xb, 0xfe, 0x12, 0x80, 0x55,
    0x72, 0xa0, 0xbf, 0xe4, 0xfe, 0x24, 0x11, 0x3f,
    0x8d, 0x4, 0xcf, 0xe0, 0x41, 0x0,

    /* U+8C34 "谴" */
    0x40, 0x43, 0x4f, 0x8a, 0x94, 0xb, 0xe0, 0x4,
    0x70, 0xd8, 0xb7, 0xc4, 0xbe, 0x25, 0xf1, 0x28,
    0x8d, 0x7c, 0x5c, 0x1, 0x1f, 0x80,

    /* U+8C37 "谷" */
    0xc, 0xc0, 0x61, 0x83, 0x1, 0x10, 0xc2, 0x5,
    0x80, 0x23, 0x3, 0x3, 0x1f, 0xfe, 0x10, 0x20,
    0x40, 0x81, 0x2, 0x4, 0x8, 0x1f, 0xe0,

    /* U+8C41 "豁" */
    0x10, 0xa7, 0xed, 0xa1, 0x45, 0x26, 0xa7, 0x84,
    0x8, 0x51, 0xe6, 0xdf, 0xe2, 0x13, 0xf3, 0xc8,
    0x92, 0x44, 0xf3, 0xe4, 0x91, 0x0,

    /* U+8C46 "豆" */
    0xff, 0xf0, 0x0, 0x3f, 0xc2, 0x4, 0x20, 0x42,
    0x4, 0x3f, 0xc1, 0x8, 0x10, 0x81, 0x8, 0x11,
    0xf, 0xff,

    /* U+8C4C "豌" */
    0x0, 0xc7, 0xff, 0x81, 0x5, 0xfc, 0x28, 0xbf,
    0x45, 0x6b, 0xf5, 0x40, 0xea, 0x53, 0x52, 0x8b,
    0x94, 0x91, 0xf4, 0x90, 0x47, 0x0,

    /* U+8C61 "象" */
    0xc, 0x0, 0xfc, 0xc, 0x60, 0xff, 0xe2, 0x21,
    0x1f, 0xf8, 0x38, 0x4e, 0x6c, 0xd, 0xc3, 0x9d,
    0x3, 0x2c, 0xe3, 0x30, 0x70, 0x0,

    /* U+8C6A "豪" */
    0x6, 0xf, 0xff, 0x0, 0x3, 0xfc, 0x3f, 0xc0,
    0x0, 0xff, 0xfb, 0xfd, 0x1c, 0x26, 0xbc, 0x76,
    0xc3, 0xa6, 0x46, 0x10,

    /* U+8C6B "豫" */
    0x3, 0x7, 0x9e, 0xd, 0x11, 0xdf, 0xe2, 0x49,
    0x7b, 0xf9, 0x44, 0x4a, 0x94, 0x43, 0xe2, 0x65,
    0x10, 0xe4, 0x99, 0x3c, 0x18, 0x0,

    /* U+8C79 "豹" */
    0x1, 0x3, 0x10, 0xc3, 0x9, 0xbf, 0x52, 0x17,
    0x41, 0x9b, 0x12, 0x99, 0xc8, 0xd3, 0x81, 0x48,
    0x18, 0x81, 0x30, 0xe0,

    /* U+8C7A "豺" */
    0x18, 0x23, 0x81, 0x28, 0x9, 0xb7, 0xf7, 0x6,
    0x68, 0x30, 0x43, 0x8d, 0x14, 0x99, 0x21, 0xd9,
    0x12, 0x89, 0x10, 0x43, 0xe, 0x0,

    /* U+8C8C "貌" */
    0x8, 0x41, 0x82, 0x30, 0xfe, 0xbc, 0x17, 0x3f,
    0xb9, 0x4, 0x68, 0x27, 0x7f, 0xc9, 0xa0, 0xc9,
    0x1a, 0x4b, 0x16, 0x53, 0x63, 0x80,

    /* U+8D1D "贝" */
    0x3f, 0xe2, 0x2, 0x22, 0x22, 0x22, 0x22, 0x22,
    0x22, 0x22, 0x22, 0x22, 0x4, 0x0, 0x98, 0x30,
    0x6e, 0x1,

    /* U+8D1E "贞" */
    0x2, 0x0, 0x3f, 0x2, 0x0, 0x20, 0x3f, 0xe2,
    0x2, 0x22, 0x22, 0x22, 0x22, 0x22, 0x22, 0x5,
    0x1, 0x8e, 0xe0, 0x30,

    /* U+8D1F "负" */
    0x8, 0x1, 0xf8, 0x30, 0x86, 0x10, 0xff, 0xe2,
    0x2, 0x22, 0x22, 0x22, 0x22, 0x22, 0x62, 0xd,
    0x83, 0x86, 0xe0, 0x10,

    /* U+8D21 "贡" */
    0x7f, 0xe0, 0x60, 0x6, 0xf, 0xff, 0x0, 0x3,
    0xfc, 0x20, 0x42, 0x64, 0x24, 0x42, 0x44, 0x19,
    0xce, 0x3,

    /* U+8D22 "财" */
    0x0, 0x11, 0xf0, 0x44, 0x41, 0x15, 0x7f, 0x54,
    0x31, 0x50, 0xc5, 0x47, 0x15, 0x14, 0x54, 0x91,
    0x56, 0x42, 0xb1, 0x19, 0x4, 0xc4, 0x70,

    /* U+8D23 "责" */
    0x4, 0x7, 0xfe, 0x4, 0x7, 0xfe, 0x4, 0xf,
    0xbf, 0x3f, 0xc2, 0x44, 0x24, 0x42, 0x44, 0xf,
    0x3, 0x8e, 0x40, 0x10,

    /* U+8D24 "贤" */
    0x10, 0x9, 0x7e, 0x92, 0x49, 0x34, 0x91, 0x88,
    0x66, 0x0, 0x17, 0xfc, 0x44, 0x44, 0x44, 0x44,
    0x40, 0xb8, 0x70, 0x68, 0x0,

    /* U+8D25 "败" */
    0x0, 0x83, 0xe4, 0x11, 0x20, 0xa9, 0xf5, 0x51,
    0x2a, 0x89, 0x5c, 0x4a, 0x94, 0x54, 0xa2, 0xa3,
    0xa, 0x18, 0x49, 0x6c, 0x71, 0x80,

    /* U+8D26 "账" */
    0x1, 0x3, 0xe8, 0x91, 0x44, 0xaa, 0x45, 0x54,
    0x2a, 0x81, 0x5f, 0xea, 0xa8, 0x55, 0x22, 0xa9,
    0xa, 0x4c, 0x4a, 0xa4, 0x58, 0x80,

    /* U+8D27 "货" */
    0x19, 0x11, 0x8b, 0x9d, 0xe1, 0x62, 0x13, 0x1f,
    0x0, 0x0, 0xff, 0x84, 0x4, 0x22, 0x21, 0x11,
    0x1, 0x40, 0x31, 0xc6, 0x1, 0x0,

    /* U+8D28 "质" */
    0x0, 0xe7, 0xf0, 0x41, 0x7, 0xff, 0x41, 0x4,
    0x10, 0x5f, 0xe5, 0x2, 0x51, 0x25, 0x12, 0x53,
    0x28, 0x6c, 0x98, 0x30, 0x0,

    /* U+8D29 "贩" */
    0x0, 0x9, 0xf7, 0xc4, 0x50, 0x15, 0x40, 0x55,
    0xf9, 0x56, 0x25, 0x54, 0x95, 0x52, 0x55, 0x50,
    0x44, 0xc2, 0x93, 0x9, 0x96, 0xc2, 0x8c,

    /* U+8D2A "贪" */
    0x3, 0x0, 0x2c, 0xe, 0x99, 0x86, 0x33, 0xfe,
    0x0, 0x60, 0xff, 0x84, 0x44, 0x22, 0x21, 0x11,
    0x1, 0x60, 0x70, 0xe4, 0x1, 0x0,

    /* U+8D2B "贫" */
    0x8, 0x83, 0x4, 0xff, 0xb0, 0xc8, 0x71, 0x83,
    0xfc, 0x22, 0x42, 0x24, 0x22, 0x40, 0x58, 0x38,
    0x64, 0x0,

    /* U+8D2C "贬" */
    0x0, 0x9, 0xf3, 0xe4, 0x50, 0x15, 0x10, 0x54,
    0x1, 0x57, 0xe5, 0x41, 0x95, 0x4, 0x54, 0x20,
    0x41, 0x2, 0x98, 0x9, 0xb0, 0x42, 0x7c,

    /* U+8D2D "购" */
    0x0, 0x83, 0xe4, 0x11, 0x7e, 0xaa, 0x15, 0x68,
    0xaa, 0x45, 0x53, 0x2a, 0xa5, 0x55, 0x68, 0x8d,
    0x4a, 0x2, 0xc8, 0x14, 0x47, 0x0,

    /* U+8D2E "贮" */
    0x0, 0x43, 0xe2, 0x11, 0x10, 0xab, 0xf5, 0x50,
    0xaa, 0x85, 0x50, 0xa, 0x80, 0x54, 0x2, 0xa0,
    0xa, 0x0, 0x4b, 0xfc, 0x0, 0x0,

    /* U+8D2F "贯" */
    0x3f, 0xe2, 0x24, 0xff, 0xf2, 0x44, 0x1b, 0x83,
    0xfc, 0x20, 0x42, 0x64, 0x24, 0x42, 0x54, 0x18,
    0xce, 0x3,

    /* U+8D30 "贰" */
    0x0, 0xa0, 0xb, 0xff, 0xf0, 0x8, 0x7e, 0x80,
    0x8, 0x7e, 0x87, 0xe8, 0x42, 0x45, 0x24, 0x52,
    0x43, 0x47, 0xc3, 0x30,

    /* U+8D31 "贱" */
    0x0, 0x83, 0xe5, 0x11, 0x20, 0xab, 0xe5, 0x68,
    0x2a, 0x45, 0x57, 0xca, 0xd1, 0x54, 0x50, 0x83,
    0xa, 0x10, 0xcb, 0x54, 0x23, 0x80,

    /* U+8D34 "贴" */
    0x0, 0x43, 0xe2, 0x11, 0x10, 0xa8, 0xf5, 0x44,
    0x2a, 0x21, 0x51, 0xa, 0xbf, 0x55, 0xa, 0xa8,
    0x4a, 0x42, 0xcb, 0xf4, 0x10, 0x80,

    /* U+8D35 "贵" */
    0x4, 0x3, 0xfc, 0x24, 0x43, 0xfc, 0x4, 0xf,
    0xbf, 0x3f, 0xc2, 0x4, 0x24, 0x42, 0x44, 0xd,
    0x3, 0x8e, 0x40, 0x20,

    /* U+8D37 "贷" */
    0x12, 0x61, 0x88, 0x1b, 0xff, 0x43, 0x2, 0xe,
    0x90, 0x18, 0xff, 0x84, 0x4, 0x22, 0x21, 0x11,
    0x1, 0x60, 0x30, 0xc6, 0x1, 0x0,

    /* U+8D38 "贸" */
    0x0, 0x7, 0xbf, 0x48, 0x94, 0x89, 0x7d, 0x10,
    0x26, 0x3f, 0xe2, 0x22, 0x22, 0x22, 0x22, 0x5,
    0x81, 0x87, 0xe0, 0x10,

    /* U+8D39 "费" */
    0xc, 0x83, 0xff, 0x83, 0x24, 0x7f, 0xe4, 0x88,
    0x3f, 0xfd, 0xc0, 0x7, 0xfc, 0x20, 0x21, 0x11,
    0x9, 0xc8, 0x39, 0xc6, 0x1, 0x80,

    /* U+8D3A "贺" */
    0x20, 0x1f, 0xbc, 0x94, 0x92, 0x95, 0xdf, 0x0,
    0xf, 0xf1, 0x2, 0x26, 0x44, 0x88, 0x95, 0xc,
    0x6e, 0x2,

    /* U+8D3C "贼" */
    0x0, 0x43, 0xe2, 0x91, 0x10, 0xaf, 0xf5, 0x44,
    0x2a, 0x65, 0x53, 0x4a, 0xfa, 0x55, 0xf2, 0xa9,
    0xa, 0x5a, 0xce, 0xd4, 0x49, 0x80,

    /* U+8D3E "贾" */
    0xff, 0xf0, 0x90, 0x7f, 0xe4, 0x92, 0x7f, 0xe0,
    0x0, 0x3f, 0xc2, 0x4, 0x24, 0x42, 0x44, 0xf,
    0x8f, 0x6,

    /* U+8D3F "贿" */
    0x0, 0x81, 0xf2, 0x4, 0x7f, 0xd5, 0x40, 0x55,
    0x1, 0x57, 0xe5, 0x70, 0x95, 0xfe, 0x55, 0x8,
    0x47, 0xe2, 0x90, 0x89, 0x42, 0x41, 0x38,

    /* U+8D41 "赁" */
    0x0, 0x0, 0xbf, 0x18, 0x21, 0x5f, 0xf2, 0x8,
    0x13, 0xf8, 0x0, 0x7, 0xfc, 0x22, 0x21, 0x11,
    0x8, 0x88, 0x1b, 0x87, 0x3, 0x0,

    /* U+8D42 "赂" */
    0x0, 0x81, 0xf2, 0x4, 0x5f, 0x95, 0x62, 0x56,
    0x91, 0x51, 0x85, 0x4f, 0x15, 0xc3, 0x55, 0xf8,
    0x44, 0x22, 0x90, 0x99, 0x7e, 0x41, 0x8,

    /* U+8D43 "赃" */
    0x0, 0x43, 0xe2, 0x11, 0x7e, 0xac, 0x5, 0x62,
    0x2b, 0x11, 0x5b, 0xea, 0xc4, 0x56, 0x22, 0xb1,
    0xa, 0x88, 0x4c, 0x44, 0x7f, 0x80,

    /* U+8D44 "资" */
    0x42, 0x1, 0xbf, 0x85, 0x24, 0x13, 0x3, 0x34,
    0x63, 0x18, 0x20, 0x7, 0xfc, 0x22, 0x21, 0x11,
    0x9, 0x48, 0x19, 0x8f, 0x3, 0x0,

    /* U+8D4A "赊" */
    0x0, 0x47, 0xc6, 0x22, 0x79, 0x56, 0x6a, 0x9e,
    0x54, 0x2, 0xa0, 0x15, 0x7e, 0xa8, 0x85, 0x4d,
    0x14, 0xa5, 0x95, 0x28, 0x18, 0x0,

    /* U+8D4B "赋" */
    0x0, 0x21, 0xef, 0xa4, 0x82, 0x52, 0x8, 0x6f,
    0xfd, 0xa2, 0x86, 0xaa, 0x1a, 0xb8, 0x6a, 0xa0,
    0x8a, 0x83, 0x29, 0x52, 0xf5, 0x4, 0xc,

    /* U+8D4C "赌" */
    0x0, 0x81, 0xf2, 0x24, 0x7e, 0x95, 0x24, 0x54,
    0xb1, 0x5f, 0xf5, 0x4c, 0x15, 0x7e, 0x57, 0x9,
    0x57, 0xe2, 0x90, 0x99, 0x7e, 0x41, 0x8,

    /* U+8D4E "赎" */
    0x0, 0x43, 0xef, 0x95, 0x10, 0xa8, 0x85, 0x5f,
    0xaa, 0x69, 0x55, 0xa, 0x88, 0x55, 0xf9, 0x42,
    0xb, 0x2c, 0x8a, 0x30, 0x0, 0x80,

    /* U+8D4F "赏" */
    0x4, 0x21, 0x22, 0x3f, 0xfd, 0x0, 0x2b, 0xfd,
    0x10, 0x20, 0x7e, 0xf, 0xfc, 0x40, 0x22, 0x21,
    0x13, 0x8, 0x33, 0xce, 0x1, 0x0,

    /* U+8D50 "赐" */
    0x7d, 0xf9, 0x14, 0x25, 0x5f, 0x95, 0x42, 0x55,
    0xf9, 0x52, 0x5, 0x5f, 0xd5, 0xd5, 0x54, 0xa4,
    0xa4, 0x96, 0x54, 0xb0, 0x16,

    /* U+8D54 "赔" */
    0x0, 0x41, 0xf0, 0x84, 0x5f, 0x95, 0x22, 0x54,
    0x91, 0x52, 0x45, 0x7f, 0xd5, 0x0, 0x55, 0xf8,
    0x44, 0x22, 0x90, 0x99, 0x7e, 0x41, 0x8,

    /* U+8D56 "赖" */
    0x10, 0x80, 0x87, 0x3f, 0x44, 0x26, 0x4f, 0xff,
    0x4a, 0xaa, 0x55, 0x5f, 0xaa, 0x31, 0x52, 0xca,
    0x95, 0x21, 0x23, 0x61, 0x30, 0x80,

    /* U+8D58 "赘" */
    0x10, 0x87, 0xf4, 0x1f, 0xfd, 0xfd, 0x43, 0xc6,
    0x22, 0xda, 0x20, 0x7, 0xfc, 0x20, 0x21, 0x11,
    0x9, 0x88, 0x19, 0x8f, 0x3, 0x0,

    /* U+8D5A "赚" */
    0x1, 0x13, 0xc9, 0x12, 0xfe, 0xd1, 0x46, 0xbf,
    0x34, 0x59, 0xaf, 0xed, 0x16, 0x6b, 0xf1, 0xd,
    0xc, 0x6c, 0x95, 0x78, 0x4a, 0x80,

    /* U+8D5B "赛" */
    0x4, 0xf, 0xff, 0x90, 0x97, 0xfe, 0x10, 0x83,
    0xfc, 0xff, 0xf3, 0xc, 0x7f, 0xea, 0x25, 0x24,
    0x40, 0xf8, 0x70, 0x70,

    /* U+8D5E "赞" */
    0x51, 0x47, 0xdf, 0x92, 0x4f, 0xff, 0x48, 0xad,
    0x73, 0x3f, 0xe2, 0x2, 0x22, 0x22, 0x22, 0x5,
    0x83, 0x8e, 0x60, 0x0,

    /* U+8D60 "赠" */
    0x0, 0x3, 0xe5, 0x11, 0x7e, 0xac, 0x95, 0x76,
    0xab, 0x75, 0x57, 0xea, 0x80, 0x55, 0xf2, 0xa8,
    0x8a, 0x7c, 0x4a, 0x24, 0x5f, 0x0,

    /* U+8D61 "赡" */
    0x0, 0x3, 0xef, 0x11, 0x48, 0xab, 0xf5, 0x6b,
    0x2b, 0x21, 0x5e, 0xea, 0xde, 0x56, 0x0, 0x97,
    0x8a, 0xfc, 0x4e, 0x24, 0x5f, 0x0,

    /* U+8D62 "赢" */
    0x2, 0x7, 0xff, 0xc8, 0x0, 0x3f, 0xe3, 0xff,
    0x10, 0x8, 0x7f, 0x8e, 0xee, 0x5b, 0x53, 0xdb,
    0x9e, 0xdc, 0xab, 0x2b, 0x89, 0x80,

    /* U+8D64 "赤" */
    0x6, 0x0, 0x60, 0x7f, 0xe0, 0x60, 0x6, 0xf,
    0xff, 0x9, 0x6, 0x96, 0x49, 0x2c, 0x91, 0x91,
    0x13, 0x10, 0x67, 0x0,

    /* U+8D66 "赦" */
    0x10, 0x80, 0x8c, 0x1f, 0x40, 0x23, 0xe1, 0x13,
    0x77, 0x90, 0xcc, 0x96, 0x94, 0xd4, 0xc6, 0xa2,
    0x14, 0x38, 0xa2, 0x6b, 0x21, 0x0,

    /* U+8D6B "赫" */
    0x10, 0x40, 0x82, 0x1f, 0x7c, 0x20, 0x81, 0x4,
    0x77, 0xdc, 0xa2, 0x95, 0xb6, 0xae, 0xb6, 0x55,
    0x52, 0x48, 0x92, 0x4b, 0x26, 0x0,

    /* U+8D70 "走" */
    0x6, 0x0, 0x60, 0x7f, 0xe0, 0x60, 0x6, 0xf,
    0xff, 0x6, 0x2, 0x60, 0x27, 0xe2, 0x60, 0x56,
    0x4, 0xe0, 0x87, 0xf0,

    /* U+8D74 "赴" */
    0x10, 0x80, 0x84, 0x3f, 0xa0, 0x21, 0x1, 0xc,
    0x7f, 0x50, 0x42, 0x6a, 0x10, 0x5e, 0x82, 0x84,
    0x2c, 0x21, 0x60, 0x8, 0xff, 0x80,

    /* U+8D75 "赵" */
    0x10, 0x0, 0x81, 0xbf, 0x88, 0x22, 0x41, 0xe,
    0x7e, 0x60, 0x41, 0xa, 0x1c, 0x5d, 0xa2, 0x88,
    0xb4, 0x81, 0x60, 0x9, 0xff, 0x0,

    /* U+8D76 "赶" */
    0x20, 0x1, 0x1f, 0xbf, 0x10, 0x40, 0x8f, 0xc4,
    0x11, 0xfc, 0x81, 0xc, 0x8, 0x5c, 0x47, 0x2,
    0x38, 0x11, 0x60, 0x9, 0xff, 0x80,

    /* U+8D77 "起" */
    0x10, 0x0, 0x8f, 0xbf, 0x4, 0x20, 0x21, 0x1,
    0x7e, 0xf8, 0x44, 0xa, 0x20, 0x5d, 0x2, 0x88,
    0x74, 0x7d, 0x60, 0x9, 0xff, 0x80,

    /* U+8D81 "趁" */
    0x10, 0x40, 0x86, 0x3f, 0x48, 0x2c, 0x31, 0xc,
    0xfe, 0xc0, 0x40, 0x8a, 0x18, 0x5d, 0x12, 0x83,
    0x34, 0x61, 0x60, 0x9, 0xff, 0x80,

    /* U+8D85 "超" */
    0x10, 0x0, 0x9f, 0xbf, 0x24, 0x21, 0x21, 0x11,
    0x7f, 0x38, 0x4f, 0xcb, 0xc2, 0x92, 0x12, 0x90,
    0xb4, 0xfd, 0x60, 0x9, 0xff, 0x80,

    /* U+8D8A "越" */
    0x10, 0x60, 0x82, 0x9f, 0x14, 0x27, 0xe1, 0x24,
    0x7f, 0x28, 0x49, 0x4a, 0x4c, 0x5e, 0xa2, 0x9b,
    0xac, 0x65, 0x60, 0x8, 0xff, 0x0,

    /* U+8D8B "趋" */
    0x10, 0x80, 0x8f, 0x3f, 0x48, 0x24, 0x41, 0x26,
    0x7e, 0xf8, 0x40, 0x4a, 0x3e, 0x5c, 0x12, 0x9f,
    0xac, 0x1, 0x30, 0x8, 0xff, 0x80,

    /* U+8D9F "趟" */
    0x10, 0x40, 0x92, 0x7f, 0x54, 0x22, 0x81, 0x3f,
    0xff, 0x4, 0x4b, 0xaa, 0x55, 0x5a, 0xea, 0x94,
    0x6c, 0x87, 0x60, 0x8, 0xff, 0x80,

    /* U+8DA3 "趣" */
    0x20, 0x1, 0x3e, 0x3f, 0x3e, 0x4f, 0x2f, 0xcd,
    0x12, 0x59, 0x9e, 0x4f, 0x92, 0x65, 0xf3, 0x75,
    0x78, 0x31, 0x61, 0x8, 0xff, 0x80,

    /* U+8DB3 "足" */
    0x3f, 0xf1, 0x0, 0x88, 0x4, 0x40, 0x23, 0xff,
    0x1, 0x0, 0x48, 0x6, 0x7e, 0x32, 0x1, 0xd0,
    0x13, 0x81, 0x87, 0xf0,

    /* U+8DB4 "趴" */
    0x79, 0x22, 0x49, 0x12, 0x48, 0xf2, 0x41, 0x12,
    0x28, 0x91, 0x64, 0x4a, 0x42, 0x52, 0x12, 0xf0,
    0xbd, 0x82, 0x8, 0x10,

    /* U+8DBE "趾" */
    0x0, 0x43, 0xe2, 0x11, 0x10, 0x88, 0x87, 0xd4,
    0x8, 0xbd, 0x45, 0xb, 0xa8, 0x51, 0x42, 0x8a,
    0x15, 0x50, 0xf2, 0x88, 0x7f, 0x80,

    /* U+8DC3 "跃" */
    0x78, 0xf2, 0x5a, 0x12, 0x10, 0xf0, 0x81, 0x3f,
    0xa8, 0x21, 0x61, 0xa, 0x14, 0x50, 0xa2, 0xcd,
    0xbc, 0xc4, 0xc, 0x10,

    /* U+8DCB "跋" */
    0x0, 0xa3, 0xe4, 0x91, 0x24, 0x8f, 0xf7, 0xc8,
    0x8, 0x41, 0x47, 0xeb, 0xb2, 0x51, 0xd2, 0x8b,
    0x97, 0x89, 0xe4, 0xe0, 0x49, 0x80,

    /* U+8DCC "跌" */
    0x0, 0x43, 0xea, 0x13, 0x50, 0x9b, 0xf7, 0xe4,
    0x8, 0x21, 0x4f, 0xeb, 0x88, 0x50, 0x42, 0x85,
    0x17, 0x29, 0xe2, 0x20, 0x20, 0x80,

    /* U+8DD1 "跑" */
    0x0, 0x3, 0xc8, 0x12, 0xfc, 0x94, 0x27, 0xbd,
    0x9, 0x29, 0x49, 0x4b, 0x4a, 0x53, 0xd2, 0x93,
    0x94, 0x81, 0xf4, 0x10, 0x3f, 0x0,

    /* U+8DDB "跛" */
    0x0, 0x43, 0xc2, 0x12, 0x10, 0x97, 0xf7, 0xa4,
    0x89, 0x21, 0x4f, 0xeb, 0x62, 0x52, 0x92, 0x97,
    0x16, 0x99, 0xe9, 0x60, 0x70, 0x80,

    /* U+8DDD "距" */
    0x7d, 0xf9, 0x14, 0x4, 0x50, 0x1f, 0x7c, 0x11,
    0x11, 0x44, 0x45, 0xd1, 0x14, 0x7c, 0x51, 0x1,
    0x54, 0x7, 0x90, 0x30, 0x7f,

    /* U+8DDF "跟" */
    0x7b, 0xf2, 0x50, 0x92, 0xfc, 0xf4, 0x21, 0x21,
    0x29, 0xf9, 0x6a, 0xa, 0x4a, 0x52, 0x62, 0xf1,
    0x3c, 0xac, 0x6, 0x30,

    /* U+8DE8 "跨" */
    0x78, 0x42, 0x5f, 0xd2, 0x28, 0xf2, 0x21, 0x6e,
    0x88, 0x1, 0x6f, 0xea, 0x20, 0x51, 0xf2, 0xe0,
    0xb8, 0x4, 0x1, 0xe0,

    /* U+8DEA "跪" */
    0x1, 0x1, 0xe7, 0xc4, 0x93, 0x12, 0x88, 0x7f,
    0xfc, 0x58, 0x1, 0x2f, 0x96, 0xa2, 0x52, 0x89,
    0x4a, 0xe5, 0xa8, 0x3d, 0x21, 0x4, 0xf8,

    /* U+8DEF "路" */
    0x0, 0x83, 0xe4, 0x11, 0x7c, 0x8a, 0x47, 0xea,
    0x8, 0x21, 0x42, 0x8b, 0xe3, 0x53, 0xfa, 0x88,
    0x95, 0x44, 0xfa, 0x2c, 0x1f, 0x0,

    /* U+8DF3 "跳" */
    0x1, 0x23, 0xc9, 0x13, 0x4a, 0x96, 0x67, 0xb3,
    0x8, 0x91, 0x44, 0x8b, 0x66, 0x57, 0x2a, 0xa9,
    0x16, 0x89, 0xc4, 0x50, 0x43, 0x80,

    /* U+8DF5 "践" */
    0x0, 0x83, 0xc5, 0x12, 0x24, 0x97, 0xe7, 0x88,
    0x10, 0x4d, 0x8f, 0x8b, 0x11, 0x60, 0x53, 0x3,
    0x16, 0x31, 0xc7, 0x50, 0x43, 0x80,

    /* U+8DF7 "跷" */
    0x1, 0x3, 0xc8, 0x12, 0xfc, 0x91, 0x27, 0x8e,
    0x8, 0xf5, 0x4c, 0xeb, 0x0, 0x57, 0xfa, 0x89,
    0x16, 0x49, 0xe6, 0x50, 0x63, 0x80,

    /* U+8DFA "跺" */
    0x79, 0xf2, 0x48, 0x92, 0x44, 0xf2, 0x21, 0x25,
    0x88, 0x21, 0x6f, 0xea, 0x1c, 0x51, 0x62, 0xea,
    0xb9, 0x92, 0x0, 0x80,

    /* U+8E0A "踊" */
    0x7b, 0xfa, 0x49, 0x92, 0x30, 0xf7, 0xf1, 0x24,
    0x89, 0x25, 0x6f, 0xea, 0x49, 0x53, 0xfa, 0xf2,
    0x78, 0x92, 0x4, 0xf0,

    /* U+8E0F "踏" */
    0x0, 0x41, 0xe1, 0x24, 0xf7, 0x92, 0x5c, 0x7b,
    0x50, 0x99, 0x36, 0x5c, 0x16, 0xfe, 0x62, 0x9,
    0x8f, 0xe5, 0xa0, 0xbc, 0x82, 0x3, 0xf8,

    /* U+8E22 "踢" */
    0x7b, 0xf2, 0x50, 0x92, 0xfc, 0xf4, 0x21, 0x3f,
    0x28, 0x81, 0x6f, 0xea, 0x95, 0x51, 0x4a, 0xd2,
    0xf9, 0x26, 0x2, 0x60,

    /* U+8E29 "踩" */
    0xf0, 0xf4, 0xa8, 0x25, 0x25, 0xe9, 0x42, 0x22,
    0x10, 0x42, 0xdf, 0xd4, 0x38, 0xa3, 0xa5, 0xb5,
    0xb9, 0x24, 0x1, 0x0,

    /* U+8E2A "踪" */
    0x0, 0x41, 0xe1, 0x4, 0xbf, 0xd2, 0x81, 0x79,
    0xf8, 0x40, 0x5, 0x0, 0x17, 0xff, 0x50, 0x41,
    0x45, 0x25, 0xe4, 0xf9, 0x91, 0x0, 0xc0,

    /* U+8E31 "踱" */
    0x0, 0x41, 0xef, 0xe4, 0xa0, 0x12, 0xa4, 0x7b,
    0xf8, 0x4a, 0x45, 0x2f, 0x16, 0x80, 0x53, 0xf9,
    0x5a, 0x45, 0x4f, 0x1f, 0x18, 0x5, 0x98,

    /* U+8E42 "蹂" */
    0x7b, 0xf2, 0x4e, 0x13, 0xfe, 0xf2, 0xb1, 0x25,
    0xa, 0xe1, 0x62, 0xa, 0xff, 0x51, 0xc2, 0xdd,
    0xb9, 0xa6, 0x1, 0x0,

    /* U+8E44 "蹄" */
    0x0, 0x41, 0xef, 0xf4, 0x91, 0x12, 0x24, 0x7b,
    0xfc, 0x48, 0x11, 0x24, 0x56, 0x7e, 0x51, 0x49,
    0x45, 0x25, 0x54, 0x9e, 0x56, 0x0, 0x40,

    /* U+8E48 "蹈" */
    0x79, 0xfa, 0x50, 0x52, 0x92, 0xf6, 0xa1, 0x8,
    0x9, 0x9d, 0x68, 0x2a, 0x41, 0x53, 0xba, 0x90,
    0x5e, 0x82, 0x87, 0xf0,

    /* U+8E4B "蹋" */
    0x7b, 0xf2, 0x50, 0x92, 0xfc, 0x94, 0x27, 0xbf,
    0x11, 0xdd, 0x62, 0x2c, 0x55, 0x63, 0x9a, 0xd5,
    0x78, 0x22, 0x3, 0x60,

    /* U+8E66 "蹦" */
    0x0, 0x8f, 0x89, 0x98, 0x99, 0x7f, 0xf0, 0x2,
    0xf7, 0xa7, 0x7b, 0x95, 0xa9, 0x5a, 0x77, 0xa9,
    0x5f, 0x99, 0xb, 0xb0,

    /* U+8E6C "蹬" */
    0x7b, 0xd2, 0x49, 0x12, 0xcc, 0xf7, 0xe1, 0x40,
    0xa9, 0xf9, 0x68, 0x4a, 0x7e, 0x51, 0x22, 0xc9,
    0x38, 0x48, 0xf, 0xf0,

    /* U+8E6D "蹭" */
    0x0, 0xf, 0x14, 0x97, 0xf9, 0x49, 0xf5, 0xd2,
    0x5d, 0xa7, 0xfb, 0x0, 0xa3, 0xea, 0x22, 0xa3,
    0xef, 0xa2, 0x83, 0xe0,

    /* U+8E72 "蹲" */
    0x0, 0x3, 0xc9, 0x13, 0xfe, 0x91, 0x87, 0xbf,
    0x9, 0x99, 0x4f, 0xcb, 0x42, 0x51, 0xe2, 0xbf,
    0xd6, 0xc9, 0xc2, 0x40, 0xe, 0x0,

    /* U+8E81 "躁" */
    0xf3, 0xe4, 0x91, 0x24, 0x71, 0xee, 0xe2, 0x95,
    0x53, 0xba, 0xc2, 0x15, 0xfe, 0xa1, 0xc5, 0x95,
    0x33, 0x24, 0x1, 0x0,

    /* U+8E8F "躏" */
    0x2, 0x4f, 0xff, 0x92, 0x49, 0x5f, 0xf4, 0x12,
    0xa9, 0xab, 0xdb, 0xa9, 0xab, 0xda, 0xbd, 0xaa,
    0x9f, 0xbd, 0x8, 0x30,

    /* U+8EAB "身" */
    0x4, 0x3, 0xfc, 0x20, 0x43, 0xfc, 0x20, 0x53,
    0xfd, 0x20, 0x6f, 0xfc, 0x1, 0x40, 0x64, 0x38,
    0x4e, 0x3c,

    /* U+8EAC "躬" */
    0x10, 0x0, 0x9f, 0x9f, 0x4, 0x88, 0x27, 0xc1,
    0x22, 0xf9, 0xf4, 0x8, 0xa0, 0x7f, 0xf8, 0x60,
    0xcd, 0x7, 0x88, 0x21, 0xcf, 0x0,

    /* U+8EAF "躯" */
    0x21, 0xfd, 0xe7, 0xf4, 0x90, 0x9e, 0x52, 0x49,
    0x51, 0xe4, 0xc4, 0x93, 0x3e, 0x4c, 0x19, 0x48,
    0xa6, 0x2c, 0x90, 0x6, 0x7f,

    /* U+8EB2 "躲" */
    0x0, 0x1, 0xf, 0x9e, 0x44, 0x92, 0x27, 0xb1,
    0x25, 0x2d, 0xe9, 0x9, 0x7f, 0xf8, 0xe0, 0xc7,
    0x1a, 0x55, 0x1c, 0x91, 0x84, 0x0,

    /* U+8EBA "躺" */
    0x10, 0x41, 0x12, 0x5e, 0x56, 0x92, 0xa7, 0x84,
    0x25, 0xdd, 0xeb, 0xbf, 0x55, 0x1a, 0xa9, 0x57,
    0x5a, 0xa3, 0x94, 0x11, 0xa1, 0x80,

    /* U+8F66 "车" */
    0x8, 0x0, 0x80, 0xff, 0xf1, 0x0, 0x32, 0x2,
    0x20, 0x7f, 0xe0, 0x20, 0x2, 0xf, 0xff, 0x2,
    0x0, 0x20, 0x2, 0x0,

    /* U+8F67 "轧" */
    0x30, 0x81, 0x4, 0x3f, 0xa0, 0x41, 0x4, 0x88,
    0x24, 0x43, 0xfa, 0x1, 0x10, 0x8, 0x83, 0xf4,
    0x72, 0x22, 0x11, 0x10, 0x8f, 0x0,

    /* U+8F68 "轨" */
    0x30, 0x81, 0x4, 0x3f, 0x20, 0xc7, 0xc5, 0xa,
    0x28, 0x53, 0xf2, 0x82, 0x14, 0x11, 0x23, 0xe9,
    0x24, 0x4a, 0x24, 0x51, 0x43, 0x80,

    /* U+8F69 "轩" */
    0x20, 0x1, 0xf, 0xff, 0x10, 0xc0, 0x85, 0x4,
    0x28, 0x23, 0xff, 0xe2, 0x8, 0x10, 0x47, 0xe2,
    0x24, 0x10, 0x20, 0x81, 0x4, 0x0,

    /* U+8F6C "转" */
    0x20, 0xc2, 0x8, 0xfb, 0xf4, 0x8, 0x51, 0x85,
    0x7f, 0xf9, 0x1, 0x3f, 0x10, 0x2f, 0x84, 0x91,
    0xc1, 0xc, 0x10, 0x20,

    /* U+8F6E "轮" */
    0x20, 0xc1, 0x6, 0x3e, 0x70, 0x86, 0x45, 0x23,
    0x2a, 0x8b, 0xe4, 0x82, 0x28, 0x11, 0x83, 0xc8,
    0x34, 0x44, 0x22, 0x21, 0x1f, 0x0,

    /* U+8F6F "软" */
    0x10, 0x81, 0x4, 0x3f, 0x7e, 0x42, 0x15, 0x30,
    0xa9, 0x2b, 0xf1, 0x2, 0x8, 0x10, 0x67, 0xe5,
    0x24, 0x68, 0x26, 0x21, 0x20, 0x80,

    /* U+8F70 "轰" */
    0x8, 0xf, 0xff, 0x32, 0x7, 0xfe, 0x2, 0xf,
    0xff, 0x2, 0x0, 0x20, 0xfb, 0xe0, 0xa2, 0x71,
    0x43, 0xc, 0xcb, 0x70, 0x40,

    /* U+8F74 "轴" */
    0x20, 0x82, 0x8, 0xf8, 0x84, 0x3f, 0x54, 0x95,
    0x49, 0xfc, 0x91, 0x3f, 0x14, 0x9f, 0xc9, 0x14,
    0x91, 0x3f, 0x14, 0x10,

    /* U+8F7B "轻" */
    0x20, 0x2, 0x3e, 0xf8, 0x64, 0x4, 0x51, 0xc5,
    0x33, 0xfc, 0x1, 0x3e, 0x10, 0x8f, 0x88, 0x90,
    0x81, 0x8, 0x17, 0xf0,

    /* U+8F7D "载" */
    0x18, 0xa3, 0xf4, 0x86, 0x21, 0xff, 0xf1, 0x8,
    0x18, 0x4b, 0xfe, 0x4d, 0x16, 0x7e, 0x60, 0x43,
    0x7, 0xd3, 0xd1, 0x50, 0x93, 0x80,

    /* U+8F7F "轿" */
    0x20, 0x1, 0x1f, 0xbe, 0x20, 0x81, 0x5, 0x7f,
    0xa8, 0x93, 0xe8, 0x42, 0xa4, 0x11, 0x27, 0xc9,
    0x4, 0x48, 0x24, 0x41, 0x42, 0x0,

    /* U+8F83 "较" */
    0x20, 0x81, 0x4, 0x3f, 0xfc, 0x80, 0x45, 0x32,
    0x29, 0xb, 0xfc, 0xc2, 0x2c, 0x11, 0x47, 0xc6,
    0x24, 0x70, 0x26, 0x41, 0x61, 0x0,

    /* U+8F85 "辅" */
    0x20, 0x51, 0x2, 0xff, 0xfe, 0x80, 0x85, 0x3f,
    0xa9, 0x27, 0xe9, 0x3f, 0x7f, 0x12, 0x4f, 0xdf,
    0xe4, 0x92, 0x24, 0x91, 0x25, 0x80,

    /* U+8F86 "辆" */
    0x40, 0x4, 0xff, 0xf1, 0x44, 0x14, 0x67, 0xfa,
    0x55, 0xf5, 0x52, 0x55, 0x26, 0xff, 0x6b, 0x24,
    0x92, 0x41, 0x24, 0x30,

    /* U+8F88 "辈" */
    0x4, 0x83, 0xe7, 0xc1, 0x20, 0x79, 0xf7, 0xcf,
    0x86, 0x1, 0xff, 0xe3, 0x0, 0x11, 0x1, 0xff,
    0x80, 0x41, 0xff, 0xf0, 0x10, 0x0,

    /* U+8F89 "辉" */
    0x20, 0x5, 0x7f, 0xeb, 0x3, 0x69, 0x17, 0x3f,
    0xfc, 0x81, 0x4d, 0xa, 0x7f, 0x50, 0x42, 0x82,
    0x17, 0xff, 0x60, 0x88, 0x4, 0x0,

    /* U+8F90 "辐" */
    0x20, 0x1, 0x3f, 0xfe, 0x0, 0x87, 0xe5, 0x21,
    0x29, 0xfb, 0xe0, 0x2, 0xff, 0x14, 0x8f, 0xff,
    0xe5, 0x22, 0x29, 0x11, 0x7f, 0x80,

    /* U+8F91 "辑" */
    0x23, 0xf7, 0xd0, 0x90, 0xfc, 0xaf, 0xf9, 0x21,
    0x7d, 0xf8, 0x48, 0x42, 0x42, 0x1b, 0xf7, 0x90,
    0x85, 0xfe, 0x20, 0x20,

    /* U+8F93 "输" */
    0x40, 0x82, 0xc, 0x3c, 0xd0, 0x8c, 0x66, 0xbe,
    0x50, 0xb, 0xdf, 0x54, 0x9a, 0x27, 0xd3, 0xa6,
    0xa9, 0xf4, 0x49, 0x22, 0x5b, 0x0,

    /* U+8F95 "辕" */
    0x20, 0x41, 0x1f, 0xbe, 0x10, 0x8f, 0xf5, 0x0,
    0x29, 0xfb, 0xe8, 0x42, 0x7e, 0x10, 0xc7, 0xfa,
    0xa5, 0x48, 0x22, 0xa1, 0x38, 0x80,

    /* U+8F96 "辖" */
    0x20, 0x41, 0x2, 0x3f, 0xee, 0x88, 0x95, 0x3f,
    0x28, 0x23, 0xe7, 0xc2, 0x7f, 0x10, 0x43, 0xdf,
    0xa4, 0x84, 0x24, 0x21, 0x3f, 0x0,

    /* U+8F99 "辙" */
    0x42, 0x47, 0xfe, 0x11, 0x1e, 0xde, 0xaa, 0x8d,
    0x7b, 0xea, 0xa5, 0x44, 0xec, 0x39, 0x27, 0x39,
    0xa, 0x54, 0x57, 0x30,

    /* U+8F9B "辛" */
    0x4, 0x0, 0x60, 0x7f, 0xe1, 0x8, 0x10, 0x81,
    0x8, 0xff, 0xf0, 0x40, 0x4, 0x7, 0xfe, 0x4,
    0x0, 0x40, 0x4, 0x0,

    /* U+8F9C "辜" */
    0x6, 0xf, 0xff, 0x6, 0x7, 0xfe, 0x40, 0x27,
    0xfe, 0x2, 0x7, 0xde, 0xff, 0xf0, 0x60, 0x6,
    0xf, 0xff, 0x6, 0x0,

    /* U+8F9E "辞" */
    0x0, 0x47, 0xc2, 0x4, 0xfe, 0x22, 0x2f, 0xd1,
    0x8, 0x50, 0x4f, 0xe2, 0x8, 0x7c, 0x42, 0x3f,
    0xd1, 0x10, 0xf8, 0x84, 0x44, 0x0,

    /* U+8F9F "辟" */
    0x0, 0x43, 0xe2, 0x11, 0xfe, 0x8a, 0x27, 0xd1,
    0x20, 0x51, 0xf, 0xef, 0x88, 0x64, 0x43, 0x3f,
    0xe9, 0x11, 0x78, 0x82, 0x4, 0x0,

    /* U+8FA3 "辣" */
    0x20, 0x81, 0x4, 0x3f, 0xfd, 0x11, 0x5, 0x3f,
    0x2a, 0x4b, 0xf2, 0x44, 0x7e, 0xf9, 0xc1, 0x1d,
    0x8, 0xac, 0x99, 0x3c, 0x8, 0x0,

    /* U+8FA8 "辨" */
    0x42, 0x22, 0x11, 0x3c, 0xbf, 0x24, 0x2a, 0xa5,
    0x35, 0x2b, 0xeb, 0xe9, 0x44, 0x42, 0x27, 0x97,
    0xd1, 0x8, 0x98, 0x48, 0x82, 0x0,

    /* U+8FA9 "辩" */
    0x40, 0x22, 0x31, 0x3c, 0xbf, 0x20, 0x2a, 0x5,
    0x33, 0x2b, 0xcb, 0xe8, 0x44, 0x42, 0x27, 0x97,
    0xd0, 0xc8, 0x84, 0x48, 0x2, 0x0,

    /* U+8FAB "辫" */
    0x40, 0x44, 0x24, 0xf4, 0xf8, 0x59, 0xab, 0xa2,
    0xe6, 0xf2, 0xf4, 0x42, 0x4f, 0x2f, 0xf, 0x40,
    0x24, 0xe2, 0x80, 0x20,

    /* U+8FB0 "辰" */
    0x7f, 0xf2, 0x0, 0x17, 0xf8, 0x80, 0x4, 0x0,
    0x3f, 0xf9, 0x48, 0xa, 0x24, 0x51, 0xc6, 0x86,
    0x25, 0x99, 0x30, 0x20,

    /* U+8FB1 "辱" */
    0x3f, 0xf9, 0x0, 0x1b, 0xf8, 0xff, 0xf4, 0x91,
    0x24, 0x72, 0x7c, 0xe0, 0x8, 0xff, 0xf8, 0x82,
    0x3, 0x10, 0x3, 0x80,

    /* U+8FB9 "边" */
    0x41, 0x3, 0x8, 0x8, 0x40, 0x1f, 0xe0, 0x11,
    0x70, 0x88, 0x88, 0x44, 0x42, 0x22, 0x11, 0x21,
    0x8a, 0x38, 0xa0, 0x8, 0xff, 0x80,

    /* U+8FBD "辽" */
    0x40, 0x2, 0x7f, 0x88, 0x8, 0x0, 0x80, 0x8,
    0x70, 0x40, 0x82, 0x4, 0x10, 0x20, 0x81, 0x4,
    0x8, 0xe0, 0xb0, 0x8, 0xff, 0x80,

    /* U+8FBE "达" */
    0x40, 0x82, 0x4, 0x8, 0x20, 0x1f, 0xf0, 0x8,
    0x70, 0xe0, 0x85, 0x84, 0x64, 0x26, 0x11, 0x60,
    0x5c, 0x1, 0x90, 0x8, 0x7f, 0x80,

    /* U+8FC1 "迁" */
    0xc0, 0xf3, 0x7c, 0x8, 0x20, 0x1, 0x0, 0xff,
    0xf0, 0x40, 0x82, 0x4, 0x10, 0x20, 0x81, 0x4,
    0x1c, 0x21, 0x1f, 0xf0,

    /* U+8FC2 "迂" */
    0x4f, 0xf1, 0x4, 0x0, 0x20, 0x1, 0xe, 0xff,
    0x90, 0x40, 0x82, 0x4, 0x10, 0x20, 0x81, 0x1c,
    0x16, 0x1, 0xf, 0xf0,

    /* U+8FC4 "迄" */
    0x2, 0x4, 0x60, 0x27, 0xf0, 0xc0, 0xf, 0xee,
    0x8, 0x21, 0x2, 0x21, 0x24, 0x12, 0x7f, 0x70,
    0xd, 0x80, 0x87, 0xf0,

    /* U+8FC5 "迅" */
    0x4f, 0xe1, 0x11, 0x0, 0x88, 0x4, 0x4e, 0xfa,
    0x11, 0x10, 0x88, 0x84, 0x45, 0x22, 0x29, 0x10,
    0x9e, 0x1, 0x1f, 0xf0,

    /* U+8FC7 "过" */
    0x0, 0x44, 0x4, 0x20, 0x42, 0xff, 0x0, 0x4e,
    0x44, 0x26, 0x42, 0x24, 0x20, 0x42, 0x4, 0x21,
    0xc5, 0x0, 0x8f, 0xf0,

    /* U+8FC8 "迈" */
    0xcf, 0xfb, 0x10, 0x8, 0x80, 0x7, 0xee, 0x21,
    0x11, 0x8, 0x90, 0x44, 0x82, 0x28, 0x11, 0x47,
    0x14, 0x1, 0x1f, 0xf0,

    /* U+8FCE "迎" */
    0x3, 0x2, 0x67, 0x8a, 0x24, 0x11, 0x20, 0x89,
    0x74, 0x48, 0xa2, 0x45, 0x12, 0x2e, 0x91, 0x45,
    0x88, 0x20, 0xa0, 0x8, 0xff, 0x0,

    /* U+8FD0 "运" */
    0xc7, 0xf1, 0x80, 0x0, 0x0, 0x1f, 0xfe, 0x10,
    0x11, 0xb0, 0x88, 0x84, 0x82, 0x27, 0xf1, 0x0,
    0x16, 0x1, 0xf, 0xf0,

    /* U+8FD1 "近" */
    0x0, 0x32, 0x3e, 0x9, 0x0, 0x8, 0x0, 0x7f,
    0x72, 0x20, 0x91, 0x4, 0x88, 0x2c, 0x41, 0x42,
    0xa, 0x11, 0xb0, 0x8, 0x7f, 0x0,

    /* U+8FD4 "返" */
    0x0, 0x32, 0x3f, 0x9, 0x0, 0x8, 0x20, 0x7f,
    0x72, 0x10, 0x96, 0x84, 0x98, 0x28, 0xa1, 0xd8,
    0x98, 0x0, 0xb0, 0x8, 0x7f, 0x80,

    /* U+8FD8 "还" */
    0x40, 0x3, 0x7f, 0x8c, 0x20, 0x2, 0x0, 0x10,
    0x71, 0xa0, 0x94, 0x87, 0x22, 0x21, 0x1, 0x8,
    0x18, 0x41, 0xb0, 0x8, 0xff, 0x0,

    /* U+8FD9 "这" */
    0x1, 0x2, 0x4, 0xb, 0xfe, 0x0, 0x40, 0x86,
    0x2, 0x23, 0x89, 0x4, 0x30, 0x21, 0xc1, 0x33,
    0xb, 0x4, 0xe0, 0xc, 0xff, 0x80,

    /* U+8FDB "进" */
    0x42, 0x42, 0x24, 0x2f, 0xf0, 0x24, 0xe2, 0x42,
    0xff, 0x22, 0x42, 0x64, 0x24, 0x42, 0x84, 0x50,
    0x8, 0xff,

    /* U+8FDC "远" */
    0xc7, 0xf1, 0x0, 0x0, 0x0, 0x1f, 0xfe, 0x24,
    0x11, 0x20, 0x89, 0x4, 0x49, 0x24, 0x49, 0x43,
    0xd4, 0x1, 0x1f, 0xf0,

    /* U+8FDD "违" */
    0x0, 0x82, 0x4, 0xb, 0xfe, 0x41, 0x0, 0x7f,
    0x70, 0x43, 0x82, 0x5, 0xff, 0x20, 0x89, 0x4,
    0x48, 0x2c, 0xe0, 0x8, 0x7f, 0x80,

    /* U+8FDE "连" */
    0x41, 0x1, 0x7f, 0xcc, 0x80, 0xd, 0x0, 0x48,
    0x73, 0xf8, 0x82, 0x4, 0x10, 0x2f, 0xf9, 0x4,
    0x8, 0x20, 0xb0, 0x8, 0x7f, 0x80,

    /* U+8FDF "迟" */
    0x47, 0xf1, 0x20, 0x81, 0x4, 0xf, 0xee, 0x40,
    0x12, 0x60, 0x91, 0x85, 0x6, 0x28, 0x13, 0x0,
    0x36, 0x1, 0xf, 0xf0,

    /* U+8FEB "迫" */
    0x40, 0x83, 0x4, 0xd, 0xfc, 0x8, 0x20, 0x41,
    0x72, 0x8, 0x9f, 0xc4, 0x82, 0x24, 0x11, 0x3f,
    0x88, 0x1, 0xb0, 0x8, 0xff, 0x80,

    /* U+8FF0 "述" */
    0x0, 0xa2, 0x5, 0x98, 0x24, 0x5f, 0xf0, 0x1c,
    0x70, 0xd0, 0x8a, 0xc4, 0x92, 0x28, 0x81, 0x4,
    0x1c, 0x1, 0xb0, 0x8, 0x7f, 0x80,

    /* U+8FF7 "迷" */
    0x40, 0x81, 0x92, 0x42, 0x49, 0x0, 0xa8, 0x0,
    0x83, 0xbf, 0xe2, 0x1c, 0x8, 0xa8, 0x24, 0x90,
    0xa2, 0x26, 0x8, 0x36, 0x0, 0x87, 0xf8,

    /* U+8FF9 "迹" */
    0x1, 0x6, 0x4, 0xb, 0xfe, 0x2, 0x80, 0x55,
    0x72, 0xa8, 0xa5, 0x25, 0x49, 0x22, 0x41, 0x32,
    0xb, 0x30, 0xb0, 0x8, 0x7f, 0x80,

    /* U+8FFD "追" */
    0x0, 0x6, 0x8, 0x9, 0xf8, 0x8, 0x40, 0x7e,
    0x72, 0x0, 0x90, 0x4, 0xfe, 0x24, 0x31, 0x21,
    0x89, 0xfc, 0xe0, 0x8, 0xff, 0x0,

    /* U+9000 "退" */
    0x47, 0xe1, 0x21, 0x9, 0xf8, 0x8, 0x4e, 0x7e,
    0x12, 0x8, 0x93, 0x84, 0x88, 0x27, 0x21, 0x0,
    0x16, 0x1, 0x1f, 0xe0,

    /* U+9001 "送" */
    0x0, 0x2, 0x11, 0x8, 0x88, 0x1f, 0xf0, 0x8,
    0x70, 0x40, 0xbf, 0xe4, 0x10, 0x21, 0x41, 0x11,
    0x8b, 0x4, 0xa0, 0x8, 0xff, 0x80,

    /* U+9002 "适" */
    0x41, 0xf3, 0x34, 0x8, 0x20, 0x1f, 0xfe, 0x8,
    0x13, 0xf8, 0x90, 0x44, 0x82, 0x27, 0xf1, 0x80,
    0x16, 0x1, 0xf, 0xf0,

    /* U+9003 "逃" */
    0x2, 0x41, 0x9, 0x22, 0xa5, 0x2, 0x94, 0x2,
    0x43, 0x89, 0x82, 0xe7, 0xe, 0x92, 0x26, 0x40,
    0x91, 0x22, 0x87, 0x94, 0x0, 0x8f, 0xf8,

    /* U+9006 "逆" */
    0x2, 0x22, 0x9, 0xb, 0xfe, 0x9, 0x2e, 0x49,
    0x12, 0x48, 0x9f, 0xc4, 0x10, 0x21, 0x1, 0x18,
    0x1e, 0x1, 0x1f, 0xf0,

    /* U+9009 "选" */
    0x0, 0x82, 0x34, 0x9, 0xfc, 0x59, 0x0, 0x8,
    0x7, 0xff, 0x85, 0x4, 0x48, 0x22, 0x41, 0x32,
    0x4b, 0x1e, 0xe0, 0xc, 0xff, 0x80,

    /* U+900A "逊" */
    0x0, 0x26, 0x79, 0x18, 0x88, 0x49, 0x60, 0x4a,
    0xf3, 0x54, 0xb2, 0xa4, 0xa5, 0x24, 0x21, 0x21,
    0xb, 0x38, 0xb0, 0x8, 0x7f, 0x80,

    /* U+900F "透" */
    0x0, 0x12, 0x7f, 0x18, 0x20, 0x5f, 0xf0, 0x1c,
    0x3, 0x53, 0xb0, 0x64, 0xf8, 0x23, 0x71, 0x10,
    0x89, 0x4, 0xf0, 0x4c, 0xff, 0x80,

    /* U+9010 "逐" */
    0x4f, 0xf9, 0x8, 0x9, 0xc6, 0x13, 0x4e, 0x24,
    0x16, 0x70, 0x85, 0x44, 0xc9, 0x28, 0x41, 0xc,
    0x16, 0x1, 0xf, 0xf0,

    /* U+9012 "递" */
    0x2, 0x22, 0x12, 0x1b, 0xfc, 0x41, 0x20, 0x7f,
    0x74, 0x40, 0xbf, 0xe4, 0x33, 0x22, 0x99, 0x65,
    0x88, 0x20, 0xb0, 0x8, 0x7f, 0x80,

    /* U+9014 "途" */
    0x0, 0x82, 0xc, 0xc, 0xd8, 0xc, 0x60, 0xbe,
    0xf0, 0x40, 0xbf, 0xe4, 0x10, 0x24, 0xb1, 0x44,
    0xc8, 0x60, 0xb0, 0x8, 0x7f, 0x80,

    /* U+9017 "逗" */
    0x4f, 0xf9, 0x0, 0x9, 0xfc, 0x8, 0x20, 0x41,
    0x73, 0xf8, 0x88, 0x84, 0x44, 0x22, 0x41, 0x7f,
    0xd4, 0x1, 0x1f, 0xf0,

    /* U+901A "通" */
    0x47, 0xf3, 0x1, 0xc, 0x70, 0xf, 0xe0, 0x49,
    0x73, 0xf8, 0x92, 0x44, 0xfe, 0x24, 0x91, 0x25,
    0x96, 0x1, 0x1f, 0xf0,

    /* U+901B "逛" */
    0xa, 0x2, 0x3f, 0x89, 0x10, 0x14, 0x80, 0x24,
    0x73, 0x78, 0xa9, 0x7, 0x48, 0x22, 0x41, 0x1f,
    0x8b, 0x7c, 0xa0, 0x8, 0xff, 0x0,

    /* U+901D "逝" */
    0x2, 0x9, 0x9, 0xe6, 0x28, 0xb, 0xe0, 0x2,
    0x7b, 0x8e, 0x42, 0xe9, 0x8, 0xa4, 0x22, 0x90,
    0x8a, 0x42, 0xd9, 0x14, 0x1, 0x8f, 0xf8,

    /* U+901E "逞" */
    0x47, 0xf1, 0x20, 0x81, 0xfc, 0x0, 0xe, 0xff,
    0x90, 0x40, 0x9f, 0xc4, 0x10, 0x20, 0x81, 0x7f,
    0xd4, 0x1, 0x1f, 0xf0,

    /* U+901F "速" */
    0x0, 0x86, 0x4, 0x1b, 0xfe, 0x41, 0x0, 0xff,
    0x74, 0x48, 0xbf, 0xc4, 0x38, 0x22, 0xa1, 0x24,
    0x8a, 0x20, 0xa0, 0x8, 0xff, 0x80,

    /* U+9020 "造" */
    0x2, 0x82, 0x24, 0x9, 0xfc, 0x59, 0x0, 0x8,
    0x7, 0xff, 0x80, 0x4, 0xfe, 0x24, 0x11, 0x20,
    0x89, 0xfc, 0xe0, 0x8, 0xff, 0x80,

    /* U+9022 "逢" */
    0x1, 0x2, 0x1f, 0x8b, 0x88, 0x13, 0x80, 0x37,
    0x76, 0x44, 0x9f, 0xc4, 0x10, 0x27, 0xf1, 0x7f,
    0xc8, 0x20, 0xb0, 0x18, 0x7f, 0x80,

    /* U+902E "逮" */
    0x41, 0x1, 0x1f, 0xc2, 0x11, 0x3, 0xfe, 0x1,
    0x13, 0x9f, 0xc2, 0x11, 0x9, 0x4c, 0x23, 0xc0,
    0x94, 0xc2, 0x90, 0x9c, 0xc0, 0x8f, 0xf8,

    /* U+9038 "逸" */
    0x2, 0x2, 0x3e, 0x9, 0x30, 0x1f, 0xe0, 0x49,
    0x72, 0x48, 0x9f, 0xc4, 0x34, 0x21, 0x91, 0x34,
    0x4b, 0x3e, 0xb0, 0x8, 0x7f, 0x80,

    /* U+903B "逻" */
    0x4f, 0xf1, 0x4a, 0x83, 0xfc, 0x2, 0x6, 0x3e,
    0x13, 0x10, 0xad, 0x4, 0x18, 0x21, 0x81, 0x70,
    0x34, 0x1, 0x1f, 0xe0,

    /* U+903C "逼" */
    0xcf, 0xf3, 0x3f, 0x1, 0x8, 0xf, 0xce, 0x0,
    0x17, 0xf8, 0xa2, 0x45, 0xfe, 0x28, 0x91, 0x7f,
    0x94, 0x1, 0x1f, 0xf0,

    /* U+903E "逾" */
    0x0, 0x82, 0xc, 0x8, 0x90, 0x1f, 0xe1, 0x0,
    0x77, 0xa8, 0xa5, 0x45, 0xea, 0x29, 0x51, 0x78,
    0x8a, 0xcc, 0xb0, 0x8, 0x7f, 0x0,

    /* U+9042 "遂" */
    0x2, 0x23, 0x12, 0xb, 0xfe, 0x2, 0x20, 0x31,
    0x6, 0x53, 0x8f, 0x5, 0x9c, 0x21, 0x59, 0x72,
    0x8, 0x60, 0xf0, 0xc, 0xff, 0x80,

    /* U+9047 "遇" */
    0x7, 0xf3, 0xbf, 0x81, 0x24, 0xf, 0xee, 0x8,
    0x17, 0xfc, 0xa2, 0x25, 0x15, 0x2b, 0x4b, 0xc1,
    0xd6, 0x1, 0xf, 0xf0,

    /* U+904D "遍" */
    0x41, 0x1, 0x7f, 0x8a, 0x4, 0x1f, 0xce, 0xff,
    0x16, 0xa8, 0xb5, 0x46, 0xfe, 0x35, 0x53, 0x20,
    0x96, 0x1, 0xf, 0xf0,

    /* U+904F "遏" */
    0x47, 0xf1, 0x20, 0x81, 0xfc, 0xf, 0xee, 0x20,
    0x13, 0xf8, 0xb2, 0x44, 0x9a, 0x25, 0x11, 0x3f,
    0x9c, 0xd, 0x9f, 0xf0,

    /* U+9053 "道" */
    0x6, 0x64, 0x24, 0x6f, 0xf0, 0x10, 0x7, 0xee,
    0x42, 0x27, 0xe2, 0x42, 0x27, 0xe2, 0x42, 0x27,
    0xe5, 0x0, 0x8f, 0xf0,

    /* U+9057 "遗" */
    0x40, 0x83, 0x3f, 0x89, 0x24, 0x4f, 0xe0, 0x8,
    0x77, 0xbc, 0x9f, 0xc4, 0x92, 0x24, 0x91, 0x2c,
    0x89, 0x9c, 0xa0, 0x8, 0xff, 0x80,

    /* U+9063 "遣" */
    0x1, 0x2, 0x3f, 0x19, 0x48, 0x47, 0x81, 0xff,
    0x80, 0x3, 0x9f, 0x84, 0xfc, 0x24, 0x1, 0x3f,
    0x9, 0xf8, 0xa0, 0x8, 0xff, 0x0,

    /* U+9065 "遥" */
    0x0, 0x32, 0x7e, 0x19, 0x24, 0x9, 0x40, 0x22,
    0x3, 0xf9, 0xa2, 0x5, 0xff, 0x24, 0x91, 0x24,
    0x89, 0xfc, 0xa0, 0x8, 0xff, 0x80,

    /* U+906D "遭" */
    0x2, 0x42, 0xff, 0xc8, 0x90, 0x5f, 0xe0, 0xff,
    0x75, 0x28, 0x96, 0x84, 0xfc, 0x24, 0x21, 0x3f,
    0x19, 0xf8, 0xb0, 0x8, 0xff, 0x80,

    /* U+906E "遮" */
    0x40, 0x86, 0xff, 0x29, 0x20, 0xff, 0xe9, 0x22,
    0x92, 0x29, 0xe2, 0x80, 0x2b, 0x52, 0x54, 0x50,
    0x8, 0xff,

    /* U+9075 "遵" */
    0x2, 0x23, 0x3f, 0xe6, 0x14, 0xb, 0xfe, 0x9,
    0x48, 0x28, 0xee, 0xff, 0x8b, 0xfe, 0x2f, 0xf8,
    0x98, 0x82, 0x32, 0x1c, 0x18, 0xcf, 0xf8,

    /* U+907F "避" */
    0x0, 0x42, 0x79, 0xa, 0x7e, 0x52, 0xa0, 0xf5,
    0x4, 0x7f, 0xa3, 0xe5, 0xe4, 0x39, 0xf9, 0xc9,
    0x9, 0xc8, 0xf0, 0x8, 0xff, 0x80,

    /* U+9080 "邀" */
    0x2, 0x42, 0x7a, 0x1a, 0x5e, 0x5e, 0xf0, 0x99,
    0x73, 0x68, 0xbd, 0x44, 0x84, 0x27, 0x31, 0x4b,
    0x8a, 0xf0, 0xb0, 0x8, 0x7f, 0x80,

    /* U+9091 "邑" */
    0x7f, 0xc4, 0x4, 0x7f, 0xc0, 0x0, 0xff, 0xe8,
    0x42, 0x84, 0x2f, 0xfe, 0x80, 0x8, 0x1, 0x80,
    0x37, 0xfe,

    /* U+9093 "邓" */
    0xfd, 0xf0, 0x91, 0x9, 0x28, 0x92, 0x49, 0x43,
    0x12, 0x11, 0x13, 0x91, 0x29, 0x14, 0x16, 0x81,
    0x0, 0x10,

    /* U+90A2 "邢" */
    0xff, 0xf2, 0x91, 0x29, 0x22, 0x92, 0x29, 0x4f,
    0xf2, 0x49, 0x14, 0x91, 0x49, 0x14, 0x97, 0xc9,
    0x8, 0x90,

    /* U+90A3 "那" */
    0xfd, 0xf2, 0x51, 0x25, 0x2f, 0xd6, 0x25, 0x42,
    0x52, 0xfd, 0x14, 0x51, 0x45, 0x14, 0x56, 0x85,
    0x9, 0x90,

    /* U+90A6 "邦" */
    0x10, 0x0, 0x87, 0xff, 0xa6, 0x21, 0x21, 0xb,
    0x3f, 0x50, 0x42, 0x42, 0x11, 0xfe, 0x88, 0x84,
    0x48, 0x2c, 0xc1, 0x4, 0x8, 0x0,

    /* U+90AA "邪" */
    0x7f, 0x78, 0x24, 0x49, 0x24, 0x49, 0x22, 0x4a,
    0x3f, 0xc8, 0x32, 0x23, 0x91, 0x34, 0x8b, 0x25,
    0xc1, 0x20, 0x39, 0x0,

    /* U+90AE "邮" */
    0x10, 0x1, 0xf, 0xfc, 0x99, 0x4a, 0x94, 0xa9,
    0x4a, 0xfc, 0xa9, 0x49, 0x94, 0x99, 0x49, 0xfc,
    0xe8, 0x48, 0x0, 0x80,

    /* U+90BB "邻" */
    0x8, 0x1, 0x8f, 0x3c, 0x92, 0x6a, 0x52, 0xa8,
    0x8a, 0x0, 0xa7, 0xe9, 0x4, 0x90, 0x89, 0x38,
    0xf1, 0x88, 0x8, 0x80,

    /* U+90C1 "郁" */
    0x10, 0x2, 0xf, 0xff, 0x12, 0x12, 0x7d, 0x24,
    0x54, 0xc5, 0x2f, 0xd1, 0x45, 0x17, 0xd1, 0x45,
    0x74, 0x50, 0x4d, 0x0,

    /* U+90CA "郊" */
    0x10, 0x1, 0xf, 0xfe, 0x90, 0xa, 0x44, 0xa8,
    0x2c, 0x88, 0xa2, 0x89, 0x10, 0x91, 0x89, 0x2c,
    0xec, 0x8, 0x80, 0x80,

    /* U+90CE "郎" */
    0x10, 0x1, 0xf, 0x7c, 0x94, 0x4a, 0x7c, 0xa4,
    0x4c, 0x44, 0xa7, 0xc9, 0x40, 0x94, 0x89, 0x5c,
    0xf6, 0x68, 0x0, 0x80,

    /* U+90D1 "郑" */
    0x4, 0x2, 0x5f, 0x29, 0x1f, 0xf2, 0x11, 0x21,
    0x14, 0x11, 0x2f, 0xf1, 0x11, 0x12, 0x91, 0x25,
    0x74, 0x30, 0x81, 0x0,

    /* U+90E8 "部" */
    0x10, 0x1, 0xf, 0xfe, 0x94, 0x4a, 0x24, 0xa2,
    0x8a, 0xfe, 0xa0, 0x9, 0x7c, 0x94, 0x49, 0x44,
    0xe7, 0xc8, 0x44, 0x80,

    /* U+90ED "郭" */
    0x30, 0x1, 0x1f, 0xef, 0x17, 0xd2, 0x85, 0x27,
    0xd4, 0x1, 0x2f, 0xd1, 0x19, 0x1f, 0xf1, 0x11,
    0x71, 0x10, 0x71, 0x0,

    /* U+90FD "都" */
    0x10, 0x0, 0x97, 0xdf, 0x22, 0x29, 0x2f, 0xeb,
    0x8, 0x50, 0xc2, 0x4f, 0x91, 0xc4, 0x8b, 0xe4,
    0x51, 0x2c, 0xf9, 0x4, 0x48, 0x0,

    /* U+9119 "鄙" */
    0x7e, 0xfa, 0x14, 0x5f, 0xa4, 0x31, 0x2f, 0xfa,
    0xc, 0x49, 0x9a, 0x2b, 0xd1, 0x66, 0x8a, 0xd5,
    0x9f, 0xa0, 0x85, 0x0,

    /* U+914C "酌" */
    0x0, 0xf, 0xc8, 0x31, 0xf, 0xdf, 0xb6, 0x1b,
    0x41, 0xd5, 0x9d, 0xc9, 0x84, 0x5f, 0xc1, 0x84,
    0x1f, 0xc1, 0x84, 0xe0,

    /* U+914D "配" */
    0xfd, 0xf1, 0x80, 0xbf, 0x5, 0x68, 0x2b, 0x5f,
    0x6a, 0x8b, 0x74, 0x10, 0xa0, 0xfd, 0x4, 0x28,
    0x7f, 0x45, 0xb, 0xe0,

    /* U+9152 "酒" */
    0x40, 0x3, 0x7f, 0xc0, 0x50, 0x2, 0x80, 0xff,
    0xb4, 0xa4, 0x25, 0x21, 0x4f, 0x1c, 0x9, 0x7f,
    0xca, 0x2, 0x9f, 0xf4, 0x80, 0x80,

    /* U+9157 "酗" */
    0xfc, 0x11, 0x8d, 0x4c, 0x6b, 0xfa, 0xdb, 0x56,
    0xda, 0xb7, 0x75, 0xb0, 0xb3, 0xfd, 0x9c, 0x28,
    0x7f, 0x7f, 0x8, 0x10,

    /* U+915D "酝" */
    0xfd, 0xf1, 0x80, 0x3f, 0x1, 0x68, 0xb, 0x7f,
    0xea, 0x63, 0x72, 0x10, 0x94, 0xfd, 0x14, 0x28,
    0xbf, 0xff, 0x8, 0x10,

    /* U+9163 "酣" */
    0x1, 0x17, 0xe8, 0x8c, 0x45, 0xff, 0xfb, 0x51,
    0x5a, 0x8b, 0x54, 0x5b, 0xbe, 0x85, 0x17, 0xe8,
    0xa1, 0x45, 0xfb, 0xe8, 0x51, 0x0,

    /* U+9165 "酥" */
    0xfc, 0x71, 0x8e, 0xc, 0x11, 0xf8, 0x8b, 0x7f,
    0xda, 0x73, 0x73, 0x90, 0xaa, 0xfd, 0x54, 0x32,
    0x7f, 0x11, 0x8, 0x80,

    /* U+916A "酪" */
    0x0, 0x87, 0xe4, 0xc, 0x7c, 0x62, 0x2f, 0xea,
    0x5b, 0x62, 0xd3, 0x9b, 0xb6, 0x87, 0xff, 0xe8,
    0xa1, 0x45, 0xa, 0x2f, 0xdf, 0x0,

    /* U+916C "酬" */
    0x1, 0x1f, 0x95, 0x61, 0x5f, 0x95, 0xeb, 0xde,
    0xbf, 0xed, 0xfd, 0xdf, 0x89, 0x5f, 0x95, 0x8a,
    0x5f, 0xa5, 0x8c, 0x50,

    /* U+9171 "酱" */
    0x11, 0x5, 0x3f, 0x14, 0x23, 0x1c, 0xd7, 0x0,
    0x0, 0xff, 0xf0, 0x90, 0x7f, 0xe7, 0x1e, 0x40,
    0x27, 0xfe, 0x7f, 0xe0,

    /* U+9175 "酵" */
    0x0, 0x87, 0xc4, 0x98, 0xfc, 0xc1, 0x4f, 0xff,
    0xf4, 0x23, 0xaf, 0xdb, 0x7e, 0x8e, 0x47, 0xdf,
    0xe2, 0x11, 0xf0, 0x88, 0x9c, 0x0,

    /* U+9177 "酷" */
    0x0, 0x47, 0xea, 0xc, 0x7f, 0xfc, 0x8b, 0x64,
    0x5b, 0xff, 0x50, 0x1b, 0x80, 0x85, 0xff, 0xe8,
    0x61, 0x43, 0xfb, 0xf8, 0x50, 0x80,

    /* U+9178 "酸" */
    0x0, 0x7, 0xe5, 0xc, 0x45, 0xfb, 0xdb, 0x4a,
    0x5a, 0x8b, 0x5f, 0x3b, 0x90, 0x85, 0x77, 0xfd,
    0xa1, 0x19, 0xf9, 0x68, 0x71, 0x80,

    /* U+917F "酿" */
    0x0, 0x87, 0xc4, 0x18, 0xfd, 0xf4, 0x2e, 0xbf,
    0x75, 0xb, 0xa8, 0x5b, 0x7e, 0x8a, 0x87, 0xd3,
    0xa2, 0x99, 0xf7, 0x68, 0xe1, 0x80,

    /* U+9187 "醇" */
    0x0, 0x7, 0xc2, 0x14, 0xed, 0xf7, 0xed, 0xa1,
    0x6d, 0xfb, 0x60, 0x1b, 0x7e, 0x88, 0x27, 0xc2,
    0x22, 0xfd, 0xf0, 0x88, 0x9c, 0x0,

    /* U+9189 "醉" */
    0x0, 0x47, 0xc2, 0x18, 0xff, 0xf2, 0x2e, 0x92,
    0x74, 0xdb, 0xa9, 0xfb, 0x49, 0x88, 0x47, 0xdf,
    0xe2, 0x11, 0xf0, 0x88, 0x84, 0x0,

    /* U+918B "醋" */
    0x1, 0x27, 0xc9, 0x19, 0xfc, 0xc2, 0x4f, 0x92,
    0x77, 0xff, 0xa0, 0x1b, 0x7e, 0x8a, 0x17, 0xdf,
    0xa2, 0x85, 0xf4, 0x2f, 0xbf, 0x0,

    /* U+9192 "醒" */
    0xfd, 0xf1, 0x88, 0x8c, 0x7d, 0xfa, 0x2b, 0x5f,
    0x5a, 0xa3, 0x77, 0xf0, 0xc8, 0xfc, 0x44, 0x2f,
    0xbf, 0x11, 0xf, 0xf0,

    /* U+91C7 "采" */
    0x0, 0x67, 0xf8, 0x4, 0x24, 0x42, 0x24, 0x42,
    0x4, 0x6, 0xf, 0xff, 0xf, 0x1, 0xf8, 0x36,
    0xcc, 0x63, 0x6, 0x0,

    /* U+91CA "释" */
    0x8, 0xf, 0x3f, 0x2a, 0x2a, 0x94, 0x21, 0xcf,
    0xe3, 0x30, 0x86, 0xbe, 0x68, 0x8a, 0x8, 0xa7,
    0xf2, 0x8, 0x20, 0x80,

    /* U+91CC "里" */
    0x7f, 0xf3, 0x10, 0x9f, 0xfc, 0xc4, 0x26, 0x21,
    0x3f, 0xf8, 0x8, 0x0, 0x40, 0x7f, 0xf0, 0x10,
    0x0, 0x81, 0xff, 0xf0,

    /* U+91CD "重" */
    0x0, 0x47, 0xf8, 0x4, 0xf, 0xff, 0x4, 0x7,
    0xfe, 0x7f, 0xe4, 0x42, 0x7f, 0xe0, 0x40, 0x7f,
    0xe0, 0x40, 0xff, 0xf0,

    /* U+91CE "野" */
    0xfd, 0xfd, 0x20, 0xbf, 0x39, 0x48, 0xca, 0x42,
    0x7e, 0xfc, 0x81, 0x5f, 0x8a, 0x20, 0x41, 0x2,
    0x3f, 0x10, 0x3, 0x80,

    /* U+91CF "量" */
    0x3f, 0xe1, 0xff, 0x8, 0x8, 0x3f, 0x8f, 0xff,
    0x9f, 0xf8, 0xff, 0xc4, 0x46, 0x1f, 0xc3, 0xff,
    0x80, 0x81, 0xff, 0xf0,

    /* U+91D1 "金" */
    0x3, 0x0, 0x1e, 0x0, 0xcc, 0xe, 0xc, 0x7f,
    0xf8, 0xc, 0x0, 0x30, 0xf, 0xfc, 0x13, 0x0,
    0x4c, 0x80, 0xb4, 0x2, 0xd0, 0x7f, 0xf8,

    /* U+9274 "鉴" */
    0x11, 0x5, 0x10, 0x53, 0xf5, 0x68, 0x50, 0x40,
    0xf0, 0x30, 0xcd, 0xfb, 0x4, 0x7, 0xfe, 0x24,
    0x41, 0x48, 0xff, 0xf0,

    /* U+9488 "针" */
    0x20, 0x84, 0x8, 0x78, 0x88, 0x8, 0x78, 0x82,
    0x7f, 0x20, 0x8f, 0x88, 0x20, 0x82, 0x8, 0x28,
    0x83, 0x8, 0x20, 0x80,

    /* U+9489 "钉" */
    0x0, 0x3, 0x0, 0x1f, 0xff, 0x0, 0x47, 0xc2,
    0x10, 0x10, 0x80, 0x9f, 0x84, 0x20, 0x21, 0x1,
    0x9, 0x8, 0x70, 0x42, 0xe, 0x0,

    /* U+9493 "钓" */
    0x1, 0x6, 0x10, 0x7d, 0x8, 0x2f, 0x7e, 0x13,
    0x11, 0x31, 0x9f, 0xc9, 0x30, 0x53, 0x1, 0x34,
    0x13, 0x81, 0x20, 0xe0,

    /* U+9499 "钙" */
    0x0, 0x4, 0x7f, 0x78, 0x88, 0x28, 0x7a, 0xf2,
    0x28, 0x22, 0x8f, 0xbf, 0x20, 0x12, 0x1, 0x28,
    0x13, 0x81, 0x20, 0xe0,

    /* U+949D "钝" */
    0x20, 0x82, 0x4, 0x1f, 0xff, 0x1, 0x8, 0x8,
    0x3e, 0x48, 0x92, 0x5f, 0x92, 0x23, 0xf1, 0x4,
    0x8a, 0x20, 0x61, 0x12, 0xf, 0x0,

    /* U+949E "钞" */
    0x40, 0x84, 0x8, 0xf8, 0x88, 0x2a, 0x7a, 0x92,
    0x49, 0x24, 0x8f, 0x89, 0x20, 0x22, 0x84, 0x31,
    0x86, 0xe0,

    /* U+949F "钟" */
    0x40, 0x84, 0x8, 0xf8, 0x88, 0x7f, 0x7c, 0x92,
    0x49, 0x24, 0x92, 0x49, 0xff, 0xf2, 0x8, 0x28,
    0x83, 0x8, 0x40, 0x80,

    /* U+94A0 "钠" */
    0x20, 0x42, 0x2, 0x1e, 0x11, 0x7, 0xff, 0xa4,
    0x91, 0x24, 0x8b, 0x3f, 0x55, 0x22, 0xa9, 0x18,
    0xc8, 0x82, 0x74, 0x12, 0x23, 0x80,

    /* U+94A2 "钢" */
    0x0, 0x4, 0x7f, 0xfc, 0x18, 0x45, 0x7d, 0x52,
    0x4d, 0x24, 0x9f, 0xcd, 0x24, 0xd2, 0x55, 0x25,
    0x13, 0xc1, 0x24, 0x70,

    /* U+94A5 "钥" */
    0x0, 0x4, 0x3f, 0x7a, 0x18, 0x21, 0x7b, 0xf2,
    0x21, 0x22, 0x1f, 0xa1, 0xfb, 0xf2, 0x21, 0x22,
    0x13, 0x41, 0x4c, 0x70,

    /* U+94A6 "钦" */
    0x0, 0x4, 0x10, 0xfb, 0x8, 0x2f, 0x7e, 0x92,
    0x4a, 0x20, 0x8f, 0x88, 0x21, 0xc2, 0x14, 0x2b,
    0x63, 0x23, 0x4, 0x10,

    /* U+94A7 "钧" */
    0x1, 0x4, 0x10, 0x7b, 0x8, 0x2f, 0x7c, 0x12,
    0x11, 0x20, 0x9f, 0x81, 0x20, 0x72, 0x19, 0x3a,
    0x13, 0x1, 0x0, 0xe0,

    /* U+94A9 "钩" */
    0x0, 0x4, 0x10, 0x7a, 0x8, 0x7f, 0x75, 0x12,
    0x11, 0x21, 0x9f, 0xa5, 0x23, 0xd2, 0x65, 0x28,
    0x13, 0x1, 0x0, 0xe0,

    /* U+94AE "钮" */
    0x40, 0x2, 0x3f, 0x9e, 0x25, 0x1, 0x27, 0x89,
    0x10, 0x88, 0x9f, 0xdf, 0x22, 0x21, 0x11, 0x8,
    0x8a, 0x4c, 0x72, 0x46, 0xff, 0x80,

    /* U+94B1 "钱" */
    0x21, 0x4, 0x16, 0xf9, 0x28, 0x7e, 0x79, 0x2,
    0x17, 0x27, 0x8f, 0x91, 0x20, 0xa2, 0xc, 0x28,
    0x83, 0x35, 0x4, 0x70,

    /* U+94B3 "钳" */
    0x22, 0x24, 0x22, 0xfa, 0x28, 0x7f, 0x7a, 0x22,
    0x22, 0x22, 0x2f, 0xbe, 0x22, 0x22, 0x22, 0x2a,
    0x23, 0x3e, 0x2, 0x20,

    /* U+94BB "钻" */
    0x20, 0x82, 0x4, 0x3e, 0x21, 0x1, 0xf7, 0x88,
    0x10, 0x40, 0x82, 0x1f, 0x7e, 0x22, 0x11, 0x10,
    0x8a, 0x84, 0x67, 0xe0, 0x21, 0x0,

    /* U+94BE "钾" */
    0x0, 0x4, 0x7f, 0x7c, 0x98, 0x49, 0x7f, 0xf2,
    0x49, 0x24, 0x9f, 0xc9, 0xff, 0xf2, 0x49, 0x28,
    0x83, 0x8, 0x0, 0x80,

    /* U+94C1 "铁" */
    0x60, 0x84, 0x28, 0xfa, 0x88, 0x7f, 0x7c, 0x82,
    0x8, 0x27, 0xff, 0x88, 0x21, 0x82, 0x14, 0x2b,
    0x43, 0x22, 0x4, 0x10,

    /* U+94C3 "铃" */
    0x0, 0x82, 0x4, 0x1e, 0x71, 0x6, 0x47, 0x69,
    0x12, 0x20, 0x80, 0x1f, 0x7e, 0x20, 0x21, 0x2,
    0xa, 0x70, 0x61, 0x84, 0x2, 0x0,

    /* U+94C5 "铅" */
    0x0, 0x2, 0x1f, 0x1e, 0x89, 0x4, 0x47, 0xa2,
    0x12, 0x1c, 0x90, 0x1f, 0x7e, 0x24, 0x11, 0x20,
    0x8b, 0x4, 0x67, 0xe2, 0x41, 0x0,

    /* U+94C6 "铆" */
    0x41, 0x4, 0x30, 0xf4, 0x78, 0x55, 0xf5, 0x52,
    0x55, 0x25, 0x5f, 0x55, 0x25, 0x52, 0x75, 0x22,
    0x77, 0x24, 0x4c, 0x40,

    /* U+94D0 "铐" */
    0x41, 0x4, 0x11, 0x77, 0xe8, 0x12, 0x7f, 0xf2,
    0x18, 0x23, 0xff, 0xe0, 0x2a, 0x2, 0x3e, 0x20,
    0x27, 0x2, 0x1, 0xe0,

    /* U+94DB "铛" */
    0x40, 0x84, 0x49, 0xfa, 0x98, 0x2a, 0x70, 0x82,
    0x7f, 0x20, 0x1f, 0x81, 0x23, 0xf2, 0x1, 0x20,
    0x13, 0x7f, 0x40, 0x10,

    /* U+94DC "铜" */
    0x0, 0x2, 0x1f, 0xdf, 0x3, 0xb, 0xd7, 0xc0,
    0x92, 0xf4, 0x94, 0xbf, 0xa5, 0x25, 0x29, 0x2f,
    0x4b, 0x2, 0x68, 0x10, 0x43, 0x80,

    /* U+94DD "铝" */
    0x0, 0x4, 0x3f, 0x7a, 0x18, 0x21, 0x82, 0x17,
    0x3f, 0x20, 0xf, 0xbf, 0x22, 0x12, 0x21, 0x3a,
    0x17, 0x3f, 0x42, 0x10,

    /* U+94E1 "铡" */
    0x40, 0xa, 0x7c, 0x7e, 0x2b, 0x15, 0x5e, 0xaa,
    0xa5, 0x55, 0x2a, 0xbf, 0x55, 0x4a, 0xaa, 0x55,
    0x51, 0xc2, 0xf9, 0x15, 0x8b, 0x80,

    /* U+94E3 "铣" */
    0x60, 0x82, 0x14, 0x3e, 0xa1, 0x7, 0xe7, 0xc8,
    0x10, 0x40, 0x9f, 0xff, 0x28, 0x21, 0x41, 0xa,
    0xa, 0xd2, 0x64, 0x90, 0x47, 0x80,

    /* U+94ED "铭" */
    0x0, 0x84, 0x8, 0x79, 0xf8, 0x31, 0x75, 0x22,
    0xc, 0x20, 0x8f, 0xbf, 0x21, 0x12, 0x11, 0x29,
    0x17, 0x1f, 0x1, 0x10,

    /* U+94F2 "铲" */
    0x40, 0x84, 0x8, 0x77, 0xf8, 0x22, 0xf1, 0x42,
    0x7f, 0x24, 0xf, 0x40, 0x24, 0x2, 0x40, 0x34,
    0x6, 0x80, 0x48, 0x0,

    /* U+94F6 "银" */
    0x0, 0x2, 0x1f, 0x9e, 0x85, 0x7, 0xe7, 0xa1,
    0x11, 0x8, 0x8f, 0xdf, 0x50, 0x22, 0xb1, 0x13,
    0xa, 0x98, 0x67, 0x60, 0x60, 0x80,

    /* U+94F8 "铸" */
    0x41, 0x4, 0x10, 0xff, 0xf8, 0x10, 0x87, 0xff,
    0x10, 0x4f, 0xff, 0x22, 0x43, 0xf4, 0x52, 0x5d,
    0xa7, 0x82, 0x40, 0xe0,

    /* U+94FA "铺" */
    0x40, 0x52, 0x2, 0xfe, 0xff, 0x0, 0x87, 0x3f,
    0x91, 0x24, 0x89, 0x24, 0x7f, 0xfa, 0x49, 0x1f,
    0xca, 0x92, 0x64, 0x94, 0x25, 0x80,

    /* U+94FE "链" */
    0x40, 0x43, 0xaf, 0xe1, 0xa1, 0x1, 0x8e, 0x14,
    0x27, 0xf9, 0x19, 0x1e, 0xc8, 0x47, 0xfa, 0x32,
    0x15, 0x90, 0xde, 0x5, 0x9f, 0x80,

    /* U+9500 "销" */
    0x20, 0x84, 0x29, 0xfa, 0xa8, 0x28, 0x7b, 0xf2,
    0x41, 0x24, 0x1f, 0xbf, 0x24, 0x12, 0x3f, 0x2c,
    0x13, 0x41, 0x24, 0x70,

    /* U+9501 "锁" */
    0x30, 0x40, 0x85, 0x27, 0xd5, 0x10, 0x10, 0x3d,
    0xf8, 0x45, 0x21, 0x14, 0x9f, 0x52, 0x11, 0x48,
    0x45, 0x21, 0x58, 0x86, 0x6c, 0x26, 0xc,

    /* U+9504 "锄" */
    0x40, 0x44, 0xf4, 0xf9, 0x48, 0x9f, 0x7f, 0x52,
    0x95, 0x29, 0x5f, 0xf5, 0x29, 0x52, 0x9d, 0x3b,
    0x96, 0xc9, 0x1, 0x60,

    /* U+9505 "锅" */
    0x43, 0xf7, 0xd0, 0xa0, 0xfd, 0xe1, 0x2, 0x8,
    0x13, 0xff, 0xd2, 0x24, 0xa9, 0x25, 0x29, 0x29,
    0x5d, 0x2, 0x88, 0xe0,

    /* U+9508 "锈" */
    0x40, 0x12, 0x1f, 0x3e, 0x21, 0xf, 0xff, 0x1a,
    0x11, 0x48, 0x90, 0x1f, 0x7c, 0x21, 0x21, 0xb,
    0xca, 0xc4, 0xe4, 0x20, 0x47, 0x0,

    /* U+9509 "锉" */
    0x40, 0x82, 0x15, 0x3e, 0xa9, 0x5, 0x47, 0x2a,
    0x13, 0x58, 0x97, 0x5f, 0xb8, 0x20, 0x81, 0x3f,
    0x88, 0x20, 0x71, 0x6, 0x7f, 0x0,

    /* U+950B "锋" */
    0x40, 0x4, 0x20, 0xf7, 0xe8, 0xe4, 0x71, 0x84,
    0x66, 0x49, 0x3f, 0x7e, 0x41, 0x4, 0x7e, 0x51,
    0x3, 0xff, 0x41, 0x0,

    /* U+950C "锌" */
    0x0, 0x4, 0x8, 0x7b, 0xf8, 0x22, 0x79, 0x22,
    0x14, 0x27, 0xff, 0x88, 0x20, 0x82, 0x3f, 0x20,
    0x83, 0x8, 0x0, 0x80,

    /* U+9510 "锐" */
    0x40, 0x22, 0x19, 0x3e, 0x59, 0x7, 0xef, 0x21,
    0x11, 0x8, 0x8f, 0xdf, 0x28, 0x21, 0x41, 0xa,
    0x8, 0x92, 0x6c, 0x96, 0xc7, 0x80,

    /* U+9519 "错" */
    0x21, 0x22, 0x9, 0x1e, 0xff, 0x2, 0x47, 0x92,
    0x13, 0xfc, 0x80, 0x1f, 0x7e, 0x22, 0x11, 0x1f,
    0x8a, 0x84, 0x74, 0x26, 0x3f, 0x0,

    /* U+951A "锚" */
    0x41, 0x22, 0x9, 0x3f, 0xfe, 0x2, 0x43, 0x0,
    0x10, 0x0, 0x8f, 0xdf, 0x52, 0x23, 0xf1, 0x14,
    0x8e, 0xa4, 0xe7, 0xe4, 0x21, 0x0,

    /* U+9521 "锡" */
    0x0, 0x4, 0x3f, 0x7a, 0x18, 0x3f, 0x7a, 0x12,
    0x3f, 0x23, 0xf, 0xbf, 0x25, 0x52, 0x15, 0x2a,
    0x53, 0x49, 0x1, 0x70,

    /* U+9523 "锣" */
    0x40, 0x2, 0x3f, 0xff, 0x53, 0xa, 0x9f, 0x7f,
    0x90, 0x80, 0x8f, 0xff, 0xc2, 0x2d, 0x31, 0x7,
    0xe, 0x30, 0x67, 0x4, 0x60, 0x0,

    /* U+9524 "锤" */
    0x40, 0xf3, 0xbc, 0x20, 0x21, 0x1f, 0xef, 0x2a,
    0x11, 0x50, 0xbf, 0xfe, 0x54, 0x22, 0xa1, 0x7f,
    0x88, 0x20, 0xe1, 0x4, 0x7f, 0x0,

    /* U+9525 "锥" */
    0x0, 0x4, 0x14, 0x7a, 0x48, 0x3f, 0x76, 0x42,
    0x3f, 0x22, 0x4f, 0xa4, 0x23, 0xf2, 0x24, 0x2a,
    0x43, 0x3f, 0x42, 0x0,

    /* U+9526 "锦" */
    0x40, 0x84, 0x8, 0xfb, 0xf8, 0x21, 0x7b, 0xf2,
    0x3f, 0x20, 0x8f, 0x88, 0xff, 0xf2, 0x49, 0x2c,
    0x93, 0x4b, 0x0, 0x80,

    /* U+9528 "锨" */
    0x0, 0x42, 0x3a, 0x1e, 0x11, 0x10, 0xff, 0xfe,
    0x95, 0x58, 0xa8, 0x9f, 0x44, 0x2a, 0x21, 0x52,
    0x8a, 0x94, 0xf5, 0xb4, 0xb8, 0x80,

    /* U+952D "锭" */
    0x40, 0x2, 0x4, 0x1d, 0xfd, 0x8, 0x20, 0x41,
    0x3b, 0xf8, 0x82, 0x1e, 0x90, 0x24, 0xf1, 0x24,
    0x9, 0xa0, 0x6b, 0x4, 0x8f, 0x0,

    /* U+952E "键" */
    0x40, 0x44, 0xff, 0xf2, 0x58, 0x5f, 0xf4, 0x54,
    0xff, 0x42, 0x4f, 0xbf, 0x4a, 0x44, 0x5f, 0x54,
    0x46, 0xb0, 0x58, 0xf0,

    /* U+952F "锯" */
    0x0, 0x4, 0x7f, 0xf4, 0x18, 0x7f, 0x74, 0x82,
    0x48, 0x27, 0xff, 0x48, 0x24, 0x82, 0x7f, 0x26,
    0x13, 0xa1, 0x4b, 0xf0,

    /* U+9530 "锰" */
    0x40, 0x2, 0x1f, 0x9e, 0x11, 0x1, 0x7, 0xbf,
    0x10, 0x40, 0x8e, 0x1f, 0x0, 0x27, 0xf1, 0x2a,
    0x8b, 0x54, 0x6a, 0xa6, 0xff, 0x80,

    /* U+9539 "锹" */
    0x40, 0x42, 0x7a, 0x3c, 0x91, 0x5, 0x9e, 0xfd,
    0x21, 0x59, 0x1d, 0xde, 0xec, 0x47, 0x62, 0x53,
    0x10, 0xa4, 0xe5, 0x24, 0x30, 0x0,

    /* U+953B "锻" */
    0x40, 0x2, 0x37, 0x9d, 0x25, 0x9, 0x2f, 0x69,
    0x7a, 0x8d, 0x10, 0x1e, 0xde, 0x44, 0x92, 0x3b,
    0x93, 0x18, 0xe9, 0xe4, 0x58, 0x80,

    /* U+9540 "镀" */
    0x0, 0x2, 0x2, 0x1e, 0xfd, 0x5, 0x48, 0x3f,
    0x3d, 0x50, 0x8b, 0x9f, 0x40, 0x23, 0xf1, 0x15,
    0x9, 0x28, 0x78, 0x86, 0x5b, 0x0, 0x0,

    /* U+9547 "镇" */
    0x0, 0x42, 0x4, 0x1f, 0xff, 0x7, 0xe7, 0x21,
    0x39, 0xf8, 0x88, 0x5f, 0x7e, 0x23, 0xf1, 0x10,
    0x89, 0xfe, 0x72, 0x46, 0x31, 0x0, 0x0,

    /* U+954A "镊" */
    0x40, 0x2, 0x7f, 0xdd, 0x5, 0xf, 0xef, 0x7f,
    0x22, 0xd, 0x3f, 0xff, 0xff, 0x41, 0x4a, 0x32,
    0x95, 0x8c, 0xda, 0xb0, 0x8, 0x80,

    /* U+9550 "镐" */
    0x0, 0x82, 0x4, 0x1f, 0xff, 0x7, 0xe7, 0xa1,
    0x11, 0xf8, 0x80, 0x1f, 0xff, 0x24, 0x9, 0x2f,
    0x49, 0x4a, 0x7b, 0xd0, 0x41, 0x80,

    /* U+955C "镜" */
    0x40, 0x82, 0x1f, 0x9e, 0x1, 0x2, 0xcf, 0x2b,
    0x11, 0xf8, 0x88, 0x5f, 0x7e, 0x22, 0x11, 0x1f,
    0x88, 0x50, 0xf6, 0x94, 0xe7, 0x80,

    /* U+9563 "镣" */
    0x40, 0x83, 0xbf, 0xa1, 0x55, 0xe6, 0x42, 0x7f,
    0x17, 0x1b, 0xcf, 0x84, 0x7c, 0x20, 0x81, 0x95,
    0x1b, 0x24, 0x83, 0x0,

    /* U+9570 "镰" */
    0x0, 0x82, 0x4, 0x1d, 0xff, 0xa, 0x4f, 0x6f,
    0xa3, 0xf9, 0x12, 0xde, 0xff, 0x44, 0xb2, 0x3f,
    0x93, 0x68, 0xf5, 0x64, 0x8a, 0x80,

    /* U+9576 "镶" */
    0x0, 0x82, 0x4, 0x1d, 0xdd, 0xe, 0xe8, 0x55,
    0x7b, 0xb9, 0x8, 0x88, 0xfe, 0x42, 0x27, 0xbf,
    0x93, 0xfc, 0x86, 0xa5, 0xe6, 0x31, 0xd8, 0x0,
    0x0,

    /* U+957F "长" */
    0x10, 0x41, 0x4, 0x11, 0x81, 0x30, 0x16, 0x1,
    0x0, 0xff, 0xf1, 0x20, 0x13, 0x1, 0x10, 0x10,
    0x81, 0xe6, 0x38, 0x30,

    /* U+95E8 "门" */
    0x0, 0xb, 0xfc, 0x80, 0xc0, 0x18, 0x3, 0x0,
    0x60, 0xc, 0x1, 0x80, 0x30, 0x6, 0x0, 0xc0,
    0x18, 0xe,

    /* U+95EA "闪" */
    0x4f, 0xf2, 0x1, 0x30, 0x18, 0x21, 0x86, 0x18,
    0x61, 0x8f, 0x18, 0x99, 0xb0, 0xd8, 0x1, 0x80,
    0x18, 0x7,

    /* U+95ED "闭" */
    0x0, 0x4, 0xff, 0x60, 0x10, 0x11, 0x81, 0x1b,
    0xfd, 0x83, 0x18, 0x51, 0x89, 0x1b, 0x11, 0x81,
    0x18, 0x71, 0x80, 0x70,

    /* U+95EE "问" */
    0x0, 0x1b, 0xfd, 0x80, 0x80, 0x19, 0xf3, 0x22,
    0x64, 0x4c, 0x89, 0x91, 0x33, 0xe6, 0x0, 0xc0,
    0x18, 0xe,

    /* U+95EF "闯" */
    0x6f, 0xf3, 0x1, 0x9f, 0x18, 0x11, 0x89, 0x18,
    0x91, 0x9f, 0x98, 0x9, 0xbe, 0x98, 0x9, 0x83,
    0x18, 0x7,

    /* U+95F0 "闰" */
    0x0, 0x4, 0xff, 0x20, 0x12, 0x1, 0xbf, 0xd8,
    0x21, 0x82, 0x19, 0xf9, 0x82, 0x18, 0x21, 0xbf,
    0xd8, 0x1, 0x80, 0x70,

    /* U+95F2 "闲" */
    0x4f, 0xf2, 0x1, 0x20, 0x18, 0x21, 0x82, 0x1b,
    0xfd, 0x8b, 0x18, 0xa9, 0xb2, 0x5a, 0x21, 0x82,
    0x18, 0x7,

    /* U+95F4 "间" */
    0x0, 0xb, 0xfd, 0x80, 0x80, 0x19, 0xf3, 0x22,
    0x64, 0x4c, 0xf9, 0x91, 0x32, 0x26, 0x7c, 0xc0,
    0x18, 0x6,

    /* U+95F7 "闷" */
    0x0, 0x9, 0xfc, 0x80, 0xc2, 0x18, 0x43, 0x55,
    0x6a, 0x2d, 0x45, 0xa9, 0xb1, 0x26, 0x3c, 0xc0,
    0x18, 0xe,

    /* U+95F8 "闸" */
    0x0, 0xb, 0xfd, 0x0, 0x80, 0x1b, 0xfb, 0x49,
    0x6f, 0xed, 0x25, 0xbf, 0xb4, 0x96, 0x10, 0xc2,
    0x18, 0x46,

    /* U+95F9 "闹" */
    0x40, 0x6, 0xff, 0x20, 0x18, 0x61, 0xbf, 0xd8,
    0x21, 0x9f, 0x99, 0x29, 0x92, 0x99, 0x29, 0x93,
    0x98, 0x21, 0x80, 0x70,

    /* U+95FA "闺" */
    0x5f, 0xe4, 0x6, 0x10, 0xcf, 0x98, 0x43, 0x7f,
    0x60, 0xc, 0xf9, 0x84, 0x30, 0x86, 0xfe, 0xc0,
    0x70,

    /* U+95FB "闻" */
    0x0, 0xb, 0xfd, 0x0, 0x9f, 0xd9, 0x13, 0x3e,
    0x64, 0x4c, 0xf9, 0x91, 0x32, 0x3e, 0xbc, 0xc0,
    0x98, 0x6,

    /* U+95FD "闽" */
    0x0, 0xb, 0xfd, 0x0, 0x82, 0x1b, 0xfb, 0x49,
    0x69, 0x2d, 0xfd, 0x84, 0x30, 0x96, 0xfe, 0xc0,
    0x18, 0x6,

    /* U+9600 "阀" */
    0x0, 0xb, 0xfd, 0x80, 0x80, 0x19, 0x2b, 0x24,
    0x6f, 0xff, 0x93, 0x91, 0xb2, 0x26, 0x4d, 0xce,
    0x78, 0x6,

    /* U+9601 "阁" */
    0x0, 0xb, 0xfc, 0x80, 0xc7, 0x99, 0x93, 0x5c,
    0x63, 0x8d, 0x8d, 0x9f, 0x32, 0x26, 0x44, 0xcf,
    0x98, 0xe,

    /* U+9605 "阅" */
    0x0, 0xb, 0xfd, 0x80, 0x88, 0x98, 0xb3, 0x3f,
    0x64, 0x2c, 0xfd, 0x8a, 0x31, 0x46, 0x49, 0xd9,
    0xd8, 0x6,

    /* U+960E "阎" */
    0x6f, 0xf2, 0x1, 0x8c, 0x18, 0xf9, 0x99, 0x18,
    0x1, 0x9b, 0x99, 0x9, 0x99, 0x99, 0xf9, 0x90,
    0x98, 0xf,

    /* U+9610 "阐" */
    0x0, 0x4, 0xff, 0x40, 0x11, 0x91, 0xbf, 0x9a,
    0x49, 0xbf, 0x9a, 0x49, 0xbf, 0x98, 0x41, 0xbf,
    0xd8, 0x41, 0x84, 0x70,

    /* U+9614 "阔" */
    0x40, 0x6, 0xff, 0x20, 0x1a, 0x1, 0x9f, 0x98,
    0x11, 0xaf, 0xd9, 0x11, 0x87, 0x99, 0x89, 0xa7,
    0x9a, 0x81, 0x80, 0x70,

    /* U+961F "队" */
    0x1, 0xf, 0x10, 0x91, 0xa, 0x10, 0xa1, 0xa,
    0x10, 0x91, 0x9, 0x38, 0x92, 0x8b, 0x28, 0x84,
    0x48, 0xc6, 0x98, 0x30,

    /* U+9631 "阱" */
    0x2, 0x27, 0x91, 0x24, 0x89, 0x5f, 0xfa, 0x22,
    0x51, 0x12, 0x48, 0x93, 0xff, 0x92, 0x27, 0x91,
    0x21, 0x9, 0x18, 0x48, 0x82, 0x0,

    /* U+9632 "防" */
    0x0, 0xf, 0x10, 0x90, 0x8a, 0xff, 0xa2, 0xa,
    0x20, 0x93, 0xe9, 0x22, 0x92, 0x2f, 0x42, 0x84,
    0x28, 0x82, 0x91, 0xe0,

    /* U+9633 "阳" */
    0xf7, 0xf2, 0x86, 0x90, 0xd2, 0x1a, 0x43, 0x2f,
    0xe5, 0xc, 0xa1, 0xf4, 0x30, 0x86, 0x1f, 0xc2,
    0x10,

    /* U+9634 "阴" */
    0xf3, 0xf9, 0x21, 0xa2, 0x1a, 0x3f, 0xa2, 0x19,
    0x21, 0x92, 0x19, 0x3f, 0xb2, 0x18, 0x41, 0x84,
    0x19, 0x87,

    /* U+9635 "阵" */
    0x1, 0xf, 0x10, 0x9f, 0xfa, 0x20, 0xa2, 0x8a,
    0x48, 0x97, 0xf9, 0x8, 0x90, 0x8a, 0xff, 0x80,
    0x88, 0x8, 0x80, 0x80,

    /* U+9636 "阶" */
    0x1, 0xf, 0x18, 0x93, 0x8a, 0x24, 0xa4, 0x2a,
    0x81, 0x92, 0x49, 0x24, 0x92, 0x4f, 0x24, 0x82,
    0x48, 0x44, 0x8c, 0x40,

    /* U+963B "阻" */
    0xf7, 0xe9, 0x42, 0xa4, 0x2a, 0x7e, 0xa4, 0x29,
    0x42, 0x94, 0x29, 0x7e, 0xb4, 0x28, 0x42, 0x84,
    0x29, 0xff,

    /* U+963F "阿" */
    0xff, 0xf9, 0x2, 0xa0, 0x2a, 0x7a, 0xa4, 0xa9,
    0x4a, 0x94, 0xa9, 0x7a, 0xb4, 0x28, 0x2, 0x80,
    0x28, 0xe,

    /* U+9644 "附" */
    0x2, 0x2f, 0x22, 0x94, 0x2a, 0x5f, 0xac, 0x2a,
    0xc2, 0x95, 0x29, 0x4a, 0x94, 0xab, 0x42, 0x84,
    0x28, 0x42, 0x84, 0xe0,

    /* U+9645 "际" */
    0xf7, 0xe9, 0x0, 0xa0, 0xa, 0x0, 0xaf, 0xf9,
    0x10, 0x95, 0x9, 0x52, 0xb5, 0x28, 0x92, 0x89,
    0x18, 0x30,

    /* U+9646 "陆" */
    0x0, 0x87, 0x84, 0x25, 0xfd, 0x41, 0xa, 0x8,
    0x50, 0x42, 0x7f, 0xf2, 0x10, 0x94, 0x97, 0xa4,
    0xa1, 0x25, 0xf, 0xe8, 0x1, 0x0,

    /* U+9648 "陈" */
    0x1, 0x7, 0x88, 0x27, 0xfd, 0x44, 0xa, 0x28,
    0x52, 0x42, 0x5f, 0xd2, 0x10, 0x90, 0x85, 0xa5,
    0x21, 0x25, 0x11, 0x28, 0x38, 0x0,

    /* U+964B "陋" */
    0xf7, 0xf9, 0x8, 0xab, 0xea, 0xaa, 0xaa, 0xa9,
    0xaa, 0x9b, 0x69, 0xa2, 0xba, 0x28, 0xa6, 0x88,
    0x8, 0xff,

    /* U+964C "陌" */
    0xf7, 0xfc, 0x84, 0x28, 0x61, 0x4f, 0xea, 0x41,
    0x4a, 0xa, 0x50, 0x52, 0xfe, 0xf4, 0x14, 0x20,
    0xa1, 0xfd, 0x8, 0x20,

    /* U+964D "降" */
    0x1, 0x7, 0x9f, 0x25, 0x89, 0x52, 0x8a, 0x18,
    0x53, 0x3a, 0x62, 0x12, 0xfe, 0x94, 0x85, 0x24,
    0x23, 0xfd, 0x1, 0x8, 0x8, 0x0,

    /* U+9650 "限" */
    0xf7, 0xe9, 0x42, 0xa7, 0xea, 0x42, 0xa4, 0x29,
    0x7e, 0x95, 0x9, 0x4b, 0xb4, 0xc8, 0x44, 0x85,
    0x28, 0x61,

    /* U+9655 "陕" */
    0x0, 0x87, 0x84, 0x25, 0xfd, 0x41, 0xa, 0x2a,
    0x51, 0x52, 0x4a, 0x93, 0xfe, 0x90, 0x87, 0x8a,
    0x20, 0xd9, 0xc, 0x68, 0x81, 0x0,

    /* U+9661 "陡" */
    0x0, 0x87, 0x84, 0x25, 0xfd, 0x41, 0xa, 0x8,
    0x57, 0xfe, 0x42, 0x12, 0x90, 0x94, 0xf5, 0xa4,
    0x21, 0xa1, 0x17, 0x9, 0x8f, 0x80,

    /* U+9662 "院" */
    0x1, 0xf, 0x18, 0x9f, 0xfa, 0x81, 0xaf, 0xfa,
    0x0, 0x90, 0x9, 0xff, 0x92, 0x4b, 0x24, 0x86,
    0x58, 0x45, 0x98, 0x70,

    /* U+9664 "除" */
    0x0, 0x87, 0x8c, 0x24, 0xd1, 0x48, 0x6a, 0xfe,
    0x50, 0x42, 0x42, 0x13, 0xfe, 0x90, 0x87, 0xa5,
    0x21, 0x25, 0x11, 0x28, 0x38, 0x0,

    /* U+9668 "陨" */
    0xf7, 0xe9, 0x42, 0xa7, 0xea, 0x0, 0xa7, 0xe9,
    0x42, 0x94, 0xa9, 0x4a, 0xb4, 0xa8, 0x5e, 0x83,
    0x28, 0xc1,

    /* U+9669 "险" */
    0x1, 0xf, 0x10, 0x92, 0x8a, 0x24, 0xa4, 0x2a,
    0xfd, 0x90, 0x9, 0x92, 0x95, 0x2b, 0x54, 0x80,
    0x48, 0xff, 0x80, 0x0,

    /* U+966A "陪" */
    0x1, 0xf, 0x8, 0x9f, 0xfa, 0x42, 0xa2, 0x4a,
    0x24, 0x9f, 0xf9, 0x0, 0x97, 0xeb, 0x42, 0x84,
    0x28, 0x7e, 0x84, 0x20,

    /* U+9675 "陵" */
    0x0, 0x87, 0x84, 0x25, 0xfd, 0x41, 0xa, 0xff,
    0xd1, 0xa2, 0x5c, 0xd3, 0x20, 0x92, 0xe5, 0xf1,
    0x20, 0x51, 0x7, 0x88, 0xc3, 0x80,

    /* U+9676 "陶" */
    0x0, 0xf, 0x40, 0x97, 0xfa, 0x81, 0xaa, 0x1b,
    0x7d, 0x95, 0x19, 0x7d, 0x95, 0x5a, 0x55, 0x87,
    0xd8, 0x1, 0x80, 0x60,

    /* U+9677 "陷" */
    0x0, 0xf, 0x30, 0x93, 0xfa, 0x62, 0xac, 0x6a,
    0x90, 0x96, 0x79, 0x41, 0x94, 0x1b, 0x77, 0x84,
    0x18, 0x7f, 0x84, 0x10,

    /* U+9685 "隅" */
    0xf7, 0xe9, 0x4a, 0xa7, 0xea, 0x4a, 0xa7, 0xe9,
    0x8, 0x9f, 0xf9, 0x89, 0xb8, 0x98, 0xbd, 0x88,
    0x18, 0x82,

    /* U+9686 "隆" */
    0x1, 0x7, 0x9f, 0xa5, 0x89, 0x52, 0x8a, 0x1c,
    0x57, 0x1e, 0x6f, 0x92, 0x90, 0x97, 0xf5, 0xc4,
    0x21, 0xfd, 0x1, 0x8, 0xff, 0x80,

    /* U+968F "随" */
    0x0, 0x8f, 0x8, 0x9b, 0xfa, 0x50, 0xa1, 0xea,
    0x32, 0x9d, 0xe9, 0x52, 0x95, 0xeb, 0x52, 0x85,
    0x28, 0xa0, 0x91, 0xf0,

    /* U+9690 "隐" */
    0xf3, 0xc9, 0x44, 0xa8, 0x8a, 0xfe, 0xa0, 0x29,
    0xfe, 0x90, 0x29, 0xfe, 0xb1, 0x8, 0xaa, 0x8a,
    0x58, 0x3c,

    /* U+9694 "隔" */
    0xff, 0xfc, 0xbf, 0xa9, 0x5, 0x4f, 0xea, 0x0,
    0x4b, 0xfe, 0x68, 0xb3, 0x29, 0xab, 0xec, 0x44,
    0x62, 0x23, 0x11, 0x60,

    /* U+9698 "隘" */
    0xf4, 0x49, 0x2c, 0xaf, 0xea, 0x0, 0xa2, 0x49,
    0xc2, 0x98, 0x9, 0xfe, 0xba, 0xa8, 0xaa, 0x8a,
    0xa9, 0xff,

    /* U+9699 "隙" */
    0x0, 0x8f, 0x2c, 0x94, 0xaa, 0xcb, 0xa7, 0xea,
    0x42, 0x97, 0xe9, 0x42, 0x97, 0xeb, 0xc, 0x84,
    0xa8, 0x89, 0x83, 0x80,

    /* U+969C "障" */
    0x0, 0x8f, 0x7f, 0x92, 0x4a, 0xff, 0xa0, 0xa,
    0x7e, 0x94, 0x29, 0x7e, 0x94, 0x2a, 0x3c, 0x8f,
    0xf8, 0x8, 0x80, 0x80,

    /* U+96A7 "隧" */
    0x1, 0xf, 0x92, 0x9b, 0xfa, 0x8, 0xa1, 0x9b,
    0xe6, 0x94, 0xc9, 0x76, 0x94, 0xdb, 0x55, 0x86,
    0x48, 0xcc, 0x93, 0xf0,

    /* U+96B6 "隶" */
    0x2, 0x1, 0xff, 0x80, 0x84, 0x4, 0x2f, 0xff,
    0x81, 0x8, 0xff, 0xc4, 0x62, 0x13, 0x30, 0x16,
    0x7, 0x99, 0xc4, 0x70, 0xe0, 0x0,

    /* U+96BE "难" */
    0x1, 0x47, 0xd2, 0x2, 0xff, 0x2c, 0x85, 0xbf,
    0x19, 0x20, 0xc9, 0x6, 0x7e, 0x4a, 0x46, 0x12,
    0x20, 0xfe, 0x4, 0x0,

    /* U+96C0 "雀" */
    0x2, 0x0, 0x93, 0xc, 0x94, 0xc7, 0x30, 0x30,
    0xe, 0x83, 0xff, 0xe2, 0x30, 0x1f, 0xf0, 0x8c,
    0x7, 0xfc, 0x23, 0x1, 0xff, 0x80,

    /* U+96C1 "雁" */
    0x7f, 0xfa, 0x4a, 0x12, 0x90, 0xa7, 0xf5, 0x64,
    0x3b, 0x21, 0xef, 0xca, 0x48, 0x53, 0xf6, 0x92,
    0x24, 0xff, 0x24, 0x0,

    /* U+96C4 "雄" */
    0x20, 0x2, 0x12, 0x21, 0x2f, 0xff, 0x23, 0x25,
    0x52, 0x51, 0xf5, 0x12, 0xf1, 0x2a, 0x5f, 0x25,
    0x27, 0xdf, 0x1, 0x0,

    /* U+96C5 "雅" */
    0x0, 0x83, 0xf5, 0x1, 0x28, 0x4b, 0xf4, 0x52,
    0x23, 0x91, 0xfb, 0xe3, 0xa4, 0x14, 0xf9, 0x29,
    0x19, 0x48, 0x89, 0xf1, 0xd0, 0x0,

    /* U+96C6 "集" */
    0x0, 0x1, 0x88, 0xf, 0xfc, 0xc2, 0xb, 0xfe,
    0x1f, 0xf8, 0x84, 0x7, 0xff, 0x2, 0x7, 0xff,
    0xc3, 0xe0, 0x64, 0xcc, 0x21, 0x80,

    /* U+96C7 "雇" */
    0x2, 0x1, 0xff, 0x88, 0x4, 0x40, 0x23, 0xff,
    0x12, 0xc0, 0xbf, 0xe7, 0x10, 0x3f, 0xf1, 0x44,
    0x13, 0xfc, 0x9f, 0xf4, 0x80, 0x0,

    /* U+96CC "雌" */
    0x14, 0xa0, 0xa5, 0x5, 0x28, 0x29, 0xf5, 0x4a,
    0x2f, 0xd1, 0x57, 0xea, 0x94, 0x54, 0xfa, 0xa5,
    0x1f, 0xe9, 0x89, 0xf0, 0x8, 0x0,

    /* U+96CF "雏" */
    0x0, 0x1, 0x85, 0xf, 0x48, 0xcb, 0xf4, 0xb2,
    0x3e, 0xfc, 0x14, 0x80, 0xa4, 0x7d, 0xf8, 0x29,
    0x1, 0x48, 0xfb, 0xf0, 0x50, 0x0,

    /* U+96D5 "雕" */
    0x0, 0x3, 0xf5, 0x14, 0xa8, 0xf5, 0xf5, 0x3a,
    0x3f, 0xd1, 0xb, 0xef, 0x54, 0x6a, 0xfb, 0xd5,
    0x18, 0xa8, 0x85, 0xf8, 0xe8, 0x0,

    /* U+96E8 "雨" */
    0xff, 0xf8, 0x10, 0x0, 0x80, 0xff, 0xe4, 0x21,
    0x29, 0x49, 0x29, 0xc8, 0x42, 0x52, 0xd2, 0x50,
    0x90, 0x84, 0x84, 0xe0,

    /* U+96EA "雪" */
    0x7f, 0xc0, 0x83, 0xff, 0xc2, 0x1b, 0x5e, 0xeb,
    0x80, 0x3, 0xfe, 0x0, 0x47, 0xf8, 0x1, 0x3f,
    0xe0,

    /* U+96F3 "雳" */
    0x3f, 0xf7, 0xff, 0x7a, 0xf0, 0x20, 0x3a, 0xe3,
    0xff, 0x42, 0x5, 0xff, 0x42, 0x14, 0x21, 0x44,
    0x3d, 0x8e,

    /* U+96F6 "零" */
    0x3f, 0xe3, 0xff, 0x90, 0x84, 0xb5, 0xa3, 0xae,
    0x1, 0x0, 0x77, 0xc, 0x67, 0x3f, 0xe0, 0x2,
    0x3, 0xe0, 0x3, 0x0,

    /* U+96F7 "雷" */
    0x7f, 0xc0, 0x83, 0xff, 0xc2, 0x1b, 0x5e, 0xeb,
    0x81, 0x3, 0xfe, 0x44, 0x4f, 0xf9, 0x11, 0x3f,
    0xe0,

    /* U+96F9 "雹" */
    0x7f, 0xcf, 0xfe, 0x84, 0x2b, 0x5a, 0x75, 0xc2,
    0x40, 0x5b, 0xcb, 0xf4, 0x23, 0x43, 0xfc, 0x20,
    0x13, 0xfe,

    /* U+96FE "雾" */
    0x3f, 0xf3, 0xff, 0xd6, 0xba, 0xb5, 0xd0, 0x20,
    0x7, 0xf9, 0xe1, 0x3, 0xff, 0x62, 0x1, 0xff,
    0x3, 0x8, 0xe1, 0xc0,

    /* U+9700 "需" */
    0x7f, 0xe0, 0x40, 0xff, 0xfb, 0xdd, 0x4, 0x3,
    0x4c, 0xff, 0xf0, 0x40, 0x7f, 0xe4, 0x92, 0x49,
    0x24, 0x96,

    /* U+9707 "震" */
    0x3f, 0xf0, 0x4, 0x7, 0xff, 0x97, 0x7a, 0x3d,
    0xf0, 0xff, 0xe2, 0x0, 0xb, 0xfc, 0x3f, 0xf8,
    0xa2, 0x64, 0x86, 0x13, 0xc6,

    /* U+9709 "霉" */
    0x7f, 0xf7, 0xff, 0xee, 0xba, 0x4, 0x3, 0x8e,
    0x1f, 0xfd, 0x0, 0x7, 0xfc, 0xff, 0xf9, 0x39,
    0xf, 0xfe, 0x3, 0x80,

    /* U+970D "霍" */
    0x7f, 0xef, 0xff, 0x84, 0x1b, 0x5d, 0x35, 0xc2,
    0x0, 0x3f, 0xf6, 0x20, 0xbf, 0xc3, 0xfe, 0x22,
    0x3, 0xff,

    /* U+970E "霎" */
    0x7f, 0xef, 0xff, 0xbd, 0xd0, 0x40, 0x39, 0xc7,
    0xfe, 0x10, 0x86, 0xf6, 0xff, 0xf1, 0x8, 0xf,
    0x87, 0x86,

    /* U+971C "霜" */
    0x7f, 0xff, 0xff, 0x82, 0x1b, 0x2d, 0x7a, 0xe2,
    0x3f, 0xfd, 0x12, 0x1f, 0x71, 0x16, 0xdf, 0xa5,
    0x12, 0x1f,

    /* U+971E "霞" */
    0x7f, 0xef, 0xff, 0xbd, 0xd8, 0x41, 0x3d, 0xc7,
    0xfe, 0x44, 0x27, 0xfe, 0x40, 0x7, 0x9e, 0x78,
    0xc4, 0x77,

    /* U+9732 "露" */
    0x7f, 0xef, 0xff, 0xbd, 0xd8, 0x41, 0x7d, 0xc7,
    0x9e, 0x8a, 0x67, 0x9c, 0x23, 0x7b, 0xfe, 0xa2,
    0x2f, 0xbe,

    /* U+9738 "霸" */
    0x7f, 0xef, 0xff, 0xba, 0xf8, 0x21, 0x3a, 0xcf,
    0xef, 0x7d, 0x17, 0xdf, 0x95, 0x17, 0x9f, 0xff,
    0x11, 0x33,

    /* U+9739 "霹" */
    0x3f, 0xf3, 0xff, 0xd6, 0xba, 0x84, 0x13, 0xae,
    0x1e, 0x21, 0x16, 0xef, 0x94, 0x43, 0xfb, 0xe2,
    0x19, 0xff, 0x78, 0x80,

    /* U+9752 "青" */
    0x4, 0x7, 0xfe, 0x4, 0x7, 0xfe, 0x4, 0xf,
    0xbf, 0x3f, 0xc2, 0x4, 0x3f, 0xc2, 0x4, 0x3f,
    0xc2, 0x4, 0x21, 0xc0,

    /* U+9756 "靖" */
    0x60, 0x81, 0x3f, 0xc8, 0x21, 0xf7, 0xe1, 0x8,
    0x29, 0xb9, 0x4f, 0xca, 0x42, 0x53, 0xf3, 0x10,
    0xbe, 0xfd, 0x4, 0x20, 0x27, 0x0,

    /* U+9759 "静" */
    0x11, 0x7, 0xef, 0x4, 0x59, 0xfc, 0x81, 0x3f,
    0x7e, 0x48, 0x2, 0x4f, 0x7e, 0x78, 0x92, 0x5f,
    0x9e, 0x20, 0x91, 0x5, 0x98, 0x0,

    /* U+975E "非" */
    0x9, 0x0, 0x90, 0xf9, 0xf0, 0x90, 0x9, 0x0,
    0x90, 0xf9, 0xf0, 0x90, 0x9, 0xf, 0x9f, 0x9,
    0x0, 0x90, 0x9, 0x0,

    /* U+9760 "靠" */
    0x26, 0x7, 0xfe, 0x46, 0xb, 0x9f, 0x7f, 0xe4,
    0x2, 0x7f, 0xe0, 0x90, 0xf9, 0xf0, 0x90, 0x79,
    0xef, 0x9f, 0x9, 0x0,

    /* U+9761 "靡" */
    0x2, 0x7, 0xff, 0x48, 0x45, 0xdf, 0x5c, 0xe6,
    0xb5, 0x45, 0x85, 0xdf, 0x7d, 0xf4, 0x58, 0xfd,
    0xf8, 0x58,

    /* U+9762 "面" */
    0xff, 0xf0, 0x40, 0x4, 0x7, 0xfe, 0x51, 0x24,
    0xf2, 0x51, 0x25, 0x12, 0x4f, 0x25, 0x12, 0x7f,
    0xe4, 0x2,

    /* U+9769 "革" */
    0x10, 0x47, 0xff, 0xc4, 0x10, 0x3f, 0x80, 0x20,
    0x1f, 0xf0, 0x88, 0x84, 0x44, 0x3f, 0xe0, 0x10,
    0x3f, 0xfe, 0x4, 0x0, 0x20, 0x0,

    /* U+9774 "靴" */
    0x51, 0x47, 0xd2, 0x14, 0x90, 0xe4, 0xb2, 0x67,
    0x7b, 0x32, 0xc9, 0x16, 0x58, 0xf2, 0x41, 0x12,
    0x3e, 0x92, 0x44, 0x92, 0x27, 0x80,

    /* U+9776 "靶" */
    0x48, 0x2, 0x5f, 0xbf, 0x94, 0xf4, 0xa2, 0x25,
    0x7f, 0x2a, 0x9f, 0xd4, 0xc2, 0xfe, 0x1, 0x10,
    0x3f, 0x80, 0x44, 0x12, 0x1f, 0x80,

    /* U+978B "鞋" */
    0x48, 0x47, 0xe2, 0x12, 0xfc, 0xf0, 0x82, 0x4,
    0x7d, 0xfe, 0xa0, 0x15, 0x8, 0xf8, 0x41, 0x1f,
    0xbf, 0x10, 0x40, 0x82, 0x3f, 0x80,

    /* U+978D "鞍" */
    0x48, 0x47, 0xe2, 0x12, 0xee, 0xf4, 0x91, 0x4,
    0x7e, 0x42, 0x5f, 0xf2, 0x92, 0xfd, 0x10, 0x8d,
    0x3f, 0x38, 0x20, 0xe1, 0x38, 0x80,

    /* U+97A0 "鞠" */
    0x49, 0x7, 0xe8, 0x12, 0xfe, 0xf4, 0x12, 0x4a,
    0xff, 0x56, 0x97, 0x34, 0xfd, 0xfc, 0x89, 0xe,
    0x7f, 0xaa, 0x45, 0x12, 0xb, 0x80,

    /* U+97AD "鞭" */
    0x52, 0x5, 0x3f, 0xfa, 0x47, 0x5f, 0x25, 0x5f,
    0xdf, 0xad, 0x5a, 0xd5, 0xfd, 0xf2, 0x54, 0xfc,
    0xc2, 0x4c, 0x23, 0x30,

    /* U+97E7 "韧" */
    0x30, 0x1, 0x9f, 0xff, 0x12, 0x60, 0x93, 0x14,
    0xfe, 0xa4, 0xc5, 0x3f, 0xc9, 0x34, 0x89, 0xa4,
    0x4f, 0x62, 0x62, 0x13, 0x27, 0x0,

    /* U+97E9 "韩" */
    0x20, 0x82, 0x8, 0xff, 0xf2, 0x8, 0xf8, 0x88,
    0xbe, 0xf8, 0x8f, 0xff, 0x20, 0x9f, 0x89, 0xf8,
    0x92, 0xb, 0x20, 0x80,

    /* U+97ED "韭" */
    0x4, 0x80, 0x24, 0x1, 0x20, 0xf9, 0xf0, 0x48,
    0x2, 0x41, 0xf3, 0xe0, 0x90, 0x7c, 0xf8, 0x24,
    0x1, 0x20, 0x9, 0xf, 0xff, 0x80,

    /* U+97F3 "音" */
    0x6, 0x7, 0xfe, 0x10, 0xc1, 0x8, 0x10, 0x8f,
    0xff, 0x0, 0x3, 0xfc, 0x20, 0x43, 0xfc, 0x20,
    0x42, 0x4, 0x3f, 0xc0,

    /* U+97F5 "韵" */
    0x20, 0x8f, 0xd0, 0x49, 0xf4, 0xa1, 0x4a, 0x1f,
    0xd1, 0x0, 0x97, 0x81, 0x48, 0x77, 0xb9, 0x48,
    0x17, 0x81, 0x40, 0xe0,

    /* U+9875 "页" */
    0xff, 0xf0, 0x40, 0x4, 0x7, 0xfe, 0x40, 0x24,
    0x62, 0x46, 0x24, 0x62, 0x44, 0x24, 0x52, 0x18,
    0xce, 0x3, 0x0, 0x0,

    /* U+9876 "顶" */
    0xff, 0xf9, 0x2, 0x8, 0xfe, 0x44, 0x12, 0x24,
    0x91, 0x24, 0x89, 0x24, 0x49, 0x22, 0x49, 0x5,
    0x8, 0x6d, 0xce, 0x10, 0x0, 0x0,

    /* U+9877 "顷" */
    0x47, 0xfa, 0x4, 0x10, 0x20, 0xff, 0xe4, 0x69,
    0x23, 0x49, 0x1a, 0x48, 0xd2, 0x7e, 0x93, 0x6,
    0x0, 0xcc, 0x18, 0x10,

    /* U+9879 "项" */
    0xf, 0xff, 0x84, 0x9, 0xfc, 0x48, 0x22, 0x49,
    0x12, 0x48, 0x92, 0x46, 0x92, 0xc4, 0x90, 0xb,
    0x1, 0x8c, 0x10, 0x10,

    /* U+987A "顺" */
    0x45, 0xfd, 0x51, 0x5, 0x5f, 0x95, 0x42, 0x55,
    0x49, 0x55, 0x25, 0x54, 0x95, 0x52, 0x55, 0x49,
    0x51, 0x84, 0x49, 0x21, 0xc2,

    /* U+987B "须" */
    0x17, 0xfb, 0x4, 0x10, 0xfc, 0x34, 0x23, 0x2d,
    0x31, 0x68, 0xb, 0x41, 0x5a, 0x12, 0x91, 0x7,
    0x30, 0xc6, 0x8, 0x10,

    /* U+987D "顽" */
    0x7b, 0xf8, 0x2, 0x0, 0x7d, 0xfa, 0x24, 0x95,
    0x24, 0xa9, 0x25, 0x49, 0x2a, 0x49, 0x52, 0xe5,
    0x24, 0x6d, 0xc, 0x10,

    /* U+987E "顾" */
    0x7d, 0xfa, 0x2, 0x17, 0x7e, 0xaa, 0x15, 0x54,
    0xaa, 0xa5, 0x55, 0x2b, 0xa9, 0x51, 0x4a, 0xa3,
    0x16, 0x25, 0x2, 0x10,

    /* U+987F "顿" */
    0x10, 0x0, 0x9f, 0xff, 0x10, 0x23, 0xe9, 0x51,
    0x4a, 0xaa, 0x55, 0x52, 0xaa, 0xfd, 0x50, 0x8a,
    0x87, 0x28, 0x63, 0x20, 0x20, 0x80,

    /* U+9881 "颁" */
    0x39, 0xfa, 0x62, 0x13, 0x7f, 0xe, 0x17, 0x94,
    0x94, 0xa4, 0xa5, 0x25, 0x29, 0x29, 0x4a, 0x43,
    0x12, 0x25, 0x76, 0x10,

    /* U+9882 "颂" */
    0x4b, 0xfa, 0x42, 0x12, 0x7d, 0xc, 0x2a, 0x65,
    0x11, 0x28, 0xa9, 0x49, 0x4a, 0x48, 0x57, 0xe5,
    0x21, 0x64, 0x4, 0x10,

    /* U+9884 "预" */
    0xff, 0xf8, 0xc2, 0x1c, 0x7c, 0x62, 0x2f, 0xd5,
    0x12, 0xa8, 0xa5, 0x44, 0x2a, 0x21, 0x51, 0x5,
    0x8, 0x44, 0xcc, 0x10,

    /* U+9885 "颅" */
    0x10, 0x0, 0x8f, 0xc7, 0x10, 0x20, 0x87, 0xdb,
    0xa2, 0x85, 0x15, 0x2f, 0xa9, 0x45, 0x4a, 0xa,
    0x50, 0x18, 0x81, 0x28, 0x30, 0x80,

    /* U+9886 "领" */
    0x8, 0x0, 0x8f, 0xce, 0x10, 0x4b, 0xf5, 0x30,
    0x84, 0xa4, 0x5, 0x2f, 0xa9, 0x5, 0x49, 0x4a,
    0x4c, 0x18, 0x31, 0x30, 0xb0, 0x80,

    /* U+9887 "颇" */
    0x10, 0x0, 0x8f, 0xdf, 0x90, 0xa8, 0x85, 0x1b,
    0xbe, 0xa5, 0x15, 0x2c, 0xa9, 0x59, 0x4a, 0x4a,
    0x57, 0x18, 0xe9, 0x2a, 0x30, 0x80,

    /* U+9888 "颈" */
    0x7f, 0xfc, 0x21, 0x1, 0x1f, 0x8b, 0x42, 0x45,
    0x48, 0x5, 0x27, 0xd4, 0x84, 0x52, 0x11, 0x48,
    0x52, 0xc7, 0x99, 0x80, 0x80,

    /* U+988A "颊" */
    0x20, 0x1, 0x1f, 0xff, 0x10, 0x43, 0xea, 0x91,
    0x34, 0xa8, 0xa5, 0x5f, 0xaa, 0x21, 0x51, 0x8a,
    0x92, 0x29, 0x83, 0x28, 0x20, 0x0,

    /* U+9891 "频" */
    0x10, 0x0, 0x9f, 0xd7, 0x10, 0xa0, 0x85, 0x1f,
    0x7e, 0xa8, 0x45, 0x4a, 0xaa, 0x99, 0x54, 0xca,
    0x84, 0x38, 0x61, 0x6c, 0x70, 0x80,

    /* U+9893 "颓" */
    0x0, 0x7, 0xdf, 0xc4, 0x11, 0xfb, 0xe5, 0x91,
    0x6a, 0xa8, 0x45, 0x4f, 0x2a, 0x49, 0x52, 0x46,
    0x13, 0x29, 0x92, 0x28, 0x20, 0x80,

    /* U+9896 "颖" */
    0x80, 0x4, 0xdf, 0xd8, 0x31, 0xb, 0xe7, 0xd1,
    0x3e, 0xa8, 0x45, 0x42, 0x2a, 0xfd, 0x51, 0x8a,
    0x97, 0x29, 0x23, 0x21, 0x60, 0x80,

    /* U+9897 "颗" */
    0xff, 0xfd, 0x22, 0x3f, 0x7d, 0x4a, 0x2f, 0xd5,
    0x10, 0xab, 0xf5, 0x46, 0x2a, 0x69, 0x57, 0x25,
    0x28, 0x64, 0x44, 0x10,

    /* U+9898 "题" */
    0x7b, 0xfa, 0x42, 0x1e, 0x7c, 0xf2, 0xa0, 0x15,
    0x7e, 0xa9, 0x45, 0x4b, 0xb2, 0x50, 0xa2, 0x98,
    0xec, 0x1, 0x1f, 0xf0,

    /* U+989C "颜" */
    0x10, 0x0, 0x27, 0xf7, 0xe2, 0x9, 0x3e, 0x7e,
    0xa9, 0x12, 0xa4, 0x8a, 0x94, 0x2a, 0x4c, 0xa9,
    0xc2, 0xa4, 0x65, 0x16, 0x32, 0x63, 0x4,

    /* U+989D "额" */
    0x20, 0x2, 0x3f, 0xfc, 0x88, 0x48, 0x7b, 0xfc,
    0xa9, 0xf2, 0x97, 0xa9, 0xc6, 0x97, 0xa9, 0x48,
    0xc4, 0x92, 0x7e, 0x10,

    /* U+98A0 "颠" */
    0x10, 0x3, 0xff, 0xe1, 0x4, 0x1f, 0x7e, 0x45,
    0x9, 0xf5, 0x27, 0xd4, 0x91, 0x52, 0x7d, 0x4b,
    0xfd, 0x22, 0x8a, 0x11, 0xe6, 0x81, 0x0,

    /* U+98A4 "颤" */
    0x0, 0x0, 0x9f, 0xfb, 0x11, 0xfb, 0xeb, 0x51,
    0x5a, 0xab, 0xf5, 0x4f, 0x2a, 0x49, 0x53, 0xca,
    0x9e, 0x28, 0x9, 0x2f, 0xb0, 0x80,

    /* U+98CE "风" */
    0x3f, 0xf0, 0x80, 0x42, 0x5, 0xb, 0x24, 0x24,
    0x90, 0x8c, 0x42, 0x31, 0x8, 0xe4, 0x24, 0xd1,
    0xa1, 0x54, 0x1, 0x70, 0x3,

    /* U+98D2 "飒" */
    0x20, 0x1, 0x1f, 0x88, 0x85, 0xf4, 0x20, 0x35,
    0x29, 0x69, 0x4b, 0x4a, 0x5a, 0x52, 0xd2, 0xb6,
    0x8f, 0x4d, 0x8a, 0x30, 0x80, 0x80,

    /* U+98D8 "飘" */
    0xff, 0xf1, 0x90, 0xbf, 0x8d, 0x6d, 0x6f, 0xed,
    0x1, 0x29, 0xe9, 0x5f, 0xda, 0x12, 0xb2, 0xd9,
    0xa6, 0xc6, 0x48, 0x10,

    /* U+98DE "飞" */
    0xff, 0x0, 0x13, 0x1, 0x60, 0x1c, 0x1, 0x80,
    0x1c, 0x1, 0x30, 0x10, 0x0, 0x80, 0x9, 0x0,
    0x90, 0x7,

    /* U+98DF "食" */
    0x1, 0x0, 0xc, 0x0, 0x4c, 0x6, 0x98, 0x7f,
    0xfc, 0x40, 0x81, 0xfe, 0x4, 0x8, 0x1f, 0xf0,
    0x48, 0xc1, 0x1c, 0x5, 0x98, 0x18, 0x10,

    /* U+9910 "餐" */
    0x10, 0x0, 0x7b, 0xe3, 0xe9, 0x11, 0x18, 0x3b,
    0x99, 0x92, 0x3, 0x97, 0x15, 0xba, 0x1f, 0xe0,
    0x40, 0x81, 0xff, 0x4, 0x6c, 0x1e, 0x70, 0x0,
    0x0,

    /* U+9965 "饥" */
    0x20, 0x2, 0x1f, 0x1e, 0x88, 0x94, 0x48, 0xa2,
    0x51, 0x10, 0x88, 0x84, 0x44, 0x22, 0x21, 0x11,
    0xf, 0xa, 0x68, 0x50, 0x83, 0x80,

    /* U+996D "饭" */
    0x20, 0x3b, 0x1f, 0x1e, 0x80, 0x94, 0xc, 0xbf,
    0x51, 0x88, 0x8a, 0x44, 0x52, 0x22, 0x61, 0x53,
    0xd, 0x38, 0x4b, 0x20, 0x0, 0x80,

    /* U+996E "饮" */
    0x21, 0x2, 0x8, 0x1e, 0xfc, 0x94, 0x28, 0xa9,
    0x50, 0x40, 0x82, 0x4, 0x10, 0x21, 0xc1, 0xa,
    0xe, 0xc8, 0xcc, 0x60, 0x41, 0x0,

    /* U+9970 "饰" */
    0x21, 0x2, 0x8, 0x1f, 0xfe, 0x94, 0x8c, 0x84,
    0x51, 0xfc, 0x89, 0x24, 0x49, 0x22, 0x49, 0x12,
    0x4e, 0x96, 0x60, 0x80, 0x4, 0x0,

    /* U+9971 "饱" */
    0x0, 0x3, 0x8, 0x10, 0xfc, 0xfc, 0x25, 0x7d,
    0x51, 0x28, 0x89, 0x44, 0x4a, 0x23, 0xd1, 0x13,
    0x8a, 0x80, 0x64, 0x12, 0x3f, 0x0,

    /* U+9972 "饲" */
    0x20, 0x1, 0x3f, 0xdf, 0x2, 0x97, 0xd4, 0x80,
    0xcc, 0x6, 0x8f, 0x24, 0x49, 0x22, 0x49, 0x1e,
    0x4a, 0x82, 0x64, 0x10, 0x3, 0x80,

    /* U+9975 "饵" */
    0x20, 0x4, 0x7f, 0x7a, 0x24, 0xa2, 0x8b, 0xea,
    0x22, 0x22, 0x22, 0x3e, 0x22, 0x22, 0x22, 0x2f,
    0xf3, 0x2, 0x0, 0x20,

    /* U+9976 "饶" */
    0x21, 0x2, 0x9, 0xde, 0xf0, 0x91, 0x25, 0xe,
    0x50, 0xe4, 0x8c, 0xe4, 0x0, 0x27, 0xf9, 0x9,
    0xa, 0x48, 0x64, 0x54, 0xc3, 0x80,

    /* U+997A "饺" */
    0x20, 0xc2, 0x2, 0x1f, 0xfe, 0x93, 0x48, 0x91,
    0x51, 0x4, 0x84, 0xa4, 0x24, 0x20, 0xa1, 0x2,
    0xe, 0x38, 0x46, 0x30, 0x40, 0x80,

    /* U+997C "饼" */
    0x22, 0x12, 0x9, 0x9e, 0x48, 0x9f, 0xf4, 0x92,
    0x50, 0x90, 0x84, 0x84, 0xff, 0x21, 0x21, 0x9,
    0xe, 0xc8, 0x64, 0x40, 0x42, 0x0,

    /* U+997F "饿" */
    0x20, 0xd1, 0x3a, 0x9e, 0x52, 0x92, 0x85, 0x7f,
    0xd0, 0xa0, 0x85, 0x44, 0x3a, 0x27, 0x31, 0x9,
    0xa, 0x5a, 0x63, 0xd2, 0x69, 0x80,

    /* U+9981 "馁" */
    0x20, 0x72, 0x3c, 0x1e, 0x24, 0x95, 0x25, 0x26,
    0x50, 0x40, 0x82, 0x4, 0xff, 0x21, 0x21, 0x11,
    0xa, 0x70, 0x61, 0xc6, 0x71, 0x0,

    /* U+9985 "馅" */
    0x20, 0x86, 0x1e, 0x7d, 0x34, 0xb2, 0x4a, 0x4a,
    0x8, 0x23, 0x72, 0x21, 0x22, 0x12, 0x3f, 0x2a,
    0x13, 0x3f, 0x2, 0x10,

    /* U+9986 "馆" */
    0x0, 0x2, 0x2, 0x11, 0xfe, 0xf8, 0x15, 0x3f,
    0x59, 0x8, 0x88, 0x44, 0x7e, 0x22, 0x1, 0x1f,
    0xc8, 0x82, 0x64, 0x14, 0x3f, 0x80,

    /* U+998B "馋" */
    0x21, 0x1, 0x87, 0x87, 0xa4, 0x13, 0xfe, 0x5a,
    0x8a, 0x8f, 0xe2, 0x14, 0x8, 0x51, 0x26, 0x7c,
    0x83, 0x2, 0x82, 0xc, 0x70, 0x60, 0x30,

    /* U+998D "馍" */
    0x21, 0x22, 0x3f, 0xde, 0x48, 0x97, 0xe5, 0x21,
    0x51, 0xf8, 0x88, 0x44, 0x7e, 0x20, 0x81, 0x3f,
    0xce, 0x30, 0x62, 0x44, 0x61, 0x80,

    /* U+998F "馏" */
    0x21, 0x81, 0x13, 0xde, 0xaa, 0x95, 0x54, 0xba,
    0xd1, 0x24, 0x81, 0x4, 0x7f, 0x22, 0x49, 0x1f,
    0xca, 0x92, 0x64, 0x92, 0x3f, 0x80,

    /* U+9992 "馒" */
    0x23, 0xf3, 0xd0, 0x92, 0xfc, 0xa0, 0xa, 0x7f,
    0x92, 0x94, 0x8b, 0x44, 0xff, 0x22, 0x11, 0x8f,
    0x8, 0xf8, 0x18, 0x30,

    /* U+9996 "首" */
    0x10, 0x40, 0x46, 0x3f, 0xfe, 0x4, 0x3, 0xfe,
    0x10, 0x10, 0x80, 0x87, 0xfc, 0x20, 0x21, 0xff,
    0x8, 0x8, 0x7f, 0xc2, 0x2, 0x0,

    /* U+9999 "香" */
    0x3, 0xc7, 0xe0, 0x6, 0xf, 0xff, 0xf, 0x1,
    0x68, 0x36, 0x46, 0x63, 0xbf, 0xd2, 0x4, 0x3f,
    0xc2, 0x4, 0x3f, 0xc0,

    /* U+9A6C "马" */
    0x7f, 0xc0, 0x4, 0x20, 0x42, 0x4, 0x20, 0xc3,
    0xff, 0x0, 0x10, 0x1, 0xff, 0xb0, 0x2, 0x0,
    0x20, 0x1e,

    /* U+9A6E "驮" */
    0x0, 0x43, 0xe2, 0x1, 0x10, 0x48, 0x82, 0x5f,
    0x92, 0x20, 0x91, 0xf, 0xcc, 0x2, 0x60, 0xd5,
    0x18, 0xa4, 0xe, 0x31, 0xd0, 0x80,

    /* U+9A6F "驯" */
    0xf2, 0x91, 0x29, 0x92, 0x99, 0x29, 0x92, 0x99,
    0x29, 0x72, 0x91, 0x29, 0xf2, 0x91, 0x29, 0x14,
    0x17, 0xc1,

    /* U+9A70 "驰" */
    0x0, 0x87, 0x84, 0x4, 0xa1, 0x25, 0x69, 0x3d,
    0x4f, 0x4b, 0xca, 0x42, 0x52, 0x12, 0xb7, 0x90,
    0x4, 0x84, 0x24, 0x27, 0x3f, 0x0,

    /* U+9A71 "驱" */
    0x7b, 0xf8, 0x50, 0x12, 0x84, 0x95, 0x24, 0xa6,
    0x29, 0x31, 0xe9, 0x81, 0x4a, 0x1a, 0x93, 0x5c,
    0x42, 0x80, 0x77, 0xf0,

    /* U+9A73 "驳" */
    0xfb, 0x30, 0x4d, 0x12, 0x38, 0x93, 0x64, 0xa0,
    0x24, 0x8b, 0xe4, 0x81, 0x14, 0x38, 0xc6, 0x47,
    0x2, 0xcc, 0x7c, 0x10,

    /* U+9A74 "驴" */
    0x0, 0x3, 0xc2, 0x2, 0xfe, 0x94, 0x14, 0xa0,
    0xa5, 0x5, 0x2f, 0xef, 0x41, 0xa, 0x1, 0xd0,
    0x32, 0x80, 0x14, 0x3, 0xc0, 0x0,

    /* U+9A76 "驶" */
    0x0, 0x43, 0xc2, 0x2, 0xfe, 0x94, 0x94, 0xa4,
    0xa5, 0x25, 0x2f, 0xef, 0x88, 0x6, 0x40, 0xce,
    0x1a, 0x30, 0x12, 0xe3, 0xa1, 0x80,

    /* U+9A79 "驹" */
    0x1, 0xf, 0x30, 0x13, 0xf9, 0x21, 0x94, 0x19,
    0x7d, 0x92, 0x5f, 0xa5, 0x12, 0x53, 0x3d, 0xd2,
    0x11, 0x1, 0x70, 0x60,

    /* U+9A7B "驻" */
    0x78, 0x40, 0x42, 0x12, 0xfe, 0x90, 0x84, 0x84,
    0x24, 0x21, 0xff, 0xe0, 0x88, 0x3c, 0x46, 0x62,
    0x2, 0x10, 0x77, 0xf0,

    /* U+9A7C "驼" */
    0x0, 0x83, 0xc2, 0x2, 0xfe, 0x94, 0x14, 0xb0,
    0xa4, 0x81, 0x24, 0x4f, 0xac, 0xd, 0x80, 0xe8,
    0x1a, 0x42, 0x12, 0x13, 0x9f, 0x80,

    /* U+9A7E "驾" */
    0x20, 0xf, 0xdf, 0x25, 0x16, 0x51, 0xdd, 0xf8,
    0x0, 0x3f, 0xc1, 0x4, 0x20, 0x41, 0xfb, 0xff,
    0xd0, 0x1, 0x0, 0x60,

    /* U+9A82 "骂" */
    0x79, 0xf1, 0x25, 0xe7, 0x80, 0x7, 0xfc, 0x40,
    0x88, 0x21, 0xff, 0x0, 0x3f, 0xf4, 0x0, 0x80,
    0x70,

    /* U+9A84 "骄" */
    0xf3, 0xf0, 0x84, 0x24, 0x21, 0x2f, 0xf9, 0x12,
    0x49, 0x9b, 0xfc, 0xe3, 0x24, 0x31, 0x26, 0x99,
    0x4, 0x88, 0xe8, 0x40,

    /* U+9A86 "骆" */
    0x1, 0x3, 0x88, 0x4, 0xfc, 0xac, 0x25, 0x52,
    0x28, 0x61, 0x47, 0x8f, 0xc3, 0xb, 0xf1, 0xd0,
    0xb2, 0x84, 0x17, 0xe3, 0x21, 0x0,

    /* U+9A87 "骇" */
    0x0, 0x3, 0xc2, 0x3, 0xfe, 0x91, 0x4, 0x91,
    0x24, 0x91, 0x2f, 0x8f, 0x99, 0x5, 0x90, 0xf1,
    0x3a, 0x38, 0x13, 0x23, 0xe0, 0x80,

    /* U+9A8C "验" */
    0x0, 0x47, 0x86, 0x4, 0x38, 0xa2, 0x65, 0x21,
    0xaa, 0xf5, 0x40, 0xf, 0x9, 0x9, 0x53, 0xca,
    0xa2, 0x8, 0x17, 0xf3, 0x0, 0x0,

    /* U+9A8F "骏" */
    0x1, 0xf, 0x14, 0x12, 0x29, 0x7d, 0x91, 0x49,
    0x22, 0xf5, 0x11, 0x3e, 0x16, 0x2f, 0x54, 0x10,
    0x81, 0x36, 0x7c, 0x30,

    /* U+9A91 "骑" */
    0x0, 0x43, 0xc2, 0x2, 0xfe, 0x90, 0x84, 0x8b,
    0x25, 0x81, 0x2f, 0xef, 0x82, 0x5, 0xd0, 0x2a,
    0x9e, 0x74, 0x12, 0x23, 0x83, 0x0,

    /* U+9A97 "骗" */
    0x0, 0x8f, 0x8, 0x17, 0xf1, 0x41, 0x97, 0xf9,
    0x40, 0x97, 0xff, 0x6d, 0x16, 0xdf, 0x7f, 0x16,
    0xd1, 0xad, 0x7a, 0xd0,

    /* U+9A9A "骚" */
    0x7b, 0xf0, 0x92, 0x94, 0x48, 0xa1, 0x85, 0x1b,
    0x2b, 0x25, 0xef, 0xc1, 0x4a, 0x7b, 0xf4, 0x43,
    0x2, 0x14, 0x6f, 0xf0,

    /* U+9AA1 "骡" */
    0xf7, 0xf0, 0xa4, 0xa5, 0xfd, 0x29, 0x29, 0x7f,
    0x49, 0x93, 0xdf, 0x2, 0x66, 0x37, 0xf6, 0x95,
    0x5, 0x24, 0xe3, 0x0,

    /* U+9AA4 "骤" */
    0xff, 0x71, 0x75, 0x57, 0x29, 0x56, 0x9f, 0x59,
    0x18, 0xf7, 0xc1, 0x2b, 0x74, 0xc9, 0x3c, 0x14,
    0xb7, 0x8,

    /* U+9AA8 "骨" */
    0x3f, 0xc2, 0x4, 0x3e, 0x4f, 0xff, 0x80, 0x1b,
    0xfd, 0x20, 0x43, 0xfc, 0x20, 0x43, 0xfc, 0x20,
    0x42, 0x1c,

    /* U+9AD3 "髓" */
    0x78, 0x42, 0x67, 0xda, 0xae, 0xd3, 0x49, 0xc5,
    0xbf, 0x3d, 0x29, 0xef, 0x49, 0x4a, 0x7b, 0xd2,
    0xd3, 0xc0, 0xb9, 0xf0,

    /* U+9AD8 "高" */
    0x4, 0xf, 0xff, 0x0, 0x3, 0xfc, 0x20, 0x43,
    0xfc, 0x0, 0xf, 0xff, 0x80, 0x19, 0xf9, 0x90,
    0x99, 0xf9, 0x90, 0x60,

    /* U+9B13 "鬓" */
    0x7c, 0x63, 0xec, 0x9f, 0x19, 0xfd, 0x6f, 0xdc,
    0x1, 0x3, 0xf7, 0xc7, 0xf8, 0x3f, 0xe7, 0xff,
    0x86, 0x30, 0xc0, 0x60,

    /* U+9B3C "鬼" */
    0xc, 0x7, 0xfc, 0x44, 0x47, 0xfc, 0x44, 0x44,
    0x44, 0x7f, 0xc0, 0xc8, 0xd, 0x41, 0x5e, 0x64,
    0x1c, 0x3f,

    /* U+9B41 "魁" */
    0x10, 0x20, 0x89, 0x3f, 0x29, 0x28, 0x4f, 0xd2,
    0x4a, 0x53, 0xf0, 0xc6, 0xbc, 0x3a, 0x21, 0x71,
    0x54, 0x3, 0xa0, 0x28, 0xff, 0x0,

    /* U+9B42 "魂" */
    0x0, 0x87, 0xff, 0x81, 0x24, 0xf, 0xef, 0xc9,
    0x23, 0xf9, 0x46, 0x9, 0x34, 0xf9, 0xb4, 0x57,
    0x80, 0xa2, 0x19, 0xe0,

    /* U+9B44 "魄" */
    0x40, 0x82, 0x3f, 0xad, 0x25, 0x2f, 0xe9, 0x49,
    0x7b, 0xfa, 0x44, 0x12, 0x34, 0x93, 0xb7, 0xb7,
    0xa3, 0x22, 0x31, 0xf0,

    /* U+9B4F "魏" */
    0x8, 0x47, 0xc2, 0x4, 0xfd, 0xfc, 0xa3, 0xbf,
    0x2b, 0x2a, 0x49, 0x44, 0x7e, 0xfc, 0xd2, 0x47,
    0x1e, 0x7e, 0x7e, 0x9c, 0x23, 0x80,

    /* U+9B54 "魔" */
    0x1, 0x3, 0xff, 0xd1, 0x8, 0xbf, 0xf4, 0xe7,
    0x2a, 0xd5, 0x7f, 0xca, 0x22, 0x5f, 0xf2, 0xff,
    0x90, 0x81, 0xa, 0xeb, 0x8f, 0x80,

    /* U+9C7C "鱼" */
    0x18, 0x1, 0xf8, 0x21, 0x6, 0x30, 0xff, 0xe4,
    0x22, 0x42, 0x27, 0xfe, 0x42, 0x27, 0xfe, 0x0,
    0xf, 0xff,

    /* U+9C81 "鲁" */
    0x8, 0x0, 0xfc, 0xc, 0x61, 0xdc, 0xe3, 0xff,
    0x11, 0x8, 0x77, 0x8f, 0xff, 0x0, 0x0, 0xff,
    0x7, 0xf8, 0x20, 0x41, 0xfe, 0x0,

    /* U+9C9C "鲜" */
    0x21, 0x18, 0xf2, 0x44, 0x81, 0x12, 0x7e, 0xfc,
    0x21, 0x50, 0x87, 0xdf, 0x95, 0x8, 0x54, 0x21,
    0xff, 0xf0, 0x2, 0x3f, 0x8, 0x0, 0x20,

    /* U+9CA4 "鲤" */
    0x20, 0x1, 0xcf, 0xd2, 0x92, 0x94, 0x9f, 0xdf,
    0xab, 0x25, 0xf7, 0xea, 0x88, 0x54, 0x43, 0xef,
    0xc0, 0x10, 0xf8, 0x80, 0x3f, 0x80,

    /* U+9CAB "鲫" */
    0x20, 0x1, 0xbd, 0xd5, 0x2a, 0xa9, 0x5f, 0xfa,
    0xb6, 0x55, 0xfe, 0xad, 0x85, 0x6d, 0x2b, 0xe9,
    0x41, 0x6e, 0x7d, 0x44, 0x2, 0x0,

    /* U+9CB8 "鲸" */
    0x20, 0x41, 0x2, 0xe, 0xfe, 0x90, 0xf, 0xdf,
    0x2a, 0x89, 0x54, 0x4f, 0xbe, 0x54, 0x43, 0xea,
    0x80, 0x93, 0xfc, 0x90, 0xc, 0x0,

    /* U+9CC4 "鳄" */
    0x0, 0x1, 0xdd, 0xca, 0xb2, 0x95, 0x9f, 0xfb,
    0xaa, 0xf9, 0xf0, 0xa, 0xff, 0x55, 0x3, 0xef,
    0x80, 0x5, 0xf0, 0x20, 0xf, 0x0,

    /* U+9CCD "鳍" */
    0x20, 0x81, 0xff, 0x8a, 0x28, 0x97, 0xff, 0xcc,
    0x2a, 0xb9, 0x5e, 0x2f, 0x9e, 0x55, 0xf3, 0xe8,
    0x80, 0x7c, 0x1a, 0x2f, 0x1f, 0x0,

    /* U+9CD6 "鳖" */
    0xa4, 0x86, 0x9f, 0xfd, 0x2a, 0x6c, 0xec, 0xce,
    0xde, 0x18, 0x12, 0x70, 0xff, 0xe3, 0xfe, 0x3f,
    0xe0, 0x0, 0xff, 0xf0,

    /* U+9CDE "鳞" */
    0x22, 0x51, 0xca, 0x94, 0x10, 0xa7, 0xff, 0x8e,
    0x34, 0xa9, 0xa8, 0x2f, 0x7f, 0x6a, 0x93, 0xfe,
    0x80, 0x5f, 0xf4, 0x20, 0x41, 0x0,

    /* U+9E1F "鸟" */
    0x4, 0x3, 0xfc, 0x20, 0x42, 0xc4, 0x23, 0xc2,
    0x0, 0x3f, 0xf0, 0x1, 0xff, 0x90, 0x1, 0x0,
    0x20, 0xe,

    /* U+9E20 "鸠" */
    0x20, 0x81, 0xf, 0x88, 0x45, 0xf2, 0xa2, 0x91,
    0x14, 0xb8, 0xa4, 0x5, 0x3f, 0x2c, 0xa, 0x5f,
    0x50, 0x3, 0x80, 0x30, 0x7, 0x0,

    /* U+9E21 "鸡" */
    0x0, 0x40, 0x4, 0x1f, 0xfc, 0x15, 0x24, 0xa5,
    0x15, 0x38, 0x68, 0x2, 0x7f, 0x38, 0x9, 0x5f,
    0x50, 0x2, 0x0, 0x20, 0x3, 0x0,

    /* U+9E23 "鸣" */
    0x1, 0x8f, 0x7e, 0x94, 0x29, 0x52, 0x94, 0x29,
    0x4e, 0x94, 0x9, 0x7f, 0xf0, 0x18, 0x7d, 0x0,
    0x10, 0x1, 0x0, 0x60,

    /* U+9E25 "鸥" */
    0x0, 0x87, 0xef, 0xa2, 0x45, 0x92, 0xaa, 0x91,
    0x58, 0xba, 0x44, 0x12, 0x3f, 0xa8, 0xe, 0x5f,
    0x60, 0x5, 0xf8, 0x20, 0x7, 0x0,

    /* U+9E26 "鸦" */
    0x0, 0x87, 0xef, 0x92, 0x44, 0x93, 0xa8, 0x95,
    0x44, 0x8b, 0xf4, 0x83, 0x3f, 0x28, 0xb, 0x5f,
    0xb2, 0x5, 0x10, 0x23, 0x87, 0x0,

    /* U+9E2D "鸭" */
    0x0, 0x47, 0xef, 0xa9, 0x45, 0x4a, 0xaf, 0xd1,
    0x52, 0xba, 0x94, 0x1f, 0x9e, 0x23, 0xf1, 0x0,
    0x88, 0x4, 0x40, 0xe0,

    /* U+9E2F "鸯" */
    0x2, 0x1, 0xff, 0x88, 0x85, 0xff, 0xf0, 0xc8,
    0x39, 0x3b, 0xff, 0xa4, 0x84, 0x22, 0xe1, 0xff,
    0xc0, 0x3, 0xff, 0xa0, 0x7, 0x0,

    /* U+9E33 "鸳" */
    0x0, 0x7, 0xfe, 0xea, 0x71, 0x31, 0xe4, 0xe3,
    0xfc, 0x28, 0x42, 0x44, 0x20, 0x83, 0xff, 0x0,
    0x1f, 0xf9, 0x0, 0xe0,

    /* U+9E35 "鸵" */
    0x10, 0x43, 0xe2, 0x11, 0xfe, 0xac, 0x14, 0x50,
    0x2e, 0x89, 0x4, 0xcf, 0xb8, 0x5, 0x1, 0xe8,
    0x31, 0x42, 0xa, 0x11, 0xdf, 0x80,

    /* U+9E3D "鸽" */
    0x10, 0x41, 0xcf, 0x99, 0x45, 0x82, 0xaf, 0xd1,
    0x0, 0x91, 0xf7, 0xe8, 0x81, 0x45, 0xfa, 0x20,
    0x9f, 0x4, 0x80, 0xe0,

    /* U+9E3F "鸿" */
    0x0, 0x42, 0x4, 0x7, 0x5c, 0x12, 0xa8, 0x91,
    0x24, 0xb8, 0x24, 0x1, 0x3f, 0x5c, 0xa, 0x9f,
    0x50, 0x3, 0x0, 0x28, 0x7, 0x0,

    /* U+9E43 "鹃" */
    0x0, 0x8f, 0xbe, 0x8a, 0x2f, 0xaa, 0x2, 0x2f,
    0xa2, 0x8a, 0x4f, 0xbf, 0x88, 0x1f, 0xbf, 0x88,
    0x28, 0x82, 0x98, 0xe0,

    /* U+9E45 "鹅" */
    0x28, 0x4c, 0xdf, 0x4b, 0x14, 0x95, 0xff, 0x14,
    0x97, 0x4b, 0x7, 0xdf, 0xcc, 0x14, 0x9f, 0x4a,
    0x15, 0x61, 0xc6, 0x70,

    /* U+9E49 "鹉" */
    0x8, 0x43, 0x5f, 0x82, 0x45, 0xfe, 0xa0, 0x91,
    0x14, 0x8a, 0xa5, 0x97, 0x3f, 0xa8, 0xd, 0x4f,
    0x6e, 0x5, 0x8c, 0x20, 0x27, 0x0,

    /* U+9E4A "鹊" */
    0x28, 0x41, 0x4f, 0xbf, 0xc4, 0x52, 0xa2, 0x95,
    0x7f, 0x88, 0x5, 0x8f, 0xa0, 0x44, 0xfb, 0xef,
    0x51, 0x6, 0x88, 0x27, 0xc3, 0x0,

    /* U+9E4F "鹏" */
    0x0, 0x1, 0xdc, 0x85, 0x57, 0x95, 0x52, 0x77,
    0x79, 0x55, 0x25, 0x55, 0x95, 0x50, 0x77, 0x3d,
    0x57, 0xe5, 0x90, 0x96, 0x42, 0xbb, 0x18,

    /* U+9E64 "鹤" */
    0x10, 0x63, 0xf7, 0xd4, 0xa2, 0xd5, 0x53, 0xe8,
    0xb4, 0x5f, 0xa2, 0x7, 0xdf, 0x28, 0x9, 0xff,
    0xca, 0x2, 0x50, 0x13, 0xe3, 0x80,

    /* U+9E66 "鹦" */
    0x0, 0x21, 0xfd, 0xe4, 0xf4, 0x9b, 0xda, 0x6f,
    0x59, 0xb9, 0x23, 0x35, 0xb3, 0x50, 0x7f, 0x38,
    0xcb, 0xe3, 0xc0, 0x87, 0x82, 0x61, 0x38,

    /* U+9E70 "鹰" */
    0x3, 0x3, 0xff, 0xd1, 0x50, 0x95, 0xe5, 0xfe,
    0x25, 0xf1, 0x2f, 0xc8, 0x80, 0x4b, 0xe2, 0x4b,
    0x33, 0xfd, 0x7f, 0xa8, 0x7, 0x0,

    /* U+9E7F "鹿" */
    0x2, 0x7, 0xff, 0x48, 0x84, 0x88, 0x7f, 0xf4,
    0x89, 0x7f, 0xf4, 0x0, 0x50, 0x95, 0xee, 0x50,
    0x89, 0x9, 0xbe, 0xf0,

    /* U+9EA6 "麦" */
    0x2, 0x3, 0xff, 0x80, 0x80, 0x7f, 0xe0, 0x20,
    0x7f, 0xfc, 0x20, 0x3, 0xfc, 0x78, 0x40, 0x64,
    0x1, 0xc0, 0x7b, 0xcc, 0x1, 0x80,

    /* U+9EB8 "麸" */
    0x10, 0x47, 0xe2, 0x4, 0x7d, 0xfb, 0xe1, 0x4,
    0x7e, 0x20, 0x8f, 0xef, 0x88, 0xc8, 0x47, 0x45,
    0xc, 0x28, 0x52, 0x2c, 0x61, 0x80,

    /* U+9EBB "麻" */
    0x1, 0x0, 0x8, 0x1f, 0xfe, 0x88, 0x44, 0x42,
    0x2f, 0xfd, 0x11, 0x89, 0xce, 0x5d, 0xb2, 0xa5,
    0x59, 0x4b, 0x8, 0x48, 0x42, 0x0,

    /* U+9EC4 "黄" */
    0x8, 0x83, 0xff, 0x82, 0x20, 0x11, 0xf, 0xff,
    0x81, 0x0, 0xff, 0x84, 0x44, 0x3f, 0xe1, 0x11,
    0xf, 0xf8, 0x11, 0x7, 0x7, 0x0, 0x0,

    /* U+9ECD "黍" */
    0x0, 0x43, 0xfc, 0x0, 0x81, 0xff, 0xe0, 0xb8,
    0x39, 0x32, 0x3c, 0x6, 0x58, 0xc2, 0x31, 0xb4,
    0x6, 0xe1, 0xc4, 0xc0, 0xc0, 0x0,

    /* U+9ECE "黎" */
    0xf9, 0x1, 0x1f, 0xfe, 0x53, 0x29, 0x59, 0x19,
    0x66, 0x1b, 0xcf, 0x23, 0x1a, 0x81, 0xf8, 0x62,
    0x60, 0xe0,

    /* U+9ED1 "黑" */
    0x7f, 0xe5, 0x4a, 0x55, 0x24, 0x52, 0x7f, 0xe0,
    0x40, 0x7f, 0xe0, 0x40, 0xff, 0xf0, 0x0, 0x49,
    0x2c, 0x91,

    /* U+9ED4 "黔" */
    0x0, 0x3, 0xe3, 0x1d, 0x18, 0xf9, 0x27, 0xdd,
    0xbf, 0x94, 0x40, 0x8f, 0xbf, 0x10, 0x13, 0xf0,
    0x81, 0x8, 0xd8, 0x46, 0x86, 0x0, 0x0,

    /* U+9ED8 "默" */
    0x0, 0x21, 0xf8, 0x85, 0x22, 0x9d, 0x88, 0x53,
    0xfd, 0xf8, 0x81, 0x2, 0x1f, 0x88, 0x10, 0x71,
    0xf9, 0x44, 0x5, 0x96, 0xa2, 0x59, 0x84, 0x0,
    0x10,

    /* U+9F0E "鼎" */
    0x5f, 0x95, 0xf9, 0x50, 0x95, 0xf9, 0x50, 0x94,
    0xf1, 0x79, 0xf0, 0x90, 0xf9, 0xf4, 0x91, 0x49,
    0x1c, 0x91,

    /* U+9F13 "鼓" */
    0x10, 0x47, 0xe2, 0x4, 0xff, 0xf8, 0x80, 0x4,
    0x3f, 0xf9, 0x14, 0x48, 0xa2, 0x7d, 0xa2, 0x45,
    0x12, 0x10, 0x39, 0xce, 0x31, 0x80,

    /* U+9F20 "鼠" */
    0x10, 0x1c, 0x7a, 0x1, 0x79, 0xe8, 0x5, 0xff,
    0xa2, 0x25, 0x54, 0x88, 0x95, 0x52, 0x22, 0x5d,
    0xfc, 0xc6,

    /* U+9F3B "鼻" */
    0x4, 0x3, 0xbc, 0x3f, 0xc2, 0x4, 0x3f, 0xc3,
    0xfc, 0x7f, 0xe7, 0xfe, 0x44, 0x23, 0xbc, 0xff,
    0xf1, 0x8, 0xe0, 0x80,

    /* U+9F50 "齐" */
    0x0, 0x0, 0x20, 0xff, 0xf1, 0x8, 0x9, 0x0,
    0xf0, 0xf0, 0xf1, 0x8, 0x10, 0x81, 0x8, 0x30,
    0x82, 0x8, 0x40, 0x80,

    /* U+9F7F "齿" */
    0x2, 0x1, 0x10, 0x8, 0xf8, 0x44, 0xf, 0xff,
    0x80, 0x1, 0x8, 0xc8, 0x86, 0x4f, 0x32, 0xc5,
    0x90, 0xc, 0xff, 0xe0, 0x3, 0x0,

    /* U+9F84 "龄" */
    0x10, 0x42, 0x86, 0x17, 0x28, 0xa3, 0x6f, 0xf9,
    0x81, 0x22, 0x50, 0x14, 0xbe, 0xb4, 0x35, 0xa9,
    0x21, 0x31, 0xf8, 0xc0, 0x42, 0x0,

    /* U+9F99 "龙" */
    0x8, 0x0, 0x88, 0x8, 0x40, 0x80, 0xff, 0xf0,
    0xa0, 0xa, 0x21, 0x24, 0x12, 0xc1, 0x38, 0x23,
    0x4, 0xe1, 0xc9, 0xf0,

    /* U+9F9F "龟" */
    0x8, 0x0, 0x3f, 0x1, 0x8, 0x8, 0x60, 0x7f,
    0xf0, 0x88, 0x43, 0xff, 0x8, 0x84, 0x22, 0x10,
    0xff, 0xc2, 0x20, 0x40, 0x82, 0x3, 0xf8
};


/*---------------------
 *  GLYPH DESCRIPTION
 *--------------------*/

static const lv_font_fmt_txt_glyph_dsc_t glyph_dsc[] = {
    {.bitmap_index = 0, .adv_w = 0, .box_w = 0, .box_h = 0, .ofs_x = 0, .ofs_y = 0} /* id = 0 reserved */,
    {.bitmap_index = 0, .adv_w = 50, .box_w = 1, .box_h = 1, .ofs_x = 0, .ofs_y = 0},
    {.bitmap_index = 1, .adv_w = 106, .box_w = 4, .box_h = 4, .ofs_x = 1, .ofs_y = 7},
    {.bitmap_index = 3, .adv_w = 124, .box_w = 6, .box_h = 11, .ofs_x = 1, .ofs_y = 0},
    {.bitmap_index = 12, .adv_w = 124, .box_w = 5, .box_h = 13, .ofs_x = 1, .ofs_y = -2},
    {.bitmap_index = 21, .adv_w = 206, .box_w = 12, .box_h = 11, .ofs_x = 1, .ofs_y = 0},
    {.bitmap_index = 38, .adv_w = 152, .box_w = 9, .box_h = 11, .ofs_x = 1, .ofs_y = 0},
    {.bitmap_index = 51, .adv_w = 62, .box_w = 1, .box_h = 4, .ofs_x = 1, .ofs_y = 7},
    {.bitmap_index = 52, .adv_w = 76, .box_w = 3, .box_h = 15, .ofs_x = 1, .ofs_y = -3},
    {.bitmap_index = 58, .adv_w = 76, .box_w = 3, .box_h = 15, .ofs_x = 0, .ofs_y = -3},
    {.bitmap_index = 64, .adv_w = 105, .box_w = 5, .box_h = 5, .ofs_x = 1, .ofs_y = 6},
    {.bitmap_index = 68, .adv_w = 124, .box_w = 7, .box_h = 7, .ofs_x = 0, .ofs_y = 2},
    {.bitmap_index = 75, .adv_w = 62, .box_w = 2, .box_h = 5, .ofs_x = 1, .ofs_y = -3},
    {.bitmap_index = 77, .adv_w = 78, .box_w = 4, .box_h = 1, .ofs_x = 1, .ofs_y = 4},
    {.bitmap_index = 78, .adv_w = 62, .box_w = 2, .box_h = 2, .ofs_x = 1, .ofs_y = 0},
    {.bitmap_index = 79, .adv_w = 88, .box_w = 5, .box_h = 14, .ofs_x = 0, .ofs_y = -3},
    {.bitmap_index = 88, .adv_w = 124, .box_w = 6, .box_h = 11, .ofs_x = 1, .ofs_y = 0},
    {.bitmap_index = 97, .adv_w = 124, .box_w = 6, .box_h = 11, .ofs_x = 1, .ofs_y = 0},
    {.bitmap_index = 106, .adv_w = 124, .box_w = 6, .box_h = 11, .ofs_x = 1, .ofs_y = 0},
    {.bitmap_index = 115, .adv_w = 124, .box_w = 7, .box_h = 11, .ofs_x = 0, .ofs_y = 0},
    {.bitmap_index = 125, .adv_w = 124, .box_w = 7, .box_h = 11, .ofs_x = 1, .ofs_y = 0},
    {.bitmap_index = 135, .adv_w = 124, .box_w = 7, .box_h = 11, .ofs_x = 0, .ofs_y = 0},
    {.bitmap_index = 145, .adv_w = 124, .box_w = 6, .box_h = 11, .ofs_x = 1, .ofs_y = 0},
    {.bitmap_index = 154, .adv_w = 124, .box_w = 6, .box_h = 11, .ofs_x = 1, .ofs_y = 0},
    {.bitmap_index = 163, .adv_w = 124, .box_w = 6, .box_h = 11, .ofs_x = 1, .ofs_y = 0},
    {.bitmap_index = 172, .adv_w = 124, .box_w = 6, .box_h = 11, .ofs_x = 1, .ofs_y = 0},
    {.bitmap_index = 181, .adv_w = 62, .box_w = 2, .box_h = 8, .ofs_x = 1, .ofs_y = 0},
    {.bitmap_index = 183, .adv_w = 62, .box_w = 2, .box_h = 11, .ofs_x = 1, .ofs_y = -3},
    {.bitmap_index = 186, .adv_w = 124, .box_w = 7, .box_h = 7, .ofs_x = 1, .ofs_y = 2},
    {.bitmap_index = 193, .adv_w = 124, .box_w = 6, .box_h = 4, .ofs_x = 1, .ofs_y = 4},
    {.bitmap_index = 196, .adv_w = 124, .box_w = 7, .box_h = 7, .ofs_x = 1, .ofs_y = 2},
    {.bitmap_index = 203, .adv_w = 106, .box_w = 6, .box_h = 11, .ofs_x = 0, .ofs_y = 0},
    {.bitmap_index = 212, .adv_w = 212, .box_w = 12, .box_h = 13, .ofs_x = 1, .ofs_y = -2},
    {.bitmap_index = 232, .adv_w = 136, .box_w = 8, .box_h = 11, .ofs_x = 0, .ofs_y = 0},
    {.bitmap_index = 243, .adv_w = 147, .box_w = 7, .box_h = 11, .ofs_x = 1, .ofs_y = 0},
    {.bitmap_index = 253, .adv_w = 143, .box_w = 7, .box_h = 11, .ofs_x = 1, .ofs_y = 0},
    {.bitmap_index = 263, .adv_w = 154, .box_w = 7, .box_h = 11, .ofs_x = 1, .ofs_y = 0},
    {.bitmap_index = 273, .adv_w = 132, .box_w = 6, .box_h = 11, .ofs_x = 1, .ofs_y = 0},
    {.bitmap_index = 282, .adv_w = 124, .box_w = 6, .box_h = 11, .ofs_x = 1, .ofs_y = 0},
    {.bitmap_index = 291, .adv_w = 154, .box_w = 8, .box_h = 11, .ofs_x = 1, .ofs_y = 0},
    {.bitmap_index = 302, .adv_w = 163, .box_w = 7, .box_h = 11, .ofs_x = 1, .ofs_y = 0},
    {.bitmap_index = 312, .adv_w = 66, .box_w = 1, .box_h = 11, .ofs_x = 1, .ofs_y = 0},
    {.bitmap_index = 314, .adv_w = 120, .box_w = 5, .box_h = 11, .ofs_x = 1, .ofs_y = 0},
    {.bitmap_index = 321, .adv_w = 145, .box_w = 7, .box_h = 11, .ofs_x = 1, .ofs_y = 0},
    {.bitmap_index = 331, .adv_w = 122, .box_w = 6, .box_h = 11, .ofs_x = 1, .ofs_y = 0},
    {.bitmap_index = 340, .adv_w = 182, .box_w = 8, .box_h = 11, .ofs_x = 1, .ofs_y = 0},
    {.bitmap_index = 351, .adv_w = 162, .box_w = 7, .box_h = 11, .ofs_x = 1, .ofs_y = 0},
    {.bitmap_index = 361, .adv_w = 166, .box_w = 9, .box_h = 11, .ofs_x = 1, .ofs_y = 0},
    {.bitmap_index = 374, .adv_w = 142, .box_w = 7, .box_h = 11, .ofs_x = 1, .ofs_y = 0},
    {.bitmap_index = 384, .adv_w = 166, .box_w = 9, .box_h = 13, .ofs_x = 1, .ofs_y = -2},
    {.bitmap_index = 399, .adv_w = 142, .box_w = 7, .box_h = 11, .ofs_x = 1, .ofs_y = 0},
    {.bitmap_index = 409, .adv_w = 134, .box_w = 6, .box_h = 11, .ofs_x = 1, .ofs_y = 0},
    {.bitmap_index = 418, .adv_w = 134, .box_w = 8, .box_h = 11, .ofs_x = 1, .ofs_y = 0},
    {.bitmap_index = 429, .adv_w = 162, .box_w = 7, .box_h = 11, .ofs_x = 1, .ofs_y = 0},
    {.bitmap_index = 439, .adv_w = 129, .box_w = 8, .box_h = 11, .ofs_x = 0, .ofs_y = 0},
    {.bitmap_index = 450, .adv_w = 197, .box_w = 12, .box_h = 11, .ofs_x = 0, .ofs_y = 0},
    {.bitmap_index = 467, .adv_w = 128, .box_w = 8, .box_h = 11, .ofs_x = 0, .ofs_y = 0},
    {.bitmap_index = 478, .adv_w = 119, .box_w = 7, .box_h = 11, .ofs_x = 0, .ofs_y = 0},
    {.bitmap_index = 488, .adv_w = 135, .box_w = 7, .box_h = 11, .ofs_x = 1, .ofs_y = 0},
    {.bitmap_index = 498, .adv_w = 76, .box_w = 3, .box_h = 14, .ofs_x = 1, .ofs_y = -3},
    {.bitmap_index = 504, .adv_w = 88, .box_w = 5, .box_h = 14, .ofs_x = 0, .ofs_y = -3},
    {.bitmap_index = 513, .adv_w = 76, .box_w = 3, .box_h = 14, .ofs_x = 0, .ofs_y = -3},
    {.bitmap_index = 519, .adv_w = 125, .box_w = 8, .box_h = 1, .ofs_x = 0, .ofs_y = -2},
    {.bitmap_index = 520, .adv_w = 136, .box_w = 3, .box_h = 4, .ofs_x = 2, .ofs_y = 9},
    {.bitmap_index = 522, .adv_w = 126, .box_w = 6, .box_h = 8, .ofs_x = 1, .ofs_y = 0},
    {.bitmap_index = 528, .adv_w = 138, .box_w = 6, .box_h = 11, .ofs_x = 1, .ofs_y = 0},
    {.bitmap_index = 537, .adv_w = 114, .box_w = 6, .box_h = 8, .ofs_x = 1, .ofs_y = 0},
    {.bitmap_index = 543, .adv_w = 139, .box_w = 7, .box_h = 11, .ofs_x = 1, .ofs_y = 0},
    {.bitmap_index = 553, .adv_w = 124, .box_w = 6, .box_h = 8, .ofs_x = 1, .ofs_y = 0},
    {.bitmap_index = 559, .adv_w = 73, .box_w = 5, .box_h = 11, .ofs_x = 1, .ofs_y = 0},
    {.bitmap_index = 566, .adv_w = 126, .box_w = 7, .box_h = 11, .ofs_x = 1, .ofs_y = -3},
    {.bitmap_index = 576, .adv_w = 136, .box_w = 6, .box_h = 11, .ofs_x = 1, .ofs_y = 0},
    {.bitmap_index = 585, .adv_w = 62, .box_w = 1, .box_h = 11, .ofs_x = 1, .ofs_y = 0},
    {.bitmap_index = 587, .adv_w = 62, .box_w = 3, .box_h = 14, .ofs_x = -1, .ofs_y = -3},
    {.bitmap_index = 593, .adv_w = 124, .box_w = 6, .box_h = 11, .ofs_x = 1, .ofs_y = 0},
    {.bitmap_index = 602, .adv_w = 64, .box_w = 2, .box_h = 11, .ofs_x = 1, .ofs_y = 0},
    {.bitmap_index = 605, .adv_w = 207, .box_w = 11, .box_h = 8, .ofs_x = 1, .ofs_y = 0},
    {.bitmap_index = 616, .adv_w = 137, .box_w = 6, .box_h = 8, .ofs_x = 1, .ofs_y = 0},
    {.bitmap_index = 622, .adv_w = 136, .box_w = 7, .box_h = 8, .ofs_x = 1, .ofs_y = 0},
    {.bitmap_index = 629, .adv_w = 139, .box_w = 6, .box_h = 11, .ofs_x = 1, .ofs_y = -3},
    {.bitmap_index = 638, .adv_w = 139, .box_w = 7, .box_h = 11, .ofs_x = 1, .ofs_y = -3},
    {.bitmap_index = 648, .adv_w = 87, .box_w = 4, .box_h = 8, .ofs_x = 1, .ofs_y = 0},
    {.bitmap_index = 652, .adv_w = 105, .box_w = 5, .box_h = 8, .ofs_x = 1, .ofs_y = 0},
    {.bitmap_index = 657, .adv_w = 84, .box_w = 4, .box_h = 10, .ofs_x = 1, .ofs_y = 0},
    {.bitmap_index = 662, .adv_w = 136, .box_w = 6, .box_h = 8, .ofs_x = 1, .ofs_y = 0},
    {.bitmap_index = 668, .adv_w = 117, .box_w = 7, .box_h = 8, .ofs_x = 0, .ofs_y = 0},
    {.bitmap_index = 675, .adv_w = 180, .box_w = 11, .box_h = 8, .ofs_x = 0, .ofs_y = 0},
    {.bitmap_index = 686, .adv_w = 112, .box_w = 7, .box_h = 8, .ofs_x = 0, .ofs_y = 0},
    {.bitmap_index = 693, .adv_w = 117, .box_w = 7, .box_h = 11, .ofs_x = 0, .ofs_y = -3},
    {.bitmap_index = 703, .adv_w = 106, .box_w = 6, .box_h = 8, .ofs_x = 1, .ofs_y = 0},
    {.bitmap_index = 709, .adv_w = 76, .box_w = 3, .box_h = 14, .ofs_x = 1, .ofs_y = -3},
    {.bitmap_index = 715, .adv_w = 60, .box_w = 1, .box_h = 16, .ofs_x = 1, .ofs_y = -4},
    {.bitmap_index = 717, .adv_w = 76, .box_w = 3, .box_h = 14, .ofs_x = 1, .ofs_y = -3},
    {.bitmap_index = 723, .adv_w = 124, .box_w = 6, .box_h = 2, .ofs_x = 1, .ofs_y = 4},
    {.bitmap_index = 725, .adv_w = 224, .box_w = 13, .box_h = 1, .ofs_x = 1, .ofs_y = 5},
    {.bitmap_index = 727, .adv_w = 224, .box_w = 12, .box_h = 11, .ofs_x = 1, .ofs_y = -1},
    {.bitmap_index = 744, .adv_w = 224, .box_w = 13, .box_h = 13, .ofs_x = 1, .ofs_y = -1},
    {.bitmap_index = 766, .adv_w = 224, .box_w = 12, .box_h = 12, .ofs_x = 1, .ofs_y = -1},
    {.bitmap_index = 784, .adv_w = 224, .box_w = 12, .box_h = 13, .ofs_x = 1, .ofs_y = -1},
    {.bitmap_index = 804, .adv_w = 224, .box_w = 12, .box_h = 10, .ofs_x = 1, .ofs_y = 0},
    {.bitmap_index = 819, .adv_w = 224, .box_w = 13, .box_h = 12, .ofs_x = 0, .ofs_y = 0},
    {.bitmap_index = 839, .adv_w = 224, .box_w = 12, .box_h = 12, .ofs_x = 1, .ofs_y = -1},
    {.bitmap_index = 857, .adv_w = 224, .box_w = 12, .box_h = 12, .ofs_x = 1, .ofs_y = -1},
    {.bitmap_index = 875, .adv_w = 224, .box_w = 12, .box_h = 13, .ofs_x = 1, .ofs_y = -1},
    {.bitmap_index = 895, .adv_w = 224, .box_w = 12, .box_h = 12, .ofs_x = 1, .ofs_y = -1},
    {.bitmap_index = 913, .adv_w = 224, .box_w = 13, .box_h = 12, .ofs_x = 1, .ofs_y = -1},
    {.bitmap_index = 933, .adv_w = 224, .box_w = 12, .box_h = 13, .ofs_x = 1, .ofs_y = -1},
    {.bitmap_index = 953, .adv_w = 224, .box_w = 13, .box_h = 11, .ofs_x = 0, .ofs_y = 0},
    {.bitmap_index = 971, .adv_w = 224, .box_w = 13, .box_h = 12, .ofs_x = 0, .ofs_y = 0},
    {.bitmap_index = 991, .adv_w = 224, .box_w = 13, .box_h = 12, .ofs_x = 0, .ofs_y = 0},
    {.bitmap_index = 1011, .adv_w = 224, .box_w = 12, .box_h = 12, .ofs_x = 1, .ofs_y = -1},
    {.bitmap_index = 1029, .adv_w = 224, .box_w = 12, .box_h = 12, .ofs_x = 1, .ofs_y = 0},
    {.bitmap_index = 1047, .adv_w = 224, .box_w = 13, .box_h = 13, .ofs_x = 1, .ofs_y = -1},
    {.bitmap_index = 1069, .adv_w = 224, .box_w = 12, .box_h = 13, .ofs_x = 1, .ofs_y = -1},
    {.bitmap_index = 1089, .adv_w = 224, .box_w = 13, .box_h = 12, .ofs_x = 0, .ofs_y = 0},
    {.bitmap_index = 1109, .adv_w = 224, .box_w = 12, .box_h = 13, .ofs_x = 1, .ofs_y = -1},
    {.bitmap_index = 1129, .adv_w = 224, .box_w = 12, .box_h = 12, .ofs_x = 1, .ofs_y = -1},
    {.bitmap_index = 1147, .adv_w = 224, .box_w = 12, .box_h = 13, .ofs_x = 1, .ofs_y = -2},
    {.bitmap_index = 1167, .adv_w = 224, .box_w = 13, .box_h = 13, .ofs_x = 1, .ofs_y = -1},
    {.bitmap_index = 1189, .adv_w = 224, .box_w = 13, .box_h = 13, .ofs_x = 0, .ofs_y = -1},
    {.bitmap_index = 1211, .adv_w = 224, .box_w = 11, .box_h = 13, .ofs_x = 1, .ofs_y = -1},
    {.bitmap_index = 1229, .adv_w = 224, .box_w = 13, .box_h = 13, .ofs_x = 0, .ofs_y = -1},
    {.bitmap_index = 1251, .adv_w = 224, .box_w = 11, .box_h = 13, .ofs_x = 2, .ofs_y = -1},
    {.bitmap_index = 1269, .adv_w = 224, .box_w = 12, .box_h = 13, .ofs_x = 1, .ofs_y = -1},
    {.bitmap_index = 1289, .adv_w = 224, .box_w = 13, .box_h = 13, .ofs_x = 0, .ofs_y = -1},
    {.bitmap_index = 1311, .adv_w = 224, .box_w = 13, .box_h = 12, .ofs_x = 0, .ofs_y = -1},
    {.bitmap_index = 1331, .adv_w = 224, .box_w = 12, .box_h = 13, .ofs_x = 1, .ofs_y = -1},
    {.bitmap_index = 1351, .adv_w = 224, .box_w = 12, .box_h = 13, .ofs_x = 1, .ofs_y = -1},
    {.bitmap_index = 1371, .adv_w = 224, .box_w = 13, .box_h = 12, .ofs_x = 0, .ofs_y = -1},
    {.bitmap_index = 1391, .adv_w = 224, .box_w = 12, .box_h = 13, .ofs_x = 1, .ofs_y = -1},
    {.bitmap_index = 1411, .adv_w = 224, .box_w = 12, .box_h = 12, .ofs_x = 1, .ofs_y = -1},
    {.bitmap_index = 1429, .adv_w = 224, .box_w = 14, .box_h = 13, .ofs_x = 0, .ofs_y = -2},
    {.bitmap_index = 1452, .adv_w = 224, .box_w = 12, .box_h = 13, .ofs_x = 1, .ofs_y = -1},
    {.bitmap_index = 1472, .adv_w = 224, .box_w = 13, .box_h = 13, .ofs_x = 0, .ofs_y = -1},
    {.bitmap_index = 1494, .adv_w = 224, .box_w = 12, .box_h = 13, .ofs_x = 1, .ofs_y = -1},
    {.bitmap_index = 1514, .adv_w = 224, .box_w = 12, .box_h = 13, .ofs_x = 1, .ofs_y = -1},
    {.bitmap_index = 1534, .adv_w = 224, .box_w = 13, .box_h = 12, .ofs_x = 1, .ofs_y = -1},
    {.bitmap_index = 1554, .adv_w = 224, .box_w = 13, .box_h = 13, .ofs_x = 0, .ofs_y = -1},
    {.bitmap_index = 1576, .adv_w = 224, .box_w = 13, .box_h = 13, .ofs_x = 1, .ofs_y = -1},
    {.bitmap_index = 1598, .adv_w = 224, .box_w = 13, .box_h = 13, .ofs_x = 1, .ofs_y = -1},
    {.bitmap_index = 1620, .adv_w = 224, .box_w = 13, .box_h = 13, .ofs_x = 1, .ofs_y = -1},
    {.bitmap_index = 1642, .adv_w = 224, .box_w = 13, .box_h = 13, .ofs_x = 1, .ofs_y = -1},
    {.bitmap_index = 1664, .adv_w = 224, .box_w = 12, .box_h = 13, .ofs_x = 1, .ofs_y = -1},
    {.bitmap_index = 1684, .adv_w = 224, .box_w = 12, .box_h = 13, .ofs_x = 1, .ofs_y = -1},
    {.bitmap_index = 1704, .adv_w = 224, .box_w = 12, .box_h = 13, .ofs_x = 1, .ofs_y = -1},
    {.bitmap_index = 1724, .adv_w = 224, .box_w = 12, .box_h = 12, .ofs_x = 1, .ofs_y = -1},
    {.bitmap_index = 1742, .adv_w = 224, .box_w = 14, .box_h = 13, .ofs_x = 0, .ofs_y = -1},
    {.bitmap_index = 1765, .adv_w = 224, .box_w = 13, .box_h = 13, .ofs_x = 0, .ofs_y = -1},
    {.bitmap_index = 1787, .adv_w = 224, .box_w = 13, .box_h = 13, .ofs_x = 0, .ofs_y = -1},
    {.bitmap_index = 1809, .adv_w = 224, .box_w = 11, .box_h = 12, .ofs_x = 1, .ofs_y = -1},
    {.bitmap_index = 1826, .adv_w = 224, .box_w = 11, .box_h = 13, .ofs_x = 1, .ofs_y = -1},
    {.bitmap_index = 1844, .adv_w = 224, .box_w = 12, .box_h = 13, .ofs_x = 1, .ofs_y = -1},
    {.bitmap_index = 1864, .adv_w = 224, .box_w = 12, .box_h = 12, .ofs_x = 1, .ofs_y = -1},
    {.bitmap_index = 1882, .adv_w = 224, .box_w = 13, .box_h = 13, .ofs_x = 1, .ofs_y = -1},
    {.bitmap_index = 1904, .adv_w = 224, .box_w = 13, .box_h = 13, .ofs_x = 1, .ofs_y = -1},
    {.bitmap_index = 1926, .adv_w = 224, .box_w = 13, .box_h = 13, .ofs_x = 1, .ofs_y = -1},
    {.bitmap_index = 1948, .adv_w = 224, .box_w = 11, .box_h = 12, .ofs_x = 2, .ofs_y = -1},
    {.bitmap_index = 1965, .adv_w = 224, .box_w = 13, .box_h = 12, .ofs_x = 1, .ofs_y = -1},
    {.bitmap_index = 1985, .adv_w = 224, .box_w = 13, .box_h = 13, .ofs_x = 1, .ofs_y = -1},
    {.bitmap_index = 2007, .adv_w = 224, .box_w = 13, .box_h = 13, .ofs_x = 1, .ofs_y = -1},
    {.bitmap_index = 2029, .adv_w = 224, .box_w = 12, .box_h = 10, .ofs_x = 1, .ofs_y = 0},
    {.bitmap_index = 2044, .adv_w = 224, .box_w = 12, .box_h = 12, .ofs_x = 1, .ofs_y = -1},
    {.bitmap_index = 2062, .adv_w = 224, .box_w = 12, .box_h = 12, .ofs_x = 1, .ofs_y = -1},
    {.bitmap_index = 2080, .adv_w = 224, .box_w = 12, .box_h = 12, .ofs_x = 1, .ofs_y = -1},
    {.bitmap_index = 2098, .adv_w = 224, .box_w = 13, .box_h = 12, .ofs_x = 1, .ofs_y = -1},
    {.bitmap_index = 2118, .adv_w = 224, .box_w = 12, .box_h = 10, .ofs_x = 1, .ofs_y = 0},
    {.bitmap_index = 2133, .adv_w = 224, .box_w = 12, .box_h = 13, .ofs_x = 1, .ofs_y = -1},
    {.bitmap_index = 2153, .adv_w = 224, .box_w = 13, .box_h = 11, .ofs_x = 0, .ofs_y = 0},
    {.bitmap_index = 2171, .adv_w = 224, .box_w = 12, .box_h = 13, .ofs_x = 1, .ofs_y = -1},
    {.bitmap_index = 2191, .adv_w = 224, .box_w = 12, .box_h = 12, .ofs_x = 1, .ofs_y = 0},
    {.bitmap_index = 2209, .adv_w = 224, .box_w = 12, .box_h = 13, .ofs_x = 1, .ofs_y = -1},
    {.bitmap_index = 2229, .adv_w = 224, .box_w = 12, .box_h = 13, .ofs_x = 1, .ofs_y = -1},
    {.bitmap_index = 2249, .adv_w = 224, .box_w = 12, .box_h = 13, .ofs_x = 1, .ofs_y = -1},
    {.bitmap_index = 2269, .adv_w = 224, .box_w = 12, .box_h = 14, .ofs_x = 1, .ofs_y = -2},
    {.bitmap_index = 2290, .adv_w = 224, .box_w = 12, .box_h = 13, .ofs_x = 1, .ofs_y = -1},
    {.bitmap_index = 2310, .adv_w = 224, .box_w = 13, .box_h = 13, .ofs_x = 0, .ofs_y = -1},
    {.bitmap_index = 2332, .adv_w = 224, .box_w = 12, .box_h = 13, .ofs_x = 1, .ofs_y = -1},
    {.bitmap_index = 2352, .adv_w = 224, .box_w = 12, .box_h = 13, .ofs_x = 1, .ofs_y = -1},
    {.bitmap_index = 2372, .adv_w = 224, .box_w = 12, .box_h = 13, .ofs_x = 1, .ofs_y = -1},
    {.bitmap_index = 2392, .adv_w = 224, .box_w = 12, .box_h = 13, .ofs_x = 1, .ofs_y = -1},
    {.bitmap_index = 2412, .adv_w = 224, .box_w = 13, .box_h = 13, .ofs_x = 0, .ofs_y = -1},
    {.bitmap_index = 2434, .adv_w = 224, .box_w = 13, .box_h = 12, .ofs_x = 1, .ofs_y = -1},
    {.bitmap_index = 2454, .adv_w = 224, .box_w = 13, .box_h = 13, .ofs_x = 1, .ofs_y = -1},
    {.bitmap_index = 2476, .adv_w = 224, .box_w = 13, .box_h = 12, .ofs_x = 1, .ofs_y = -1},
    {.bitmap_index = 2496, .adv_w = 224, .box_w = 13, .box_h = 12, .ofs_x = 1, .ofs_y = -1},
    {.bitmap_index = 2516, .adv_w = 224, .box_w = 13, .box_h = 13, .ofs_x = 1, .ofs_y = -1},
    {.bitmap_index = 2538, .adv_w = 224, .box_w = 13, .box_h = 13, .ofs_x = 0, .ofs_y = -1},
    {.bitmap_index = 2560, .adv_w = 224, .box_w = 14, .box_h = 13, .ofs_x = 0, .ofs_y = -1},
    {.bitmap_index = 2583, .adv_w = 224, .box_w = 12, .box_h = 13, .ofs_x = 1, .ofs_y = -1},
    {.bitmap_index = 2603, .adv_w = 224, .box_w = 13, .box_h = 13, .ofs_x = 0, .ofs_y = -1},
    {.bitmap_index = 2625, .adv_w = 224, .box_w = 12, .box_h = 13, .ofs_x = 1, .ofs_y = -2},
    {.bitmap_index = 2645, .adv_w = 224, .box_w = 13, .box_h = 12, .ofs_x = 0, .ofs_y = -1},
    {.bitmap_index = 2665, .adv_w = 224, .box_w = 13, .box_h = 13, .ofs_x = 0, .ofs_y = -1},
    {.bitmap_index = 2687, .adv_w = 224, .box_w = 13, .box_h = 13, .ofs_x = 0, .ofs_y = -1},
    {.bitmap_index = 2709, .adv_w = 224, .box_w = 14, .box_h = 13, .ofs_x = 0, .ofs_y = -1},
    {.bitmap_index = 2732, .adv_w = 224, .box_w = 13, .box_h = 13, .ofs_x = 1, .ofs_y = -1},
    {.bitmap_index = 2754, .adv_w = 224, .box_w = 13, .box_h = 13, .ofs_x = 1, .ofs_y = -1},
    {.bitmap_index = 2776, .adv_w = 224, .box_w = 13, .box_h = 13, .ofs_x = 0, .ofs_y = -1},
    {.bitmap_index = 2798, .adv_w = 224, .box_w = 13, .box_h = 13, .ofs_x = 0, .ofs_y = -1},
    {.bitmap_index = 2820, .adv_w = 224, .box_w = 13, .box_h = 13, .ofs_x = 1, .ofs_y = -1},
    {.bitmap_index = 2842, .adv_w = 224, .box_w = 14, .box_h = 13, .ofs_x = 0, .ofs_y = -1},
    {.bitmap_index = 2865, .adv_w = 224, .box_w = 12, .box_h = 12, .ofs_x = 1, .ofs_y = -1},
    {.bitmap_index = 2883, .adv_w = 224, .box_w = 13, .box_h = 13, .ofs_x = 0, .ofs_y = -1},
    {.bitmap_index = 2905, .adv_w = 224, .box_w = 13, .box_h = 13, .ofs_x = 0, .ofs_y = -1},
    {.bitmap_index = 2927, .adv_w = 224, .box_w = 13, .box_h = 13, .ofs_x = 0, .ofs_y = -1},
    {.bitmap_index = 2949, .adv_w = 224, .box_w = 13, .box_h = 13, .ofs_x = 0, .ofs_y = -1},
    {.bitmap_index = 2971, .adv_w = 224, .box_w = 13, .box_h = 13, .ofs_x = 0, .ofs_y = -1},
    {.bitmap_index = 2993, .adv_w = 224, .box_w = 13, .box_h = 12, .ofs_x = 0, .ofs_y = -1},
    {.bitmap_index = 3013, .adv_w = 224, .box_w = 13, .box_h = 13, .ofs_x = 1, .ofs_y = -1},
    {.bitmap_index = 3035, .adv_w = 224, .box_w = 14, .box_h = 12, .ofs_x = 0, .ofs_y = -1},
    {.bitmap_index = 3056, .adv_w = 224, .box_w = 13, .box_h = 12, .ofs_x = 0, .ofs_y = -1},
    {.bitmap_index = 3076, .adv_w = 224, .box_w = 14, .box_h = 13, .ofs_x = 0, .ofs_y = -1},
    {.bitmap_index = 3099, .adv_w = 224, .box_w = 13, .box_h = 13, .ofs_x = 0, .ofs_y = -1},
    {.bitmap_index = 3121, .adv_w = 224, .box_w = 13, .box_h = 13, .ofs_x = 0, .ofs_y = -1},
    {.bitmap_index = 3143, .adv_w = 224, .box_w = 13, .box_h = 13, .ofs_x = 0, .ofs_y = -1},
    {.bitmap_index = 3165, .adv_w = 224, .box_w = 13, .box_h = 13, .ofs_x = 1, .ofs_y = -1},
    {.bitmap_index = 3187, .adv_w = 224, .box_w = 13, .box_h = 13, .ofs_x = 1, .ofs_y = -1},
    {.bitmap_index = 3209, .adv_w = 224, .box_w = 12, .box_h = 13, .ofs_x = 1, .ofs_y = -1},
    {.bitmap_index = 3229, .adv_w = 224, .box_w = 13, .box_h = 13, .ofs_x = 0, .ofs_y = -1},
    {.bitmap_index = 3251, .adv_w = 224, .box_w = 13, .box_h = 13, .ofs_x = 0, .ofs_y = -1},
    {.bitmap_index = 3273, .adv_w = 224, .box_w = 14, .box_h = 12, .ofs_x = 0, .ofs_y = -1},
    {.bitmap_index = 3294, .adv_w = 224, .box_w = 13, .box_h = 13, .ofs_x = 0, .ofs_y = -1},
    {.bitmap_index = 3316, .adv_w = 224, .box_w = 13, .box_h = 13, .ofs_x = 0, .ofs_y = -1},
    {.bitmap_index = 3338, .adv_w = 224, .box_w = 13, .box_h = 13, .ofs_x = 0, .ofs_y = -1},
    {.bitmap_index = 3360, .adv_w = 224, .box_w = 12, .box_h = 13, .ofs_x = 0, .ofs_y = -1},
    {.bitmap_index = 3380, .adv_w = 224, .box_w = 14, .box_h = 13, .ofs_x = 0, .ofs_y = -1},
    {.bitmap_index = 3403, .adv_w = 224, .box_w = 12, .box_h = 13, .ofs_x = 0, .ofs_y = -1},
    {.bitmap_index = 3423, .adv_w = 224, .box_w = 12, .box_h = 13, .ofs_x = 0, .ofs_y = -1},
    {.bitmap_index = 3443, .adv_w = 224, .box_w = 13, .box_h = 13, .ofs_x = 0, .ofs_y = -1},
    {.bitmap_index = 3465, .adv_w = 224, .box_w = 13, .box_h = 13, .ofs_x = 0, .ofs_y = -1},
    {.bitmap_index = 3487, .adv_w = 224, .box_w = 13, .box_h = 13, .ofs_x = 0, .ofs_y = -1},
    {.bitmap_index = 3509, .adv_w = 224, .box_w = 13, .box_h = 13, .ofs_x = 0, .ofs_y = -1},
    {.bitmap_index = 3531, .adv_w = 224, .box_w = 13, .box_h = 13, .ofs_x = 0, .ofs_y = -1},
    {.bitmap_index = 3553, .adv_w = 224, .box_w = 13, .box_h = 12, .ofs_x = 0, .ofs_y = -1},
    {.bitmap_index = 3573, .adv_w = 224, .box_w = 13, .box_h = 13, .ofs_x = 0, .ofs_y = -1},
    {.bitmap_index = 3595, .adv_w = 224, .box_w = 13, .box_h = 13, .ofs_x = 0, .ofs_y = -1},
    {.bitmap_index = 3617, .adv_w = 224, .box_w = 13, .box_h = 13, .ofs_x = 1, .ofs_y = -1},
    {.bitmap_index = 3639, .adv_w = 224, .box_w = 13, .box_h = 12, .ofs_x = 0, .ofs_y = -1},
    {.bitmap_index = 3659, .adv_w = 224, .box_w = 13, .box_h = 13, .ofs_x = 1, .ofs_y = -1},
    {.bitmap_index = 3681, .adv_w = 224, .box_w = 13, .box_h = 13, .ofs_x = 0, .ofs_y = -1},
    {.bitmap_index = 3703, .adv_w = 224, .box_w = 13, .box_h = 13, .ofs_x = 0, .ofs_y = -1},
    {.bitmap_index = 3725, .adv_w = 224, .box_w = 13, .box_h = 12, .ofs_x = 0, .ofs_y = -1},
    {.bitmap_index = 3745, .adv_w = 224, .box_w = 13, .box_h = 12, .ofs_x = 1, .ofs_y = -1},
    {.bitmap_index = 3765, .adv_w = 224, .box_w = 13, .box_h = 13, .ofs_x = 0, .ofs_y = -1},
    {.bitmap_index = 3787, .adv_w = 224, .box_w = 13, .box_h = 12, .ofs_x = 1, .ofs_y = -1},
    {.bitmap_index = 3807, .adv_w = 224, .box_w = 13, .box_h = 13, .ofs_x = 0, .ofs_y = -1},
    {.bitmap_index = 3829, .adv_w = 224, .box_w = 13, .box_h = 13, .ofs_x = 0, .ofs_y = -1},
    {.bitmap_index = 3851, .adv_w = 224, .box_w = 14, .box_h = 13, .ofs_x = 0, .ofs_y = -1},
    {.bitmap_index = 3874, .adv_w = 224, .box_w = 12, .box_h = 13, .ofs_x = 0, .ofs_y = -1},
    {.bitmap_index = 3894, .adv_w = 224, .box_w = 13, .box_h = 13, .ofs_x = 0, .ofs_y = -1},
    {.bitmap_index = 3916, .adv_w = 224, .box_w = 13, .box_h = 13, .ofs_x = 0, .ofs_y = -1},
    {.bitmap_index = 3938, .adv_w = 224, .box_w = 13, .box_h = 13, .ofs_x = 0, .ofs_y = -1},
    {.bitmap_index = 3960, .adv_w = 224, .box_w = 13, .box_h = 12, .ofs_x = 0, .ofs_y = -1},
    {.bitmap_index = 3980, .adv_w = 224, .box_w = 13, .box_h = 13, .ofs_x = 0, .ofs_y = -1},
    {.bitmap_index = 4002, .adv_w = 224, .box_w = 13, .box_h = 13, .ofs_x = 0, .ofs_y = -1},
    {.bitmap_index = 4024, .adv_w = 224, .box_w = 13, .box_h = 13, .ofs_x = 0, .ofs_y = -1},
    {.bitmap_index = 4046, .adv_w = 224, .box_w = 13, .box_h = 13, .ofs_x = 0, .ofs_y = -1},
    {.bitmap_index = 4068, .adv_w = 224, .box_w = 13, .box_h = 13, .ofs_x = 0, .ofs_y = -1},
    {.bitmap_index = 4090, .adv_w = 224, .box_w = 13, .box_h = 12, .ofs_x = 0, .ofs_y = -1},
    {.bitmap_index = 4110, .adv_w = 224, .box_w = 13, .box_h = 13, .ofs_x = 0, .ofs_y = -1},
    {.bitmap_index = 4132, .adv_w = 224, .box_w = 13, .box_h = 13, .ofs_x = 0, .ofs_y = -1},
    {.bitmap_index = 4154, .adv_w = 224, .box_w = 13, .box_h = 13, .ofs_x = 0, .ofs_y = -1},
    {.bitmap_index = 4176, .adv_w = 224, .box_w = 13, .box_h = 13, .ofs_x = 0, .ofs_y = -1},
    {.bitmap_index = 4198, .adv_w = 224, .box_w = 13, .box_h = 13, .ofs_x = 0, .ofs_y = -1},
    {.bitmap_index = 4220, .adv_w = 224, .box_w = 13, .box_h = 13, .ofs_x = 0, .ofs_y = -1},
    {.bitmap_index = 4242, .adv_w = 224, .box_w = 13, .box_h = 12, .ofs_x = 0, .ofs_y = -1},
    {.bitmap_index = 4262, .adv_w = 224, .box_w = 13, .box_h = 13, .ofs_x = 0, .ofs_y = -1},
    {.bitmap_index = 4284, .adv_w = 224, .box_w = 13, .box_h = 13, .ofs_x = 0, .ofs_y = -1},
    {.bitmap_index = 4306, .adv_w = 224, .box_w = 13, .box_h = 13, .ofs_x = 0, .ofs_y = -1},
    {.bitmap_index = 4328, .adv_w = 224, .box_w = 13, .box_h = 13, .ofs_x = 0, .ofs_y = -1},
    {.bitmap_index = 4350, .adv_w = 224, .box_w = 13, .box_h = 13, .ofs_x = 0, .ofs_y = -1},
    {.bitmap_index = 4372, .adv_w = 224, .box_w = 13, .box_h = 13, .ofs_x = 0, .ofs_y = -1},
    {.bitmap_index = 4394, .adv_w = 224, .box_w = 14, .box_h = 13, .ofs_x = 0, .ofs_y = -1},
    {.bitmap_index = 4417, .adv_w = 224, .box_w = 13, .box_h = 13, .ofs_x = 0, .ofs_y = -1},
    {.bitmap_index = 4439, .adv_w = 224, .box_w = 13, .box_h = 13, .ofs_x = 0, .ofs_y = -1},
    {.bitmap_index = 4461, .adv_w = 224, .box_w = 13, .box_h = 13, .ofs_x = 0, .ofs_y = -1},
    {.bitmap_index = 4483, .adv_w = 224, .box_w = 13, .box_h = 13, .ofs_x = 0, .ofs_y = -1},
    {.bitmap_index = 4505, .adv_w = 224, .box_w = 13, .box_h = 12, .ofs_x = 0, .ofs_y = -1},
    {.bitmap_index = 4525, .adv_w = 224, .box_w = 13, .box_h = 13, .ofs_x = 0, .ofs_y = -1},
    {.bitmap_index = 4547, .adv_w = 224, .box_w = 13, .box_h = 13, .ofs_x = 0, .ofs_y = -1},
    {.bitmap_index = 4569, .adv_w = 224, .box_w = 13, .box_h = 13, .ofs_x = 0, .ofs_y = -1},
    {.bitmap_index = 4591, .adv_w = 224, .box_w = 13, .box_h = 13, .ofs_x = 0, .ofs_y = -1},
    {.bitmap_index = 4613, .adv_w = 224, .box_w = 13, .box_h = 13, .ofs_x = 0, .ofs_y = -1},
    {.bitmap_index = 4635, .adv_w = 224, .box_w = 13, .box_h = 12, .ofs_x = 0, .ofs_y = -1},
    {.bitmap_index = 4655, .adv_w = 224, .box_w = 13, .box_h = 13, .ofs_x = 0, .ofs_y = -1},
    {.bitmap_index = 4677, .adv_w = 224, .box_w = 13, .box_h = 13, .ofs_x = 0, .ofs_y = -1},
    {.bitmap_index = 4699, .adv_w = 224, .box_w = 13, .box_h = 13, .ofs_x = 0, .ofs_y = -1},
    {.bitmap_index = 4721, .adv_w = 224, .box_w = 13, .box_h = 13, .ofs_x = 0, .ofs_y = -1},
    {.bitmap_index = 4743, .adv_w = 224, .box_w = 13, .box_h = 13, .ofs_x = 0, .ofs_y = -1},
    {.bitmap_index = 4765, .adv_w = 224, .box_w = 13, .box_h = 13, .ofs_x = 0, .ofs_y = -1},
    {.bitmap_index = 4787, .adv_w = 224, .box_w = 13, .box_h = 13, .ofs_x = 0, .ofs_y = -1},
    {.bitmap_index = 4809, .adv_w = 224, .box_w = 13, .box_h = 13, .ofs_x = 0, .ofs_y = -1},
    {.bitmap_index = 4831, .adv_w = 224, .box_w = 13, .box_h = 13, .ofs_x = 0, .ofs_y = -1},
    {.bitmap_index = 4853, .adv_w = 224, .box_w = 13, .box_h = 13, .ofs_x = 0, .ofs_y = -1},
    {.bitmap_index = 4875, .adv_w = 224, .box_w = 14, .box_h = 13, .ofs_x = 0, .ofs_y = -1},
    {.bitmap_index = 4898, .adv_w = 224, .box_w = 13, .box_h = 13, .ofs_x = 0, .ofs_y = -1},
    {.bitmap_index = 4920, .adv_w = 224, .box_w = 13, .box_h = 13, .ofs_x = 0, .ofs_y = -1},
    {.bitmap_index = 4942, .adv_w = 224, .box_w = 14, .box_h = 13, .ofs_x = 0, .ofs_y = -1},
    {.bitmap_index = 4965, .adv_w = 224, .box_w = 13, .box_h = 13, .ofs_x = 0, .ofs_y = -1},
    {.bitmap_index = 4987, .adv_w = 224, .box_w = 14, .box_h = 13, .ofs_x = 0, .ofs_y = -1},
    {.bitmap_index = 5010, .adv_w = 224, .box_w = 13, .box_h = 13, .ofs_x = 0, .ofs_y = -1},
    {.bitmap_index = 5032, .adv_w = 224, .box_w = 13, .box_h = 13, .ofs_x = 0, .ofs_y = -1},
    {.bitmap_index = 5054, .adv_w = 224, .box_w = 13, .box_h = 13, .ofs_x = 0, .ofs_y = -1},
    {.bitmap_index = 5076, .adv_w = 224, .box_w = 13, .box_h = 12, .ofs_x = 0, .ofs_y = -1},
    {.bitmap_index = 5096, .adv_w = 224, .box_w = 13, .box_h = 13, .ofs_x = 0, .ofs_y = -1},
    {.bitmap_index = 5118, .adv_w = 224, .box_w = 13, .box_h = 13, .ofs_x = 0, .ofs_y = -1},
    {.bitmap_index = 5140, .adv_w = 224, .box_w = 13, .box_h = 13, .ofs_x = 0, .ofs_y = -1},
    {.bitmap_index = 5162, .adv_w = 224, .box_w = 13, .box_h = 13, .ofs_x = 0, .ofs_y = -1},
    {.bitmap_index = 5184, .adv_w = 224, .box_w = 14, .box_h = 13, .ofs_x = 0, .ofs_y = -1},
    {.bitmap_index = 5207, .adv_w = 224, .box_w = 13, .box_h = 13, .ofs_x = 0, .ofs_y = -1},
    {.bitmap_index = 5229, .adv_w = 224, .box_w = 13, .box_h = 13, .ofs_x = 0, .ofs_y = -1},
    {.bitmap_index = 5251, .adv_w = 224, .box_w = 13, .box_h = 13, .ofs_x = 0, .ofs_y = -1},
    {.bitmap_index = 5273, .adv_w = 224, .box_w = 13, .box_h = 13, .ofs_x = 0, .ofs_y = -1},
    {.bitmap_index = 5295, .adv_w = 224, .box_w = 13, .box_h = 13, .ofs_x = 0, .ofs_y = -1},
    {.bitmap_index = 5317, .adv_w = 224, .box_w = 13, .box_h = 13, .ofs_x = 0, .ofs_y = -1},
    {.bitmap_index = 5339, .adv_w = 224, .box_w = 14, .box_h = 12, .ofs_x = 0, .ofs_y = -1},
    {.bitmap_index = 5360, .adv_w = 224, .box_w = 13, .box_h = 13, .ofs_x = 0, .ofs_y = -1},
    {.bitmap_index = 5382, .adv_w = 224, .box_w = 13, .box_h = 12, .ofs_x = 1, .ofs_y = -1},
    {.bitmap_index = 5402, .adv_w = 224, .box_w = 13, .box_h = 13, .ofs_x = 1, .ofs_y = -1},
    {.bitmap_index = 5424, .adv_w = 224, .box_w = 12, .box_h = 12, .ofs_x = 1, .ofs_y = -1},
    {.bitmap_index = 5442, .adv_w = 224, .box_w = 14, .box_h = 12, .ofs_x = 0, .ofs_y = -1},
    {.bitmap_index = 5463, .adv_w = 224, .box_w = 12, .box_h = 13, .ofs_x = 1, .ofs_y = -1},
    {.bitmap_index = 5483, .adv_w = 224, .box_w = 13, .box_h = 13, .ofs_x = 1, .ofs_y = -1},
    {.bitmap_index = 5505, .adv_w = 224, .box_w = 12, .box_h = 13, .ofs_x = 1, .ofs_y = -1},
    {.bitmap_index = 5525, .adv_w = 224, .box_w = 13, .box_h = 13, .ofs_x = 1, .ofs_y = -1},
    {.bitmap_index = 5547, .adv_w = 224, .box_w = 12, .box_h = 13, .ofs_x = 1, .ofs_y = -1},
    {.bitmap_index = 5567, .adv_w = 224, .box_w = 13, .box_h = 13, .ofs_x = 0, .ofs_y = -1},
    {.bitmap_index = 5589, .adv_w = 224, .box_w = 12, .box_h = 13, .ofs_x = 1, .ofs_y = -1},
    {.bitmap_index = 5609, .adv_w = 224, .box_w = 13, .box_h = 13, .ofs_x = 0, .ofs_y = -1},
    {.bitmap_index = 5631, .adv_w = 224, .box_w = 12, .box_h = 13, .ofs_x = 1, .ofs_y = -1},
    {.bitmap_index = 5651, .adv_w = 224, .box_w = 13, .box_h = 13, .ofs_x = 1, .ofs_y = -1},
    {.bitmap_index = 5673, .adv_w = 224, .box_w = 13, .box_h = 13, .ofs_x = 1, .ofs_y = -1},
    {.bitmap_index = 5695, .adv_w = 224, .box_w = 13, .box_h = 12, .ofs_x = 1, .ofs_y = -1},
    {.bitmap_index = 5715, .adv_w = 224, .box_w = 14, .box_h = 13, .ofs_x = 0, .ofs_y = -1},
    {.bitmap_index = 5738, .adv_w = 224, .box_w = 14, .box_h = 12, .ofs_x = 0, .ofs_y = -1},
    {.bitmap_index = 5759, .adv_w = 224, .box_w = 13, .box_h = 12, .ofs_x = 1, .ofs_y = -1},
    {.bitmap_index = 5779, .adv_w = 224, .box_w = 12, .box_h = 13, .ofs_x = 1, .ofs_y = -1},
    {.bitmap_index = 5799, .adv_w = 224, .box_w = 12, .box_h = 12, .ofs_x = 1, .ofs_y = 0},
    {.bitmap_index = 5817, .adv_w = 224, .box_w = 13, .box_h = 14, .ofs_x = 1, .ofs_y = -2},
    {.bitmap_index = 5840, .adv_w = 224, .box_w = 12, .box_h = 13, .ofs_x = 1, .ofs_y = -1},
    {.bitmap_index = 5860, .adv_w = 224, .box_w = 13, .box_h = 13, .ofs_x = 0, .ofs_y = -1},
    {.bitmap_index = 5882, .adv_w = 224, .box_w = 13, .box_h = 13, .ofs_x = 1, .ofs_y = -1},
    {.bitmap_index = 5904, .adv_w = 224, .box_w = 13, .box_h = 13, .ofs_x = 0, .ofs_y = -1},
    {.bitmap_index = 5926, .adv_w = 224, .box_w = 13, .box_h = 12, .ofs_x = 1, .ofs_y = -1},
    {.bitmap_index = 5946, .adv_w = 224, .box_w = 13, .box_h = 13, .ofs_x = 0, .ofs_y = -1},
    {.bitmap_index = 5968, .adv_w = 224, .box_w = 12, .box_h = 13, .ofs_x = 1, .ofs_y = -1},
    {.bitmap_index = 5988, .adv_w = 224, .box_w = 12, .box_h = 13, .ofs_x = 1, .ofs_y = -1},
    {.bitmap_index = 6008, .adv_w = 224, .box_w = 13, .box_h = 13, .ofs_x = 1, .ofs_y = -1},
    {.bitmap_index = 6030, .adv_w = 224, .box_w = 13, .box_h = 13, .ofs_x = 1, .ofs_y = -1},
    {.bitmap_index = 6052, .adv_w = 224, .box_w = 11, .box_h = 13, .ofs_x = 1, .ofs_y = -1},
    {.bitmap_index = 6070, .adv_w = 224, .box_w = 11, .box_h = 12, .ofs_x = 1, .ofs_y = -1},
    {.bitmap_index = 6087, .adv_w = 224, .box_w = 13, .box_h = 12, .ofs_x = 0, .ofs_y = -1},
    {.bitmap_index = 6107, .adv_w = 224, .box_w = 13, .box_h = 12, .ofs_x = 1, .ofs_y = -1},
    {.bitmap_index = 6127, .adv_w = 224, .box_w = 11, .box_h = 12, .ofs_x = 2, .ofs_y = -1},
    {.bitmap_index = 6144, .adv_w = 224, .box_w = 12, .box_h = 12, .ofs_x = 1, .ofs_y = -1},
    {.bitmap_index = 6162, .adv_w = 224, .box_w = 14, .box_h = 12, .ofs_x = 0, .ofs_y = -1},
    {.bitmap_index = 6183, .adv_w = 224, .box_w = 12, .box_h = 12, .ofs_x = 1, .ofs_y = -1},
    {.bitmap_index = 6201, .adv_w = 224, .box_w = 12, .box_h = 12, .ofs_x = 1, .ofs_y = -1},
    {.bitmap_index = 6219, .adv_w = 224, .box_w = 13, .box_h = 13, .ofs_x = 0, .ofs_y = -1},
    {.bitmap_index = 6241, .adv_w = 224, .box_w = 13, .box_h = 12, .ofs_x = 1, .ofs_y = -1},
    {.bitmap_index = 6261, .adv_w = 224, .box_w = 14, .box_h = 12, .ofs_x = 0, .ofs_y = -1},
    {.bitmap_index = 6282, .adv_w = 224, .box_w = 12, .box_h = 13, .ofs_x = 1, .ofs_y = -2},
    {.bitmap_index = 6302, .adv_w = 224, .box_w = 13, .box_h = 12, .ofs_x = 0, .ofs_y = -1},
    {.bitmap_index = 6322, .adv_w = 224, .box_w = 13, .box_h = 13, .ofs_x = 1, .ofs_y = -1},
    {.bitmap_index = 6344, .adv_w = 224, .box_w = 12, .box_h = 13, .ofs_x = 1, .ofs_y = -1},
    {.bitmap_index = 6364, .adv_w = 224, .box_w = 13, .box_h = 13, .ofs_x = 0, .ofs_y = -1},
    {.bitmap_index = 6386, .adv_w = 224, .box_w = 13, .box_h = 12, .ofs_x = 0, .ofs_y = -1},
    {.bitmap_index = 6406, .adv_w = 224, .box_w = 13, .box_h = 13, .ofs_x = 0, .ofs_y = -1},
    {.bitmap_index = 6428, .adv_w = 224, .box_w = 12, .box_h = 13, .ofs_x = 1, .ofs_y = -1},
    {.bitmap_index = 6448, .adv_w = 224, .box_w = 12, .box_h = 13, .ofs_x = 1, .ofs_y = -1},
    {.bitmap_index = 6468, .adv_w = 224, .box_w = 13, .box_h = 13, .ofs_x = 1, .ofs_y = -1},
    {.bitmap_index = 6490, .adv_w = 224, .box_w = 13, .box_h = 13, .ofs_x = 0, .ofs_y = -1},
    {.bitmap_index = 6512, .adv_w = 224, .box_w = 12, .box_h = 12, .ofs_x = 1, .ofs_y = -1},
    {.bitmap_index = 6530, .adv_w = 224, .box_w = 13, .box_h = 13, .ofs_x = 0, .ofs_y = -1},
    {.bitmap_index = 6552, .adv_w = 224, .box_w = 13, .box_h = 14, .ofs_x = 0, .ofs_y = -2},
    {.bitmap_index = 6575, .adv_w = 224, .box_w = 14, .box_h = 13, .ofs_x = 0, .ofs_y = -1},
    {.bitmap_index = 6598, .adv_w = 224, .box_w = 12, .box_h = 13, .ofs_x = 1, .ofs_y = -1},
    {.bitmap_index = 6618, .adv_w = 224, .box_w = 12, .box_h = 13, .ofs_x = 1, .ofs_y = -1},
    {.bitmap_index = 6638, .adv_w = 224, .box_w = 13, .box_h = 13, .ofs_x = 0, .ofs_y = -1},
    {.bitmap_index = 6660, .adv_w = 224, .box_w = 13, .box_h = 12, .ofs_x = 1, .ofs_y = -1},
    {.bitmap_index = 6680, .adv_w = 224, .box_w = 13, .box_h = 12, .ofs_x = 0, .ofs_y = -1},
    {.bitmap_index = 6700, .adv_w = 224, .box_w = 14, .box_h = 12, .ofs_x = 0, .ofs_y = -1},
    {.bitmap_index = 6721, .adv_w = 224, .box_w = 12, .box_h = 13, .ofs_x = 0, .ofs_y = -1},
    {.bitmap_index = 6741, .adv_w = 224, .box_w = 13, .box_h = 13, .ofs_x = 0, .ofs_y = -1},
    {.bitmap_index = 6763, .adv_w = 224, .box_w = 13, .box_h = 13, .ofs_x = 1, .ofs_y = -1},
    {.bitmap_index = 6785, .adv_w = 224, .box_w = 14, .box_h = 12, .ofs_x = 0, .ofs_y = -1},
    {.bitmap_index = 6806, .adv_w = 224, .box_w = 12, .box_h = 12, .ofs_x = 1, .ofs_y = -1},
    {.bitmap_index = 6824, .adv_w = 224, .box_w = 12, .box_h = 12, .ofs_x = 1, .ofs_y = -1},
    {.bitmap_index = 6842, .adv_w = 224, .box_w = 11, .box_h = 12, .ofs_x = 1, .ofs_y = -1},
    {.bitmap_index = 6859, .adv_w = 224, .box_w = 11, .box_h = 11, .ofs_x = 1, .ofs_y = -1},
    {.bitmap_index = 6875, .adv_w = 224, .box_w = 11, .box_h = 13, .ofs_x = 2, .ofs_y = -1},
    {.bitmap_index = 6893, .adv_w = 224, .box_w = 12, .box_h = 13, .ofs_x = 1, .ofs_y = -1},
    {.bitmap_index = 6913, .adv_w = 224, .box_w = 12, .box_h = 12, .ofs_x = 1, .ofs_y = -1},
    {.bitmap_index = 6931, .adv_w = 224, .box_w = 13, .box_h = 13, .ofs_x = 0, .ofs_y = -1},
    {.bitmap_index = 6953, .adv_w = 224, .box_w = 13, .box_h = 11, .ofs_x = 0, .ofs_y = -1},
    {.bitmap_index = 6971, .adv_w = 224, .box_w = 11, .box_h = 11, .ofs_x = 1, .ofs_y = -1},
    {.bitmap_index = 6987, .adv_w = 224, .box_w = 12, .box_h = 11, .ofs_x = 0, .ofs_y = -1},
    {.bitmap_index = 7004, .adv_w = 224, .box_w = 13, .box_h = 12, .ofs_x = 0, .ofs_y = -1},
    {.bitmap_index = 7024, .adv_w = 224, .box_w = 13, .box_h = 12, .ofs_x = 0, .ofs_y = -1},
    {.bitmap_index = 7044, .adv_w = 224, .box_w = 12, .box_h = 13, .ofs_x = 1, .ofs_y = -1},
    {.bitmap_index = 7064, .adv_w = 224, .box_w = 12, .box_h = 13, .ofs_x = 0, .ofs_y = -1},
    {.bitmap_index = 7084, .adv_w = 224, .box_w = 12, .box_h = 13, .ofs_x = 1, .ofs_y = -1},
    {.bitmap_index = 7104, .adv_w = 224, .box_w = 12, .box_h = 13, .ofs_x = 1, .ofs_y = -1},
    {.bitmap_index = 7124, .adv_w = 224, .box_w = 12, .box_h = 13, .ofs_x = 1, .ofs_y = -1},
    {.bitmap_index = 7144, .adv_w = 224, .box_w = 12, .box_h = 13, .ofs_x = 0, .ofs_y = -1},
    {.bitmap_index = 7164, .adv_w = 224, .box_w = 12, .box_h = 13, .ofs_x = 1, .ofs_y = -1},
    {.bitmap_index = 7184, .adv_w = 224, .box_w = 13, .box_h = 13, .ofs_x = 0, .ofs_y = -1},
    {.bitmap_index = 7206, .adv_w = 224, .box_w = 13, .box_h = 12, .ofs_x = 0, .ofs_y = -1},
    {.bitmap_index = 7226, .adv_w = 224, .box_w = 12, .box_h = 13, .ofs_x = 0, .ofs_y = -1},
    {.bitmap_index = 7246, .adv_w = 224, .box_w = 12, .box_h = 13, .ofs_x = 1, .ofs_y = -1},
    {.bitmap_index = 7266, .adv_w = 224, .box_w = 12, .box_h = 13, .ofs_x = 1, .ofs_y = -1},
    {.bitmap_index = 7286, .adv_w = 224, .box_w = 12, .box_h = 13, .ofs_x = 1, .ofs_y = -1},
    {.bitmap_index = 7306, .adv_w = 224, .box_w = 11, .box_h = 13, .ofs_x = 1, .ofs_y = -1},
    {.bitmap_index = 7324, .adv_w = 224, .box_w = 12, .box_h = 13, .ofs_x = 0, .ofs_y = -1},
    {.bitmap_index = 7344, .adv_w = 224, .box_w = 12, .box_h = 13, .ofs_x = 1, .ofs_y = -1},
    {.bitmap_index = 7364, .adv_w = 224, .box_w = 12, .box_h = 13, .ofs_x = 1, .ofs_y = -1},
    {.bitmap_index = 7384, .adv_w = 224, .box_w = 12, .box_h = 13, .ofs_x = 0, .ofs_y = -1},
    {.bitmap_index = 7404, .adv_w = 224, .box_w = 12, .box_h = 13, .ofs_x = 1, .ofs_y = -1},
    {.bitmap_index = 7424, .adv_w = 224, .box_w = 12, .box_h = 13, .ofs_x = 1, .ofs_y = -1},
    {.bitmap_index = 7444, .adv_w = 224, .box_w = 12, .box_h = 13, .ofs_x = 1, .ofs_y = -1},
    {.bitmap_index = 7464, .adv_w = 224, .box_w = 12, .box_h = 13, .ofs_x = 1, .ofs_y = -1},
    {.bitmap_index = 7484, .adv_w = 224, .box_w = 12, .box_h = 13, .ofs_x = 1, .ofs_y = -1},
    {.bitmap_index = 7504, .adv_w = 224, .box_w = 12, .box_h = 13, .ofs_x = 1, .ofs_y = -1},
    {.bitmap_index = 7524, .adv_w = 224, .box_w = 13, .box_h = 13, .ofs_x = 0, .ofs_y = -1},
    {.bitmap_index = 7546, .adv_w = 224, .box_w = 12, .box_h = 13, .ofs_x = 1, .ofs_y = -1},
    {.bitmap_index = 7566, .adv_w = 224, .box_w = 13, .box_h = 13, .ofs_x = 0, .ofs_y = -1},
    {.bitmap_index = 7588, .adv_w = 224, .box_w = 13, .box_h = 13, .ofs_x = 0, .ofs_y = -1},
    {.bitmap_index = 7610, .adv_w = 224, .box_w = 12, .box_h = 13, .ofs_x = 0, .ofs_y = -1},
    {.bitmap_index = 7630, .adv_w = 224, .box_w = 12, .box_h = 13, .ofs_x = 1, .ofs_y = -1},
    {.bitmap_index = 7650, .adv_w = 224, .box_w = 12, .box_h = 13, .ofs_x = 1, .ofs_y = -1},
    {.bitmap_index = 7670, .adv_w = 224, .box_w = 12, .box_h = 13, .ofs_x = 1, .ofs_y = -1},
    {.bitmap_index = 7690, .adv_w = 224, .box_w = 12, .box_h = 13, .ofs_x = 1, .ofs_y = -1},
    {.bitmap_index = 7710, .adv_w = 224, .box_w = 12, .box_h = 12, .ofs_x = 1, .ofs_y = -1},
    {.bitmap_index = 7728, .adv_w = 224, .box_w = 12, .box_h = 13, .ofs_x = 1, .ofs_y = -1},
    {.bitmap_index = 7748, .adv_w = 224, .box_w = 13, .box_h = 13, .ofs_x = 1, .ofs_y = -1},
    {.bitmap_index = 7770, .adv_w = 224, .box_w = 12, .box_h = 13, .ofs_x = 1, .ofs_y = -1},
    {.bitmap_index = 7790, .adv_w = 224, .box_w = 13, .box_h = 13, .ofs_x = 0, .ofs_y = -1},
    {.bitmap_index = 7812, .adv_w = 224, .box_w = 12, .box_h = 13, .ofs_x = 1, .ofs_y = -1},
    {.bitmap_index = 7832, .adv_w = 224, .box_w = 12, .box_h = 13, .ofs_x = 0, .ofs_y = -1},
    {.bitmap_index = 7852, .adv_w = 224, .box_w = 13, .box_h = 13, .ofs_x = 0, .ofs_y = -1},
    {.bitmap_index = 7874, .adv_w = 224, .box_w = 12, .box_h = 13, .ofs_x = 1, .ofs_y = -1},
    {.bitmap_index = 7894, .adv_w = 224, .box_w = 12, .box_h = 13, .ofs_x = 1, .ofs_y = -1},
    {.bitmap_index = 7914, .adv_w = 224, .box_w = 12, .box_h = 12, .ofs_x = 1, .ofs_y = -1},
    {.bitmap_index = 7932, .adv_w = 224, .box_w = 13, .box_h = 13, .ofs_x = 0, .ofs_y = -1},
    {.bitmap_index = 7954, .adv_w = 224, .box_w = 12, .box_h = 13, .ofs_x = 1, .ofs_y = -1},
    {.bitmap_index = 7974, .adv_w = 224, .box_w = 12, .box_h = 13, .ofs_x = 0, .ofs_y = -1},
    {.bitmap_index = 7994, .adv_w = 224, .box_w = 13, .box_h = 13, .ofs_x = 1, .ofs_y = -1},
    {.bitmap_index = 8016, .adv_w = 224, .box_w = 12, .box_h = 13, .ofs_x = 0, .ofs_y = -1},
    {.bitmap_index = 8036, .adv_w = 224, .box_w = 13, .box_h = 13, .ofs_x = 0, .ofs_y = -1},
    {.bitmap_index = 8058, .adv_w = 224, .box_w = 13, .box_h = 13, .ofs_x = 0, .ofs_y = -1},
    {.bitmap_index = 8080, .adv_w = 224, .box_w = 12, .box_h = 13, .ofs_x = 1, .ofs_y = -1},
    {.bitmap_index = 8100, .adv_w = 224, .box_w = 13, .box_h = 13, .ofs_x = 1, .ofs_y = -1},
    {.bitmap_index = 8122, .adv_w = 224, .box_w = 12, .box_h = 13, .ofs_x = 1, .ofs_y = -1},
    {.bitmap_index = 8142, .adv_w = 224, .box_w = 12, .box_h = 12, .ofs_x = 0, .ofs_y = -1},
    {.bitmap_index = 8160, .adv_w = 224, .box_w = 13, .box_h = 13, .ofs_x = 0, .ofs_y = -1},
    {.bitmap_index = 8182, .adv_w = 224, .box_w = 13, .box_h = 13, .ofs_x = 0, .ofs_y = -1},
    {.bitmap_index = 8204, .adv_w = 224, .box_w = 13, .box_h = 13, .ofs_x = 1, .ofs_y = -1},
    {.bitmap_index = 8226, .adv_w = 224, .box_w = 13, .box_h = 13, .ofs_x = 1, .ofs_y = -1},
    {.bitmap_index = 8248, .adv_w = 224, .box_w = 12, .box_h = 13, .ofs_x = 1, .ofs_y = -1},
    {.bitmap_index = 8268, .adv_w = 224, .box_w = 13, .box_h = 13, .ofs_x = 1, .ofs_y = -1},
    {.bitmap_index = 8290, .adv_w = 224, .box_w = 12, .box_h = 13, .ofs_x = 1, .ofs_y = -1},
    {.bitmap_index = 8310, .adv_w = 224, .box_w = 12, .box_h = 13, .ofs_x = 1, .ofs_y = -1},
    {.bitmap_index = 8330, .adv_w = 224, .box_w = 12, .box_h = 13, .ofs_x = 1, .ofs_y = -1},
    {.bitmap_index = 8350, .adv_w = 224, .box_w = 12, .box_h = 12, .ofs_x = 0, .ofs_y = -1},
    {.bitmap_index = 8368, .adv_w = 224, .box_w = 12, .box_h = 13, .ofs_x = 1, .ofs_y = -1},
    {.bitmap_index = 8388, .adv_w = 224, .box_w = 12, .box_h = 12, .ofs_x = 1, .ofs_y = -1},
    {.bitmap_index = 8406, .adv_w = 224, .box_w = 13, .box_h = 13, .ofs_x = 0, .ofs_y = -1},
    {.bitmap_index = 8428, .adv_w = 224, .box_w = 10, .box_h = 11, .ofs_x = 3, .ofs_y = 0},
    {.bitmap_index = 8442, .adv_w = 224, .box_w = 12, .box_h = 13, .ofs_x = 1, .ofs_y = -1},
    {.bitmap_index = 8462, .adv_w = 224, .box_w = 13, .box_h = 13, .ofs_x = 1, .ofs_y = -1},
    {.bitmap_index = 8484, .adv_w = 224, .box_w = 13, .box_h = 13, .ofs_x = 1, .ofs_y = -1},
    {.bitmap_index = 8506, .adv_w = 224, .box_w = 12, .box_h = 12, .ofs_x = 1, .ofs_y = -1},
    {.bitmap_index = 8524, .adv_w = 224, .box_w = 12, .box_h = 12, .ofs_x = 1, .ofs_y = -1},
    {.bitmap_index = 8542, .adv_w = 224, .box_w = 12, .box_h = 12, .ofs_x = 1, .ofs_y = -1},
    {.bitmap_index = 8560, .adv_w = 224, .box_w = 12, .box_h = 11, .ofs_x = 1, .ofs_y = 0},
    {.bitmap_index = 8577, .adv_w = 224, .box_w = 12, .box_h = 12, .ofs_x = 1, .ofs_y = -1},
    {.bitmap_index = 8595, .adv_w = 224, .box_w = 12, .box_h = 12, .ofs_x = 1, .ofs_y = -1},
    {.bitmap_index = 8613, .adv_w = 224, .box_w = 12, .box_h = 12, .ofs_x = 1, .ofs_y = -1},
    {.bitmap_index = 8631, .adv_w = 224, .box_w = 12, .box_h = 12, .ofs_x = 1, .ofs_y = -1},
    {.bitmap_index = 8649, .adv_w = 224, .box_w = 13, .box_h = 13, .ofs_x = 1, .ofs_y = -1},
    {.bitmap_index = 8671, .adv_w = 224, .box_w = 13, .box_h = 12, .ofs_x = 0, .ofs_y = -1},
    {.bitmap_index = 8691, .adv_w = 224, .box_w = 13, .box_h = 13, .ofs_x = 0, .ofs_y = -1},
    {.bitmap_index = 8713, .adv_w = 224, .box_w = 13, .box_h = 13, .ofs_x = 0, .ofs_y = -1},
    {.bitmap_index = 8735, .adv_w = 224, .box_w = 13, .box_h = 13, .ofs_x = 0, .ofs_y = -1},
    {.bitmap_index = 8757, .adv_w = 224, .box_w = 13, .box_h = 13, .ofs_x = 0, .ofs_y = -1},
    {.bitmap_index = 8779, .adv_w = 224, .box_w = 13, .box_h = 13, .ofs_x = 1, .ofs_y = -1},
    {.bitmap_index = 8801, .adv_w = 224, .box_w = 13, .box_h = 13, .ofs_x = 0, .ofs_y = -1},
    {.bitmap_index = 8823, .adv_w = 224, .box_w = 13, .box_h = 13, .ofs_x = 0, .ofs_y = -1},
    {.bitmap_index = 8845, .adv_w = 224, .box_w = 13, .box_h = 13, .ofs_x = 1, .ofs_y = -1},
    {.bitmap_index = 8867, .adv_w = 224, .box_w = 13, .box_h = 12, .ofs_x = 1, .ofs_y = -1},
    {.bitmap_index = 8887, .adv_w = 224, .box_w = 12, .box_h = 13, .ofs_x = 1, .ofs_y = -1},
    {.bitmap_index = 8907, .adv_w = 224, .box_w = 12, .box_h = 13, .ofs_x = 1, .ofs_y = -1},
    {.bitmap_index = 8927, .adv_w = 224, .box_w = 13, .box_h = 13, .ofs_x = 1, .ofs_y = -1},
    {.bitmap_index = 8949, .adv_w = 224, .box_w = 7, .box_h = 13, .ofs_x = 5, .ofs_y = -1},
    {.bitmap_index = 8961, .adv_w = 224, .box_w = 11, .box_h = 13, .ofs_x = 2, .ofs_y = -1},
    {.bitmap_index = 8979, .adv_w = 224, .box_w = 13, .box_h = 13, .ofs_x = 0, .ofs_y = -1},
    {.bitmap_index = 9001, .adv_w = 224, .box_w = 13, .box_h = 13, .ofs_x = 1, .ofs_y = -1},
    {.bitmap_index = 9023, .adv_w = 224, .box_w = 12, .box_h = 13, .ofs_x = 2, .ofs_y = -1},
    {.bitmap_index = 9043, .adv_w = 224, .box_w = 12, .box_h = 13, .ofs_x = 1, .ofs_y = -1},
    {.bitmap_index = 9063, .adv_w = 224, .box_w = 12, .box_h = 13, .ofs_x = 1, .ofs_y = -1},
    {.bitmap_index = 9083, .adv_w = 224, .box_w = 13, .box_h = 12, .ofs_x = 1, .ofs_y = -1},
    {.bitmap_index = 9103, .adv_w = 224, .box_w = 12, .box_h = 13, .ofs_x = 0, .ofs_y = -1},
    {.bitmap_index = 9123, .adv_w = 224, .box_w = 13, .box_h = 13, .ofs_x = 0, .ofs_y = -1},
    {.bitmap_index = 9145, .adv_w = 224, .box_w = 12, .box_h = 12, .ofs_x = 1, .ofs_y = -1},
    {.bitmap_index = 9163, .adv_w = 224, .box_w = 12, .box_h = 13, .ofs_x = 1, .ofs_y = -1},
    {.bitmap_index = 9183, .adv_w = 224, .box_w = 12, .box_h = 13, .ofs_x = 1, .ofs_y = -1},
    {.bitmap_index = 9203, .adv_w = 224, .box_w = 12, .box_h = 12, .ofs_x = 1, .ofs_y = -1},
    {.bitmap_index = 9221, .adv_w = 224, .box_w = 12, .box_h = 13, .ofs_x = 1, .ofs_y = -1},
    {.bitmap_index = 9241, .adv_w = 224, .box_w = 13, .box_h = 12, .ofs_x = 0, .ofs_y = -1},
    {.bitmap_index = 9261, .adv_w = 224, .box_w = 12, .box_h = 12, .ofs_x = 1, .ofs_y = -1},
    {.bitmap_index = 9279, .adv_w = 224, .box_w = 13, .box_h = 12, .ofs_x = 1, .ofs_y = -1},
    {.bitmap_index = 9299, .adv_w = 224, .box_w = 13, .box_h = 12, .ofs_x = 1, .ofs_y = -1},
    {.bitmap_index = 9319, .adv_w = 224, .box_w = 12, .box_h = 12, .ofs_x = 1, .ofs_y = -1},
    {.bitmap_index = 9337, .adv_w = 224, .box_w = 13, .box_h = 13, .ofs_x = 1, .ofs_y = -2},
    {.bitmap_index = 9359, .adv_w = 224, .box_w = 13, .box_h = 13, .ofs_x = 1, .ofs_y = -2},
    {.bitmap_index = 9381, .adv_w = 224, .box_w = 13, .box_h = 12, .ofs_x = 1, .ofs_y = -1},
    {.bitmap_index = 9401, .adv_w = 224, .box_w = 12, .box_h = 12, .ofs_x = 1, .ofs_y = -1},
    {.bitmap_index = 9419, .adv_w = 224, .box_w = 13, .box_h = 12, .ofs_x = 1, .ofs_y = -1},
    {.bitmap_index = 9439, .adv_w = 224, .box_w = 12, .box_h = 12, .ofs_x = 1, .ofs_y = -1},
    {.bitmap_index = 9457, .adv_w = 224, .box_w = 13, .box_h = 12, .ofs_x = 1, .ofs_y = -1},
    {.bitmap_index = 9477, .adv_w = 224, .box_w = 13, .box_h = 12, .ofs_x = 1, .ofs_y = -1},
    {.bitmap_index = 9497, .adv_w = 224, .box_w = 13, .box_h = 12, .ofs_x = 1, .ofs_y = -1},
    {.bitmap_index = 9517, .adv_w = 224, .box_w = 13, .box_h = 13, .ofs_x = 1, .ofs_y = -1},
    {.bitmap_index = 9539, .adv_w = 224, .box_w = 12, .box_h = 12, .ofs_x = 1, .ofs_y = -1},
    {.bitmap_index = 9557, .adv_w = 224, .box_w = 13, .box_h = 13, .ofs_x = 1, .ofs_y = -1},
    {.bitmap_index = 9579, .adv_w = 224, .box_w = 13, .box_h = 13, .ofs_x = 1, .ofs_y = -1},
    {.bitmap_index = 9601, .adv_w = 224, .box_w = 13, .box_h = 12, .ofs_x = 1, .ofs_y = -1},
    {.bitmap_index = 9621, .adv_w = 224, .box_w = 14, .box_h = 12, .ofs_x = 0, .ofs_y = -2},
    {.bitmap_index = 9642, .adv_w = 224, .box_w = 13, .box_h = 12, .ofs_x = 1, .ofs_y = -1},
    {.bitmap_index = 9662, .adv_w = 224, .box_w = 12, .box_h = 13, .ofs_x = 1, .ofs_y = -1},
    {.bitmap_index = 9682, .adv_w = 224, .box_w = 13, .box_h = 12, .ofs_x = 0, .ofs_y = -1},
    {.bitmap_index = 9702, .adv_w = 224, .box_w = 13, .box_h = 14, .ofs_x = 0, .ofs_y = -2},
    {.bitmap_index = 9725, .adv_w = 224, .box_w = 14, .box_h = 13, .ofs_x = 0, .ofs_y = -1},
    {.bitmap_index = 9748, .adv_w = 224, .box_w = 13, .box_h = 13, .ofs_x = 1, .ofs_y = -1},
    {.bitmap_index = 9770, .adv_w = 224, .box_w = 13, .box_h = 12, .ofs_x = 1, .ofs_y = -1},
    {.bitmap_index = 9790, .adv_w = 224, .box_w = 12, .box_h = 13, .ofs_x = 1, .ofs_y = -1},
    {.bitmap_index = 9810, .adv_w = 224, .box_w = 12, .box_h = 13, .ofs_x = 1, .ofs_y = -1},
    {.bitmap_index = 9830, .adv_w = 224, .box_w = 13, .box_h = 13, .ofs_x = 1, .ofs_y = -1},
    {.bitmap_index = 9852, .adv_w = 224, .box_w = 13, .box_h = 13, .ofs_x = 1, .ofs_y = -1},
    {.bitmap_index = 9874, .adv_w = 224, .box_w = 12, .box_h = 12, .ofs_x = 1, .ofs_y = -1},
    {.bitmap_index = 9892, .adv_w = 224, .box_w = 10, .box_h = 11, .ofs_x = 2, .ofs_y = -1},
    {.bitmap_index = 9906, .adv_w = 224, .box_w = 13, .box_h = 13, .ofs_x = 1, .ofs_y = -1},
    {.bitmap_index = 9928, .adv_w = 224, .box_w = 12, .box_h = 13, .ofs_x = 0, .ofs_y = -1},
    {.bitmap_index = 9948, .adv_w = 224, .box_w = 11, .box_h = 12, .ofs_x = 1, .ofs_y = -1},
    {.bitmap_index = 9965, .adv_w = 224, .box_w = 12, .box_h = 12, .ofs_x = 1, .ofs_y = -1},
    {.bitmap_index = 9983, .adv_w = 224, .box_w = 13, .box_h = 13, .ofs_x = 0, .ofs_y = -2},
    {.bitmap_index = 10005, .adv_w = 224, .box_w = 11, .box_h = 13, .ofs_x = 1, .ofs_y = -1},
    {.bitmap_index = 10023, .adv_w = 224, .box_w = 12, .box_h = 12, .ofs_x = 0, .ofs_y = -1},
    {.bitmap_index = 10041, .adv_w = 224, .box_w = 13, .box_h = 12, .ofs_x = 1, .ofs_y = -1},
    {.bitmap_index = 10061, .adv_w = 224, .box_w = 13, .box_h = 12, .ofs_x = 1, .ofs_y = -1},
    {.bitmap_index = 10081, .adv_w = 224, .box_w = 12, .box_h = 12, .ofs_x = 1, .ofs_y = -1},
    {.bitmap_index = 10099, .adv_w = 224, .box_w = 11, .box_h = 12, .ofs_x = 2, .ofs_y = -1},
    {.bitmap_index = 10116, .adv_w = 224, .box_w = 13, .box_h = 13, .ofs_x = 1, .ofs_y = -1},
    {.bitmap_index = 10138, .adv_w = 224, .box_w = 12, .box_h = 13, .ofs_x = 1, .ofs_y = -1},
    {.bitmap_index = 10158, .adv_w = 224, .box_w = 12, .box_h = 13, .ofs_x = 1, .ofs_y = -1},
    {.bitmap_index = 10178, .adv_w = 224, .box_w = 12, .box_h = 12, .ofs_x = 1, .ofs_y = -1},
    {.bitmap_index = 10196, .adv_w = 224, .box_w = 11, .box_h = 12, .ofs_x = 2, .ofs_y = -1},
    {.bitmap_index = 10213, .adv_w = 224, .box_w = 13, .box_h = 12, .ofs_x = 1, .ofs_y = -1},
    {.bitmap_index = 10233, .adv_w = 224, .box_w = 11, .box_h = 11, .ofs_x = 1, .ofs_y = -1},
    {.bitmap_index = 10249, .adv_w = 224, .box_w = 12, .box_h = 12, .ofs_x = 1, .ofs_y = -1},
    {.bitmap_index = 10267, .adv_w = 224, .box_w = 13, .box_h = 12, .ofs_x = 1, .ofs_y = -1},
    {.bitmap_index = 10287, .adv_w = 224, .box_w = 12, .box_h = 13, .ofs_x = 1, .ofs_y = -1},
    {.bitmap_index = 10307, .adv_w = 224, .box_w = 12, .box_h = 13, .ofs_x = 1, .ofs_y = -1},
    {.bitmap_index = 10327, .adv_w = 224, .box_w = 12, .box_h = 12, .ofs_x = 1, .ofs_y = -1},
    {.bitmap_index = 10345, .adv_w = 224, .box_w = 13, .box_h = 13, .ofs_x = 1, .ofs_y = -1},
    {.bitmap_index = 10367, .adv_w = 224, .box_w = 12, .box_h = 13, .ofs_x = 1, .ofs_y = -1},
    {.bitmap_index = 10387, .adv_w = 224, .box_w = 11, .box_h = 12, .ofs_x = 2, .ofs_y = -1},
    {.bitmap_index = 10404, .adv_w = 224, .box_w = 12, .box_h = 12, .ofs_x = 1, .ofs_y = -1},
    {.bitmap_index = 10422, .adv_w = 224, .box_w = 11, .box_h = 12, .ofs_x = 1, .ofs_y = -1},
    {.bitmap_index = 10439, .adv_w = 224, .box_w = 13, .box_h = 13, .ofs_x = 0, .ofs_y = -1},
    {.bitmap_index = 10461, .adv_w = 224, .box_w = 12, .box_h = 13, .ofs_x = 1, .ofs_y = -1},
    {.bitmap_index = 10481, .adv_w = 224, .box_w = 13, .box_h = 12, .ofs_x = 1, .ofs_y = 0},
    {.bitmap_index = 10501, .adv_w = 224, .box_w = 11, .box_h = 12, .ofs_x = 1, .ofs_y = -1},
    {.bitmap_index = 10518, .adv_w = 224, .box_w = 13, .box_h = 12, .ofs_x = 1, .ofs_y = -1},
    {.bitmap_index = 10538, .adv_w = 224, .box_w = 10, .box_h = 12, .ofs_x = 2, .ofs_y = -1},
    {.bitmap_index = 10553, .adv_w = 224, .box_w = 12, .box_h = 12, .ofs_x = 1, .ofs_y = -1},
    {.bitmap_index = 10571, .adv_w = 224, .box_w = 13, .box_h = 12, .ofs_x = 1, .ofs_y = -1},
    {.bitmap_index = 10591, .adv_w = 224, .box_w = 12, .box_h = 13, .ofs_x = 1, .ofs_y = -1},
    {.bitmap_index = 10611, .adv_w = 224, .box_w = 13, .box_h = 12, .ofs_x = 0, .ofs_y = -1},
    {.bitmap_index = 10631, .adv_w = 224, .box_w = 13, .box_h = 12, .ofs_x = 1, .ofs_y = -1},
    {.bitmap_index = 10651, .adv_w = 224, .box_w = 12, .box_h = 13, .ofs_x = 1, .ofs_y = -1},
    {.bitmap_index = 10671, .adv_w = 224, .box_w = 12, .box_h = 12, .ofs_x = 1, .ofs_y = -1},
    {.bitmap_index = 10689, .adv_w = 224, .box_w = 13, .box_h = 11, .ofs_x = 1, .ofs_y = -1},
    {.bitmap_index = 10707, .adv_w = 224, .box_w = 13, .box_h = 13, .ofs_x = 1, .ofs_y = -1},
    {.bitmap_index = 10729, .adv_w = 224, .box_w = 12, .box_h = 12, .ofs_x = 1, .ofs_y = -1},
    {.bitmap_index = 10747, .adv_w = 224, .box_w = 13, .box_h = 12, .ofs_x = 1, .ofs_y = -1},
    {.bitmap_index = 10767, .adv_w = 224, .box_w = 13, .box_h = 12, .ofs_x = 1, .ofs_y = -1},
    {.bitmap_index = 10787, .adv_w = 224, .box_w = 13, .box_h = 13, .ofs_x = 1, .ofs_y = -1},
    {.bitmap_index = 10809, .adv_w = 224, .box_w = 13, .box_h = 12, .ofs_x = 1, .ofs_y = -1},
    {.bitmap_index = 10829, .adv_w = 224, .box_w = 12, .box_h = 13, .ofs_x = 0, .ofs_y = -1},
    {.bitmap_index = 10849, .adv_w = 224, .box_w = 13, .box_h = 13, .ofs_x = 1, .ofs_y = -1},
    {.bitmap_index = 10871, .adv_w = 224, .box_w = 12, .box_h = 13, .ofs_x = 1, .ofs_y = -2},
    {.bitmap_index = 10891, .adv_w = 224, .box_w = 13, .box_h = 14, .ofs_x = 1, .ofs_y = -2},
    {.bitmap_index = 10914, .adv_w = 224, .box_w = 13, .box_h = 12, .ofs_x = 1, .ofs_y = -2},
    {.bitmap_index = 10934, .adv_w = 224, .box_w = 13, .box_h = 12, .ofs_x = 1, .ofs_y = -1},
    {.bitmap_index = 10954, .adv_w = 224, .box_w = 12, .box_h = 12, .ofs_x = 1, .ofs_y = -1},
    {.bitmap_index = 10972, .adv_w = 224, .box_w = 13, .box_h = 13, .ofs_x = 1, .ofs_y = -1},
    {.bitmap_index = 10994, .adv_w = 224, .box_w = 13, .box_h = 12, .ofs_x = 1, .ofs_y = -1},
    {.bitmap_index = 11014, .adv_w = 224, .box_w = 12, .box_h = 12, .ofs_x = 1, .ofs_y = -1},
    {.bitmap_index = 11032, .adv_w = 224, .box_w = 12, .box_h = 12, .ofs_x = 1, .ofs_y = -1},
    {.bitmap_index = 11050, .adv_w = 224, .box_w = 12, .box_h = 13, .ofs_x = 1, .ofs_y = -1},
    {.bitmap_index = 11070, .adv_w = 224, .box_w = 12, .box_h = 13, .ofs_x = 1, .ofs_y = -1},
    {.bitmap_index = 11090, .adv_w = 224, .box_w = 12, .box_h = 11, .ofs_x = 1, .ofs_y = 0},
    {.bitmap_index = 11107, .adv_w = 224, .box_w = 12, .box_h = 13, .ofs_x = 1, .ofs_y = -2},
    {.bitmap_index = 11127, .adv_w = 224, .box_w = 12, .box_h = 13, .ofs_x = 1, .ofs_y = -1},
    {.bitmap_index = 11147, .adv_w = 224, .box_w = 12, .box_h = 12, .ofs_x = 1, .ofs_y = -1},
    {.bitmap_index = 11165, .adv_w = 224, .box_w = 13, .box_h = 12, .ofs_x = 1, .ofs_y = -1},
    {.bitmap_index = 11185, .adv_w = 224, .box_w = 12, .box_h = 12, .ofs_x = 0, .ofs_y = -1},
    {.bitmap_index = 11203, .adv_w = 224, .box_w = 13, .box_h = 13, .ofs_x = 1, .ofs_y = -1},
    {.bitmap_index = 11225, .adv_w = 224, .box_w = 12, .box_h = 11, .ofs_x = 1, .ofs_y = -1},
    {.bitmap_index = 11242, .adv_w = 224, .box_w = 12, .box_h = 13, .ofs_x = 1, .ofs_y = -1},
    {.bitmap_index = 11262, .adv_w = 224, .box_w = 12, .box_h = 12, .ofs_x = 1, .ofs_y = -1},
    {.bitmap_index = 11280, .adv_w = 224, .box_w = 12, .box_h = 13, .ofs_x = 1, .ofs_y = -1},
    {.bitmap_index = 11300, .adv_w = 224, .box_w = 13, .box_h = 13, .ofs_x = 1, .ofs_y = -1},
    {.bitmap_index = 11322, .adv_w = 224, .box_w = 12, .box_h = 12, .ofs_x = 1, .ofs_y = -1},
    {.bitmap_index = 11340, .adv_w = 224, .box_w = 13, .box_h = 13, .ofs_x = 1, .ofs_y = -1},
    {.bitmap_index = 11362, .adv_w = 224, .box_w = 12, .box_h = 13, .ofs_x = 1, .ofs_y = -1},
    {.bitmap_index = 11382, .adv_w = 224, .box_w = 13, .box_h = 12, .ofs_x = 1, .ofs_y = -1},
    {.bitmap_index = 11402, .adv_w = 224, .box_w = 13, .box_h = 13, .ofs_x = 1, .ofs_y = -1},
    {.bitmap_index = 11424, .adv_w = 224, .box_w = 12, .box_h = 13, .ofs_x = 1, .ofs_y = -1},
    {.bitmap_index = 11444, .adv_w = 224, .box_w = 12, .box_h = 13, .ofs_x = 1, .ofs_y = -1},
    {.bitmap_index = 11464, .adv_w = 224, .box_w = 12, .box_h = 13, .ofs_x = 1, .ofs_y = -1},
    {.bitmap_index = 11484, .adv_w = 224, .box_w = 13, .box_h = 13, .ofs_x = 1, .ofs_y = -1},
    {.bitmap_index = 11506, .adv_w = 224, .box_w = 13, .box_h = 13, .ofs_x = 1, .ofs_y = -1},
    {.bitmap_index = 11528, .adv_w = 224, .box_w = 13, .box_h = 13, .ofs_x = 1, .ofs_y = -1},
    {.bitmap_index = 11550, .adv_w = 224, .box_w = 12, .box_h = 13, .ofs_x = 1, .ofs_y = -1},
    {.bitmap_index = 11570, .adv_w = 224, .box_w = 13, .box_h = 13, .ofs_x = 1, .ofs_y = -1},
    {.bitmap_index = 11592, .adv_w = 224, .box_w = 13, .box_h = 13, .ofs_x = 1, .ofs_y = -1},
    {.bitmap_index = 11614, .adv_w = 224, .box_w = 12, .box_h = 12, .ofs_x = 1, .ofs_y = -1},
    {.bitmap_index = 11632, .adv_w = 224, .box_w = 13, .box_h = 14, .ofs_x = 0, .ofs_y = -2},
    {.bitmap_index = 11655, .adv_w = 224, .box_w = 12, .box_h = 12, .ofs_x = 1, .ofs_y = -1},
    {.bitmap_index = 11673, .adv_w = 224, .box_w = 13, .box_h = 13, .ofs_x = 1, .ofs_y = -1},
    {.bitmap_index = 11695, .adv_w = 224, .box_w = 13, .box_h = 13, .ofs_x = 1, .ofs_y = -2},
    {.bitmap_index = 11717, .adv_w = 224, .box_w = 12, .box_h = 12, .ofs_x = 1, .ofs_y = -1},
    {.bitmap_index = 11735, .adv_w = 224, .box_w = 12, .box_h = 12, .ofs_x = 1, .ofs_y = -1},
    {.bitmap_index = 11753, .adv_w = 224, .box_w = 12, .box_h = 13, .ofs_x = 1, .ofs_y = -1},
    {.bitmap_index = 11773, .adv_w = 224, .box_w = 13, .box_h = 12, .ofs_x = 1, .ofs_y = -1},
    {.bitmap_index = 11793, .adv_w = 224, .box_w = 13, .box_h = 13, .ofs_x = 1, .ofs_y = -1},
    {.bitmap_index = 11815, .adv_w = 224, .box_w = 12, .box_h = 12, .ofs_x = 1, .ofs_y = -1},
    {.bitmap_index = 11833, .adv_w = 224, .box_w = 13, .box_h = 12, .ofs_x = 1, .ofs_y = -1},
    {.bitmap_index = 11853, .adv_w = 224, .box_w = 13, .box_h = 13, .ofs_x = 1, .ofs_y = -1},
    {.bitmap_index = 11875, .adv_w = 224, .box_w = 13, .box_h = 12, .ofs_x = 1, .ofs_y = -1},
    {.bitmap_index = 11895, .adv_w = 224, .box_w = 12, .box_h = 12, .ofs_x = 1, .ofs_y = -1},
    {.bitmap_index = 11913, .adv_w = 224, .box_w = 13, .box_h = 12, .ofs_x = 0, .ofs_y = -1},
    {.bitmap_index = 11933, .adv_w = 224, .box_w = 12, .box_h = 13, .ofs_x = 1, .ofs_y = -1},
    {.bitmap_index = 11953, .adv_w = 224, .box_w = 12, .box_h = 13, .ofs_x = 1, .ofs_y = -1},
    {.bitmap_index = 11973, .adv_w = 224, .box_w = 13, .box_h = 13, .ofs_x = 1, .ofs_y = -1},
    {.bitmap_index = 11995, .adv_w = 224, .box_w = 12, .box_h = 12, .ofs_x = 1, .ofs_y = -1},
    {.bitmap_index = 12013, .adv_w = 224, .box_w = 12, .box_h = 12, .ofs_x = 1, .ofs_y = -1},
    {.bitmap_index = 12031, .adv_w = 224, .box_w = 13, .box_h = 13, .ofs_x = 1, .ofs_y = -1},
    {.bitmap_index = 12053, .adv_w = 224, .box_w = 12, .box_h = 12, .ofs_x = 1, .ofs_y = -1},
    {.bitmap_index = 12071, .adv_w = 224, .box_w = 13, .box_h = 13, .ofs_x = 1, .ofs_y = -1},
    {.bitmap_index = 12093, .adv_w = 224, .box_w = 12, .box_h = 13, .ofs_x = 1, .ofs_y = -1},
    {.bitmap_index = 12113, .adv_w = 224, .box_w = 12, .box_h = 13, .ofs_x = 1, .ofs_y = -1},
    {.bitmap_index = 12133, .adv_w = 224, .box_w = 12, .box_h = 13, .ofs_x = 1, .ofs_y = -1},
    {.bitmap_index = 12153, .adv_w = 224, .box_w = 12, .box_h = 12, .ofs_x = 1, .ofs_y = -1},
    {.bitmap_index = 12171, .adv_w = 224, .box_w = 13, .box_h = 13, .ofs_x = 1, .ofs_y = -1},
    {.bitmap_index = 12193, .adv_w = 224, .box_w = 12, .box_h = 13, .ofs_x = 0, .ofs_y = -1},
    {.bitmap_index = 12213, .adv_w = 224, .box_w = 13, .box_h = 12, .ofs_x = 1, .ofs_y = -1},
    {.bitmap_index = 12233, .adv_w = 224, .box_w = 12, .box_h = 12, .ofs_x = 1, .ofs_y = -1},
    {.bitmap_index = 12251, .adv_w = 224, .box_w = 13, .box_h = 12, .ofs_x = 1, .ofs_y = -1},
    {.bitmap_index = 12271, .adv_w = 224, .box_w = 12, .box_h = 13, .ofs_x = 1, .ofs_y = -1},
    {.bitmap_index = 12291, .adv_w = 224, .box_w = 13, .box_h = 11, .ofs_x = 1, .ofs_y = -1},
    {.bitmap_index = 12309, .adv_w = 224, .box_w = 12, .box_h = 13, .ofs_x = 1, .ofs_y = -1},
    {.bitmap_index = 12329, .adv_w = 224, .box_w = 12, .box_h = 12, .ofs_x = 1, .ofs_y = -1},
    {.bitmap_index = 12347, .adv_w = 224, .box_w = 12, .box_h = 13, .ofs_x = 1, .ofs_y = -1},
    {.bitmap_index = 12367, .adv_w = 224, .box_w = 13, .box_h = 12, .ofs_x = 1, .ofs_y = -1},
    {.bitmap_index = 12387, .adv_w = 224, .box_w = 12, .box_h = 12, .ofs_x = 1, .ofs_y = -1},
    {.bitmap_index = 12405, .adv_w = 224, .box_w = 12, .box_h = 13, .ofs_x = 1, .ofs_y = -1},
    {.bitmap_index = 12425, .adv_w = 224, .box_w = 12, .box_h = 13, .ofs_x = 1, .ofs_y = -2},
    {.bitmap_index = 12445, .adv_w = 224, .box_w = 13, .box_h = 13, .ofs_x = 1, .ofs_y = -1},
    {.bitmap_index = 12467, .adv_w = 224, .box_w = 13, .box_h = 12, .ofs_x = 1, .ofs_y = -1},
    {.bitmap_index = 12487, .adv_w = 224, .box_w = 12, .box_h = 12, .ofs_x = 1, .ofs_y = -1},
    {.bitmap_index = 12505, .adv_w = 224, .box_w = 13, .box_h = 13, .ofs_x = 1, .ofs_y = -1},
    {.bitmap_index = 12527, .adv_w = 224, .box_w = 12, .box_h = 13, .ofs_x = 1, .ofs_y = -1},
    {.bitmap_index = 12547, .adv_w = 224, .box_w = 12, .box_h = 13, .ofs_x = 1, .ofs_y = -1},
    {.bitmap_index = 12567, .adv_w = 224, .box_w = 13, .box_h = 13, .ofs_x = 1, .ofs_y = -1},
    {.bitmap_index = 12589, .adv_w = 224, .box_w = 12, .box_h = 13, .ofs_x = 1, .ofs_y = -1},
    {.bitmap_index = 12609, .adv_w = 224, .box_w = 13, .box_h = 13, .ofs_x = 0, .ofs_y = -1},
    {.bitmap_index = 12631, .adv_w = 224, .box_w = 13, .box_h = 12, .ofs_x = 1, .ofs_y = -1},
    {.bitmap_index = 12651, .adv_w = 224, .box_w = 12, .box_h = 13, .ofs_x = 1, .ofs_y = -1},
    {.bitmap_index = 12671, .adv_w = 224, .box_w = 12, .box_h = 13, .ofs_x = 1, .ofs_y = -1},
    {.bitmap_index = 12691, .adv_w = 224, .box_w = 13, .box_h = 13, .ofs_x = 1, .ofs_y = -1},
    {.bitmap_index = 12713, .adv_w = 224, .box_w = 13, .box_h = 13, .ofs_x = 1, .ofs_y = -1},
    {.bitmap_index = 12735, .adv_w = 224, .box_w = 12, .box_h = 13, .ofs_x = 1, .ofs_y = -1},
    {.bitmap_index = 12755, .adv_w = 224, .box_w = 12, .box_h = 12, .ofs_x = 1, .ofs_y = -1},
    {.bitmap_index = 12773, .adv_w = 224, .box_w = 13, .box_h = 13, .ofs_x = 1, .ofs_y = -1},
    {.bitmap_index = 12795, .adv_w = 224, .box_w = 13, .box_h = 13, .ofs_x = 1, .ofs_y = -1},
    {.bitmap_index = 12817, .adv_w = 224, .box_w = 12, .box_h = 14, .ofs_x = 1, .ofs_y = -2},
    {.bitmap_index = 12838, .adv_w = 224, .box_w = 12, .box_h = 13, .ofs_x = 1, .ofs_y = -1},
    {.bitmap_index = 12858, .adv_w = 224, .box_w = 12, .box_h = 13, .ofs_x = 1, .ofs_y = -1},
    {.bitmap_index = 12878, .adv_w = 224, .box_w = 12, .box_h = 12, .ofs_x = 1, .ofs_y = -1},
    {.bitmap_index = 12896, .adv_w = 224, .box_w = 12, .box_h = 13, .ofs_x = 1, .ofs_y = -1},
    {.bitmap_index = 12916, .adv_w = 224, .box_w = 12, .box_h = 13, .ofs_x = 1, .ofs_y = -1},
    {.bitmap_index = 12936, .adv_w = 224, .box_w = 12, .box_h = 12, .ofs_x = 1, .ofs_y = -1},
    {.bitmap_index = 12954, .adv_w = 224, .box_w = 12, .box_h = 13, .ofs_x = 1, .ofs_y = -1},
    {.bitmap_index = 12974, .adv_w = 224, .box_w = 13, .box_h = 13, .ofs_x = 1, .ofs_y = -1},
    {.bitmap_index = 12996, .adv_w = 224, .box_w = 12, .box_h = 13, .ofs_x = 1, .ofs_y = -1},
    {.bitmap_index = 13016, .adv_w = 224, .box_w = 13, .box_h = 12, .ofs_x = 1, .ofs_y = -1},
    {.bitmap_index = 13036, .adv_w = 224, .box_w = 13, .box_h = 12, .ofs_x = 1, .ofs_y = -1},
    {.bitmap_index = 13056, .adv_w = 224, .box_w = 13, .box_h = 12, .ofs_x = 0, .ofs_y = -1},
    {.bitmap_index = 13076, .adv_w = 224, .box_w = 13, .box_h = 12, .ofs_x = 0, .ofs_y = -1},
    {.bitmap_index = 13096, .adv_w = 224, .box_w = 13, .box_h = 12, .ofs_x = 1, .ofs_y = -1},
    {.bitmap_index = 13116, .adv_w = 224, .box_w = 12, .box_h = 13, .ofs_x = 1, .ofs_y = -1},
    {.bitmap_index = 13136, .adv_w = 224, .box_w = 12, .box_h = 12, .ofs_x = 1, .ofs_y = -1},
    {.bitmap_index = 13154, .adv_w = 224, .box_w = 12, .box_h = 13, .ofs_x = 1, .ofs_y = -1},
    {.bitmap_index = 13174, .adv_w = 224, .box_w = 12, .box_h = 13, .ofs_x = 1, .ofs_y = -1},
    {.bitmap_index = 13194, .adv_w = 224, .box_w = 12, .box_h = 13, .ofs_x = 1, .ofs_y = -1},
    {.bitmap_index = 13214, .adv_w = 224, .box_w = 12, .box_h = 12, .ofs_x = 1, .ofs_y = -1},
    {.bitmap_index = 13232, .adv_w = 224, .box_w = 11, .box_h = 11, .ofs_x = 1, .ofs_y = 0},
    {.bitmap_index = 13248, .adv_w = 224, .box_w = 12, .box_h = 12, .ofs_x = 1, .ofs_y = -1},
    {.bitmap_index = 13266, .adv_w = 224, .box_w = 12, .box_h = 12, .ofs_x = 1, .ofs_y = -1},
    {.bitmap_index = 13284, .adv_w = 224, .box_w = 12, .box_h = 12, .ofs_x = 1, .ofs_y = -1},
    {.bitmap_index = 13302, .adv_w = 224, .box_w = 12, .box_h = 12, .ofs_x = 1, .ofs_y = -1},
    {.bitmap_index = 13320, .adv_w = 224, .box_w = 12, .box_h = 12, .ofs_x = 1, .ofs_y = -1},
    {.bitmap_index = 13338, .adv_w = 224, .box_w = 12, .box_h = 12, .ofs_x = 1, .ofs_y = -1},
    {.bitmap_index = 13356, .adv_w = 224, .box_w = 11, .box_h = 13, .ofs_x = 2, .ofs_y = -1},
    {.bitmap_index = 13374, .adv_w = 224, .box_w = 12, .box_h = 12, .ofs_x = 1, .ofs_y = -1},
    {.bitmap_index = 13392, .adv_w = 224, .box_w = 12, .box_h = 12, .ofs_x = 1, .ofs_y = -1},
    {.bitmap_index = 13410, .adv_w = 224, .box_w = 12, .box_h = 12, .ofs_x = 1, .ofs_y = -1},
    {.bitmap_index = 13428, .adv_w = 224, .box_w = 12, .box_h = 12, .ofs_x = 1, .ofs_y = -1},
    {.bitmap_index = 13446, .adv_w = 224, .box_w = 12, .box_h = 12, .ofs_x = 1, .ofs_y = -1},
    {.bitmap_index = 13464, .adv_w = 224, .box_w = 12, .box_h = 12, .ofs_x = 1, .ofs_y = -1},
    {.bitmap_index = 13482, .adv_w = 224, .box_w = 12, .box_h = 12, .ofs_x = 1, .ofs_y = -1},
    {.bitmap_index = 13500, .adv_w = 224, .box_w = 13, .box_h = 12, .ofs_x = 0, .ofs_y = 0},
    {.bitmap_index = 13520, .adv_w = 224, .box_w = 12, .box_h = 12, .ofs_x = 1, .ofs_y = -1},
    {.bitmap_index = 13538, .adv_w = 224, .box_w = 12, .box_h = 13, .ofs_x = 1, .ofs_y = -1},
    {.bitmap_index = 13558, .adv_w = 224, .box_w = 13, .box_h = 13, .ofs_x = 1, .ofs_y = -1},
    {.bitmap_index = 13580, .adv_w = 224, .box_w = 12, .box_h = 13, .ofs_x = 1, .ofs_y = -1},
    {.bitmap_index = 13600, .adv_w = 224, .box_w = 13, .box_h = 13, .ofs_x = 1, .ofs_y = -1},
    {.bitmap_index = 13622, .adv_w = 224, .box_w = 13, .box_h = 13, .ofs_x = 0, .ofs_y = -1},
    {.bitmap_index = 13644, .adv_w = 224, .box_w = 12, .box_h = 13, .ofs_x = 1, .ofs_y = -1},
    {.bitmap_index = 13664, .adv_w = 224, .box_w = 13, .box_h = 13, .ofs_x = 0, .ofs_y = -1},
    {.bitmap_index = 13686, .adv_w = 224, .box_w = 13, .box_h = 14, .ofs_x = 1, .ofs_y = -2},
    {.bitmap_index = 13709, .adv_w = 224, .box_w = 13, .box_h = 13, .ofs_x = 1, .ofs_y = -1},
    {.bitmap_index = 13731, .adv_w = 224, .box_w = 13, .box_h = 13, .ofs_x = 1, .ofs_y = -1},
    {.bitmap_index = 13753, .adv_w = 224, .box_w = 13, .box_h = 13, .ofs_x = 1, .ofs_y = -1},
    {.bitmap_index = 13775, .adv_w = 224, .box_w = 12, .box_h = 13, .ofs_x = 1, .ofs_y = -1},
    {.bitmap_index = 13795, .adv_w = 224, .box_w = 13, .box_h = 12, .ofs_x = 1, .ofs_y = -1},
    {.bitmap_index = 13815, .adv_w = 224, .box_w = 12, .box_h = 13, .ofs_x = 1, .ofs_y = -1},
    {.bitmap_index = 13835, .adv_w = 224, .box_w = 13, .box_h = 13, .ofs_x = 1, .ofs_y = -1},
    {.bitmap_index = 13857, .adv_w = 224, .box_w = 13, .box_h = 13, .ofs_x = 0, .ofs_y = -1},
    {.bitmap_index = 13879, .adv_w = 224, .box_w = 13, .box_h = 13, .ofs_x = 1, .ofs_y = -1},
    {.bitmap_index = 13901, .adv_w = 224, .box_w = 12, .box_h = 13, .ofs_x = 1, .ofs_y = -1},
    {.bitmap_index = 13921, .adv_w = 224, .box_w = 13, .box_h = 13, .ofs_x = 1, .ofs_y = -1},
    {.bitmap_index = 13943, .adv_w = 224, .box_w = 12, .box_h = 13, .ofs_x = 1, .ofs_y = -1},
    {.bitmap_index = 13963, .adv_w = 224, .box_w = 13, .box_h = 13, .ofs_x = 1, .ofs_y = -1},
    {.bitmap_index = 13985, .adv_w = 224, .box_w = 13, .box_h = 13, .ofs_x = 1, .ofs_y = -1},
    {.bitmap_index = 14007, .adv_w = 224, .box_w = 13, .box_h = 13, .ofs_x = 1, .ofs_y = -1},
    {.bitmap_index = 14029, .adv_w = 224, .box_w = 12, .box_h = 13, .ofs_x = 1, .ofs_y = -1},
    {.bitmap_index = 14049, .adv_w = 224, .box_w = 13, .box_h = 13, .ofs_x = 0, .ofs_y = -1},
    {.bitmap_index = 14071, .adv_w = 224, .box_w = 13, .box_h = 13, .ofs_x = 1, .ofs_y = -1},
    {.bitmap_index = 14093, .adv_w = 224, .box_w = 13, .box_h = 13, .ofs_x = 1, .ofs_y = -1},
    {.bitmap_index = 14115, .adv_w = 224, .box_w = 13, .box_h = 13, .ofs_x = 0, .ofs_y = -1},
    {.bitmap_index = 14137, .adv_w = 224, .box_w = 13, .box_h = 13, .ofs_x = 0, .ofs_y = -1},
    {.bitmap_index = 14159, .adv_w = 224, .box_w = 12, .box_h = 13, .ofs_x = 1, .ofs_y = -1},
    {.bitmap_index = 14179, .adv_w = 224, .box_w = 12, .box_h = 13, .ofs_x = 1, .ofs_y = -1},
    {.bitmap_index = 14199, .adv_w = 224, .box_w = 12, .box_h = 12, .ofs_x = 1, .ofs_y = -1},
    {.bitmap_index = 14217, .adv_w = 224, .box_w = 13, .box_h = 13, .ofs_x = 1, .ofs_y = -1},
    {.bitmap_index = 14239, .adv_w = 224, .box_w = 13, .box_h = 13, .ofs_x = 1, .ofs_y = -1},
    {.bitmap_index = 14261, .adv_w = 224, .box_w = 13, .box_h = 13, .ofs_x = 1, .ofs_y = -1},
    {.bitmap_index = 14283, .adv_w = 224, .box_w = 13, .box_h = 13, .ofs_x = 1, .ofs_y = -1},
    {.bitmap_index = 14305, .adv_w = 224, .box_w = 13, .box_h = 13, .ofs_x = 1, .ofs_y = -1},
    {.bitmap_index = 14327, .adv_w = 224, .box_w = 13, .box_h = 13, .ofs_x = 0, .ofs_y = -1},
    {.bitmap_index = 14349, .adv_w = 224, .box_w = 13, .box_h = 13, .ofs_x = 0, .ofs_y = -1},
    {.bitmap_index = 14371, .adv_w = 224, .box_w = 12, .box_h = 13, .ofs_x = 1, .ofs_y = -1},
    {.bitmap_index = 14391, .adv_w = 224, .box_w = 13, .box_h = 13, .ofs_x = 1, .ofs_y = -1},
    {.bitmap_index = 14413, .adv_w = 224, .box_w = 13, .box_h = 13, .ofs_x = 0, .ofs_y = -1},
    {.bitmap_index = 14435, .adv_w = 224, .box_w = 12, .box_h = 13, .ofs_x = 1, .ofs_y = -1},
    {.bitmap_index = 14455, .adv_w = 224, .box_w = 12, .box_h = 13, .ofs_x = 1, .ofs_y = -1},
    {.bitmap_index = 14475, .adv_w = 224, .box_w = 13, .box_h = 13, .ofs_x = 0, .ofs_y = -1},
    {.bitmap_index = 14497, .adv_w = 224, .box_w = 13, .box_h = 12, .ofs_x = 0, .ofs_y = -1},
    {.bitmap_index = 14517, .adv_w = 224, .box_w = 13, .box_h = 13, .ofs_x = 0, .ofs_y = -1},
    {.bitmap_index = 14539, .adv_w = 224, .box_w = 13, .box_h = 13, .ofs_x = 1, .ofs_y = -1},
    {.bitmap_index = 14561, .adv_w = 224, .box_w = 13, .box_h = 13, .ofs_x = 1, .ofs_y = -1},
    {.bitmap_index = 14583, .adv_w = 224, .box_w = 13, .box_h = 13, .ofs_x = 1, .ofs_y = -1},
    {.bitmap_index = 14605, .adv_w = 224, .box_w = 13, .box_h = 13, .ofs_x = 1, .ofs_y = -1},
    {.bitmap_index = 14627, .adv_w = 224, .box_w = 13, .box_h = 13, .ofs_x = 0, .ofs_y = -1},
    {.bitmap_index = 14649, .adv_w = 224, .box_w = 13, .box_h = 13, .ofs_x = 0, .ofs_y = -1},
    {.bitmap_index = 14671, .adv_w = 224, .box_w = 13, .box_h = 13, .ofs_x = 1, .ofs_y = -1},
    {.bitmap_index = 14693, .adv_w = 224, .box_w = 12, .box_h = 13, .ofs_x = 1, .ofs_y = -1},
    {.bitmap_index = 14713, .adv_w = 224, .box_w = 13, .box_h = 14, .ofs_x = 1, .ofs_y = -2},
    {.bitmap_index = 14736, .adv_w = 224, .box_w = 13, .box_h = 13, .ofs_x = 0, .ofs_y = -1},
    {.bitmap_index = 14758, .adv_w = 224, .box_w = 13, .box_h = 12, .ofs_x = 0, .ofs_y = -1},
    {.bitmap_index = 14778, .adv_w = 224, .box_w = 13, .box_h = 13, .ofs_x = 0, .ofs_y = -1},
    {.bitmap_index = 14800, .adv_w = 224, .box_w = 13, .box_h = 13, .ofs_x = 0, .ofs_y = -1},
    {.bitmap_index = 14822, .adv_w = 224, .box_w = 13, .box_h = 13, .ofs_x = 0, .ofs_y = -1},
    {.bitmap_index = 14844, .adv_w = 224, .box_w = 12, .box_h = 12, .ofs_x = 1, .ofs_y = -1},
    {.bitmap_index = 14862, .adv_w = 224, .box_w = 14, .box_h = 13, .ofs_x = 0, .ofs_y = -1},
    {.bitmap_index = 14885, .adv_w = 224, .box_w = 13, .box_h = 13, .ofs_x = 0, .ofs_y = -1},
    {.bitmap_index = 14907, .adv_w = 224, .box_w = 14, .box_h = 13, .ofs_x = 0, .ofs_y = -1},
    {.bitmap_index = 14930, .adv_w = 224, .box_w = 13, .box_h = 14, .ofs_x = 1, .ofs_y = -2},
    {.bitmap_index = 14953, .adv_w = 224, .box_w = 13, .box_h = 12, .ofs_x = 1, .ofs_y = 0},
    {.bitmap_index = 14973, .adv_w = 224, .box_w = 13, .box_h = 13, .ofs_x = 0, .ofs_y = -1},
    {.bitmap_index = 14995, .adv_w = 224, .box_w = 13, .box_h = 14, .ofs_x = 0, .ofs_y = -2},
    {.bitmap_index = 15018, .adv_w = 224, .box_w = 12, .box_h = 13, .ofs_x = 1, .ofs_y = -1},
    {.bitmap_index = 15038, .adv_w = 224, .box_w = 13, .box_h = 13, .ofs_x = 0, .ofs_y = -1},
    {.bitmap_index = 15060, .adv_w = 224, .box_w = 12, .box_h = 13, .ofs_x = 1, .ofs_y = -1},
    {.bitmap_index = 15080, .adv_w = 224, .box_w = 13, .box_h = 13, .ofs_x = 1, .ofs_y = -1},
    {.bitmap_index = 15102, .adv_w = 224, .box_w = 13, .box_h = 13, .ofs_x = 0, .ofs_y = -1},
    {.bitmap_index = 15124, .adv_w = 224, .box_w = 14, .box_h = 12, .ofs_x = 0, .ofs_y = -1},
    {.bitmap_index = 15145, .adv_w = 224, .box_w = 14, .box_h = 12, .ofs_x = 0, .ofs_y = -1},
    {.bitmap_index = 15166, .adv_w = 224, .box_w = 11, .box_h = 13, .ofs_x = 1, .ofs_y = -1},
    {.bitmap_index = 15184, .adv_w = 224, .box_w = 13, .box_h = 13, .ofs_x = 1, .ofs_y = -1},
    {.bitmap_index = 15206, .adv_w = 224, .box_w = 12, .box_h = 13, .ofs_x = 1, .ofs_y = -1},
    {.bitmap_index = 15226, .adv_w = 224, .box_w = 13, .box_h = 13, .ofs_x = 0, .ofs_y = -1},
    {.bitmap_index = 15248, .adv_w = 224, .box_w = 13, .box_h = 13, .ofs_x = 0, .ofs_y = -1},
    {.bitmap_index = 15270, .adv_w = 224, .box_w = 12, .box_h = 13, .ofs_x = 1, .ofs_y = -1},
    {.bitmap_index = 15290, .adv_w = 224, .box_w = 12, .box_h = 12, .ofs_x = 1, .ofs_y = -1},
    {.bitmap_index = 15308, .adv_w = 224, .box_w = 12, .box_h = 13, .ofs_x = 1, .ofs_y = -1},
    {.bitmap_index = 15328, .adv_w = 224, .box_w = 12, .box_h = 13, .ofs_x = 1, .ofs_y = -1},
    {.bitmap_index = 15348, .adv_w = 224, .box_w = 12, .box_h = 13, .ofs_x = 1, .ofs_y = -1},
    {.bitmap_index = 15368, .adv_w = 224, .box_w = 13, .box_h = 13, .ofs_x = 0, .ofs_y = -1},
    {.bitmap_index = 15390, .adv_w = 224, .box_w = 12, .box_h = 13, .ofs_x = 1, .ofs_y = -1},
    {.bitmap_index = 15410, .adv_w = 224, .box_w = 13, .box_h = 14, .ofs_x = 0, .ofs_y = -2},
    {.bitmap_index = 15433, .adv_w = 224, .box_w = 12, .box_h = 13, .ofs_x = 1, .ofs_y = -1},
    {.bitmap_index = 15453, .adv_w = 224, .box_w = 12, .box_h = 13, .ofs_x = 1, .ofs_y = -1},
    {.bitmap_index = 15473, .adv_w = 224, .box_w = 12, .box_h = 13, .ofs_x = 1, .ofs_y = -1},
    {.bitmap_index = 15493, .adv_w = 224, .box_w = 12, .box_h = 13, .ofs_x = 1, .ofs_y = -1},
    {.bitmap_index = 15513, .adv_w = 224, .box_w = 12, .box_h = 13, .ofs_x = 1, .ofs_y = -1},
    {.bitmap_index = 15533, .adv_w = 224, .box_w = 12, .box_h = 13, .ofs_x = 1, .ofs_y = -1},
    {.bitmap_index = 15553, .adv_w = 224, .box_w = 13, .box_h = 13, .ofs_x = 1, .ofs_y = -1},
    {.bitmap_index = 15575, .adv_w = 224, .box_w = 13, .box_h = 13, .ofs_x = 0, .ofs_y = -1},
    {.bitmap_index = 15597, .adv_w = 224, .box_w = 14, .box_h = 13, .ofs_x = 0, .ofs_y = -1},
    {.bitmap_index = 15620, .adv_w = 224, .box_w = 14, .box_h = 13, .ofs_x = 0, .ofs_y = -1},
    {.bitmap_index = 15643, .adv_w = 224, .box_w = 12, .box_h = 13, .ofs_x = 1, .ofs_y = -1},
    {.bitmap_index = 15663, .adv_w = 224, .box_w = 12, .box_h = 14, .ofs_x = 1, .ofs_y = -2},
    {.bitmap_index = 15684, .adv_w = 224, .box_w = 13, .box_h = 13, .ofs_x = 0, .ofs_y = -1},
    {.bitmap_index = 15706, .adv_w = 224, .box_w = 13, .box_h = 14, .ofs_x = 0, .ofs_y = -2},
    {.bitmap_index = 15729, .adv_w = 224, .box_w = 12, .box_h = 13, .ofs_x = 1, .ofs_y = -1},
    {.bitmap_index = 15749, .adv_w = 224, .box_w = 12, .box_h = 12, .ofs_x = 1, .ofs_y = -1},
    {.bitmap_index = 15767, .adv_w = 224, .box_w = 13, .box_h = 13, .ofs_x = 0, .ofs_y = -1},
    {.bitmap_index = 15789, .adv_w = 224, .box_w = 12, .box_h = 13, .ofs_x = 1, .ofs_y = -1},
    {.bitmap_index = 15809, .adv_w = 224, .box_w = 12, .box_h = 13, .ofs_x = 1, .ofs_y = -2},
    {.bitmap_index = 15829, .adv_w = 224, .box_w = 12, .box_h = 13, .ofs_x = 1, .ofs_y = -1},
    {.bitmap_index = 15849, .adv_w = 224, .box_w = 14, .box_h = 13, .ofs_x = 0, .ofs_y = -1},
    {.bitmap_index = 15872, .adv_w = 224, .box_w = 12, .box_h = 13, .ofs_x = 1, .ofs_y = -1},
    {.bitmap_index = 15892, .adv_w = 224, .box_w = 13, .box_h = 13, .ofs_x = 1, .ofs_y = -1},
    {.bitmap_index = 15914, .adv_w = 224, .box_w = 13, .box_h = 13, .ofs_x = 1, .ofs_y = -1},
    {.bitmap_index = 15936, .adv_w = 224, .box_w = 13, .box_h = 13, .ofs_x = 0, .ofs_y = -1},
    {.bitmap_index = 15958, .adv_w = 224, .box_w = 12, .box_h = 13, .ofs_x = 0, .ofs_y = -1},
    {.bitmap_index = 15978, .adv_w = 224, .box_w = 13, .box_h = 13, .ofs_x = 0, .ofs_y = -1},
    {.bitmap_index = 16000, .adv_w = 224, .box_w = 13, .box_h = 13, .ofs_x = 0, .ofs_y = -1},
    {.bitmap_index = 16022, .adv_w = 224, .box_w = 12, .box_h = 13, .ofs_x = 1, .ofs_y = -1},
    {.bitmap_index = 16042, .adv_w = 224, .box_w = 13, .box_h = 13, .ofs_x = 0, .ofs_y = -1},
    {.bitmap_index = 16064, .adv_w = 224, .box_w = 13, .box_h = 13, .ofs_x = 0, .ofs_y = -1},
    {.bitmap_index = 16086, .adv_w = 224, .box_w = 13, .box_h = 14, .ofs_x = 1, .ofs_y = -2},
    {.bitmap_index = 16109, .adv_w = 224, .box_w = 13, .box_h = 13, .ofs_x = 1, .ofs_y = -1},
    {.bitmap_index = 16131, .adv_w = 224, .box_w = 12, .box_h = 12, .ofs_x = 1, .ofs_y = 0},
    {.bitmap_index = 16149, .adv_w = 224, .box_w = 12, .box_h = 13, .ofs_x = 1, .ofs_y = -1},
    {.bitmap_index = 16169, .adv_w = 224, .box_w = 13, .box_h = 13, .ofs_x = 1, .ofs_y = -1},
    {.bitmap_index = 16191, .adv_w = 224, .box_w = 13, .box_h = 13, .ofs_x = 1, .ofs_y = -1},
    {.bitmap_index = 16213, .adv_w = 224, .box_w = 13, .box_h = 13, .ofs_x = 1, .ofs_y = -1},
    {.bitmap_index = 16235, .adv_w = 224, .box_w = 13, .box_h = 13, .ofs_x = 1, .ofs_y = -1},
    {.bitmap_index = 16257, .adv_w = 224, .box_w = 13, .box_h = 13, .ofs_x = 0, .ofs_y = -1},
    {.bitmap_index = 16279, .adv_w = 224, .box_w = 13, .box_h = 13, .ofs_x = 0, .ofs_y = -1},
    {.bitmap_index = 16301, .adv_w = 224, .box_w = 13, .box_h = 13, .ofs_x = 0, .ofs_y = -1},
    {.bitmap_index = 16323, .adv_w = 224, .box_w = 13, .box_h = 13, .ofs_x = 1, .ofs_y = -1},
    {.bitmap_index = 16345, .adv_w = 224, .box_w = 13, .box_h = 13, .ofs_x = 0, .ofs_y = -1},
    {.bitmap_index = 16367, .adv_w = 224, .box_w = 13, .box_h = 13, .ofs_x = 0, .ofs_y = -1},
    {.bitmap_index = 16389, .adv_w = 224, .box_w = 13, .box_h = 13, .ofs_x = 1, .ofs_y = -1},
    {.bitmap_index = 16411, .adv_w = 224, .box_w = 13, .box_h = 13, .ofs_x = 0, .ofs_y = -1},
    {.bitmap_index = 16433, .adv_w = 224, .box_w = 13, .box_h = 13, .ofs_x = 0, .ofs_y = -1},
    {.bitmap_index = 16455, .adv_w = 224, .box_w = 13, .box_h = 14, .ofs_x = 1, .ofs_y = -2},
    {.bitmap_index = 16478, .adv_w = 224, .box_w = 13, .box_h = 13, .ofs_x = 0, .ofs_y = -1},
    {.bitmap_index = 16500, .adv_w = 224, .box_w = 12, .box_h = 12, .ofs_x = 1, .ofs_y = -1},
    {.bitmap_index = 16518, .adv_w = 224, .box_w = 13, .box_h = 13, .ofs_x = 1, .ofs_y = -1},
    {.bitmap_index = 16540, .adv_w = 224, .box_w = 13, .box_h = 13, .ofs_x = 1, .ofs_y = -1},
    {.bitmap_index = 16562, .adv_w = 224, .box_w = 12, .box_h = 14, .ofs_x = 1, .ofs_y = -2},
    {.bitmap_index = 16583, .adv_w = 224, .box_w = 13, .box_h = 13, .ofs_x = 1, .ofs_y = -1},
    {.bitmap_index = 16605, .adv_w = 224, .box_w = 13, .box_h = 13, .ofs_x = 1, .ofs_y = -1},
    {.bitmap_index = 16627, .adv_w = 224, .box_w = 13, .box_h = 13, .ofs_x = 0, .ofs_y = -1},
    {.bitmap_index = 16649, .adv_w = 224, .box_w = 13, .box_h = 13, .ofs_x = 1, .ofs_y = -1},
    {.bitmap_index = 16671, .adv_w = 224, .box_w = 13, .box_h = 13, .ofs_x = 1, .ofs_y = -1},
    {.bitmap_index = 16693, .adv_w = 224, .box_w = 13, .box_h = 12, .ofs_x = 0, .ofs_y = -1},
    {.bitmap_index = 16713, .adv_w = 224, .box_w = 12, .box_h = 13, .ofs_x = 1, .ofs_y = -1},
    {.bitmap_index = 16733, .adv_w = 224, .box_w = 12, .box_h = 13, .ofs_x = 1, .ofs_y = -1},
    {.bitmap_index = 16753, .adv_w = 224, .box_w = 13, .box_h = 13, .ofs_x = 1, .ofs_y = -1},
    {.bitmap_index = 16775, .adv_w = 224, .box_w = 12, .box_h = 12, .ofs_x = 1, .ofs_y = -1},
    {.bitmap_index = 16793, .adv_w = 224, .box_w = 13, .box_h = 13, .ofs_x = 1, .ofs_y = -1},
    {.bitmap_index = 16815, .adv_w = 224, .box_w = 13, .box_h = 13, .ofs_x = 1, .ofs_y = -1},
    {.bitmap_index = 16837, .adv_w = 224, .box_w = 13, .box_h = 13, .ofs_x = 1, .ofs_y = -1},
    {.bitmap_index = 16859, .adv_w = 224, .box_w = 12, .box_h = 13, .ofs_x = 1, .ofs_y = -1},
    {.bitmap_index = 16879, .adv_w = 224, .box_w = 13, .box_h = 13, .ofs_x = 1, .ofs_y = -1},
    {.bitmap_index = 16901, .adv_w = 224, .box_w = 12, .box_h = 13, .ofs_x = 1, .ofs_y = -1},
    {.bitmap_index = 16921, .adv_w = 224, .box_w = 13, .box_h = 13, .ofs_x = 1, .ofs_y = -1},
    {.bitmap_index = 16943, .adv_w = 224, .box_w = 13, .box_h = 14, .ofs_x = 0, .ofs_y = -2},
    {.bitmap_index = 16966, .adv_w = 224, .box_w = 13, .box_h = 13, .ofs_x = 1, .ofs_y = -1},
    {.bitmap_index = 16988, .adv_w = 224, .box_w = 13, .box_h = 13, .ofs_x = 1, .ofs_y = -1},
    {.bitmap_index = 17010, .adv_w = 224, .box_w = 13, .box_h = 13, .ofs_x = 0, .ofs_y = -1},
    {.bitmap_index = 17032, .adv_w = 224, .box_w = 13, .box_h = 13, .ofs_x = 1, .ofs_y = -1},
    {.bitmap_index = 17054, .adv_w = 224, .box_w = 13, .box_h = 12, .ofs_x = 1, .ofs_y = -1},
    {.bitmap_index = 17074, .adv_w = 224, .box_w = 13, .box_h = 12, .ofs_x = 1, .ofs_y = -1},
    {.bitmap_index = 17094, .adv_w = 224, .box_w = 13, .box_h = 12, .ofs_x = 0, .ofs_y = -1},
    {.bitmap_index = 17114, .adv_w = 224, .box_w = 12, .box_h = 13, .ofs_x = 1, .ofs_y = -1},
    {.bitmap_index = 17134, .adv_w = 224, .box_w = 12, .box_h = 13, .ofs_x = 1, .ofs_y = -1},
    {.bitmap_index = 17154, .adv_w = 224, .box_w = 12, .box_h = 13, .ofs_x = 1, .ofs_y = -1},
    {.bitmap_index = 17174, .adv_w = 224, .box_w = 13, .box_h = 13, .ofs_x = 0, .ofs_y = -1},
    {.bitmap_index = 17196, .adv_w = 224, .box_w = 13, .box_h = 12, .ofs_x = 0, .ofs_y = -1},
    {.bitmap_index = 17216, .adv_w = 224, .box_w = 12, .box_h = 13, .ofs_x = 1, .ofs_y = -1},
    {.bitmap_index = 17236, .adv_w = 224, .box_w = 13, .box_h = 13, .ofs_x = 1, .ofs_y = -1},
    {.bitmap_index = 17258, .adv_w = 224, .box_w = 12, .box_h = 12, .ofs_x = 1, .ofs_y = -1},
    {.bitmap_index = 17276, .adv_w = 224, .box_w = 13, .box_h = 13, .ofs_x = 1, .ofs_y = -1},
    {.bitmap_index = 17298, .adv_w = 224, .box_w = 12, .box_h = 13, .ofs_x = 1, .ofs_y = -1},
    {.bitmap_index = 17318, .adv_w = 224, .box_w = 12, .box_h = 13, .ofs_x = 1, .ofs_y = -1},
    {.bitmap_index = 17338, .adv_w = 224, .box_w = 12, .box_h = 13, .ofs_x = 1, .ofs_y = -1},
    {.bitmap_index = 17358, .adv_w = 224, .box_w = 11, .box_h = 13, .ofs_x = 1, .ofs_y = -1},
    {.bitmap_index = 17376, .adv_w = 224, .box_w = 12, .box_h = 13, .ofs_x = 1, .ofs_y = -1},
    {.bitmap_index = 17396, .adv_w = 224, .box_w = 12, .box_h = 12, .ofs_x = 1, .ofs_y = -1},
    {.bitmap_index = 17414, .adv_w = 224, .box_w = 12, .box_h = 13, .ofs_x = 1, .ofs_y = -1},
    {.bitmap_index = 17434, .adv_w = 224, .box_w = 12, .box_h = 13, .ofs_x = 1, .ofs_y = -1},
    {.bitmap_index = 17454, .adv_w = 224, .box_w = 14, .box_h = 13, .ofs_x = 0, .ofs_y = -1},
    {.bitmap_index = 17477, .adv_w = 224, .box_w = 12, .box_h = 13, .ofs_x = 1, .ofs_y = -1},
    {.bitmap_index = 17497, .adv_w = 224, .box_w = 12, .box_h = 13, .ofs_x = 1, .ofs_y = -1},
    {.bitmap_index = 17517, .adv_w = 224, .box_w = 12, .box_h = 13, .ofs_x = 1, .ofs_y = -1},
    {.bitmap_index = 17537, .adv_w = 224, .box_w = 12, .box_h = 12, .ofs_x = 1, .ofs_y = -1},
    {.bitmap_index = 17555, .adv_w = 224, .box_w = 12, .box_h = 13, .ofs_x = 1, .ofs_y = -1},
    {.bitmap_index = 17575, .adv_w = 224, .box_w = 14, .box_h = 13, .ofs_x = 0, .ofs_y = -1},
    {.bitmap_index = 17598, .adv_w = 224, .box_w = 13, .box_h = 13, .ofs_x = 0, .ofs_y = -1},
    {.bitmap_index = 17620, .adv_w = 224, .box_w = 12, .box_h = 13, .ofs_x = 1, .ofs_y = -1},
    {.bitmap_index = 17640, .adv_w = 224, .box_w = 12, .box_h = 13, .ofs_x = 1, .ofs_y = -1},
    {.bitmap_index = 17660, .adv_w = 224, .box_w = 12, .box_h = 13, .ofs_x = 1, .ofs_y = -1},
    {.bitmap_index = 17680, .adv_w = 224, .box_w = 12, .box_h = 13, .ofs_x = 0, .ofs_y = -1},
    {.bitmap_index = 17700, .adv_w = 224, .box_w = 12, .box_h = 13, .ofs_x = 1, .ofs_y = -1},
    {.bitmap_index = 17720, .adv_w = 224, .box_w = 14, .box_h = 13, .ofs_x = 0, .ofs_y = -1},
    {.bitmap_index = 17743, .adv_w = 224, .box_w = 12, .box_h = 12, .ofs_x = 1, .ofs_y = -1},
    {.bitmap_index = 17761, .adv_w = 224, .box_w = 12, .box_h = 13, .ofs_x = 1, .ofs_y = -1},
    {.bitmap_index = 17781, .adv_w = 224, .box_w = 12, .box_h = 13, .ofs_x = 1, .ofs_y = -1},
    {.bitmap_index = 17801, .adv_w = 224, .box_w = 12, .box_h = 13, .ofs_x = 1, .ofs_y = -1},
    {.bitmap_index = 17821, .adv_w = 224, .box_w = 12, .box_h = 13, .ofs_x = 1, .ofs_y = -1},
    {.bitmap_index = 17841, .adv_w = 224, .box_w = 12, .box_h = 12, .ofs_x = 1, .ofs_y = -1},
    {.bitmap_index = 17859, .adv_w = 224, .box_w = 12, .box_h = 12, .ofs_x = 1, .ofs_y = -1},
    {.bitmap_index = 17877, .adv_w = 224, .box_w = 12, .box_h = 13, .ofs_x = 1, .ofs_y = -1},
    {.bitmap_index = 17897, .adv_w = 224, .box_w = 11, .box_h = 12, .ofs_x = 1, .ofs_y = -1},
    {.bitmap_index = 17914, .adv_w = 224, .box_w = 13, .box_h = 13, .ofs_x = 1, .ofs_y = -1},
    {.bitmap_index = 17936, .adv_w = 224, .box_w = 14, .box_h = 12, .ofs_x = 0, .ofs_y = -1},
    {.bitmap_index = 17957, .adv_w = 224, .box_w = 12, .box_h = 13, .ofs_x = 1, .ofs_y = -1},
    {.bitmap_index = 17977, .adv_w = 224, .box_w = 12, .box_h = 12, .ofs_x = 1, .ofs_y = -1},
    {.bitmap_index = 17995, .adv_w = 224, .box_w = 13, .box_h = 13, .ofs_x = 0, .ofs_y = -1},
    {.bitmap_index = 18017, .adv_w = 224, .box_w = 13, .box_h = 12, .ofs_x = 1, .ofs_y = -1},
    {.bitmap_index = 18037, .adv_w = 224, .box_w = 12, .box_h = 13, .ofs_x = 1, .ofs_y = -1},
    {.bitmap_index = 18057, .adv_w = 224, .box_w = 14, .box_h = 13, .ofs_x = 0, .ofs_y = -1},
    {.bitmap_index = 18080, .adv_w = 224, .box_w = 13, .box_h = 13, .ofs_x = 1, .ofs_y = -1},
    {.bitmap_index = 18102, .adv_w = 224, .box_w = 12, .box_h = 13, .ofs_x = 1, .ofs_y = -1},
    {.bitmap_index = 18122, .adv_w = 224, .box_w = 12, .box_h = 13, .ofs_x = 1, .ofs_y = -1},
    {.bitmap_index = 18142, .adv_w = 224, .box_w = 12, .box_h = 13, .ofs_x = 1, .ofs_y = -1},
    {.bitmap_index = 18162, .adv_w = 224, .box_w = 13, .box_h = 13, .ofs_x = 0, .ofs_y = -1},
    {.bitmap_index = 18184, .adv_w = 224, .box_w = 12, .box_h = 13, .ofs_x = 1, .ofs_y = -1},
    {.bitmap_index = 18204, .adv_w = 224, .box_w = 13, .box_h = 13, .ofs_x = 1, .ofs_y = -1},
    {.bitmap_index = 18226, .adv_w = 224, .box_w = 12, .box_h = 13, .ofs_x = 1, .ofs_y = -1},
    {.bitmap_index = 18246, .adv_w = 224, .box_w = 14, .box_h = 14, .ofs_x = 0, .ofs_y = -2},
    {.bitmap_index = 18271, .adv_w = 224, .box_w = 12, .box_h = 13, .ofs_x = 1, .ofs_y = -1},
    {.bitmap_index = 18291, .adv_w = 224, .box_w = 13, .box_h = 13, .ofs_x = 0, .ofs_y = -1},
    {.bitmap_index = 18313, .adv_w = 224, .box_w = 13, .box_h = 13, .ofs_x = 1, .ofs_y = -1},
    {.bitmap_index = 18335, .adv_w = 224, .box_w = 13, .box_h = 13, .ofs_x = 0, .ofs_y = -1},
    {.bitmap_index = 18357, .adv_w = 224, .box_w = 12, .box_h = 12, .ofs_x = 1, .ofs_y = -1},
    {.bitmap_index = 18375, .adv_w = 224, .box_w = 12, .box_h = 12, .ofs_x = 1, .ofs_y = -1},
    {.bitmap_index = 18393, .adv_w = 224, .box_w = 13, .box_h = 13, .ofs_x = 0, .ofs_y = -1},
    {.bitmap_index = 18415, .adv_w = 224, .box_w = 12, .box_h = 13, .ofs_x = 1, .ofs_y = -1},
    {.bitmap_index = 18435, .adv_w = 224, .box_w = 13, .box_h = 13, .ofs_x = 1, .ofs_y = -1},
    {.bitmap_index = 18457, .adv_w = 224, .box_w = 13, .box_h = 13, .ofs_x = 0, .ofs_y = -1},
    {.bitmap_index = 18479, .adv_w = 224, .box_w = 13, .box_h = 13, .ofs_x = 0, .ofs_y = -1},
    {.bitmap_index = 18501, .adv_w = 224, .box_w = 13, .box_h = 13, .ofs_x = 0, .ofs_y = -1},
    {.bitmap_index = 18523, .adv_w = 224, .box_w = 13, .box_h = 13, .ofs_x = 1, .ofs_y = -1},
    {.bitmap_index = 18545, .adv_w = 224, .box_w = 13, .box_h = 12, .ofs_x = 0, .ofs_y = 0},
    {.bitmap_index = 18565, .adv_w = 224, .box_w = 13, .box_h = 12, .ofs_x = 1, .ofs_y = -1},
    {.bitmap_index = 18585, .adv_w = 224, .box_w = 12, .box_h = 13, .ofs_x = 1, .ofs_y = -1},
    {.bitmap_index = 18605, .adv_w = 224, .box_w = 13, .box_h = 13, .ofs_x = 0, .ofs_y = -1},
    {.bitmap_index = 18627, .adv_w = 224, .box_w = 11, .box_h = 13, .ofs_x = 2, .ofs_y = -1},
    {.bitmap_index = 18645, .adv_w = 224, .box_w = 12, .box_h = 14, .ofs_x = 1, .ofs_y = -2},
    {.bitmap_index = 18666, .adv_w = 224, .box_w = 13, .box_h = 13, .ofs_x = 1, .ofs_y = -1},
    {.bitmap_index = 18688, .adv_w = 224, .box_w = 13, .box_h = 13, .ofs_x = 1, .ofs_y = -1},
    {.bitmap_index = 18710, .adv_w = 224, .box_w = 12, .box_h = 12, .ofs_x = 0, .ofs_y = -1},
    {.bitmap_index = 18728, .adv_w = 224, .box_w = 13, .box_h = 12, .ofs_x = 0, .ofs_y = -1},
    {.bitmap_index = 18748, .adv_w = 224, .box_w = 13, .box_h = 13, .ofs_x = 0, .ofs_y = -2},
    {.bitmap_index = 18770, .adv_w = 224, .box_w = 13, .box_h = 12, .ofs_x = 1, .ofs_y = -1},
    {.bitmap_index = 18790, .adv_w = 224, .box_w = 13, .box_h = 12, .ofs_x = 1, .ofs_y = -1},
    {.bitmap_index = 18810, .adv_w = 224, .box_w = 12, .box_h = 12, .ofs_x = 1, .ofs_y = -1},
    {.bitmap_index = 18828, .adv_w = 224, .box_w = 13, .box_h = 12, .ofs_x = 0, .ofs_y = -1},
    {.bitmap_index = 18848, .adv_w = 224, .box_w = 13, .box_h = 12, .ofs_x = 0, .ofs_y = -1},
    {.bitmap_index = 18868, .adv_w = 224, .box_w = 12, .box_h = 12, .ofs_x = 1, .ofs_y = -1},
    {.bitmap_index = 18886, .adv_w = 224, .box_w = 13, .box_h = 12, .ofs_x = 0, .ofs_y = -1},
    {.bitmap_index = 18906, .adv_w = 224, .box_w = 11, .box_h = 12, .ofs_x = 1, .ofs_y = -1},
    {.bitmap_index = 18923, .adv_w = 224, .box_w = 13, .box_h = 12, .ofs_x = 1, .ofs_y = -1},
    {.bitmap_index = 18943, .adv_w = 224, .box_w = 12, .box_h = 12, .ofs_x = 0, .ofs_y = -1},
    {.bitmap_index = 18961, .adv_w = 224, .box_w = 12, .box_h = 12, .ofs_x = 1, .ofs_y = -1},
    {.bitmap_index = 18979, .adv_w = 224, .box_w = 13, .box_h = 12, .ofs_x = 0, .ofs_y = -1},
    {.bitmap_index = 18999, .adv_w = 224, .box_w = 13, .box_h = 12, .ofs_x = 1, .ofs_y = -1},
    {.bitmap_index = 19019, .adv_w = 224, .box_w = 12, .box_h = 12, .ofs_x = 0, .ofs_y = -1},
    {.bitmap_index = 19037, .adv_w = 224, .box_w = 13, .box_h = 12, .ofs_x = 0, .ofs_y = -1},
    {.bitmap_index = 19057, .adv_w = 224, .box_w = 12, .box_h = 12, .ofs_x = 1, .ofs_y = -1},
    {.bitmap_index = 19075, .adv_w = 224, .box_w = 13, .box_h = 12, .ofs_x = 0, .ofs_y = -1},
    {.bitmap_index = 19095, .adv_w = 224, .box_w = 12, .box_h = 12, .ofs_x = 1, .ofs_y = -1},
    {.bitmap_index = 19113, .adv_w = 224, .box_w = 13, .box_h = 12, .ofs_x = 1, .ofs_y = -1},
    {.bitmap_index = 19133, .adv_w = 224, .box_w = 13, .box_h = 13, .ofs_x = 1, .ofs_y = -1},
    {.bitmap_index = 19155, .adv_w = 224, .box_w = 11, .box_h = 13, .ofs_x = 2, .ofs_y = -1},
    {.bitmap_index = 19173, .adv_w = 224, .box_w = 13, .box_h = 13, .ofs_x = 1, .ofs_y = -1},
    {.bitmap_index = 19195, .adv_w = 224, .box_w = 13, .box_h = 13, .ofs_x = 1, .ofs_y = -1},
    {.bitmap_index = 19217, .adv_w = 224, .box_w = 11, .box_h = 13, .ofs_x = 1, .ofs_y = -1},
    {.bitmap_index = 19235, .adv_w = 224, .box_w = 11, .box_h = 13, .ofs_x = 2, .ofs_y = -1},
    {.bitmap_index = 19253, .adv_w = 224, .box_w = 14, .box_h = 13, .ofs_x = 0, .ofs_y = -1},
    {.bitmap_index = 19276, .adv_w = 224, .box_w = 12, .box_h = 13, .ofs_x = 1, .ofs_y = -1},
    {.bitmap_index = 19296, .adv_w = 224, .box_w = 11, .box_h = 13, .ofs_x = 2, .ofs_y = -1},
    {.bitmap_index = 19314, .adv_w = 224, .box_w = 11, .box_h = 12, .ofs_x = 2, .ofs_y = -1},
    {.bitmap_index = 19331, .adv_w = 224, .box_w = 13, .box_h = 13, .ofs_x = 1, .ofs_y = -1},
    {.bitmap_index = 19353, .adv_w = 224, .box_w = 12, .box_h = 14, .ofs_x = 1, .ofs_y = -2},
    {.bitmap_index = 19374, .adv_w = 224, .box_w = 13, .box_h = 13, .ofs_x = 0, .ofs_y = -1},
    {.bitmap_index = 19396, .adv_w = 224, .box_w = 13, .box_h = 13, .ofs_x = 1, .ofs_y = -1},
    {.bitmap_index = 19418, .adv_w = 224, .box_w = 13, .box_h = 13, .ofs_x = 1, .ofs_y = -1},
    {.bitmap_index = 19440, .adv_w = 224, .box_w = 12, .box_h = 12, .ofs_x = 1, .ofs_y = -1},
    {.bitmap_index = 19458, .adv_w = 224, .box_w = 12, .box_h = 13, .ofs_x = 1, .ofs_y = -1},
    {.bitmap_index = 19478, .adv_w = 224, .box_w = 13, .box_h = 13, .ofs_x = 1, .ofs_y = -1},
    {.bitmap_index = 19500, .adv_w = 224, .box_w = 13, .box_h = 14, .ofs_x = 1, .ofs_y = -2},
    {.bitmap_index = 19523, .adv_w = 224, .box_w = 12, .box_h = 13, .ofs_x = 1, .ofs_y = -1},
    {.bitmap_index = 19543, .adv_w = 224, .box_w = 13, .box_h = 13, .ofs_x = 1, .ofs_y = -1},
    {.bitmap_index = 19565, .adv_w = 224, .box_w = 12, .box_h = 13, .ofs_x = 1, .ofs_y = -1},
    {.bitmap_index = 19585, .adv_w = 224, .box_w = 13, .box_h = 13, .ofs_x = 1, .ofs_y = -1},
    {.bitmap_index = 19607, .adv_w = 224, .box_w = 12, .box_h = 13, .ofs_x = 1, .ofs_y = -1},
    {.bitmap_index = 19627, .adv_w = 224, .box_w = 12, .box_h = 13, .ofs_x = 1, .ofs_y = -1},
    {.bitmap_index = 19647, .adv_w = 224, .box_w = 13, .box_h = 13, .ofs_x = 0, .ofs_y = -1},
    {.bitmap_index = 19669, .adv_w = 224, .box_w = 13, .box_h = 13, .ofs_x = 1, .ofs_y = -1},
    {.bitmap_index = 19691, .adv_w = 224, .box_w = 12, .box_h = 12, .ofs_x = 0, .ofs_y = -1},
    {.bitmap_index = 19709, .adv_w = 224, .box_w = 12, .box_h = 13, .ofs_x = 0, .ofs_y = -1},
    {.bitmap_index = 19729, .adv_w = 224, .box_w = 13, .box_h = 13, .ofs_x = 0, .ofs_y = -1},
    {.bitmap_index = 19751, .adv_w = 224, .box_w = 12, .box_h = 13, .ofs_x = 1, .ofs_y = -1},
    {.bitmap_index = 19771, .adv_w = 224, .box_w = 13, .box_h = 10, .ofs_x = 1, .ofs_y = 0},
    {.bitmap_index = 19788, .adv_w = 224, .box_w = 13, .box_h = 13, .ofs_x = 0, .ofs_y = -1},
    {.bitmap_index = 19810, .adv_w = 224, .box_w = 12, .box_h = 12, .ofs_x = 1, .ofs_y = -1},
    {.bitmap_index = 19828, .adv_w = 224, .box_w = 11, .box_h = 12, .ofs_x = 2, .ofs_y = -1},
    {.bitmap_index = 19845, .adv_w = 224, .box_w = 13, .box_h = 12, .ofs_x = 1, .ofs_y = -1},
    {.bitmap_index = 19865, .adv_w = 224, .box_w = 13, .box_h = 11, .ofs_x = 0, .ofs_y = 0},
    {.bitmap_index = 19883, .adv_w = 224, .box_w = 12, .box_h = 13, .ofs_x = 1, .ofs_y = -1},
    {.bitmap_index = 19903, .adv_w = 224, .box_w = 11, .box_h = 12, .ofs_x = 2, .ofs_y = -1},
    {.bitmap_index = 19920, .adv_w = 224, .box_w = 12, .box_h = 12, .ofs_x = 1, .ofs_y = -1},
    {.bitmap_index = 19938, .adv_w = 224, .box_w = 12, .box_h = 12, .ofs_x = 2, .ofs_y = -1},
    {.bitmap_index = 19956, .adv_w = 224, .box_w = 13, .box_h = 13, .ofs_x = 1, .ofs_y = -1},
    {.bitmap_index = 19978, .adv_w = 224, .box_w = 11, .box_h = 13, .ofs_x = 2, .ofs_y = -1},
    {.bitmap_index = 19996, .adv_w = 224, .box_w = 12, .box_h = 13, .ofs_x = 1, .ofs_y = -1},
    {.bitmap_index = 20016, .adv_w = 224, .box_w = 13, .box_h = 13, .ofs_x = 1, .ofs_y = -1},
    {.bitmap_index = 20038, .adv_w = 224, .box_w = 12, .box_h = 13, .ofs_x = 1, .ofs_y = -1},
    {.bitmap_index = 20058, .adv_w = 224, .box_w = 12, .box_h = 13, .ofs_x = 1, .ofs_y = -1},
    {.bitmap_index = 20078, .adv_w = 224, .box_w = 13, .box_h = 13, .ofs_x = 1, .ofs_y = -1},
    {.bitmap_index = 20100, .adv_w = 224, .box_w = 12, .box_h = 13, .ofs_x = 1, .ofs_y = -1},
    {.bitmap_index = 20120, .adv_w = 224, .box_w = 12, .box_h = 13, .ofs_x = 1, .ofs_y = -1},
    {.bitmap_index = 20140, .adv_w = 224, .box_w = 13, .box_h = 13, .ofs_x = 1, .ofs_y = -1},
    {.bitmap_index = 20162, .adv_w = 224, .box_w = 12, .box_h = 13, .ofs_x = 1, .ofs_y = -1},
    {.bitmap_index = 20182, .adv_w = 224, .box_w = 12, .box_h = 13, .ofs_x = 1, .ofs_y = -1},
    {.bitmap_index = 20202, .adv_w = 224, .box_w = 12, .box_h = 12, .ofs_x = 1, .ofs_y = -1},
    {.bitmap_index = 20220, .adv_w = 224, .box_w = 12, .box_h = 12, .ofs_x = 1, .ofs_y = -1},
    {.bitmap_index = 20238, .adv_w = 224, .box_w = 13, .box_h = 13, .ofs_x = 1, .ofs_y = -1},
    {.bitmap_index = 20260, .adv_w = 224, .box_w = 11, .box_h = 13, .ofs_x = 1, .ofs_y = -1},
    {.bitmap_index = 20278, .adv_w = 224, .box_w = 13, .box_h = 13, .ofs_x = 1, .ofs_y = -1},
    {.bitmap_index = 20300, .adv_w = 224, .box_w = 12, .box_h = 13, .ofs_x = 1, .ofs_y = -1},
    {.bitmap_index = 20320, .adv_w = 224, .box_w = 12, .box_h = 13, .ofs_x = 1, .ofs_y = -1},
    {.bitmap_index = 20340, .adv_w = 224, .box_w = 12, .box_h = 13, .ofs_x = 1, .ofs_y = -1},
    {.bitmap_index = 20360, .adv_w = 224, .box_w = 12, .box_h = 13, .ofs_x = 1, .ofs_y = -1},
    {.bitmap_index = 20380, .adv_w = 224, .box_w = 13, .box_h = 13, .ofs_x = 1, .ofs_y = -1},
    {.bitmap_index = 20402, .adv_w = 224, .box_w = 13, .box_h = 13, .ofs_x = 1, .ofs_y = -1},
    {.bitmap_index = 20424, .adv_w = 224, .box_w = 13, .box_h = 13, .ofs_x = 1, .ofs_y = -1},
    {.bitmap_index = 20446, .adv_w = 224, .box_w = 13, .box_h = 13, .ofs_x = 0, .ofs_y = -1},
    {.bitmap_index = 20468, .adv_w = 224, .box_w = 13, .box_h = 13, .ofs_x = 1, .ofs_y = -1},
    {.bitmap_index = 20490, .adv_w = 224, .box_w = 13, .box_h = 12, .ofs_x = 0, .ofs_y = -1},
    {.bitmap_index = 20510, .adv_w = 224, .box_w = 13, .box_h = 12, .ofs_x = 0, .ofs_y = -1},
    {.bitmap_index = 20530, .adv_w = 224, .box_w = 13, .box_h = 13, .ofs_x = 1, .ofs_y = -1},
    {.bitmap_index = 20552, .adv_w = 224, .box_w = 13, .box_h = 13, .ofs_x = 0, .ofs_y = -1},
    {.bitmap_index = 20574, .adv_w = 224, .box_w = 13, .box_h = 13, .ofs_x = 1, .ofs_y = -1},
    {.bitmap_index = 20596, .adv_w = 224, .box_w = 12, .box_h = 12, .ofs_x = 1, .ofs_y = -1},
    {.bitmap_index = 20614, .adv_w = 224, .box_w = 12, .box_h = 13, .ofs_x = 1, .ofs_y = -1},
    {.bitmap_index = 20634, .adv_w = 224, .box_w = 11, .box_h = 13, .ofs_x = 1, .ofs_y = -1},
    {.bitmap_index = 20652, .adv_w = 224, .box_w = 12, .box_h = 13, .ofs_x = 1, .ofs_y = -1},
    {.bitmap_index = 20672, .adv_w = 224, .box_w = 13, .box_h = 14, .ofs_x = 1, .ofs_y = -2},
    {.bitmap_index = 20695, .adv_w = 224, .box_w = 13, .box_h = 13, .ofs_x = 1, .ofs_y = -1},
    {.bitmap_index = 20717, .adv_w = 224, .box_w = 13, .box_h = 13, .ofs_x = 1, .ofs_y = -1},
    {.bitmap_index = 20739, .adv_w = 224, .box_w = 13, .box_h = 13, .ofs_x = 1, .ofs_y = -1},
    {.bitmap_index = 20761, .adv_w = 224, .box_w = 13, .box_h = 13, .ofs_x = 1, .ofs_y = -1},
    {.bitmap_index = 20783, .adv_w = 224, .box_w = 12, .box_h = 13, .ofs_x = 1, .ofs_y = -1},
    {.bitmap_index = 20803, .adv_w = 224, .box_w = 13, .box_h = 12, .ofs_x = 1, .ofs_y = -1},
    {.bitmap_index = 20823, .adv_w = 224, .box_w = 12, .box_h = 13, .ofs_x = 1, .ofs_y = -1},
    {.bitmap_index = 20843, .adv_w = 224, .box_w = 13, .box_h = 12, .ofs_x = 1, .ofs_y = -1},
    {.bitmap_index = 20863, .adv_w = 224, .box_w = 12, .box_h = 13, .ofs_x = 1, .ofs_y = -1},
    {.bitmap_index = 20883, .adv_w = 224, .box_w = 12, .box_h = 13, .ofs_x = 1, .ofs_y = -1},
    {.bitmap_index = 20903, .adv_w = 224, .box_w = 13, .box_h = 13, .ofs_x = 1, .ofs_y = -1},
    {.bitmap_index = 20925, .adv_w = 224, .box_w = 13, .box_h = 12, .ofs_x = 1, .ofs_y = -1},
    {.bitmap_index = 20945, .adv_w = 224, .box_w = 13, .box_h = 13, .ofs_x = 1, .ofs_y = -2},
    {.bitmap_index = 20967, .adv_w = 224, .box_w = 13, .box_h = 12, .ofs_x = 1, .ofs_y = -1},
    {.bitmap_index = 20987, .adv_w = 224, .box_w = 13, .box_h = 13, .ofs_x = 1, .ofs_y = -1},
    {.bitmap_index = 21009, .adv_w = 224, .box_w = 13, .box_h = 13, .ofs_x = 1, .ofs_y = -1},
    {.bitmap_index = 21031, .adv_w = 224, .box_w = 13, .box_h = 13, .ofs_x = 0, .ofs_y = -1},
    {.bitmap_index = 21053, .adv_w = 224, .box_w = 12, .box_h = 13, .ofs_x = 1, .ofs_y = -1},
    {.bitmap_index = 21073, .adv_w = 224, .box_w = 12, .box_h = 13, .ofs_x = 1, .ofs_y = -1},
    {.bitmap_index = 21093, .adv_w = 224, .box_w = 12, .box_h = 12, .ofs_x = 1, .ofs_y = -1},
    {.bitmap_index = 21111, .adv_w = 224, .box_w = 13, .box_h = 13, .ofs_x = 1, .ofs_y = -1},
    {.bitmap_index = 21133, .adv_w = 224, .box_w = 13, .box_h = 13, .ofs_x = 1, .ofs_y = -1},
    {.bitmap_index = 21155, .adv_w = 224, .box_w = 13, .box_h = 13, .ofs_x = 0, .ofs_y = -1},
    {.bitmap_index = 21177, .adv_w = 224, .box_w = 13, .box_h = 13, .ofs_x = 0, .ofs_y = -1},
    {.bitmap_index = 21199, .adv_w = 224, .box_w = 13, .box_h = 13, .ofs_x = 0, .ofs_y = -1},
    {.bitmap_index = 21221, .adv_w = 224, .box_w = 12, .box_h = 13, .ofs_x = 1, .ofs_y = -1},
    {.bitmap_index = 21241, .adv_w = 224, .box_w = 13, .box_h = 12, .ofs_x = 0, .ofs_y = -1},
    {.bitmap_index = 21261, .adv_w = 224, .box_w = 13, .box_h = 12, .ofs_x = 1, .ofs_y = -1},
    {.bitmap_index = 21281, .adv_w = 224, .box_w = 12, .box_h = 13, .ofs_x = 1, .ofs_y = -1},
    {.bitmap_index = 21301, .adv_w = 224, .box_w = 12, .box_h = 12, .ofs_x = 1, .ofs_y = -1},
    {.bitmap_index = 21319, .adv_w = 224, .box_w = 13, .box_h = 13, .ofs_x = 0, .ofs_y = -1},
    {.bitmap_index = 21341, .adv_w = 224, .box_w = 13, .box_h = 13, .ofs_x = 1, .ofs_y = -1},
    {.bitmap_index = 21363, .adv_w = 224, .box_w = 11, .box_h = 12, .ofs_x = 2, .ofs_y = -1},
    {.bitmap_index = 21380, .adv_w = 224, .box_w = 10, .box_h = 13, .ofs_x = 2, .ofs_y = -1},
    {.bitmap_index = 21397, .adv_w = 224, .box_w = 13, .box_h = 13, .ofs_x = 1, .ofs_y = -1},
    {.bitmap_index = 21419, .adv_w = 224, .box_w = 12, .box_h = 13, .ofs_x = 2, .ofs_y = -1},
    {.bitmap_index = 21439, .adv_w = 224, .box_w = 13, .box_h = 13, .ofs_x = 1, .ofs_y = -1},
    {.bitmap_index = 21461, .adv_w = 224, .box_w = 12, .box_h = 13, .ofs_x = 1, .ofs_y = -1},
    {.bitmap_index = 21481, .adv_w = 224, .box_w = 13, .box_h = 13, .ofs_x = 1, .ofs_y = -1},
    {.bitmap_index = 21503, .adv_w = 224, .box_w = 13, .box_h = 13, .ofs_x = 1, .ofs_y = -1},
    {.bitmap_index = 21525, .adv_w = 224, .box_w = 12, .box_h = 13, .ofs_x = 1, .ofs_y = -1},
    {.bitmap_index = 21545, .adv_w = 224, .box_w = 12, .box_h = 12, .ofs_x = 0, .ofs_y = -1},
    {.bitmap_index = 21563, .adv_w = 224, .box_w = 13, .box_h = 13, .ofs_x = 1, .ofs_y = -1},
    {.bitmap_index = 21585, .adv_w = 224, .box_w = 13, .box_h = 12, .ofs_x = 0, .ofs_y = -1},
    {.bitmap_index = 21605, .adv_w = 224, .box_w = 11, .box_h = 13, .ofs_x = 1, .ofs_y = -1},
    {.bitmap_index = 21623, .adv_w = 224, .box_w = 10, .box_h = 13, .ofs_x = 2, .ofs_y = -1},
    {.bitmap_index = 21640, .adv_w = 224, .box_w = 12, .box_h = 12, .ofs_x = 1, .ofs_y = -1},
    {.bitmap_index = 21658, .adv_w = 224, .box_w = 13, .box_h = 13, .ofs_x = 0, .ofs_y = -1},
    {.bitmap_index = 21680, .adv_w = 224, .box_w = 13, .box_h = 12, .ofs_x = 1, .ofs_y = -1},
    {.bitmap_index = 21700, .adv_w = 224, .box_w = 13, .box_h = 13, .ofs_x = 1, .ofs_y = -1},
    {.bitmap_index = 21722, .adv_w = 224, .box_w = 13, .box_h = 13, .ofs_x = 0, .ofs_y = -1},
    {.bitmap_index = 21744, .adv_w = 224, .box_w = 13, .box_h = 13, .ofs_x = 0, .ofs_y = -1},
    {.bitmap_index = 21766, .adv_w = 224, .box_w = 12, .box_h = 13, .ofs_x = 1, .ofs_y = -1},
    {.bitmap_index = 21786, .adv_w = 224, .box_w = 13, .box_h = 13, .ofs_x = 0, .ofs_y = -1},
    {.bitmap_index = 21808, .adv_w = 224, .box_w = 12, .box_h = 12, .ofs_x = 1, .ofs_y = -1},
    {.bitmap_index = 21826, .adv_w = 224, .box_w = 12, .box_h = 12, .ofs_x = 1, .ofs_y = -1},
    {.bitmap_index = 21844, .adv_w = 224, .box_w = 13, .box_h = 13, .ofs_x = 0, .ofs_y = -1},
    {.bitmap_index = 21866, .adv_w = 224, .box_w = 13, .box_h = 13, .ofs_x = 0, .ofs_y = -1},
    {.bitmap_index = 21888, .adv_w = 224, .box_w = 13, .box_h = 13, .ofs_x = 1, .ofs_y = -1},
    {.bitmap_index = 21910, .adv_w = 224, .box_w = 13, .box_h = 13, .ofs_x = 1, .ofs_y = -1},
    {.bitmap_index = 21932, .adv_w = 224, .box_w = 13, .box_h = 13, .ofs_x = 1, .ofs_y = -1},
    {.bitmap_index = 21954, .adv_w = 224, .box_w = 13, .box_h = 13, .ofs_x = 1, .ofs_y = -1},
    {.bitmap_index = 21976, .adv_w = 224, .box_w = 13, .box_h = 13, .ofs_x = 1, .ofs_y = -1},
    {.bitmap_index = 21998, .adv_w = 224, .box_w = 13, .box_h = 13, .ofs_x = 0, .ofs_y = -1},
    {.bitmap_index = 22020, .adv_w = 224, .box_w = 13, .box_h = 13, .ofs_x = 1, .ofs_y = -1},
    {.bitmap_index = 22042, .adv_w = 224, .box_w = 12, .box_h = 13, .ofs_x = 0, .ofs_y = -1},
    {.bitmap_index = 22062, .adv_w = 224, .box_w = 13, .box_h = 13, .ofs_x = 0, .ofs_y = -1},
    {.bitmap_index = 22084, .adv_w = 224, .box_w = 13, .box_h = 12, .ofs_x = 1, .ofs_y = -1},
    {.bitmap_index = 22104, .adv_w = 224, .box_w = 13, .box_h = 13, .ofs_x = 0, .ofs_y = -1},
    {.bitmap_index = 22126, .adv_w = 224, .box_w = 13, .box_h = 13, .ofs_x = 0, .ofs_y = -1},
    {.bitmap_index = 22148, .adv_w = 224, .box_w = 13, .box_h = 13, .ofs_x = 0, .ofs_y = -1},
    {.bitmap_index = 22170, .adv_w = 224, .box_w = 14, .box_h = 13, .ofs_x = 0, .ofs_y = -1},
    {.bitmap_index = 22193, .adv_w = 224, .box_w = 14, .box_h = 13, .ofs_x = 0, .ofs_y = -1},
    {.bitmap_index = 22216, .adv_w = 224, .box_w = 13, .box_h = 13, .ofs_x = 0, .ofs_y = -1},
    {.bitmap_index = 22238, .adv_w = 224, .box_w = 14, .box_h = 13, .ofs_x = 0, .ofs_y = -1},
    {.bitmap_index = 22261, .adv_w = 224, .box_w = 14, .box_h = 12, .ofs_x = 0, .ofs_y = -1},
    {.bitmap_index = 22282, .adv_w = 224, .box_w = 13, .box_h = 13, .ofs_x = 0, .ofs_y = -1},
    {.bitmap_index = 22304, .adv_w = 224, .box_w = 13, .box_h = 13, .ofs_x = 1, .ofs_y = -1},
    {.bitmap_index = 22326, .adv_w = 224, .box_w = 13, .box_h = 12, .ofs_x = 0, .ofs_y = -1},
    {.bitmap_index = 22346, .adv_w = 224, .box_w = 12, .box_h = 12, .ofs_x = 1, .ofs_y = -1},
    {.bitmap_index = 22364, .adv_w = 224, .box_w = 12, .box_h = 13, .ofs_x = 1, .ofs_y = -1},
    {.bitmap_index = 22384, .adv_w = 224, .box_w = 12, .box_h = 13, .ofs_x = 1, .ofs_y = -1},
    {.bitmap_index = 22404, .adv_w = 224, .box_w = 13, .box_h = 13, .ofs_x = 0, .ofs_y = -1},
    {.bitmap_index = 22426, .adv_w = 224, .box_w = 12, .box_h = 13, .ofs_x = 1, .ofs_y = -1},
    {.bitmap_index = 22446, .adv_w = 224, .box_w = 13, .box_h = 13, .ofs_x = 0, .ofs_y = -1},
    {.bitmap_index = 22468, .adv_w = 224, .box_w = 13, .box_h = 13, .ofs_x = 0, .ofs_y = -1},
    {.bitmap_index = 22490, .adv_w = 224, .box_w = 13, .box_h = 13, .ofs_x = 0, .ofs_y = -1},
    {.bitmap_index = 22512, .adv_w = 224, .box_w = 13, .box_h = 13, .ofs_x = 1, .ofs_y = -1},
    {.bitmap_index = 22534, .adv_w = 224, .box_w = 12, .box_h = 13, .ofs_x = 1, .ofs_y = -1},
    {.bitmap_index = 22554, .adv_w = 224, .box_w = 13, .box_h = 12, .ofs_x = 0, .ofs_y = -1},
    {.bitmap_index = 22574, .adv_w = 224, .box_w = 13, .box_h = 13, .ofs_x = 1, .ofs_y = -1},
    {.bitmap_index = 22596, .adv_w = 224, .box_w = 12, .box_h = 13, .ofs_x = 1, .ofs_y = -1},
    {.bitmap_index = 22616, .adv_w = 224, .box_w = 12, .box_h = 13, .ofs_x = 1, .ofs_y = -1},
    {.bitmap_index = 22636, .adv_w = 224, .box_w = 13, .box_h = 13, .ofs_x = 0, .ofs_y = -1},
    {.bitmap_index = 22658, .adv_w = 224, .box_w = 13, .box_h = 13, .ofs_x = 1, .ofs_y = -1},
    {.bitmap_index = 22680, .adv_w = 224, .box_w = 12, .box_h = 13, .ofs_x = 1, .ofs_y = -1},
    {.bitmap_index = 22700, .adv_w = 224, .box_w = 13, .box_h = 13, .ofs_x = 1, .ofs_y = -1},
    {.bitmap_index = 22722, .adv_w = 224, .box_w = 13, .box_h = 13, .ofs_x = 0, .ofs_y = -1},
    {.bitmap_index = 22744, .adv_w = 224, .box_w = 12, .box_h = 12, .ofs_x = 1, .ofs_y = -1},
    {.bitmap_index = 22762, .adv_w = 224, .box_w = 13, .box_h = 13, .ofs_x = 1, .ofs_y = -1},
    {.bitmap_index = 22784, .adv_w = 224, .box_w = 13, .box_h = 13, .ofs_x = 1, .ofs_y = -1},
    {.bitmap_index = 22806, .adv_w = 224, .box_w = 13, .box_h = 13, .ofs_x = 0, .ofs_y = -1},
    {.bitmap_index = 22828, .adv_w = 224, .box_w = 13, .box_h = 13, .ofs_x = 0, .ofs_y = -1},
    {.bitmap_index = 22850, .adv_w = 224, .box_w = 14, .box_h = 13, .ofs_x = 0, .ofs_y = -1},
    {.bitmap_index = 22873, .adv_w = 224, .box_w = 13, .box_h = 13, .ofs_x = 0, .ofs_y = -1},
    {.bitmap_index = 22895, .adv_w = 224, .box_w = 13, .box_h = 13, .ofs_x = 1, .ofs_y = -1},
    {.bitmap_index = 22917, .adv_w = 224, .box_w = 13, .box_h = 13, .ofs_x = 0, .ofs_y = -1},
    {.bitmap_index = 22939, .adv_w = 224, .box_w = 12, .box_h = 13, .ofs_x = 1, .ofs_y = -1},
    {.bitmap_index = 22959, .adv_w = 224, .box_w = 13, .box_h = 13, .ofs_x = 0, .ofs_y = -1},
    {.bitmap_index = 22981, .adv_w = 224, .box_w = 13, .box_h = 12, .ofs_x = 1, .ofs_y = -1},
    {.bitmap_index = 23001, .adv_w = 224, .box_w = 13, .box_h = 13, .ofs_x = 1, .ofs_y = -1},
    {.bitmap_index = 23023, .adv_w = 224, .box_w = 13, .box_h = 13, .ofs_x = 1, .ofs_y = -1},
    {.bitmap_index = 23045, .adv_w = 224, .box_w = 13, .box_h = 13, .ofs_x = 0, .ofs_y = -1},
    {.bitmap_index = 23067, .adv_w = 224, .box_w = 13, .box_h = 13, .ofs_x = 0, .ofs_y = -1},
    {.bitmap_index = 23089, .adv_w = 224, .box_w = 13, .box_h = 13, .ofs_x = 0, .ofs_y = -1},
    {.bitmap_index = 23111, .adv_w = 224, .box_w = 12, .box_h = 12, .ofs_x = 1, .ofs_y = -1},
    {.bitmap_index = 23129, .adv_w = 224, .box_w = 13, .box_h = 13, .ofs_x = 0, .ofs_y = -1},
    {.bitmap_index = 23151, .adv_w = 224, .box_w = 12, .box_h = 13, .ofs_x = 1, .ofs_y = -1},
    {.bitmap_index = 23171, .adv_w = 224, .box_w = 13, .box_h = 13, .ofs_x = 1, .ofs_y = -1},
    {.bitmap_index = 23193, .adv_w = 224, .box_w = 13, .box_h = 13, .ofs_x = 0, .ofs_y = -1},
    {.bitmap_index = 23215, .adv_w = 224, .box_w = 13, .box_h = 12, .ofs_x = 1, .ofs_y = -1},
    {.bitmap_index = 23235, .adv_w = 224, .box_w = 12, .box_h = 12, .ofs_x = 1, .ofs_y = -1},
    {.bitmap_index = 23253, .adv_w = 224, .box_w = 13, .box_h = 13, .ofs_x = 0, .ofs_y = -1},
    {.bitmap_index = 23275, .adv_w = 224, .box_w = 13, .box_h = 13, .ofs_x = 1, .ofs_y = -1},
    {.bitmap_index = 23297, .adv_w = 224, .box_w = 12, .box_h = 13, .ofs_x = 1, .ofs_y = -1},
    {.bitmap_index = 23317, .adv_w = 224, .box_w = 13, .box_h = 13, .ofs_x = 1, .ofs_y = -1},
    {.bitmap_index = 23339, .adv_w = 224, .box_w = 13, .box_h = 13, .ofs_x = 0, .ofs_y = -1},
    {.bitmap_index = 23361, .adv_w = 224, .box_w = 13, .box_h = 13, .ofs_x = 0, .ofs_y = -1},
    {.bitmap_index = 23383, .adv_w = 224, .box_w = 13, .box_h = 13, .ofs_x = 0, .ofs_y = -1},
    {.bitmap_index = 23405, .adv_w = 224, .box_w = 12, .box_h = 13, .ofs_x = 1, .ofs_y = -1},
    {.bitmap_index = 23425, .adv_w = 224, .box_w = 13, .box_h = 13, .ofs_x = 1, .ofs_y = -1},
    {.bitmap_index = 23447, .adv_w = 224, .box_w = 13, .box_h = 12, .ofs_x = 1, .ofs_y = -1},
    {.bitmap_index = 23467, .adv_w = 224, .box_w = 13, .box_h = 12, .ofs_x = 1, .ofs_y = -1},
    {.bitmap_index = 23487, .adv_w = 224, .box_w = 13, .box_h = 13, .ofs_x = 0, .ofs_y = -1},
    {.bitmap_index = 23509, .adv_w = 224, .box_w = 12, .box_h = 13, .ofs_x = 1, .ofs_y = -1},
    {.bitmap_index = 23529, .adv_w = 224, .box_w = 13, .box_h = 13, .ofs_x = 0, .ofs_y = -1},
    {.bitmap_index = 23551, .adv_w = 224, .box_w = 13, .box_h = 13, .ofs_x = 0, .ofs_y = -1},
    {.bitmap_index = 23573, .adv_w = 224, .box_w = 13, .box_h = 13, .ofs_x = 0, .ofs_y = -1},
    {.bitmap_index = 23595, .adv_w = 224, .box_w = 13, .box_h = 13, .ofs_x = 0, .ofs_y = -1},
    {.bitmap_index = 23617, .adv_w = 224, .box_w = 14, .box_h = 13, .ofs_x = 0, .ofs_y = -1},
    {.bitmap_index = 23640, .adv_w = 224, .box_w = 12, .box_h = 13, .ofs_x = 1, .ofs_y = -1},
    {.bitmap_index = 23660, .adv_w = 224, .box_w = 13, .box_h = 13, .ofs_x = 0, .ofs_y = -1},
    {.bitmap_index = 23682, .adv_w = 224, .box_w = 13, .box_h = 13, .ofs_x = 0, .ofs_y = -1},
    {.bitmap_index = 23704, .adv_w = 224, .box_w = 12, .box_h = 13, .ofs_x = 1, .ofs_y = -1},
    {.bitmap_index = 23724, .adv_w = 224, .box_w = 13, .box_h = 13, .ofs_x = 0, .ofs_y = -1},
    {.bitmap_index = 23746, .adv_w = 224, .box_w = 13, .box_h = 13, .ofs_x = 0, .ofs_y = -1},
    {.bitmap_index = 23768, .adv_w = 224, .box_w = 14, .box_h = 13, .ofs_x = 0, .ofs_y = -1},
    {.bitmap_index = 23791, .adv_w = 224, .box_w = 13, .box_h = 13, .ofs_x = 0, .ofs_y = -1},
    {.bitmap_index = 23813, .adv_w = 224, .box_w = 13, .box_h = 13, .ofs_x = 0, .ofs_y = -1},
    {.bitmap_index = 23835, .adv_w = 224, .box_w = 12, .box_h = 13, .ofs_x = 1, .ofs_y = -1},
    {.bitmap_index = 23855, .adv_w = 224, .box_w = 13, .box_h = 13, .ofs_x = 0, .ofs_y = -1},
    {.bitmap_index = 23877, .adv_w = 224, .box_w = 13, .box_h = 13, .ofs_x = 0, .ofs_y = -1},
    {.bitmap_index = 23899, .adv_w = 224, .box_w = 13, .box_h = 13, .ofs_x = 1, .ofs_y = -1},
    {.bitmap_index = 23921, .adv_w = 224, .box_w = 14, .box_h = 13, .ofs_x = 0, .ofs_y = -1},
    {.bitmap_index = 23944, .adv_w = 224, .box_w = 12, .box_h = 13, .ofs_x = 1, .ofs_y = -1},
    {.bitmap_index = 23964, .adv_w = 224, .box_w = 13, .box_h = 13, .ofs_x = 1, .ofs_y = -1},
    {.bitmap_index = 23986, .adv_w = 224, .box_w = 14, .box_h = 13, .ofs_x = 0, .ofs_y = -1},
    {.bitmap_index = 24009, .adv_w = 224, .box_w = 14, .box_h = 13, .ofs_x = 0, .ofs_y = -1},
    {.bitmap_index = 24032, .adv_w = 224, .box_w = 12, .box_h = 13, .ofs_x = 1, .ofs_y = -1},
    {.bitmap_index = 24052, .adv_w = 224, .box_w = 13, .box_h = 13, .ofs_x = 0, .ofs_y = -1},
    {.bitmap_index = 24074, .adv_w = 224, .box_w = 13, .box_h = 12, .ofs_x = 1, .ofs_y = -1},
    {.bitmap_index = 24094, .adv_w = 224, .box_w = 13, .box_h = 13, .ofs_x = 1, .ofs_y = -1},
    {.bitmap_index = 24116, .adv_w = 224, .box_w = 13, .box_h = 13, .ofs_x = 0, .ofs_y = -1},
    {.bitmap_index = 24138, .adv_w = 224, .box_w = 14, .box_h = 13, .ofs_x = 0, .ofs_y = -1},
    {.bitmap_index = 24161, .adv_w = 224, .box_w = 13, .box_h = 12, .ofs_x = 1, .ofs_y = -1},
    {.bitmap_index = 24181, .adv_w = 224, .box_w = 12, .box_h = 13, .ofs_x = 1, .ofs_y = -1},
    {.bitmap_index = 24201, .adv_w = 224, .box_w = 13, .box_h = 13, .ofs_x = 0, .ofs_y = -1},
    {.bitmap_index = 24223, .adv_w = 224, .box_w = 13, .box_h = 13, .ofs_x = 0, .ofs_y = -1},
    {.bitmap_index = 24245, .adv_w = 224, .box_w = 13, .box_h = 13, .ofs_x = 0, .ofs_y = -1},
    {.bitmap_index = 24267, .adv_w = 224, .box_w = 13, .box_h = 13, .ofs_x = 0, .ofs_y = -1},
    {.bitmap_index = 24289, .adv_w = 224, .box_w = 12, .box_h = 13, .ofs_x = 1, .ofs_y = -1},
    {.bitmap_index = 24309, .adv_w = 224, .box_w = 14, .box_h = 13, .ofs_x = 0, .ofs_y = -1},
    {.bitmap_index = 24332, .adv_w = 224, .box_w = 13, .box_h = 13, .ofs_x = 1, .ofs_y = -1},
    {.bitmap_index = 24354, .adv_w = 224, .box_w = 14, .box_h = 13, .ofs_x = 0, .ofs_y = -1},
    {.bitmap_index = 24377, .adv_w = 224, .box_w = 13, .box_h = 13, .ofs_x = 0, .ofs_y = -1},
    {.bitmap_index = 24399, .adv_w = 224, .box_w = 13, .box_h = 13, .ofs_x = 0, .ofs_y = -1},
    {.bitmap_index = 24421, .adv_w = 224, .box_w = 13, .box_h = 13, .ofs_x = 0, .ofs_y = -1},
    {.bitmap_index = 24443, .adv_w = 224, .box_w = 13, .box_h = 13, .ofs_x = 0, .ofs_y = -1},
    {.bitmap_index = 24465, .adv_w = 224, .box_w = 14, .box_h = 13, .ofs_x = 0, .ofs_y = -1},
    {.bitmap_index = 24488, .adv_w = 224, .box_w = 14, .box_h = 13, .ofs_x = 0, .ofs_y = -1},
    {.bitmap_index = 24511, .adv_w = 224, .box_w = 13, .box_h = 13, .ofs_x = 0, .ofs_y = -1},
    {.bitmap_index = 24533, .adv_w = 224, .box_w = 13, .box_h = 13, .ofs_x = 0, .ofs_y = -1},
    {.bitmap_index = 24555, .adv_w = 224, .box_w = 13, .box_h = 13, .ofs_x = 0, .ofs_y = -1},
    {.bitmap_index = 24577, .adv_w = 224, .box_w = 13, .box_h = 13, .ofs_x = 0, .ofs_y = -1},
    {.bitmap_index = 24599, .adv_w = 224, .box_w = 12, .box_h = 13, .ofs_x = 1, .ofs_y = -1},
    {.bitmap_index = 24619, .adv_w = 224, .box_w = 13, .box_h = 13, .ofs_x = 1, .ofs_y = -1},
    {.bitmap_index = 24641, .adv_w = 224, .box_w = 13, .box_h = 13, .ofs_x = 1, .ofs_y = -1},
    {.bitmap_index = 24663, .adv_w = 224, .box_w = 12, .box_h = 13, .ofs_x = 1, .ofs_y = -1},
    {.bitmap_index = 24683, .adv_w = 224, .box_w = 13, .box_h = 13, .ofs_x = 1, .ofs_y = -1},
    {.bitmap_index = 24705, .adv_w = 224, .box_w = 12, .box_h = 13, .ofs_x = 1, .ofs_y = -1},
    {.bitmap_index = 24725, .adv_w = 224, .box_w = 13, .box_h = 13, .ofs_x = 1, .ofs_y = -1},
    {.bitmap_index = 24747, .adv_w = 224, .box_w = 13, .box_h = 13, .ofs_x = 1, .ofs_y = -1},
    {.bitmap_index = 24769, .adv_w = 224, .box_w = 13, .box_h = 13, .ofs_x = 0, .ofs_y = -1},
    {.bitmap_index = 24791, .adv_w = 224, .box_w = 14, .box_h = 13, .ofs_x = 0, .ofs_y = -1},
    {.bitmap_index = 24814, .adv_w = 224, .box_w = 12, .box_h = 13, .ofs_x = 1, .ofs_y = -1},
    {.bitmap_index = 24834, .adv_w = 224, .box_w = 11, .box_h = 13, .ofs_x = 0, .ofs_y = -1},
    {.bitmap_index = 24852, .adv_w = 224, .box_w = 11, .box_h = 12, .ofs_x = 1, .ofs_y = -1},
    {.bitmap_index = 24869, .adv_w = 224, .box_w = 13, .box_h = 13, .ofs_x = 0, .ofs_y = -1},
    {.bitmap_index = 24891, .adv_w = 224, .box_w = 12, .box_h = 12, .ofs_x = 0, .ofs_y = -1},
    {.bitmap_index = 24909, .adv_w = 224, .box_w = 11, .box_h = 12, .ofs_x = 1, .ofs_y = -1},
    {.bitmap_index = 24926, .adv_w = 224, .box_w = 13, .box_h = 13, .ofs_x = 1, .ofs_y = -1},
    {.bitmap_index = 24948, .adv_w = 224, .box_w = 12, .box_h = 13, .ofs_x = 1, .ofs_y = -1},
    {.bitmap_index = 24968, .adv_w = 224, .box_w = 12, .box_h = 13, .ofs_x = 1, .ofs_y = -1},
    {.bitmap_index = 24988, .adv_w = 224, .box_w = 13, .box_h = 13, .ofs_x = 1, .ofs_y = -1},
    {.bitmap_index = 25010, .adv_w = 224, .box_w = 13, .box_h = 13, .ofs_x = 0, .ofs_y = -1},
    {.bitmap_index = 25032, .adv_w = 224, .box_w = 12, .box_h = 13, .ofs_x = 1, .ofs_y = -1},
    {.bitmap_index = 25052, .adv_w = 224, .box_w = 12, .box_h = 13, .ofs_x = 1, .ofs_y = -1},
    {.bitmap_index = 25072, .adv_w = 224, .box_w = 13, .box_h = 13, .ofs_x = 0, .ofs_y = -1},
    {.bitmap_index = 25094, .adv_w = 224, .box_w = 12, .box_h = 13, .ofs_x = 1, .ofs_y = -1},
    {.bitmap_index = 25114, .adv_w = 224, .box_w = 12, .box_h = 13, .ofs_x = 0, .ofs_y = -1},
    {.bitmap_index = 25134, .adv_w = 224, .box_w = 13, .box_h = 13, .ofs_x = 1, .ofs_y = -1},
    {.bitmap_index = 25156, .adv_w = 224, .box_w = 12, .box_h = 13, .ofs_x = 1, .ofs_y = -1},
    {.bitmap_index = 25176, .adv_w = 224, .box_w = 12, .box_h = 13, .ofs_x = 1, .ofs_y = -1},
    {.bitmap_index = 25196, .adv_w = 224, .box_w = 13, .box_h = 13, .ofs_x = 0, .ofs_y = -1},
    {.bitmap_index = 25218, .adv_w = 224, .box_w = 13, .box_h = 13, .ofs_x = 1, .ofs_y = -1},
    {.bitmap_index = 25240, .adv_w = 224, .box_w = 13, .box_h = 13, .ofs_x = 1, .ofs_y = -1},
    {.bitmap_index = 25262, .adv_w = 224, .box_w = 13, .box_h = 13, .ofs_x = 0, .ofs_y = -1},
    {.bitmap_index = 25284, .adv_w = 224, .box_w = 13, .box_h = 13, .ofs_x = 0, .ofs_y = -1},
    {.bitmap_index = 25306, .adv_w = 224, .box_w = 13, .box_h = 13, .ofs_x = 1, .ofs_y = -1},
    {.bitmap_index = 25328, .adv_w = 224, .box_w = 13, .box_h = 13, .ofs_x = 1, .ofs_y = -1},
    {.bitmap_index = 25350, .adv_w = 224, .box_w = 13, .box_h = 13, .ofs_x = 0, .ofs_y = -1},
    {.bitmap_index = 25372, .adv_w = 224, .box_w = 13, .box_h = 13, .ofs_x = 1, .ofs_y = -1},
    {.bitmap_index = 25394, .adv_w = 224, .box_w = 13, .box_h = 13, .ofs_x = 0, .ofs_y = -1},
    {.bitmap_index = 25416, .adv_w = 224, .box_w = 12, .box_h = 12, .ofs_x = 1, .ofs_y = -1},
    {.bitmap_index = 25434, .adv_w = 224, .box_w = 13, .box_h = 13, .ofs_x = 1, .ofs_y = -1},
    {.bitmap_index = 25456, .adv_w = 224, .box_w = 13, .box_h = 13, .ofs_x = 0, .ofs_y = -1},
    {.bitmap_index = 25478, .adv_w = 224, .box_w = 13, .box_h = 13, .ofs_x = 0, .ofs_y = -1},
    {.bitmap_index = 25500, .adv_w = 224, .box_w = 13, .box_h = 13, .ofs_x = 0, .ofs_y = -1},
    {.bitmap_index = 25522, .adv_w = 224, .box_w = 13, .box_h = 13, .ofs_x = 1, .ofs_y = -1},
    {.bitmap_index = 25544, .adv_w = 224, .box_w = 13, .box_h = 13, .ofs_x = 1, .ofs_y = -1},
    {.bitmap_index = 25566, .adv_w = 224, .box_w = 13, .box_h = 13, .ofs_x = 0, .ofs_y = -1},
    {.bitmap_index = 25588, .adv_w = 224, .box_w = 13, .box_h = 13, .ofs_x = 1, .ofs_y = -1},
    {.bitmap_index = 25610, .adv_w = 224, .box_w = 13, .box_h = 13, .ofs_x = 0, .ofs_y = -1},
    {.bitmap_index = 25632, .adv_w = 224, .box_w = 12, .box_h = 13, .ofs_x = 1, .ofs_y = -1},
    {.bitmap_index = 25652, .adv_w = 224, .box_w = 13, .box_h = 13, .ofs_x = 1, .ofs_y = -1},
    {.bitmap_index = 25674, .adv_w = 224, .box_w = 14, .box_h = 13, .ofs_x = 0, .ofs_y = -1},
    {.bitmap_index = 25697, .adv_w = 224, .box_w = 13, .box_h = 13, .ofs_x = 0, .ofs_y = -1},
    {.bitmap_index = 25719, .adv_w = 224, .box_w = 13, .box_h = 13, .ofs_x = 1, .ofs_y = -1},
    {.bitmap_index = 25741, .adv_w = 224, .box_w = 14, .box_h = 13, .ofs_x = 0, .ofs_y = -1},
    {.bitmap_index = 25764, .adv_w = 224, .box_w = 12, .box_h = 13, .ofs_x = 1, .ofs_y = -1},
    {.bitmap_index = 25784, .adv_w = 224, .box_w = 13, .box_h = 13, .ofs_x = 0, .ofs_y = -1},
    {.bitmap_index = 25806, .adv_w = 224, .box_w = 13, .box_h = 13, .ofs_x = 1, .ofs_y = -1},
    {.bitmap_index = 25828, .adv_w = 224, .box_w = 13, .box_h = 13, .ofs_x = 1, .ofs_y = -1},
    {.bitmap_index = 25850, .adv_w = 224, .box_w = 13, .box_h = 13, .ofs_x = 1, .ofs_y = -1},
    {.bitmap_index = 25872, .adv_w = 224, .box_w = 13, .box_h = 13, .ofs_x = 1, .ofs_y = -1},
    {.bitmap_index = 25894, .adv_w = 224, .box_w = 13, .box_h = 13, .ofs_x = 0, .ofs_y = -1},
    {.bitmap_index = 25916, .adv_w = 224, .box_w = 12, .box_h = 13, .ofs_x = 1, .ofs_y = -1},
    {.bitmap_index = 25936, .adv_w = 224, .box_w = 13, .box_h = 13, .ofs_x = 0, .ofs_y = -1},
    {.bitmap_index = 25958, .adv_w = 224, .box_w = 13, .box_h = 13, .ofs_x = 0, .ofs_y = -1},
    {.bitmap_index = 25980, .adv_w = 224, .box_w = 14, .box_h = 13, .ofs_x = 0, .ofs_y = -1},
    {.bitmap_index = 26003, .adv_w = 224, .box_w = 13, .box_h = 13, .ofs_x = 0, .ofs_y = -1},
    {.bitmap_index = 26025, .adv_w = 224, .box_w = 13, .box_h = 13, .ofs_x = 0, .ofs_y = -1},
    {.bitmap_index = 26047, .adv_w = 224, .box_w = 12, .box_h = 13, .ofs_x = 1, .ofs_y = -1},
    {.bitmap_index = 26067, .adv_w = 224, .box_w = 13, .box_h = 13, .ofs_x = 1, .ofs_y = -1},
    {.bitmap_index = 26089, .adv_w = 224, .box_w = 13, .box_h = 13, .ofs_x = 0, .ofs_y = -1},
    {.bitmap_index = 26111, .adv_w = 224, .box_w = 12, .box_h = 13, .ofs_x = 0, .ofs_y = -1},
    {.bitmap_index = 26131, .adv_w = 224, .box_w = 12, .box_h = 13, .ofs_x = 0, .ofs_y = -1},
    {.bitmap_index = 26151, .adv_w = 224, .box_w = 13, .box_h = 13, .ofs_x = 0, .ofs_y = -1},
    {.bitmap_index = 26173, .adv_w = 224, .box_w = 13, .box_h = 13, .ofs_x = 0, .ofs_y = -1},
    {.bitmap_index = 26195, .adv_w = 224, .box_w = 13, .box_h = 13, .ofs_x = 0, .ofs_y = -1},
    {.bitmap_index = 26217, .adv_w = 224, .box_w = 12, .box_h = 13, .ofs_x = 1, .ofs_y = -1},
    {.bitmap_index = 26237, .adv_w = 224, .box_w = 13, .box_h = 13, .ofs_x = 0, .ofs_y = -1},
    {.bitmap_index = 26259, .adv_w = 224, .box_w = 12, .box_h = 13, .ofs_x = 1, .ofs_y = -1},
    {.bitmap_index = 26279, .adv_w = 224, .box_w = 12, .box_h = 13, .ofs_x = 1, .ofs_y = -1},
    {.bitmap_index = 26299, .adv_w = 224, .box_w = 12, .box_h = 13, .ofs_x = 1, .ofs_y = -1},
    {.bitmap_index = 26319, .adv_w = 224, .box_w = 13, .box_h = 13, .ofs_x = 1, .ofs_y = -1},
    {.bitmap_index = 26341, .adv_w = 224, .box_w = 13, .box_h = 13, .ofs_x = 1, .ofs_y = -1},
    {.bitmap_index = 26363, .adv_w = 224, .box_w = 13, .box_h = 13, .ofs_x = 1, .ofs_y = -1},
    {.bitmap_index = 26385, .adv_w = 224, .box_w = 13, .box_h = 13, .ofs_x = 1, .ofs_y = -1},
    {.bitmap_index = 26407, .adv_w = 224, .box_w = 12, .box_h = 13, .ofs_x = 1, .ofs_y = -1},
    {.bitmap_index = 26427, .adv_w = 224, .box_w = 12, .box_h = 13, .ofs_x = 1, .ofs_y = -1},
    {.bitmap_index = 26447, .adv_w = 224, .box_w = 12, .box_h = 13, .ofs_x = 1, .ofs_y = -1},
    {.bitmap_index = 26467, .adv_w = 224, .box_w = 13, .box_h = 13, .ofs_x = 0, .ofs_y = -1},
    {.bitmap_index = 26489, .adv_w = 224, .box_w = 13, .box_h = 13, .ofs_x = 0, .ofs_y = -1},
    {.bitmap_index = 26511, .adv_w = 224, .box_w = 13, .box_h = 13, .ofs_x = 1, .ofs_y = -1},
    {.bitmap_index = 26533, .adv_w = 224, .box_w = 13, .box_h = 13, .ofs_x = 1, .ofs_y = -1},
    {.bitmap_index = 26555, .adv_w = 224, .box_w = 13, .box_h = 13, .ofs_x = 0, .ofs_y = -1},
    {.bitmap_index = 26577, .adv_w = 224, .box_w = 13, .box_h = 13, .ofs_x = 1, .ofs_y = -1},
    {.bitmap_index = 26599, .adv_w = 224, .box_w = 13, .box_h = 12, .ofs_x = 1, .ofs_y = -1},
    {.bitmap_index = 26619, .adv_w = 224, .box_w = 12, .box_h = 13, .ofs_x = 1, .ofs_y = -1},
    {.bitmap_index = 26639, .adv_w = 224, .box_w = 12, .box_h = 13, .ofs_x = 1, .ofs_y = -1},
    {.bitmap_index = 26659, .adv_w = 224, .box_w = 13, .box_h = 13, .ofs_x = 1, .ofs_y = -1},
    {.bitmap_index = 26681, .adv_w = 224, .box_w = 12, .box_h = 13, .ofs_x = 1, .ofs_y = -1},
    {.bitmap_index = 26701, .adv_w = 224, .box_w = 12, .box_h = 13, .ofs_x = 1, .ofs_y = -1},
    {.bitmap_index = 26721, .adv_w = 224, .box_w = 13, .box_h = 13, .ofs_x = 1, .ofs_y = -1},
    {.bitmap_index = 26743, .adv_w = 224, .box_w = 13, .box_h = 13, .ofs_x = 1, .ofs_y = -1},
    {.bitmap_index = 26765, .adv_w = 224, .box_w = 13, .box_h = 13, .ofs_x = 0, .ofs_y = -1},
    {.bitmap_index = 26787, .adv_w = 224, .box_w = 12, .box_h = 13, .ofs_x = 1, .ofs_y = -1},
    {.bitmap_index = 26807, .adv_w = 224, .box_w = 13, .box_h = 13, .ofs_x = 1, .ofs_y = -1},
    {.bitmap_index = 26829, .adv_w = 224, .box_w = 13, .box_h = 13, .ofs_x = 1, .ofs_y = -1},
    {.bitmap_index = 26851, .adv_w = 224, .box_w = 13, .box_h = 13, .ofs_x = 1, .ofs_y = -1},
    {.bitmap_index = 26873, .adv_w = 224, .box_w = 13, .box_h = 13, .ofs_x = 0, .ofs_y = -1},
    {.bitmap_index = 26895, .adv_w = 224, .box_w = 13, .box_h = 13, .ofs_x = 1, .ofs_y = -1},
    {.bitmap_index = 26917, .adv_w = 224, .box_w = 13, .box_h = 13, .ofs_x = 1, .ofs_y = -1},
    {.bitmap_index = 26939, .adv_w = 224, .box_w = 12, .box_h = 13, .ofs_x = 0, .ofs_y = -1},
    {.bitmap_index = 26959, .adv_w = 224, .box_w = 13, .box_h = 13, .ofs_x = 1, .ofs_y = -1},
    {.bitmap_index = 26981, .adv_w = 224, .box_w = 13, .box_h = 13, .ofs_x = 0, .ofs_y = -1},
    {.bitmap_index = 27003, .adv_w = 224, .box_w = 13, .box_h = 13, .ofs_x = 0, .ofs_y = -1},
    {.bitmap_index = 27025, .adv_w = 224, .box_w = 13, .box_h = 13, .ofs_x = 1, .ofs_y = -1},
    {.bitmap_index = 27047, .adv_w = 224, .box_w = 13, .box_h = 13, .ofs_x = 0, .ofs_y = -1},
    {.bitmap_index = 27069, .adv_w = 224, .box_w = 13, .box_h = 13, .ofs_x = 1, .ofs_y = -1},
    {.bitmap_index = 27091, .adv_w = 224, .box_w = 13, .box_h = 13, .ofs_x = 0, .ofs_y = -1},
    {.bitmap_index = 27113, .adv_w = 224, .box_w = 13, .box_h = 13, .ofs_x = 1, .ofs_y = -1},
    {.bitmap_index = 27135, .adv_w = 224, .box_w = 13, .box_h = 13, .ofs_x = 1, .ofs_y = -1},
    {.bitmap_index = 27157, .adv_w = 224, .box_w = 13, .box_h = 13, .ofs_x = 1, .ofs_y = -1},
    {.bitmap_index = 27179, .adv_w = 224, .box_w = 12, .box_h = 13, .ofs_x = 1, .ofs_y = -1},
    {.bitmap_index = 27199, .adv_w = 224, .box_w = 12, .box_h = 13, .ofs_x = 1, .ofs_y = -1},
    {.bitmap_index = 27219, .adv_w = 224, .box_w = 13, .box_h = 13, .ofs_x = 1, .ofs_y = -1},
    {.bitmap_index = 27241, .adv_w = 224, .box_w = 13, .box_h = 13, .ofs_x = 0, .ofs_y = -1},
    {.bitmap_index = 27263, .adv_w = 224, .box_w = 13, .box_h = 13, .ofs_x = 0, .ofs_y = -1},
    {.bitmap_index = 27285, .adv_w = 224, .box_w = 13, .box_h = 13, .ofs_x = 1, .ofs_y = -1},
    {.bitmap_index = 27307, .adv_w = 224, .box_w = 13, .box_h = 13, .ofs_x = 0, .ofs_y = -1},
    {.bitmap_index = 27329, .adv_w = 224, .box_w = 12, .box_h = 13, .ofs_x = 1, .ofs_y = -1},
    {.bitmap_index = 27349, .adv_w = 224, .box_w = 13, .box_h = 13, .ofs_x = 0, .ofs_y = -1},
    {.bitmap_index = 27371, .adv_w = 224, .box_w = 13, .box_h = 13, .ofs_x = 0, .ofs_y = -1},
    {.bitmap_index = 27393, .adv_w = 224, .box_w = 12, .box_h = 13, .ofs_x = 1, .ofs_y = -1},
    {.bitmap_index = 27413, .adv_w = 224, .box_w = 13, .box_h = 13, .ofs_x = 1, .ofs_y = -1},
    {.bitmap_index = 27435, .adv_w = 224, .box_w = 13, .box_h = 13, .ofs_x = 0, .ofs_y = -1},
    {.bitmap_index = 27457, .adv_w = 224, .box_w = 12, .box_h = 13, .ofs_x = 1, .ofs_y = -1},
    {.bitmap_index = 27477, .adv_w = 224, .box_w = 13, .box_h = 13, .ofs_x = 1, .ofs_y = -1},
    {.bitmap_index = 27499, .adv_w = 224, .box_w = 12, .box_h = 13, .ofs_x = 1, .ofs_y = -1},
    {.bitmap_index = 27519, .adv_w = 224, .box_w = 13, .box_h = 13, .ofs_x = 0, .ofs_y = -1},
    {.bitmap_index = 27541, .adv_w = 224, .box_w = 13, .box_h = 13, .ofs_x = 1, .ofs_y = -1},
    {.bitmap_index = 27563, .adv_w = 224, .box_w = 13, .box_h = 13, .ofs_x = 1, .ofs_y = -1},
    {.bitmap_index = 27585, .adv_w = 224, .box_w = 13, .box_h = 13, .ofs_x = 0, .ofs_y = -1},
    {.bitmap_index = 27607, .adv_w = 224, .box_w = 13, .box_h = 13, .ofs_x = 0, .ofs_y = -1},
    {.bitmap_index = 27629, .adv_w = 224, .box_w = 12, .box_h = 13, .ofs_x = 1, .ofs_y = -1},
    {.bitmap_index = 27649, .adv_w = 224, .box_w = 13, .box_h = 13, .ofs_x = 1, .ofs_y = -1},
    {.bitmap_index = 27671, .adv_w = 224, .box_w = 13, .box_h = 13, .ofs_x = 1, .ofs_y = -1},
    {.bitmap_index = 27693, .adv_w = 224, .box_w = 12, .box_h = 13, .ofs_x = 1, .ofs_y = -1},
    {.bitmap_index = 27713, .adv_w = 224, .box_w = 13, .box_h = 13, .ofs_x = 0, .ofs_y = -1},
    {.bitmap_index = 27735, .adv_w = 224, .box_w = 12, .box_h = 13, .ofs_x = 0, .ofs_y = -1},
    {.bitmap_index = 27755, .adv_w = 224, .box_w = 12, .box_h = 13, .ofs_x = 1, .ofs_y = -1},
    {.bitmap_index = 27775, .adv_w = 224, .box_w = 13, .box_h = 13, .ofs_x = 0, .ofs_y = -1},
    {.bitmap_index = 27797, .adv_w = 224, .box_w = 12, .box_h = 13, .ofs_x = 1, .ofs_y = -1},
    {.bitmap_index = 27817, .adv_w = 224, .box_w = 13, .box_h = 13, .ofs_x = 1, .ofs_y = -1},
    {.bitmap_index = 27839, .adv_w = 224, .box_w = 13, .box_h = 13, .ofs_x = 1, .ofs_y = -1},
    {.bitmap_index = 27861, .adv_w = 224, .box_w = 13, .box_h = 13, .ofs_x = 1, .ofs_y = -1},
    {.bitmap_index = 27883, .adv_w = 224, .box_w = 13, .box_h = 13, .ofs_x = 1, .ofs_y = -1},
    {.bitmap_index = 27905, .adv_w = 224, .box_w = 12, .box_h = 13, .ofs_x = 1, .ofs_y = -1},
    {.bitmap_index = 27925, .adv_w = 224, .box_w = 13, .box_h = 13, .ofs_x = 1, .ofs_y = -1},
    {.bitmap_index = 27947, .adv_w = 224, .box_w = 13, .box_h = 13, .ofs_x = 1, .ofs_y = -1},
    {.bitmap_index = 27969, .adv_w = 224, .box_w = 13, .box_h = 13, .ofs_x = 1, .ofs_y = -1},
    {.bitmap_index = 27991, .adv_w = 224, .box_w = 13, .box_h = 13, .ofs_x = 0, .ofs_y = -1},
    {.bitmap_index = 28013, .adv_w = 224, .box_w = 13, .box_h = 13, .ofs_x = 1, .ofs_y = -1},
    {.bitmap_index = 28035, .adv_w = 224, .box_w = 13, .box_h = 13, .ofs_x = 0, .ofs_y = -1},
    {.bitmap_index = 28057, .adv_w = 224, .box_w = 13, .box_h = 13, .ofs_x = 1, .ofs_y = -1},
    {.bitmap_index = 28079, .adv_w = 224, .box_w = 13, .box_h = 13, .ofs_x = 1, .ofs_y = -1},
    {.bitmap_index = 28101, .adv_w = 224, .box_w = 13, .box_h = 13, .ofs_x = 1, .ofs_y = -1},
    {.bitmap_index = 28123, .adv_w = 224, .box_w = 13, .box_h = 13, .ofs_x = 1, .ofs_y = -1},
    {.bitmap_index = 28145, .adv_w = 224, .box_w = 13, .box_h = 13, .ofs_x = 0, .ofs_y = -1},
    {.bitmap_index = 28167, .adv_w = 224, .box_w = 13, .box_h = 13, .ofs_x = 0, .ofs_y = -1},
    {.bitmap_index = 28189, .adv_w = 224, .box_w = 13, .box_h = 13, .ofs_x = 1, .ofs_y = -1},
    {.bitmap_index = 28211, .adv_w = 224, .box_w = 12, .box_h = 13, .ofs_x = 1, .ofs_y = -1},
    {.bitmap_index = 28231, .adv_w = 224, .box_w = 13, .box_h = 13, .ofs_x = 1, .ofs_y = -1},
    {.bitmap_index = 28253, .adv_w = 224, .box_w = 14, .box_h = 13, .ofs_x = 0, .ofs_y = -1},
    {.bitmap_index = 28276, .adv_w = 224, .box_w = 13, .box_h = 13, .ofs_x = 1, .ofs_y = -1},
    {.bitmap_index = 28298, .adv_w = 224, .box_w = 13, .box_h = 13, .ofs_x = 1, .ofs_y = -1},
    {.bitmap_index = 28320, .adv_w = 224, .box_w = 14, .box_h = 13, .ofs_x = 0, .ofs_y = -1},
    {.bitmap_index = 28343, .adv_w = 224, .box_w = 13, .box_h = 13, .ofs_x = 1, .ofs_y = -1},
    {.bitmap_index = 28365, .adv_w = 224, .box_w = 13, .box_h = 13, .ofs_x = 0, .ofs_y = -1},
    {.bitmap_index = 28387, .adv_w = 224, .box_w = 13, .box_h = 13, .ofs_x = 1, .ofs_y = -1},
    {.bitmap_index = 28409, .adv_w = 224, .box_w = 14, .box_h = 13, .ofs_x = 0, .ofs_y = -1},
    {.bitmap_index = 28432, .adv_w = 224, .box_w = 13, .box_h = 13, .ofs_x = 1, .ofs_y = -1},
    {.bitmap_index = 28454, .adv_w = 224, .box_w = 13, .box_h = 13, .ofs_x = 0, .ofs_y = -1},
    {.bitmap_index = 28476, .adv_w = 224, .box_w = 13, .box_h = 13, .ofs_x = 1, .ofs_y = -1},
    {.bitmap_index = 28498, .adv_w = 224, .box_w = 13, .box_h = 13, .ofs_x = 1, .ofs_y = -1},
    {.bitmap_index = 28520, .adv_w = 224, .box_w = 12, .box_h = 13, .ofs_x = 1, .ofs_y = -1},
    {.bitmap_index = 28540, .adv_w = 224, .box_w = 13, .box_h = 13, .ofs_x = 1, .ofs_y = -1},
    {.bitmap_index = 28562, .adv_w = 224, .box_w = 13, .box_h = 13, .ofs_x = 0, .ofs_y = -1},
    {.bitmap_index = 28584, .adv_w = 224, .box_w = 13, .box_h = 13, .ofs_x = 0, .ofs_y = -1},
    {.bitmap_index = 28606, .adv_w = 224, .box_w = 14, .box_h = 13, .ofs_x = 0, .ofs_y = -1},
    {.bitmap_index = 28629, .adv_w = 224, .box_w = 13, .box_h = 13, .ofs_x = 0, .ofs_y = -1},
    {.bitmap_index = 28651, .adv_w = 224, .box_w = 12, .box_h = 13, .ofs_x = 1, .ofs_y = -1},
    {.bitmap_index = 28671, .adv_w = 224, .box_w = 12, .box_h = 13, .ofs_x = 1, .ofs_y = -1},
    {.bitmap_index = 28691, .adv_w = 224, .box_w = 13, .box_h = 13, .ofs_x = 0, .ofs_y = -1},
    {.bitmap_index = 28713, .adv_w = 224, .box_w = 13, .box_h = 13, .ofs_x = 0, .ofs_y = -1},
    {.bitmap_index = 28735, .adv_w = 224, .box_w = 13, .box_h = 13, .ofs_x = 0, .ofs_y = -1},
    {.bitmap_index = 28757, .adv_w = 224, .box_w = 13, .box_h = 13, .ofs_x = 0, .ofs_y = -1},
    {.bitmap_index = 28779, .adv_w = 224, .box_w = 13, .box_h = 13, .ofs_x = 0, .ofs_y = -1},
    {.bitmap_index = 28801, .adv_w = 224, .box_w = 12, .box_h = 13, .ofs_x = 1, .ofs_y = -1},
    {.bitmap_index = 28821, .adv_w = 224, .box_w = 12, .box_h = 13, .ofs_x = 1, .ofs_y = -1},
    {.bitmap_index = 28841, .adv_w = 224, .box_w = 14, .box_h = 13, .ofs_x = 0, .ofs_y = -1},
    {.bitmap_index = 28864, .adv_w = 224, .box_w = 13, .box_h = 13, .ofs_x = 1, .ofs_y = -1},
    {.bitmap_index = 28886, .adv_w = 224, .box_w = 13, .box_h = 13, .ofs_x = 0, .ofs_y = -1},
    {.bitmap_index = 28908, .adv_w = 224, .box_w = 13, .box_h = 13, .ofs_x = 0, .ofs_y = -1},
    {.bitmap_index = 28930, .adv_w = 224, .box_w = 13, .box_h = 13, .ofs_x = 0, .ofs_y = -1},
    {.bitmap_index = 28952, .adv_w = 224, .box_w = 13, .box_h = 13, .ofs_x = 0, .ofs_y = -1},
    {.bitmap_index = 28974, .adv_w = 224, .box_w = 13, .box_h = 13, .ofs_x = 1, .ofs_y = -1},
    {.bitmap_index = 28996, .adv_w = 224, .box_w = 14, .box_h = 13, .ofs_x = 0, .ofs_y = -1},
    {.bitmap_index = 29019, .adv_w = 224, .box_w = 13, .box_h = 13, .ofs_x = 1, .ofs_y = -1},
    {.bitmap_index = 29041, .adv_w = 224, .box_w = 13, .box_h = 13, .ofs_x = 0, .ofs_y = -1},
    {.bitmap_index = 29063, .adv_w = 224, .box_w = 13, .box_h = 13, .ofs_x = 1, .ofs_y = -1},
    {.bitmap_index = 29085, .adv_w = 224, .box_w = 13, .box_h = 13, .ofs_x = 0, .ofs_y = -1},
    {.bitmap_index = 29107, .adv_w = 224, .box_w = 14, .box_h = 13, .ofs_x = 0, .ofs_y = -1},
    {.bitmap_index = 29130, .adv_w = 224, .box_w = 12, .box_h = 13, .ofs_x = 1, .ofs_y = -1},
    {.bitmap_index = 29150, .adv_w = 224, .box_w = 13, .box_h = 13, .ofs_x = 0, .ofs_y = -1},
    {.bitmap_index = 29172, .adv_w = 224, .box_w = 13, .box_h = 13, .ofs_x = 0, .ofs_y = -1},
    {.bitmap_index = 29194, .adv_w = 224, .box_w = 13, .box_h = 13, .ofs_x = 0, .ofs_y = -1},
    {.bitmap_index = 29216, .adv_w = 224, .box_w = 13, .box_h = 13, .ofs_x = 1, .ofs_y = -1},
    {.bitmap_index = 29238, .adv_w = 224, .box_w = 13, .box_h = 13, .ofs_x = 0, .ofs_y = -1},
    {.bitmap_index = 29260, .adv_w = 224, .box_w = 13, .box_h = 13, .ofs_x = 0, .ofs_y = -1},
    {.bitmap_index = 29282, .adv_w = 224, .box_w = 14, .box_h = 13, .ofs_x = 0, .ofs_y = -1},
    {.bitmap_index = 29305, .adv_w = 224, .box_w = 13, .box_h = 13, .ofs_x = 1, .ofs_y = -1},
    {.bitmap_index = 29327, .adv_w = 224, .box_w = 14, .box_h = 14, .ofs_x = 0, .ofs_y = -2},
    {.bitmap_index = 29352, .adv_w = 224, .box_w = 12, .box_h = 13, .ofs_x = 1, .ofs_y = -1},
    {.bitmap_index = 29372, .adv_w = 224, .box_w = 13, .box_h = 13, .ofs_x = 1, .ofs_y = -1},
    {.bitmap_index = 29394, .adv_w = 224, .box_w = 13, .box_h = 13, .ofs_x = 1, .ofs_y = -1},
    {.bitmap_index = 29416, .adv_w = 224, .box_w = 13, .box_h = 13, .ofs_x = 1, .ofs_y = -1},
    {.bitmap_index = 29438, .adv_w = 224, .box_w = 13, .box_h = 13, .ofs_x = 1, .ofs_y = -1},
    {.bitmap_index = 29460, .adv_w = 224, .box_w = 13, .box_h = 14, .ofs_x = 1, .ofs_y = -2},
    {.bitmap_index = 29483, .adv_w = 224, .box_w = 12, .box_h = 13, .ofs_x = 1, .ofs_y = -1},
    {.bitmap_index = 29503, .adv_w = 224, .box_w = 12, .box_h = 13, .ofs_x = 1, .ofs_y = -1},
    {.bitmap_index = 29523, .adv_w = 224, .box_w = 13, .box_h = 13, .ofs_x = 1, .ofs_y = -1},
    {.bitmap_index = 29545, .adv_w = 224, .box_w = 13, .box_h = 13, .ofs_x = 1, .ofs_y = -1},
    {.bitmap_index = 29567, .adv_w = 224, .box_w = 14, .box_h = 13, .ofs_x = 0, .ofs_y = -1},
    {.bitmap_index = 29590, .adv_w = 224, .box_w = 13, .box_h = 13, .ofs_x = 0, .ofs_y = -1},
    {.bitmap_index = 29612, .adv_w = 224, .box_w = 13, .box_h = 13, .ofs_x = 1, .ofs_y = -1},
    {.bitmap_index = 29634, .adv_w = 224, .box_w = 13, .box_h = 13, .ofs_x = 1, .ofs_y = -1},
    {.bitmap_index = 29656, .adv_w = 224, .box_w = 14, .box_h = 13, .ofs_x = 0, .ofs_y = -1},
    {.bitmap_index = 29679, .adv_w = 224, .box_w = 13, .box_h = 13, .ofs_x = 1, .ofs_y = -1},
    {.bitmap_index = 29701, .adv_w = 224, .box_w = 13, .box_h = 13, .ofs_x = 1, .ofs_y = -1},
    {.bitmap_index = 29723, .adv_w = 224, .box_w = 13, .box_h = 13, .ofs_x = 1, .ofs_y = -1},
    {.bitmap_index = 29745, .adv_w = 224, .box_w = 13, .box_h = 13, .ofs_x = 1, .ofs_y = -1},
    {.bitmap_index = 29767, .adv_w = 224, .box_w = 13, .box_h = 13, .ofs_x = 1, .ofs_y = -1},
    {.bitmap_index = 29789, .adv_w = 224, .box_w = 13, .box_h = 13, .ofs_x = 1, .ofs_y = -1},
    {.bitmap_index = 29811, .adv_w = 224, .box_w = 13, .box_h = 13, .ofs_x = 1, .ofs_y = -1},
    {.bitmap_index = 29833, .adv_w = 224, .box_w = 13, .box_h = 13, .ofs_x = 0, .ofs_y = -1},
    {.bitmap_index = 29855, .adv_w = 224, .box_w = 13, .box_h = 13, .ofs_x = 1, .ofs_y = -1},
    {.bitmap_index = 29877, .adv_w = 224, .box_w = 12, .box_h = 13, .ofs_x = 1, .ofs_y = -1},
    {.bitmap_index = 29897, .adv_w = 224, .box_w = 13, .box_h = 13, .ofs_x = 0, .ofs_y = -1},
    {.bitmap_index = 29919, .adv_w = 224, .box_w = 12, .box_h = 13, .ofs_x = 1, .ofs_y = -1},
    {.bitmap_index = 29939, .adv_w = 224, .box_w = 13, .box_h = 13, .ofs_x = 1, .ofs_y = -1},
    {.bitmap_index = 29961, .adv_w = 224, .box_w = 13, .box_h = 13, .ofs_x = 0, .ofs_y = -1},
    {.bitmap_index = 29983, .adv_w = 224, .box_w = 13, .box_h = 12, .ofs_x = 0, .ofs_y = -1},
    {.bitmap_index = 30003, .adv_w = 224, .box_w = 12, .box_h = 13, .ofs_x = 1, .ofs_y = -1},
    {.bitmap_index = 30023, .adv_w = 224, .box_w = 12, .box_h = 13, .ofs_x = 1, .ofs_y = -1},
    {.bitmap_index = 30043, .adv_w = 224, .box_w = 13, .box_h = 13, .ofs_x = 1, .ofs_y = -1},
    {.bitmap_index = 30065, .adv_w = 224, .box_w = 12, .box_h = 13, .ofs_x = 1, .ofs_y = -1},
    {.bitmap_index = 30085, .adv_w = 224, .box_w = 13, .box_h = 13, .ofs_x = 0, .ofs_y = -1},
    {.bitmap_index = 30107, .adv_w = 224, .box_w = 12, .box_h = 13, .ofs_x = 1, .ofs_y = -1},
    {.bitmap_index = 30127, .adv_w = 224, .box_w = 13, .box_h = 12, .ofs_x = 0, .ofs_y = -1},
    {.bitmap_index = 30147, .adv_w = 224, .box_w = 13, .box_h = 13, .ofs_x = 0, .ofs_y = -1},
    {.bitmap_index = 30169, .adv_w = 224, .box_w = 12, .box_h = 12, .ofs_x = 1, .ofs_y = -1},
    {.bitmap_index = 30187, .adv_w = 224, .box_w = 13, .box_h = 12, .ofs_x = 0, .ofs_y = -1},
    {.bitmap_index = 30207, .adv_w = 224, .box_w = 13, .box_h = 12, .ofs_x = 1, .ofs_y = -1},
    {.bitmap_index = 30227, .adv_w = 224, .box_w = 13, .box_h = 12, .ofs_x = 0, .ofs_y = -1},
    {.bitmap_index = 30247, .adv_w = 224, .box_w = 13, .box_h = 12, .ofs_x = 1, .ofs_y = -1},
    {.bitmap_index = 30267, .adv_w = 224, .box_w = 12, .box_h = 12, .ofs_x = 1, .ofs_y = -1},
    {.bitmap_index = 30285, .adv_w = 224, .box_w = 9, .box_h = 12, .ofs_x = 3, .ofs_y = -1},
    {.bitmap_index = 30299, .adv_w = 224, .box_w = 12, .box_h = 11, .ofs_x = 1, .ofs_y = 0},
    {.bitmap_index = 30316, .adv_w = 224, .box_w = 11, .box_h = 12, .ofs_x = 2, .ofs_y = -1},
    {.bitmap_index = 30333, .adv_w = 224, .box_w = 11, .box_h = 13, .ofs_x = 2, .ofs_y = -1},
    {.bitmap_index = 30351, .adv_w = 224, .box_w = 13, .box_h = 12, .ofs_x = 1, .ofs_y = -1},
    {.bitmap_index = 30371, .adv_w = 224, .box_w = 13, .box_h = 13, .ofs_x = 0, .ofs_y = -1},
    {.bitmap_index = 30393, .adv_w = 224, .box_w = 12, .box_h = 13, .ofs_x = 1, .ofs_y = -1},
    {.bitmap_index = 30413, .adv_w = 224, .box_w = 13, .box_h = 12, .ofs_x = 0, .ofs_y = -1},
    {.bitmap_index = 30433, .adv_w = 224, .box_w = 12, .box_h = 13, .ofs_x = 1, .ofs_y = -1},
    {.bitmap_index = 30453, .adv_w = 224, .box_w = 12, .box_h = 13, .ofs_x = 1, .ofs_y = -1},
    {.bitmap_index = 30473, .adv_w = 224, .box_w = 13, .box_h = 12, .ofs_x = 1, .ofs_y = -1},
    {.bitmap_index = 30493, .adv_w = 224, .box_w = 12, .box_h = 12, .ofs_x = 1, .ofs_y = -1},
    {.bitmap_index = 30511, .adv_w = 224, .box_w = 12, .box_h = 12, .ofs_x = 1, .ofs_y = -1},
    {.bitmap_index = 30529, .adv_w = 224, .box_w = 10, .box_h = 12, .ofs_x = 2, .ofs_y = -1},
    {.bitmap_index = 30544, .adv_w = 224, .box_w = 12, .box_h = 12, .ofs_x = 1, .ofs_y = -1},
    {.bitmap_index = 30562, .adv_w = 224, .box_w = 12, .box_h = 13, .ofs_x = 1, .ofs_y = -1},
    {.bitmap_index = 30582, .adv_w = 224, .box_w = 12, .box_h = 12, .ofs_x = 1, .ofs_y = -1},
    {.bitmap_index = 30600, .adv_w = 224, .box_w = 12, .box_h = 13, .ofs_x = 1, .ofs_y = -1},
    {.bitmap_index = 30620, .adv_w = 224, .box_w = 13, .box_h = 13, .ofs_x = 0, .ofs_y = -2},
    {.bitmap_index = 30642, .adv_w = 224, .box_w = 12, .box_h = 12, .ofs_x = 1, .ofs_y = -1},
    {.bitmap_index = 30660, .adv_w = 224, .box_w = 13, .box_h = 13, .ofs_x = 1, .ofs_y = -1},
    {.bitmap_index = 30682, .adv_w = 224, .box_w = 13, .box_h = 13, .ofs_x = 0, .ofs_y = -1},
    {.bitmap_index = 30704, .adv_w = 224, .box_w = 13, .box_h = 13, .ofs_x = 1, .ofs_y = -1},
    {.bitmap_index = 30726, .adv_w = 224, .box_w = 12, .box_h = 13, .ofs_x = 1, .ofs_y = -1},
    {.bitmap_index = 30746, .adv_w = 224, .box_w = 12, .box_h = 12, .ofs_x = 1, .ofs_y = -1},
    {.bitmap_index = 30764, .adv_w = 224, .box_w = 12, .box_h = 12, .ofs_x = 1, .ofs_y = -1},
    {.bitmap_index = 30782, .adv_w = 224, .box_w = 13, .box_h = 12, .ofs_x = 1, .ofs_y = -1},
    {.bitmap_index = 30802, .adv_w = 224, .box_w = 14, .box_h = 12, .ofs_x = 0, .ofs_y = -1},
    {.bitmap_index = 30823, .adv_w = 224, .box_w = 13, .box_h = 11, .ofs_x = 0, .ofs_y = 0},
    {.bitmap_index = 30841, .adv_w = 224, .box_w = 12, .box_h = 12, .ofs_x = 1, .ofs_y = -1},
    {.bitmap_index = 30859, .adv_w = 224, .box_w = 12, .box_h = 12, .ofs_x = 1, .ofs_y = -1},
    {.bitmap_index = 30877, .adv_w = 224, .box_w = 12, .box_h = 13, .ofs_x = 1, .ofs_y = -1},
    {.bitmap_index = 30897, .adv_w = 224, .box_w = 12, .box_h = 12, .ofs_x = 1, .ofs_y = -1},
    {.bitmap_index = 30915, .adv_w = 224, .box_w = 13, .box_h = 13, .ofs_x = 1, .ofs_y = -1},
    {.bitmap_index = 30937, .adv_w = 224, .box_w = 13, .box_h = 12, .ofs_x = 1, .ofs_y = -1},
    {.bitmap_index = 30957, .adv_w = 224, .box_w = 13, .box_h = 13, .ofs_x = 1, .ofs_y = -1},
    {.bitmap_index = 30979, .adv_w = 224, .box_w = 12, .box_h = 12, .ofs_x = 1, .ofs_y = -1},
    {.bitmap_index = 30997, .adv_w = 224, .box_w = 12, .box_h = 13, .ofs_x = 1, .ofs_y = -1},
    {.bitmap_index = 31017, .adv_w = 224, .box_w = 13, .box_h = 12, .ofs_x = 1, .ofs_y = -1},
    {.bitmap_index = 31037, .adv_w = 224, .box_w = 13, .box_h = 13, .ofs_x = 1, .ofs_y = -1},
    {.bitmap_index = 31059, .adv_w = 224, .box_w = 12, .box_h = 12, .ofs_x = 1, .ofs_y = -1},
    {.bitmap_index = 31077, .adv_w = 224, .box_w = 12, .box_h = 13, .ofs_x = 1, .ofs_y = -1},
    {.bitmap_index = 31097, .adv_w = 224, .box_w = 13, .box_h = 13, .ofs_x = 1, .ofs_y = -1},
    {.bitmap_index = 31119, .adv_w = 224, .box_w = 12, .box_h = 12, .ofs_x = 1, .ofs_y = -1},
    {.bitmap_index = 31137, .adv_w = 224, .box_w = 11, .box_h = 13, .ofs_x = 1, .ofs_y = -1},
    {.bitmap_index = 31155, .adv_w = 224, .box_w = 12, .box_h = 13, .ofs_x = 1, .ofs_y = -1},
    {.bitmap_index = 31175, .adv_w = 224, .box_w = 13, .box_h = 13, .ofs_x = 0, .ofs_y = -1},
    {.bitmap_index = 31197, .adv_w = 224, .box_w = 12, .box_h = 12, .ofs_x = 1, .ofs_y = -1},
    {.bitmap_index = 31215, .adv_w = 224, .box_w = 12, .box_h = 12, .ofs_x = 1, .ofs_y = -1},
    {.bitmap_index = 31233, .adv_w = 224, .box_w = 13, .box_h = 13, .ofs_x = 1, .ofs_y = -1},
    {.bitmap_index = 31255, .adv_w = 224, .box_w = 13, .box_h = 13, .ofs_x = 1, .ofs_y = -1},
    {.bitmap_index = 31277, .adv_w = 224, .box_w = 13, .box_h = 13, .ofs_x = 0, .ofs_y = -1},
    {.bitmap_index = 31299, .adv_w = 224, .box_w = 12, .box_h = 12, .ofs_x = 1, .ofs_y = -1},
    {.bitmap_index = 31317, .adv_w = 224, .box_w = 13, .box_h = 12, .ofs_x = 1, .ofs_y = -1},
    {.bitmap_index = 31337, .adv_w = 224, .box_w = 11, .box_h = 13, .ofs_x = 1, .ofs_y = -1},
    {.bitmap_index = 31355, .adv_w = 224, .box_w = 12, .box_h = 12, .ofs_x = 1, .ofs_y = -1},
    {.bitmap_index = 31373, .adv_w = 224, .box_w = 12, .box_h = 13, .ofs_x = 1, .ofs_y = -1},
    {.bitmap_index = 31393, .adv_w = 224, .box_w = 13, .box_h = 13, .ofs_x = 0, .ofs_y = -2},
    {.bitmap_index = 31415, .adv_w = 224, .box_w = 11, .box_h = 13, .ofs_x = 2, .ofs_y = -1},
    {.bitmap_index = 31433, .adv_w = 224, .box_w = 13, .box_h = 13, .ofs_x = 1, .ofs_y = -1},
    {.bitmap_index = 31455, .adv_w = 224, .box_w = 13, .box_h = 12, .ofs_x = 0, .ofs_y = -1},
    {.bitmap_index = 31475, .adv_w = 224, .box_w = 11, .box_h = 12, .ofs_x = 1, .ofs_y = -1},
    {.bitmap_index = 31492, .adv_w = 224, .box_w = 12, .box_h = 13, .ofs_x = 1, .ofs_y = -1},
    {.bitmap_index = 31512, .adv_w = 224, .box_w = 12, .box_h = 12, .ofs_x = 1, .ofs_y = -1},
    {.bitmap_index = 31530, .adv_w = 224, .box_w = 13, .box_h = 12, .ofs_x = 0, .ofs_y = -1},
    {.bitmap_index = 31550, .adv_w = 224, .box_w = 12, .box_h = 13, .ofs_x = 0, .ofs_y = -1},
    {.bitmap_index = 31570, .adv_w = 224, .box_w = 12, .box_h = 12, .ofs_x = 1, .ofs_y = -1},
    {.bitmap_index = 31588, .adv_w = 224, .box_w = 12, .box_h = 13, .ofs_x = 1, .ofs_y = -1},
    {.bitmap_index = 31608, .adv_w = 224, .box_w = 12, .box_h = 13, .ofs_x = 0, .ofs_y = -1},
    {.bitmap_index = 31628, .adv_w = 224, .box_w = 13, .box_h = 13, .ofs_x = 0, .ofs_y = -1},
    {.bitmap_index = 31650, .adv_w = 224, .box_w = 13, .box_h = 13, .ofs_x = 0, .ofs_y = -1},
    {.bitmap_index = 31672, .adv_w = 224, .box_w = 12, .box_h = 13, .ofs_x = 1, .ofs_y = -1},
    {.bitmap_index = 31692, .adv_w = 224, .box_w = 12, .box_h = 13, .ofs_x = 1, .ofs_y = -1},
    {.bitmap_index = 31712, .adv_w = 224, .box_w = 12, .box_h = 13, .ofs_x = 1, .ofs_y = -1},
    {.bitmap_index = 31732, .adv_w = 224, .box_w = 12, .box_h = 13, .ofs_x = 1, .ofs_y = -1},
    {.bitmap_index = 31752, .adv_w = 224, .box_w = 12, .box_h = 13, .ofs_x = 1, .ofs_y = -1},
    {.bitmap_index = 31772, .adv_w = 224, .box_w = 13, .box_h = 13, .ofs_x = 1, .ofs_y = -1},
    {.bitmap_index = 31794, .adv_w = 224, .box_w = 12, .box_h = 12, .ofs_x = 1, .ofs_y = -1},
    {.bitmap_index = 31812, .adv_w = 224, .box_w = 13, .box_h = 13, .ofs_x = 1, .ofs_y = -1},
    {.bitmap_index = 31834, .adv_w = 224, .box_w = 13, .box_h = 13, .ofs_x = 1, .ofs_y = -1},
    {.bitmap_index = 31856, .adv_w = 224, .box_w = 12, .box_h = 13, .ofs_x = 1, .ofs_y = -1},
    {.bitmap_index = 31876, .adv_w = 224, .box_w = 12, .box_h = 13, .ofs_x = 1, .ofs_y = -1},
    {.bitmap_index = 31896, .adv_w = 224, .box_w = 13, .box_h = 13, .ofs_x = 1, .ofs_y = -1},
    {.bitmap_index = 31918, .adv_w = 224, .box_w = 12, .box_h = 13, .ofs_x = 1, .ofs_y = -1},
    {.bitmap_index = 31938, .adv_w = 224, .box_w = 13, .box_h = 13, .ofs_x = 1, .ofs_y = -1},
    {.bitmap_index = 31960, .adv_w = 224, .box_w = 13, .box_h = 13, .ofs_x = 1, .ofs_y = -1},
    {.bitmap_index = 31982, .adv_w = 224, .box_w = 12, .box_h = 13, .ofs_x = 1, .ofs_y = -1},
    {.bitmap_index = 32002, .adv_w = 224, .box_w = 12, .box_h = 13, .ofs_x = 1, .ofs_y = -1},
    {.bitmap_index = 32022, .adv_w = 224, .box_w = 12, .box_h = 13, .ofs_x = 1, .ofs_y = -1},
    {.bitmap_index = 32042, .adv_w = 224, .box_w = 13, .box_h = 13, .ofs_x = 1, .ofs_y = -1},
    {.bitmap_index = 32064, .adv_w = 224, .box_w = 12, .box_h = 13, .ofs_x = 1, .ofs_y = -1},
    {.bitmap_index = 32084, .adv_w = 224, .box_w = 13, .box_h = 13, .ofs_x = 1, .ofs_y = -1},
    {.bitmap_index = 32106, .adv_w = 224, .box_w = 14, .box_h = 13, .ofs_x = 0, .ofs_y = -1},
    {.bitmap_index = 32129, .adv_w = 224, .box_w = 12, .box_h = 13, .ofs_x = 1, .ofs_y = -1},
    {.bitmap_index = 32149, .adv_w = 224, .box_w = 14, .box_h = 13, .ofs_x = 0, .ofs_y = -1},
    {.bitmap_index = 32172, .adv_w = 224, .box_w = 12, .box_h = 13, .ofs_x = 1, .ofs_y = -1},
    {.bitmap_index = 32192, .adv_w = 224, .box_w = 13, .box_h = 13, .ofs_x = 0, .ofs_y = -1},
    {.bitmap_index = 32214, .adv_w = 224, .box_w = 13, .box_h = 13, .ofs_x = 1, .ofs_y = -1},
    {.bitmap_index = 32236, .adv_w = 224, .box_w = 13, .box_h = 13, .ofs_x = 1, .ofs_y = -1},
    {.bitmap_index = 32258, .adv_w = 224, .box_w = 12, .box_h = 13, .ofs_x = 1, .ofs_y = -1},
    {.bitmap_index = 32278, .adv_w = 224, .box_w = 13, .box_h = 13, .ofs_x = 1, .ofs_y = -1},
    {.bitmap_index = 32300, .adv_w = 224, .box_w = 13, .box_h = 13, .ofs_x = 1, .ofs_y = -1},
    {.bitmap_index = 32322, .adv_w = 224, .box_w = 13, .box_h = 13, .ofs_x = 1, .ofs_y = -1},
    {.bitmap_index = 32344, .adv_w = 224, .box_w = 12, .box_h = 13, .ofs_x = 1, .ofs_y = -1},
    {.bitmap_index = 32364, .adv_w = 224, .box_w = 13, .box_h = 13, .ofs_x = 1, .ofs_y = -1},
    {.bitmap_index = 32386, .adv_w = 224, .box_w = 12, .box_h = 13, .ofs_x = 1, .ofs_y = -1},
    {.bitmap_index = 32406, .adv_w = 224, .box_w = 13, .box_h = 13, .ofs_x = 0, .ofs_y = -1},
    {.bitmap_index = 32428, .adv_w = 224, .box_w = 13, .box_h = 13, .ofs_x = 1, .ofs_y = -1},
    {.bitmap_index = 32450, .adv_w = 224, .box_w = 13, .box_h = 13, .ofs_x = 1, .ofs_y = -1},
    {.bitmap_index = 32472, .adv_w = 224, .box_w = 12, .box_h = 12, .ofs_x = 1, .ofs_y = -1},
    {.bitmap_index = 32490, .adv_w = 224, .box_w = 13, .box_h = 13, .ofs_x = 1, .ofs_y = -1},
    {.bitmap_index = 32512, .adv_w = 224, .box_w = 12, .box_h = 13, .ofs_x = 1, .ofs_y = -1},
    {.bitmap_index = 32532, .adv_w = 224, .box_w = 12, .box_h = 12, .ofs_x = 1, .ofs_y = 0},
    {.bitmap_index = 32550, .adv_w = 224, .box_w = 13, .box_h = 13, .ofs_x = 1, .ofs_y = -1},
    {.bitmap_index = 32572, .adv_w = 224, .box_w = 12, .box_h = 13, .ofs_x = 1, .ofs_y = -1},
    {.bitmap_index = 32592, .adv_w = 224, .box_w = 13, .box_h = 13, .ofs_x = 1, .ofs_y = -1},
    {.bitmap_index = 32614, .adv_w = 224, .box_w = 13, .box_h = 13, .ofs_x = 1, .ofs_y = -1},
    {.bitmap_index = 32636, .adv_w = 224, .box_w = 12, .box_h = 13, .ofs_x = 1, .ofs_y = -1},
    {.bitmap_index = 32656, .adv_w = 224, .box_w = 12, .box_h = 13, .ofs_x = 1, .ofs_y = -1},
    {.bitmap_index = 32676, .adv_w = 224, .box_w = 12, .box_h = 13, .ofs_x = 0, .ofs_y = -1},
    {.bitmap_index = 32696, .adv_w = 224, .box_w = 12, .box_h = 13, .ofs_x = 1, .ofs_y = -1},
    {.bitmap_index = 32716, .adv_w = 224, .box_w = 12, .box_h = 13, .ofs_x = 1, .ofs_y = -1},
    {.bitmap_index = 32736, .adv_w = 224, .box_w = 12, .box_h = 13, .ofs_x = 1, .ofs_y = -1},
    {.bitmap_index = 32756, .adv_w = 224, .box_w = 12, .box_h = 13, .ofs_x = 1, .ofs_y = -1},
    {.bitmap_index = 32776, .adv_w = 224, .box_w = 12, .box_h = 12, .ofs_x = 1, .ofs_y = -1},
    {.bitmap_index = 32794, .adv_w = 224, .box_w = 12, .box_h = 13, .ofs_x = 1, .ofs_y = -1},
    {.bitmap_index = 32814, .adv_w = 224, .box_w = 12, .box_h = 13, .ofs_x = 1, .ofs_y = -1},
    {.bitmap_index = 32834, .adv_w = 224, .box_w = 12, .box_h = 13, .ofs_x = 1, .ofs_y = -1},
    {.bitmap_index = 32854, .adv_w = 224, .box_w = 12, .box_h = 13, .ofs_x = 1, .ofs_y = -1},
    {.bitmap_index = 32874, .adv_w = 224, .box_w = 12, .box_h = 13, .ofs_x = 1, .ofs_y = -1},
    {.bitmap_index = 32894, .adv_w = 224, .box_w = 12, .box_h = 13, .ofs_x = 1, .ofs_y = -1},
    {.bitmap_index = 32914, .adv_w = 224, .box_w = 12, .box_h = 13, .ofs_x = 1, .ofs_y = -1},
    {.bitmap_index = 32934, .adv_w = 224, .box_w = 13, .box_h = 13, .ofs_x = 0, .ofs_y = -1},
    {.bitmap_index = 32956, .adv_w = 224, .box_w = 13, .box_h = 13, .ofs_x = 0, .ofs_y = -1},
    {.bitmap_index = 32978, .adv_w = 224, .box_w = 12, .box_h = 13, .ofs_x = 1, .ofs_y = -1},
    {.bitmap_index = 32998, .adv_w = 224, .box_w = 13, .box_h = 13, .ofs_x = 1, .ofs_y = -1},
    {.bitmap_index = 33020, .adv_w = 224, .box_w = 12, .box_h = 13, .ofs_x = 1, .ofs_y = -1},
    {.bitmap_index = 33040, .adv_w = 224, .box_w = 12, .box_h = 13, .ofs_x = 1, .ofs_y = -1},
    {.bitmap_index = 33060, .adv_w = 224, .box_w = 13, .box_h = 13, .ofs_x = 0, .ofs_y = -1},
    {.bitmap_index = 33082, .adv_w = 224, .box_w = 12, .box_h = 13, .ofs_x = 1, .ofs_y = -1},
    {.bitmap_index = 33102, .adv_w = 224, .box_w = 12, .box_h = 13, .ofs_x = 1, .ofs_y = -1},
    {.bitmap_index = 33122, .adv_w = 224, .box_w = 12, .box_h = 12, .ofs_x = 1, .ofs_y = -1},
    {.bitmap_index = 33140, .adv_w = 224, .box_w = 12, .box_h = 13, .ofs_x = 1, .ofs_y = -1},
    {.bitmap_index = 33160, .adv_w = 224, .box_w = 13, .box_h = 13, .ofs_x = 1, .ofs_y = -1},
    {.bitmap_index = 33182, .adv_w = 224, .box_w = 13, .box_h = 13, .ofs_x = 1, .ofs_y = -1},
    {.bitmap_index = 33204, .adv_w = 224, .box_w = 12, .box_h = 13, .ofs_x = 1, .ofs_y = -1},
    {.bitmap_index = 33224, .adv_w = 224, .box_w = 13, .box_h = 13, .ofs_x = 1, .ofs_y = -1},
    {.bitmap_index = 33246, .adv_w = 224, .box_w = 13, .box_h = 13, .ofs_x = 1, .ofs_y = -1},
    {.bitmap_index = 33268, .adv_w = 224, .box_w = 13, .box_h = 13, .ofs_x = 0, .ofs_y = -1},
    {.bitmap_index = 33290, .adv_w = 224, .box_w = 13, .box_h = 13, .ofs_x = 1, .ofs_y = -1},
    {.bitmap_index = 33312, .adv_w = 224, .box_w = 13, .box_h = 13, .ofs_x = 1, .ofs_y = -1},
    {.bitmap_index = 33334, .adv_w = 224, .box_w = 13, .box_h = 13, .ofs_x = 1, .ofs_y = -1},
    {.bitmap_index = 33356, .adv_w = 224, .box_w = 13, .box_h = 13, .ofs_x = 0, .ofs_y = -1},
    {.bitmap_index = 33378, .adv_w = 224, .box_w = 13, .box_h = 13, .ofs_x = 0, .ofs_y = -1},
    {.bitmap_index = 33400, .adv_w = 224, .box_w = 13, .box_h = 13, .ofs_x = 0, .ofs_y = -1},
    {.bitmap_index = 33422, .adv_w = 224, .box_w = 13, .box_h = 13, .ofs_x = 0, .ofs_y = -1},
    {.bitmap_index = 33444, .adv_w = 224, .box_w = 12, .box_h = 12, .ofs_x = 1, .ofs_y = -1},
    {.bitmap_index = 33462, .adv_w = 224, .box_w = 12, .box_h = 13, .ofs_x = 1, .ofs_y = -1},
    {.bitmap_index = 33482, .adv_w = 224, .box_w = 13, .box_h = 13, .ofs_x = 0, .ofs_y = -1},
    {.bitmap_index = 33504, .adv_w = 224, .box_w = 13, .box_h = 13, .ofs_x = 1, .ofs_y = -1},
    {.bitmap_index = 33526, .adv_w = 224, .box_w = 12, .box_h = 13, .ofs_x = 1, .ofs_y = -1},
    {.bitmap_index = 33546, .adv_w = 224, .box_w = 12, .box_h = 13, .ofs_x = 1, .ofs_y = -1},
    {.bitmap_index = 33566, .adv_w = 224, .box_w = 12, .box_h = 13, .ofs_x = 1, .ofs_y = -1},
    {.bitmap_index = 33586, .adv_w = 224, .box_w = 12, .box_h = 13, .ofs_x = 1, .ofs_y = -1},
    {.bitmap_index = 33606, .adv_w = 224, .box_w = 12, .box_h = 13, .ofs_x = 1, .ofs_y = -1},
    {.bitmap_index = 33626, .adv_w = 224, .box_w = 13, .box_h = 13, .ofs_x = 1, .ofs_y = -1},
    {.bitmap_index = 33648, .adv_w = 224, .box_w = 13, .box_h = 13, .ofs_x = 1, .ofs_y = -1},
    {.bitmap_index = 33670, .adv_w = 224, .box_w = 13, .box_h = 13, .ofs_x = 1, .ofs_y = -1},
    {.bitmap_index = 33692, .adv_w = 224, .box_w = 13, .box_h = 13, .ofs_x = 1, .ofs_y = -1},
    {.bitmap_index = 33714, .adv_w = 224, .box_w = 13, .box_h = 13, .ofs_x = 0, .ofs_y = -1},
    {.bitmap_index = 33736, .adv_w = 224, .box_w = 12, .box_h = 13, .ofs_x = 1, .ofs_y = -1},
    {.bitmap_index = 33756, .adv_w = 224, .box_w = 13, .box_h = 13, .ofs_x = 1, .ofs_y = -1},
    {.bitmap_index = 33778, .adv_w = 224, .box_w = 12, .box_h = 13, .ofs_x = 1, .ofs_y = -1},
    {.bitmap_index = 33798, .adv_w = 224, .box_w = 13, .box_h = 13, .ofs_x = 0, .ofs_y = -1},
    {.bitmap_index = 33820, .adv_w = 224, .box_w = 13, .box_h = 13, .ofs_x = 1, .ofs_y = -1},
    {.bitmap_index = 33842, .adv_w = 224, .box_w = 13, .box_h = 13, .ofs_x = 1, .ofs_y = -1},
    {.bitmap_index = 33864, .adv_w = 224, .box_w = 12, .box_h = 13, .ofs_x = 1, .ofs_y = -1},
    {.bitmap_index = 33884, .adv_w = 224, .box_w = 14, .box_h = 13, .ofs_x = 0, .ofs_y = -1},
    {.bitmap_index = 33907, .adv_w = 224, .box_w = 13, .box_h = 13, .ofs_x = 0, .ofs_y = -1},
    {.bitmap_index = 33929, .adv_w = 224, .box_w = 12, .box_h = 13, .ofs_x = 1, .ofs_y = -1},
    {.bitmap_index = 33949, .adv_w = 224, .box_w = 12, .box_h = 13, .ofs_x = 1, .ofs_y = -1},
    {.bitmap_index = 33969, .adv_w = 224, .box_w = 13, .box_h = 13, .ofs_x = 1, .ofs_y = -1},
    {.bitmap_index = 33991, .adv_w = 224, .box_w = 12, .box_h = 13, .ofs_x = 1, .ofs_y = -1},
    {.bitmap_index = 34011, .adv_w = 224, .box_w = 12, .box_h = 13, .ofs_x = 1, .ofs_y = -1},
    {.bitmap_index = 34031, .adv_w = 224, .box_w = 13, .box_h = 13, .ofs_x = 1, .ofs_y = -1},
    {.bitmap_index = 34053, .adv_w = 224, .box_w = 13, .box_h = 13, .ofs_x = 1, .ofs_y = -1},
    {.bitmap_index = 34075, .adv_w = 224, .box_w = 13, .box_h = 13, .ofs_x = 1, .ofs_y = -1},
    {.bitmap_index = 34097, .adv_w = 224, .box_w = 12, .box_h = 13, .ofs_x = 1, .ofs_y = -1},
    {.bitmap_index = 34117, .adv_w = 224, .box_w = 12, .box_h = 13, .ofs_x = 1, .ofs_y = -1},
    {.bitmap_index = 34137, .adv_w = 224, .box_w = 12, .box_h = 13, .ofs_x = 1, .ofs_y = -1},
    {.bitmap_index = 34157, .adv_w = 224, .box_w = 12, .box_h = 13, .ofs_x = 1, .ofs_y = -1},
    {.bitmap_index = 34177, .adv_w = 224, .box_w = 13, .box_h = 13, .ofs_x = 1, .ofs_y = -1},
    {.bitmap_index = 34199, .adv_w = 224, .box_w = 12, .box_h = 13, .ofs_x = 1, .ofs_y = -1},
    {.bitmap_index = 34219, .adv_w = 224, .box_w = 13, .box_h = 13, .ofs_x = 0, .ofs_y = -1},
    {.bitmap_index = 34241, .adv_w = 224, .box_w = 13, .box_h = 13, .ofs_x = 1, .ofs_y = -1},
    {.bitmap_index = 34263, .adv_w = 224, .box_w = 12, .box_h = 13, .ofs_x = 1, .ofs_y = -1},
    {.bitmap_index = 34283, .adv_w = 224, .box_w = 14, .box_h = 13, .ofs_x = 0, .ofs_y = -1},
    {.bitmap_index = 34306, .adv_w = 224, .box_w = 13, .box_h = 13, .ofs_x = 0, .ofs_y = -1},
    {.bitmap_index = 34328, .adv_w = 224, .box_w = 12, .box_h = 13, .ofs_x = 1, .ofs_y = -1},
    {.bitmap_index = 34348, .adv_w = 224, .box_w = 13, .box_h = 13, .ofs_x = 1, .ofs_y = -1},
    {.bitmap_index = 34370, .adv_w = 224, .box_w = 13, .box_h = 13, .ofs_x = 1, .ofs_y = -1},
    {.bitmap_index = 34392, .adv_w = 224, .box_w = 14, .box_h = 13, .ofs_x = 0, .ofs_y = -1},
    {.bitmap_index = 34415, .adv_w = 224, .box_w = 12, .box_h = 13, .ofs_x = 1, .ofs_y = -1},
    {.bitmap_index = 34435, .adv_w = 224, .box_w = 13, .box_h = 13, .ofs_x = 1, .ofs_y = -1},
    {.bitmap_index = 34457, .adv_w = 224, .box_w = 13, .box_h = 13, .ofs_x = 0, .ofs_y = -1},
    {.bitmap_index = 34479, .adv_w = 224, .box_w = 12, .box_h = 13, .ofs_x = 1, .ofs_y = -1},
    {.bitmap_index = 34499, .adv_w = 224, .box_w = 13, .box_h = 13, .ofs_x = 1, .ofs_y = -1},
    {.bitmap_index = 34521, .adv_w = 224, .box_w = 13, .box_h = 13, .ofs_x = 1, .ofs_y = -1},
    {.bitmap_index = 34543, .adv_w = 224, .box_w = 13, .box_h = 13, .ofs_x = 1, .ofs_y = -1},
    {.bitmap_index = 34565, .adv_w = 224, .box_w = 13, .box_h = 13, .ofs_x = 1, .ofs_y = -1},
    {.bitmap_index = 34587, .adv_w = 224, .box_w = 14, .box_h = 13, .ofs_x = 0, .ofs_y = -1},
    {.bitmap_index = 34610, .adv_w = 224, .box_w = 12, .box_h = 13, .ofs_x = 1, .ofs_y = -1},
    {.bitmap_index = 34630, .adv_w = 224, .box_w = 12, .box_h = 13, .ofs_x = 1, .ofs_y = -1},
    {.bitmap_index = 34650, .adv_w = 224, .box_w = 13, .box_h = 13, .ofs_x = 1, .ofs_y = -1},
    {.bitmap_index = 34672, .adv_w = 224, .box_w = 12, .box_h = 13, .ofs_x = 1, .ofs_y = -1},
    {.bitmap_index = 34692, .adv_w = 224, .box_w = 13, .box_h = 13, .ofs_x = 1, .ofs_y = -1},
    {.bitmap_index = 34714, .adv_w = 224, .box_w = 13, .box_h = 13, .ofs_x = 1, .ofs_y = -1},
    {.bitmap_index = 34736, .adv_w = 224, .box_w = 14, .box_h = 13, .ofs_x = 0, .ofs_y = -1},
    {.bitmap_index = 34759, .adv_w = 224, .box_w = 13, .box_h = 13, .ofs_x = 0, .ofs_y = -1},
    {.bitmap_index = 34781, .adv_w = 224, .box_w = 13, .box_h = 13, .ofs_x = 1, .ofs_y = -1},
    {.bitmap_index = 34803, .adv_w = 224, .box_w = 13, .box_h = 13, .ofs_x = 1, .ofs_y = -1},
    {.bitmap_index = 34825, .adv_w = 224, .box_w = 13, .box_h = 13, .ofs_x = 1, .ofs_y = -1},
    {.bitmap_index = 34847, .adv_w = 224, .box_w = 13, .box_h = 13, .ofs_x = 1, .ofs_y = -1},
    {.bitmap_index = 34869, .adv_w = 224, .box_w = 13, .box_h = 13, .ofs_x = 1, .ofs_y = -1},
    {.bitmap_index = 34891, .adv_w = 224, .box_w = 13, .box_h = 13, .ofs_x = 1, .ofs_y = -1},
    {.bitmap_index = 34913, .adv_w = 224, .box_w = 13, .box_h = 13, .ofs_x = 1, .ofs_y = -1},
    {.bitmap_index = 34935, .adv_w = 224, .box_w = 13, .box_h = 13, .ofs_x = 0, .ofs_y = -2},
    {.bitmap_index = 34957, .adv_w = 224, .box_w = 12, .box_h = 13, .ofs_x = 1, .ofs_y = -2},
    {.bitmap_index = 34977, .adv_w = 224, .box_w = 14, .box_h = 13, .ofs_x = 0, .ofs_y = -1},
    {.bitmap_index = 35000, .adv_w = 224, .box_w = 13, .box_h = 13, .ofs_x = 0, .ofs_y = -1},
    {.bitmap_index = 35022, .adv_w = 224, .box_w = 12, .box_h = 14, .ofs_x = 1, .ofs_y = -2},
    {.bitmap_index = 35043, .adv_w = 224, .box_w = 13, .box_h = 12, .ofs_x = 1, .ofs_y = -1},
    {.bitmap_index = 35063, .adv_w = 224, .box_w = 13, .box_h = 13, .ofs_x = 1, .ofs_y = -1},
    {.bitmap_index = 35085, .adv_w = 224, .box_w = 13, .box_h = 13, .ofs_x = 1, .ofs_y = -1},
    {.bitmap_index = 35107, .adv_w = 224, .box_w = 13, .box_h = 13, .ofs_x = 0, .ofs_y = -1},
    {.bitmap_index = 35129, .adv_w = 224, .box_w = 13, .box_h = 13, .ofs_x = 1, .ofs_y = -1},
    {.bitmap_index = 35151, .adv_w = 224, .box_w = 13, .box_h = 13, .ofs_x = 1, .ofs_y = -1},
    {.bitmap_index = 35173, .adv_w = 224, .box_w = 13, .box_h = 12, .ofs_x = 0, .ofs_y = 0},
    {.bitmap_index = 35193, .adv_w = 224, .box_w = 13, .box_h = 11, .ofs_x = 1, .ofs_y = 0},
    {.bitmap_index = 35211, .adv_w = 224, .box_w = 13, .box_h = 13, .ofs_x = 1, .ofs_y = -1},
    {.bitmap_index = 35233, .adv_w = 224, .box_w = 12, .box_h = 14, .ofs_x = 1, .ofs_y = -2},
    {.bitmap_index = 35254, .adv_w = 224, .box_w = 13, .box_h = 13, .ofs_x = 0, .ofs_y = -1},
    {.bitmap_index = 35276, .adv_w = 224, .box_w = 13, .box_h = 13, .ofs_x = 0, .ofs_y = -1},
    {.bitmap_index = 35298, .adv_w = 224, .box_w = 13, .box_h = 12, .ofs_x = 1, .ofs_y = -1},
    {.bitmap_index = 35318, .adv_w = 224, .box_w = 11, .box_h = 12, .ofs_x = 1, .ofs_y = -1},
    {.bitmap_index = 35335, .adv_w = 224, .box_w = 12, .box_h = 12, .ofs_x = 1, .ofs_y = -1},
    {.bitmap_index = 35353, .adv_w = 224, .box_w = 13, .box_h = 12, .ofs_x = 0, .ofs_y = -1},
    {.bitmap_index = 35373, .adv_w = 224, .box_w = 13, .box_h = 13, .ofs_x = 1, .ofs_y = -1},
    {.bitmap_index = 35395, .adv_w = 224, .box_w = 12, .box_h = 13, .ofs_x = 1, .ofs_y = -1},
    {.bitmap_index = 35415, .adv_w = 224, .box_w = 13, .box_h = 13, .ofs_x = 1, .ofs_y = -1},
    {.bitmap_index = 35437, .adv_w = 224, .box_w = 12, .box_h = 13, .ofs_x = 1, .ofs_y = -1},
    {.bitmap_index = 35457, .adv_w = 224, .box_w = 13, .box_h = 13, .ofs_x = 0, .ofs_y = -1},
    {.bitmap_index = 35479, .adv_w = 224, .box_w = 13, .box_h = 12, .ofs_x = 1, .ofs_y = -1},
    {.bitmap_index = 35499, .adv_w = 224, .box_w = 13, .box_h = 13, .ofs_x = 1, .ofs_y = -1},
    {.bitmap_index = 35521, .adv_w = 224, .box_w = 13, .box_h = 12, .ofs_x = 0, .ofs_y = -1},
    {.bitmap_index = 35541, .adv_w = 224, .box_w = 14, .box_h = 12, .ofs_x = 0, .ofs_y = -1},
    {.bitmap_index = 35562, .adv_w = 224, .box_w = 13, .box_h = 12, .ofs_x = 1, .ofs_y = -1},
    {.bitmap_index = 35582, .adv_w = 224, .box_w = 13, .box_h = 13, .ofs_x = 1, .ofs_y = -1},
    {.bitmap_index = 35604, .adv_w = 224, .box_w = 12, .box_h = 12, .ofs_x = 1, .ofs_y = -1},
    {.bitmap_index = 35622, .adv_w = 224, .box_w = 13, .box_h = 13, .ofs_x = 1, .ofs_y = -1},
    {.bitmap_index = 35644, .adv_w = 224, .box_w = 13, .box_h = 13, .ofs_x = 0, .ofs_y = -1},
    {.bitmap_index = 35666, .adv_w = 224, .box_w = 12, .box_h = 13, .ofs_x = 1, .ofs_y = -1},
    {.bitmap_index = 35686, .adv_w = 224, .box_w = 13, .box_h = 13, .ofs_x = 1, .ofs_y = -1},
    {.bitmap_index = 35708, .adv_w = 224, .box_w = 12, .box_h = 13, .ofs_x = 1, .ofs_y = -1},
    {.bitmap_index = 35728, .adv_w = 224, .box_w = 13, .box_h = 13, .ofs_x = 1, .ofs_y = -1},
    {.bitmap_index = 35750, .adv_w = 224, .box_w = 12, .box_h = 13, .ofs_x = 1, .ofs_y = -1},
    {.bitmap_index = 35770, .adv_w = 224, .box_w = 13, .box_h = 13, .ofs_x = 1, .ofs_y = -1},
    {.bitmap_index = 35792, .adv_w = 224, .box_w = 12, .box_h = 13, .ofs_x = 1, .ofs_y = -1},
    {.bitmap_index = 35812, .adv_w = 224, .box_w = 12, .box_h = 12, .ofs_x = 1, .ofs_y = -1},
    {.bitmap_index = 35830, .adv_w = 224, .box_w = 12, .box_h = 12, .ofs_x = 1, .ofs_y = -1},
    {.bitmap_index = 35848, .adv_w = 224, .box_w = 13, .box_h = 13, .ofs_x = 1, .ofs_y = -1},
    {.bitmap_index = 35870, .adv_w = 224, .box_w = 14, .box_h = 13, .ofs_x = 0, .ofs_y = -1},
    {.bitmap_index = 35893, .adv_w = 224, .box_w = 12, .box_h = 13, .ofs_x = 1, .ofs_y = -1},
    {.bitmap_index = 35913, .adv_w = 224, .box_w = 12, .box_h = 13, .ofs_x = 1, .ofs_y = -1},
    {.bitmap_index = 35933, .adv_w = 224, .box_w = 14, .box_h = 13, .ofs_x = 0, .ofs_y = -1},
    {.bitmap_index = 35956, .adv_w = 224, .box_w = 14, .box_h = 13, .ofs_x = 0, .ofs_y = -1},
    {.bitmap_index = 35979, .adv_w = 224, .box_w = 13, .box_h = 13, .ofs_x = 1, .ofs_y = -1},
    {.bitmap_index = 36001, .adv_w = 224, .box_w = 13, .box_h = 13, .ofs_x = 1, .ofs_y = -1},
    {.bitmap_index = 36023, .adv_w = 224, .box_w = 13, .box_h = 13, .ofs_x = 1, .ofs_y = -1},
    {.bitmap_index = 36045, .adv_w = 224, .box_w = 13, .box_h = 13, .ofs_x = 1, .ofs_y = -1},
    {.bitmap_index = 36067, .adv_w = 224, .box_w = 13, .box_h = 13, .ofs_x = 0, .ofs_y = -1},
    {.bitmap_index = 36089, .adv_w = 224, .box_w = 12, .box_h = 13, .ofs_x = 1, .ofs_y = -1},
    {.bitmap_index = 36109, .adv_w = 224, .box_w = 12, .box_h = 12, .ofs_x = 1, .ofs_y = 0},
    {.bitmap_index = 36127, .adv_w = 224, .box_w = 13, .box_h = 13, .ofs_x = 1, .ofs_y = -1},
    {.bitmap_index = 36149, .adv_w = 224, .box_w = 13, .box_h = 13, .ofs_x = 0, .ofs_y = -1},
    {.bitmap_index = 36171, .adv_w = 224, .box_w = 12, .box_h = 13, .ofs_x = 1, .ofs_y = -1},
    {.bitmap_index = 36191, .adv_w = 224, .box_w = 12, .box_h = 12, .ofs_x = 1, .ofs_y = -1},
    {.bitmap_index = 36209, .adv_w = 224, .box_w = 13, .box_h = 12, .ofs_x = 0, .ofs_y = -1},
    {.bitmap_index = 36229, .adv_w = 224, .box_w = 13, .box_h = 13, .ofs_x = 1, .ofs_y = -1},
    {.bitmap_index = 36251, .adv_w = 224, .box_w = 13, .box_h = 13, .ofs_x = 0, .ofs_y = -1},
    {.bitmap_index = 36273, .adv_w = 224, .box_w = 12, .box_h = 12, .ofs_x = 1, .ofs_y = -1},
    {.bitmap_index = 36291, .adv_w = 224, .box_w = 13, .box_h = 13, .ofs_x = 1, .ofs_y = -1},
    {.bitmap_index = 36313, .adv_w = 224, .box_w = 13, .box_h = 13, .ofs_x = 0, .ofs_y = -1},
    {.bitmap_index = 36335, .adv_w = 224, .box_w = 12, .box_h = 12, .ofs_x = 1, .ofs_y = -1},
    {.bitmap_index = 36353, .adv_w = 224, .box_w = 12, .box_h = 13, .ofs_x = 1, .ofs_y = -1},
    {.bitmap_index = 36373, .adv_w = 224, .box_w = 13, .box_h = 13, .ofs_x = 0, .ofs_y = -2},
    {.bitmap_index = 36395, .adv_w = 224, .box_w = 12, .box_h = 13, .ofs_x = 1, .ofs_y = -1},
    {.bitmap_index = 36415, .adv_w = 224, .box_w = 12, .box_h = 13, .ofs_x = 1, .ofs_y = -1},
    {.bitmap_index = 36435, .adv_w = 224, .box_w = 13, .box_h = 13, .ofs_x = 0, .ofs_y = -1},
    {.bitmap_index = 36457, .adv_w = 224, .box_w = 13, .box_h = 12, .ofs_x = 0, .ofs_y = 0},
    {.bitmap_index = 36477, .adv_w = 224, .box_w = 13, .box_h = 13, .ofs_x = 0, .ofs_y = -1},
    {.bitmap_index = 36499, .adv_w = 224, .box_w = 12, .box_h = 13, .ofs_x = 1, .ofs_y = -1},
    {.bitmap_index = 36519, .adv_w = 224, .box_w = 13, .box_h = 12, .ofs_x = 0, .ofs_y = -1},
    {.bitmap_index = 36539, .adv_w = 224, .box_w = 13, .box_h = 12, .ofs_x = 1, .ofs_y = -1},
    {.bitmap_index = 36559, .adv_w = 224, .box_w = 13, .box_h = 13, .ofs_x = 1, .ofs_y = -1},
    {.bitmap_index = 36581, .adv_w = 224, .box_w = 13, .box_h = 13, .ofs_x = 1, .ofs_y = -1},
    {.bitmap_index = 36603, .adv_w = 224, .box_w = 12, .box_h = 12, .ofs_x = 0, .ofs_y = -1},
    {.bitmap_index = 36621, .adv_w = 224, .box_w = 13, .box_h = 13, .ofs_x = 0, .ofs_y = -1},
    {.bitmap_index = 36643, .adv_w = 224, .box_w = 12, .box_h = 13, .ofs_x = 1, .ofs_y = -1},
    {.bitmap_index = 36663, .adv_w = 224, .box_w = 13, .box_h = 13, .ofs_x = 0, .ofs_y = -1},
    {.bitmap_index = 36685, .adv_w = 224, .box_w = 13, .box_h = 13, .ofs_x = 1, .ofs_y = -1},
    {.bitmap_index = 36707, .adv_w = 224, .box_w = 13, .box_h = 13, .ofs_x = 0, .ofs_y = -1},
    {.bitmap_index = 36729, .adv_w = 224, .box_w = 13, .box_h = 13, .ofs_x = 0, .ofs_y = -1},
    {.bitmap_index = 36751, .adv_w = 224, .box_w = 11, .box_h = 13, .ofs_x = 1, .ofs_y = -1},
    {.bitmap_index = 36769, .adv_w = 224, .box_w = 13, .box_h = 13, .ofs_x = 0, .ofs_y = -1},
    {.bitmap_index = 36791, .adv_w = 224, .box_w = 13, .box_h = 13, .ofs_x = 0, .ofs_y = -1},
    {.bitmap_index = 36813, .adv_w = 224, .box_w = 13, .box_h = 12, .ofs_x = 1, .ofs_y = -1},
    {.bitmap_index = 36833, .adv_w = 224, .box_w = 13, .box_h = 12, .ofs_x = 1, .ofs_y = 0},
    {.bitmap_index = 36853, .adv_w = 224, .box_w = 13, .box_h = 13, .ofs_x = 0, .ofs_y = -1},
    {.bitmap_index = 36875, .adv_w = 224, .box_w = 13, .box_h = 12, .ofs_x = 0, .ofs_y = -1},
    {.bitmap_index = 36895, .adv_w = 224, .box_w = 13, .box_h = 13, .ofs_x = 1, .ofs_y = -1},
    {.bitmap_index = 36917, .adv_w = 224, .box_w = 12, .box_h = 13, .ofs_x = 1, .ofs_y = -1},
    {.bitmap_index = 36937, .adv_w = 224, .box_w = 13, .box_h = 13, .ofs_x = 1, .ofs_y = -1},
    {.bitmap_index = 36959, .adv_w = 224, .box_w = 13, .box_h = 13, .ofs_x = 0, .ofs_y = -1},
    {.bitmap_index = 36981, .adv_w = 224, .box_w = 13, .box_h = 13, .ofs_x = 0, .ofs_y = -1},
    {.bitmap_index = 37003, .adv_w = 224, .box_w = 12, .box_h = 13, .ofs_x = 1, .ofs_y = -1},
    {.bitmap_index = 37023, .adv_w = 224, .box_w = 13, .box_h = 12, .ofs_x = 1, .ofs_y = 0},
    {.bitmap_index = 37043, .adv_w = 224, .box_w = 13, .box_h = 13, .ofs_x = 0, .ofs_y = -1},
    {.bitmap_index = 37065, .adv_w = 224, .box_w = 13, .box_h = 13, .ofs_x = 0, .ofs_y = -1},
    {.bitmap_index = 37087, .adv_w = 224, .box_w = 12, .box_h = 13, .ofs_x = 0, .ofs_y = -1},
    {.bitmap_index = 37107, .adv_w = 224, .box_w = 13, .box_h = 13, .ofs_x = 0, .ofs_y = -1},
    {.bitmap_index = 37129, .adv_w = 224, .box_w = 13, .box_h = 13, .ofs_x = 0, .ofs_y = -1},
    {.bitmap_index = 37151, .adv_w = 224, .box_w = 13, .box_h = 12, .ofs_x = 0, .ofs_y = -1},
    {.bitmap_index = 37171, .adv_w = 224, .box_w = 13, .box_h = 13, .ofs_x = 0, .ofs_y = -1},
    {.bitmap_index = 37193, .adv_w = 224, .box_w = 13, .box_h = 12, .ofs_x = 1, .ofs_y = -1},
    {.bitmap_index = 37213, .adv_w = 224, .box_w = 13, .box_h = 12, .ofs_x = 0, .ofs_y = -1},
    {.bitmap_index = 37233, .adv_w = 224, .box_w = 13, .box_h = 13, .ofs_x = 0, .ofs_y = -1},
    {.bitmap_index = 37255, .adv_w = 224, .box_w = 13, .box_h = 13, .ofs_x = 0, .ofs_y = -1},
    {.bitmap_index = 37277, .adv_w = 224, .box_w = 13, .box_h = 13, .ofs_x = 0, .ofs_y = -1},
    {.bitmap_index = 37299, .adv_w = 224, .box_w = 13, .box_h = 13, .ofs_x = 0, .ofs_y = -1},
    {.bitmap_index = 37321, .adv_w = 224, .box_w = 14, .box_h = 13, .ofs_x = 1, .ofs_y = -1},
    {.bitmap_index = 37344, .adv_w = 224, .box_w = 12, .box_h = 12, .ofs_x = 1, .ofs_y = -1},
    {.bitmap_index = 37362, .adv_w = 224, .box_w = 13, .box_h = 13, .ofs_x = 0, .ofs_y = -1},
    {.bitmap_index = 37384, .adv_w = 224, .box_w = 13, .box_h = 13, .ofs_x = 0, .ofs_y = -1},
    {.bitmap_index = 37406, .adv_w = 224, .box_w = 12, .box_h = 12, .ofs_x = 1, .ofs_y = -1},
    {.bitmap_index = 37424, .adv_w = 224, .box_w = 13, .box_h = 13, .ofs_x = 0, .ofs_y = -1},
    {.bitmap_index = 37446, .adv_w = 224, .box_w = 13, .box_h = 13, .ofs_x = 0, .ofs_y = -1},
    {.bitmap_index = 37468, .adv_w = 224, .box_w = 13, .box_h = 13, .ofs_x = 1, .ofs_y = -1},
    {.bitmap_index = 37490, .adv_w = 224, .box_w = 13, .box_h = 13, .ofs_x = 0, .ofs_y = -1},
    {.bitmap_index = 37512, .adv_w = 224, .box_w = 13, .box_h = 13, .ofs_x = 0, .ofs_y = -1},
    {.bitmap_index = 37534, .adv_w = 224, .box_w = 13, .box_h = 13, .ofs_x = 0, .ofs_y = -1},
    {.bitmap_index = 37556, .adv_w = 224, .box_w = 13, .box_h = 13, .ofs_x = 1, .ofs_y = -1},
    {.bitmap_index = 37578, .adv_w = 224, .box_w = 13, .box_h = 13, .ofs_x = 0, .ofs_y = -1},
    {.bitmap_index = 37600, .adv_w = 224, .box_w = 12, .box_h = 13, .ofs_x = 1, .ofs_y = -1},
    {.bitmap_index = 37620, .adv_w = 224, .box_w = 13, .box_h = 13, .ofs_x = 0, .ofs_y = -1},
    {.bitmap_index = 37642, .adv_w = 224, .box_w = 13, .box_h = 13, .ofs_x = 0, .ofs_y = -1},
    {.bitmap_index = 37664, .adv_w = 224, .box_w = 13, .box_h = 13, .ofs_x = 0, .ofs_y = -1},
    {.bitmap_index = 37686, .adv_w = 224, .box_w = 14, .box_h = 13, .ofs_x = 0, .ofs_y = -1},
    {.bitmap_index = 37709, .adv_w = 224, .box_w = 12, .box_h = 13, .ofs_x = 1, .ofs_y = -1},
    {.bitmap_index = 37729, .adv_w = 224, .box_w = 13, .box_h = 13, .ofs_x = 0, .ofs_y = -1},
    {.bitmap_index = 37751, .adv_w = 224, .box_w = 13, .box_h = 13, .ofs_x = 0, .ofs_y = -1},
    {.bitmap_index = 37773, .adv_w = 224, .box_w = 12, .box_h = 14, .ofs_x = 1, .ofs_y = -2},
    {.bitmap_index = 37794, .adv_w = 224, .box_w = 13, .box_h = 13, .ofs_x = 0, .ofs_y = -1},
    {.bitmap_index = 37816, .adv_w = 224, .box_w = 14, .box_h = 12, .ofs_x = 0, .ofs_y = -1},
    {.bitmap_index = 37837, .adv_w = 224, .box_w = 13, .box_h = 13, .ofs_x = 1, .ofs_y = -1},
    {.bitmap_index = 37859, .adv_w = 224, .box_w = 13, .box_h = 12, .ofs_x = 0, .ofs_y = -1},
    {.bitmap_index = 37879, .adv_w = 224, .box_w = 13, .box_h = 13, .ofs_x = 0, .ofs_y = -1},
    {.bitmap_index = 37901, .adv_w = 224, .box_w = 13, .box_h = 13, .ofs_x = 0, .ofs_y = -1},
    {.bitmap_index = 37923, .adv_w = 224, .box_w = 13, .box_h = 13, .ofs_x = 0, .ofs_y = -1},
    {.bitmap_index = 37945, .adv_w = 224, .box_w = 12, .box_h = 12, .ofs_x = 1, .ofs_y = -1},
    {.bitmap_index = 37963, .adv_w = 224, .box_w = 12, .box_h = 13, .ofs_x = 1, .ofs_y = -1},
    {.bitmap_index = 37983, .adv_w = 224, .box_w = 12, .box_h = 12, .ofs_x = 0, .ofs_y = -1},
    {.bitmap_index = 38001, .adv_w = 224, .box_w = 13, .box_h = 13, .ofs_x = 0, .ofs_y = -1},
    {.bitmap_index = 38023, .adv_w = 224, .box_w = 13, .box_h = 13, .ofs_x = 0, .ofs_y = -1},
    {.bitmap_index = 38045, .adv_w = 224, .box_w = 13, .box_h = 12, .ofs_x = 1, .ofs_y = -1},
    {.bitmap_index = 38065, .adv_w = 224, .box_w = 13, .box_h = 13, .ofs_x = 0, .ofs_y = -1},
    {.bitmap_index = 38087, .adv_w = 224, .box_w = 13, .box_h = 13, .ofs_x = 0, .ofs_y = -1},
    {.bitmap_index = 38109, .adv_w = 224, .box_w = 13, .box_h = 13, .ofs_x = 0, .ofs_y = -1},
    {.bitmap_index = 38131, .adv_w = 224, .box_w = 13, .box_h = 13, .ofs_x = 0, .ofs_y = -1},
    {.bitmap_index = 38153, .adv_w = 224, .box_w = 13, .box_h = 13, .ofs_x = 1, .ofs_y = -1},
    {.bitmap_index = 38175, .adv_w = 224, .box_w = 13, .box_h = 12, .ofs_x = 1, .ofs_y = -1},
    {.bitmap_index = 38195, .adv_w = 224, .box_w = 12, .box_h = 13, .ofs_x = 1, .ofs_y = -1},
    {.bitmap_index = 38215, .adv_w = 224, .box_w = 12, .box_h = 13, .ofs_x = 1, .ofs_y = -1},
    {.bitmap_index = 38235, .adv_w = 224, .box_w = 13, .box_h = 13, .ofs_x = 0, .ofs_y = -1},
    {.bitmap_index = 38257, .adv_w = 224, .box_w = 13, .box_h = 12, .ofs_x = 0, .ofs_y = -1},
    {.bitmap_index = 38277, .adv_w = 224, .box_w = 12, .box_h = 13, .ofs_x = 1, .ofs_y = -1},
    {.bitmap_index = 38297, .adv_w = 224, .box_w = 13, .box_h = 12, .ofs_x = 0, .ofs_y = -1},
    {.bitmap_index = 38317, .adv_w = 224, .box_w = 12, .box_h = 13, .ofs_x = 1, .ofs_y = -1},
    {.bitmap_index = 38337, .adv_w = 224, .box_w = 12, .box_h = 13, .ofs_x = 1, .ofs_y = -1},
    {.bitmap_index = 38357, .adv_w = 224, .box_w = 14, .box_h = 13, .ofs_x = 0, .ofs_y = -1},
    {.bitmap_index = 38380, .adv_w = 224, .box_w = 13, .box_h = 13, .ofs_x = 0, .ofs_y = -1},
    {.bitmap_index = 38402, .adv_w = 224, .box_w = 13, .box_h = 13, .ofs_x = 0, .ofs_y = -1},
    {.bitmap_index = 38424, .adv_w = 224, .box_w = 13, .box_h = 12, .ofs_x = 1, .ofs_y = -1},
    {.bitmap_index = 38444, .adv_w = 224, .box_w = 13, .box_h = 13, .ofs_x = 0, .ofs_y = -1},
    {.bitmap_index = 38466, .adv_w = 224, .box_w = 13, .box_h = 12, .ofs_x = 1, .ofs_y = -1},
    {.bitmap_index = 38486, .adv_w = 224, .box_w = 12, .box_h = 13, .ofs_x = 1, .ofs_y = -1},
    {.bitmap_index = 38506, .adv_w = 224, .box_w = 13, .box_h = 13, .ofs_x = 0, .ofs_y = -1},
    {.bitmap_index = 38528, .adv_w = 224, .box_w = 12, .box_h = 12, .ofs_x = 1, .ofs_y = -1},
    {.bitmap_index = 38546, .adv_w = 224, .box_w = 13, .box_h = 13, .ofs_x = 0, .ofs_y = -1},
    {.bitmap_index = 38568, .adv_w = 224, .box_w = 12, .box_h = 13, .ofs_x = 1, .ofs_y = -1},
    {.bitmap_index = 38588, .adv_w = 224, .box_w = 12, .box_h = 13, .ofs_x = 1, .ofs_y = -1},
    {.bitmap_index = 38608, .adv_w = 224, .box_w = 12, .box_h = 13, .ofs_x = 1, .ofs_y = -1},
    {.bitmap_index = 38628, .adv_w = 224, .box_w = 12, .box_h = 13, .ofs_x = 1, .ofs_y = -1},
    {.bitmap_index = 38648, .adv_w = 224, .box_w = 13, .box_h = 12, .ofs_x = 1, .ofs_y = 0},
    {.bitmap_index = 38668, .adv_w = 224, .box_w = 13, .box_h = 13, .ofs_x = 0, .ofs_y = -1},
    {.bitmap_index = 38690, .adv_w = 224, .box_w = 12, .box_h = 12, .ofs_x = 1, .ofs_y = -1},
    {.bitmap_index = 38708, .adv_w = 224, .box_w = 13, .box_h = 12, .ofs_x = 1, .ofs_y = -1},
    {.bitmap_index = 38728, .adv_w = 224, .box_w = 13, .box_h = 13, .ofs_x = 1, .ofs_y = -1},
    {.bitmap_index = 38750, .adv_w = 224, .box_w = 13, .box_h = 13, .ofs_x = 0, .ofs_y = -1},
    {.bitmap_index = 38772, .adv_w = 224, .box_w = 13, .box_h = 12, .ofs_x = 1, .ofs_y = -1},
    {.bitmap_index = 38792, .adv_w = 224, .box_w = 13, .box_h = 13, .ofs_x = 1, .ofs_y = -1},
    {.bitmap_index = 38814, .adv_w = 224, .box_w = 13, .box_h = 12, .ofs_x = 0, .ofs_y = -1},
    {.bitmap_index = 38834, .adv_w = 224, .box_w = 13, .box_h = 13, .ofs_x = 1, .ofs_y = -1},
    {.bitmap_index = 38856, .adv_w = 224, .box_w = 12, .box_h = 13, .ofs_x = 1, .ofs_y = -1},
    {.bitmap_index = 38876, .adv_w = 224, .box_w = 12, .box_h = 12, .ofs_x = 1, .ofs_y = -1},
    {.bitmap_index = 38894, .adv_w = 224, .box_w = 12, .box_h = 12, .ofs_x = 1, .ofs_y = -1},
    {.bitmap_index = 38912, .adv_w = 224, .box_w = 12, .box_h = 13, .ofs_x = 0, .ofs_y = -1},
    {.bitmap_index = 38932, .adv_w = 224, .box_w = 13, .box_h = 13, .ofs_x = 0, .ofs_y = -1},
    {.bitmap_index = 38954, .adv_w = 224, .box_w = 13, .box_h = 12, .ofs_x = 1, .ofs_y = -1},
    {.bitmap_index = 38974, .adv_w = 224, .box_w = 13, .box_h = 13, .ofs_x = 0, .ofs_y = -1},
    {.bitmap_index = 38996, .adv_w = 224, .box_w = 13, .box_h = 13, .ofs_x = 1, .ofs_y = -1},
    {.bitmap_index = 39018, .adv_w = 224, .box_w = 14, .box_h = 13, .ofs_x = 0, .ofs_y = -1},
    {.bitmap_index = 39041, .adv_w = 224, .box_w = 13, .box_h = 13, .ofs_x = 1, .ofs_y = -1},
    {.bitmap_index = 39063, .adv_w = 224, .box_w = 12, .box_h = 13, .ofs_x = 1, .ofs_y = -1},
    {.bitmap_index = 39083, .adv_w = 224, .box_w = 13, .box_h = 13, .ofs_x = 0, .ofs_y = -1},
    {.bitmap_index = 39105, .adv_w = 224, .box_w = 13, .box_h = 13, .ofs_x = 0, .ofs_y = -1},
    {.bitmap_index = 39127, .adv_w = 224, .box_w = 12, .box_h = 12, .ofs_x = 1, .ofs_y = -1},
    {.bitmap_index = 39145, .adv_w = 224, .box_w = 13, .box_h = 13, .ofs_x = 1, .ofs_y = -1},
    {.bitmap_index = 39167, .adv_w = 224, .box_w = 13, .box_h = 12, .ofs_x = 0, .ofs_y = -1},
    {.bitmap_index = 39187, .adv_w = 224, .box_w = 13, .box_h = 13, .ofs_x = 1, .ofs_y = -1},
    {.bitmap_index = 39209, .adv_w = 224, .box_w = 13, .box_h = 12, .ofs_x = 0, .ofs_y = -1},
    {.bitmap_index = 39229, .adv_w = 224, .box_w = 13, .box_h = 12, .ofs_x = 0, .ofs_y = -1},
    {.bitmap_index = 39249, .adv_w = 224, .box_w = 13, .box_h = 13, .ofs_x = 0, .ofs_y = -1},
    {.bitmap_index = 39271, .adv_w = 224, .box_w = 13, .box_h = 13, .ofs_x = 0, .ofs_y = -2},
    {.bitmap_index = 39293, .adv_w = 224, .box_w = 12, .box_h = 12, .ofs_x = 1, .ofs_y = -1},
    {.bitmap_index = 39311, .adv_w = 224, .box_w = 13, .box_h = 13, .ofs_x = 0, .ofs_y = -1},
    {.bitmap_index = 39333, .adv_w = 224, .box_w = 14, .box_h = 13, .ofs_x = 0, .ofs_y = -1},
    {.bitmap_index = 39356, .adv_w = 224, .box_w = 13, .box_h = 13, .ofs_x = 0, .ofs_y = -1},
    {.bitmap_index = 39378, .adv_w = 224, .box_w = 13, .box_h = 13, .ofs_x = 0, .ofs_y = -1},
    {.bitmap_index = 39400, .adv_w = 224, .box_w = 13, .box_h = 13, .ofs_x = 0, .ofs_y = -1},
    {.bitmap_index = 39422, .adv_w = 224, .box_w = 13, .box_h = 13, .ofs_x = 0, .ofs_y = -1},
    {.bitmap_index = 39444, .adv_w = 224, .box_w = 13, .box_h = 12, .ofs_x = 0, .ofs_y = -1},
    {.bitmap_index = 39464, .adv_w = 224, .box_w = 13, .box_h = 13, .ofs_x = 0, .ofs_y = -1},
    {.bitmap_index = 39486, .adv_w = 224, .box_w = 13, .box_h = 12, .ofs_x = 0, .ofs_y = -1},
    {.bitmap_index = 39506, .adv_w = 224, .box_w = 13, .box_h = 13, .ofs_x = 0, .ofs_y = -1},
    {.bitmap_index = 39528, .adv_w = 224, .box_w = 13, .box_h = 13, .ofs_x = 0, .ofs_y = -2},
    {.bitmap_index = 39550, .adv_w = 224, .box_w = 13, .box_h = 13, .ofs_x = 0, .ofs_y = -1},
    {.bitmap_index = 39572, .adv_w = 224, .box_w = 12, .box_h = 12, .ofs_x = 1, .ofs_y = -1},
    {.bitmap_index = 39590, .adv_w = 224, .box_w = 12, .box_h = 12, .ofs_x = 1, .ofs_y = -1},
    {.bitmap_index = 39608, .adv_w = 224, .box_w = 13, .box_h = 13, .ofs_x = 1, .ofs_y = -1},
    {.bitmap_index = 39630, .adv_w = 224, .box_w = 12, .box_h = 13, .ofs_x = 1, .ofs_y = -1},
    {.bitmap_index = 39650, .adv_w = 224, .box_w = 13, .box_h = 13, .ofs_x = 0, .ofs_y = -1},
    {.bitmap_index = 39672, .adv_w = 224, .box_w = 13, .box_h = 13, .ofs_x = 0, .ofs_y = -1},
    {.bitmap_index = 39694, .adv_w = 224, .box_w = 13, .box_h = 12, .ofs_x = 0, .ofs_y = -1},
    {.bitmap_index = 39714, .adv_w = 224, .box_w = 12, .box_h = 12, .ofs_x = 1, .ofs_y = -1},
    {.bitmap_index = 39732, .adv_w = 224, .box_w = 12, .box_h = 13, .ofs_x = 1, .ofs_y = -1},
    {.bitmap_index = 39752, .adv_w = 224, .box_w = 12, .box_h = 13, .ofs_x = 1, .ofs_y = -1},
    {.bitmap_index = 39772, .adv_w = 224, .box_w = 12, .box_h = 13, .ofs_x = 1, .ofs_y = -1},
    {.bitmap_index = 39792, .adv_w = 224, .box_w = 12, .box_h = 13, .ofs_x = 1, .ofs_y = -1},
    {.bitmap_index = 39812, .adv_w = 224, .box_w = 12, .box_h = 13, .ofs_x = 1, .ofs_y = -1},
    {.bitmap_index = 39832, .adv_w = 224, .box_w = 13, .box_h = 12, .ofs_x = 0, .ofs_y = -1},
    {.bitmap_index = 39852, .adv_w = 224, .box_w = 12, .box_h = 12, .ofs_x = 1, .ofs_y = -1},
    {.bitmap_index = 39870, .adv_w = 224, .box_w = 13, .box_h = 13, .ofs_x = 0, .ofs_y = -1},
    {.bitmap_index = 39892, .adv_w = 224, .box_w = 14, .box_h = 13, .ofs_x = 0, .ofs_y = -1},
    {.bitmap_index = 39915, .adv_w = 224, .box_w = 13, .box_h = 12, .ofs_x = 1, .ofs_y = -1},
    {.bitmap_index = 39935, .adv_w = 224, .box_w = 13, .box_h = 13, .ofs_x = 0, .ofs_y = -1},
    {.bitmap_index = 39957, .adv_w = 224, .box_w = 13, .box_h = 13, .ofs_x = 0, .ofs_y = -1},
    {.bitmap_index = 39979, .adv_w = 224, .box_w = 14, .box_h = 12, .ofs_x = 0, .ofs_y = -1},
    {.bitmap_index = 40000, .adv_w = 224, .box_w = 13, .box_h = 13, .ofs_x = 0, .ofs_y = -1},
    {.bitmap_index = 40022, .adv_w = 224, .box_w = 12, .box_h = 13, .ofs_x = 1, .ofs_y = -1},
    {.bitmap_index = 40042, .adv_w = 224, .box_w = 13, .box_h = 12, .ofs_x = 1, .ofs_y = -1},
    {.bitmap_index = 40062, .adv_w = 224, .box_w = 13, .box_h = 13, .ofs_x = 0, .ofs_y = -1},
    {.bitmap_index = 40084, .adv_w = 224, .box_w = 12, .box_h = 13, .ofs_x = 1, .ofs_y = -1},
    {.bitmap_index = 40104, .adv_w = 224, .box_w = 13, .box_h = 13, .ofs_x = 0, .ofs_y = -1},
    {.bitmap_index = 40126, .adv_w = 224, .box_w = 12, .box_h = 13, .ofs_x = 1, .ofs_y = -1},
    {.bitmap_index = 40146, .adv_w = 224, .box_w = 13, .box_h = 13, .ofs_x = 0, .ofs_y = -1},
    {.bitmap_index = 40168, .adv_w = 224, .box_w = 13, .box_h = 14, .ofs_x = 0, .ofs_y = -2},
    {.bitmap_index = 40191, .adv_w = 224, .box_w = 14, .box_h = 13, .ofs_x = 0, .ofs_y = -1},
    {.bitmap_index = 40214, .adv_w = 224, .box_w = 12, .box_h = 13, .ofs_x = 1, .ofs_y = -1},
    {.bitmap_index = 40234, .adv_w = 224, .box_w = 14, .box_h = 12, .ofs_x = 0, .ofs_y = 0},
    {.bitmap_index = 40255, .adv_w = 224, .box_w = 14, .box_h = 13, .ofs_x = 0, .ofs_y = -1},
    {.bitmap_index = 40278, .adv_w = 224, .box_w = 13, .box_h = 13, .ofs_x = 0, .ofs_y = -1},
    {.bitmap_index = 40300, .adv_w = 224, .box_w = 13, .box_h = 13, .ofs_x = 0, .ofs_y = -1},
    {.bitmap_index = 40322, .adv_w = 224, .box_w = 12, .box_h = 13, .ofs_x = 1, .ofs_y = -1},
    {.bitmap_index = 40342, .adv_w = 224, .box_w = 14, .box_h = 13, .ofs_x = 0, .ofs_y = -1},
    {.bitmap_index = 40365, .adv_w = 224, .box_w = 14, .box_h = 13, .ofs_x = 0, .ofs_y = -1},
    {.bitmap_index = 40388, .adv_w = 224, .box_w = 13, .box_h = 13, .ofs_x = 0, .ofs_y = -1},
    {.bitmap_index = 40410, .adv_w = 224, .box_w = 13, .box_h = 13, .ofs_x = 0, .ofs_y = -1},
    {.bitmap_index = 40432, .adv_w = 224, .box_w = 13, .box_h = 13, .ofs_x = 0, .ofs_y = -1},
    {.bitmap_index = 40454, .adv_w = 224, .box_w = 13, .box_h = 13, .ofs_x = 0, .ofs_y = -1},
    {.bitmap_index = 40476, .adv_w = 224, .box_w = 13, .box_h = 14, .ofs_x = 1, .ofs_y = -2},
    {.bitmap_index = 40499, .adv_w = 224, .box_w = 13, .box_h = 13, .ofs_x = 0, .ofs_y = -1},
    {.bitmap_index = 40521, .adv_w = 224, .box_w = 13, .box_h = 13, .ofs_x = 0, .ofs_y = -1},
    {.bitmap_index = 40543, .adv_w = 224, .box_w = 13, .box_h = 13, .ofs_x = 0, .ofs_y = -1},
    {.bitmap_index = 40565, .adv_w = 224, .box_w = 13, .box_h = 13, .ofs_x = 0, .ofs_y = -1},
    {.bitmap_index = 40587, .adv_w = 224, .box_w = 13, .box_h = 13, .ofs_x = 0, .ofs_y = -1},
    {.bitmap_index = 40609, .adv_w = 224, .box_w = 13, .box_h = 13, .ofs_x = 0, .ofs_y = -1},
    {.bitmap_index = 40631, .adv_w = 224, .box_w = 13, .box_h = 13, .ofs_x = 0, .ofs_y = -1},
    {.bitmap_index = 40653, .adv_w = 224, .box_w = 12, .box_h = 12, .ofs_x = 1, .ofs_y = -1},
    {.bitmap_index = 40671, .adv_w = 224, .box_w = 13, .box_h = 14, .ofs_x = 1, .ofs_y = -2},
    {.bitmap_index = 40694, .adv_w = 224, .box_w = 12, .box_h = 13, .ofs_x = 1, .ofs_y = -1},
    {.bitmap_index = 40714, .adv_w = 224, .box_w = 13, .box_h = 13, .ofs_x = 0, .ofs_y = -1},
    {.bitmap_index = 40736, .adv_w = 224, .box_w = 13, .box_h = 13, .ofs_x = 0, .ofs_y = -1},
    {.bitmap_index = 40758, .adv_w = 224, .box_w = 13, .box_h = 13, .ofs_x = 0, .ofs_y = -1},
    {.bitmap_index = 40780, .adv_w = 224, .box_w = 13, .box_h = 13, .ofs_x = 1, .ofs_y = -1},
    {.bitmap_index = 40802, .adv_w = 224, .box_w = 13, .box_h = 14, .ofs_x = 1, .ofs_y = -2},
    {.bitmap_index = 40825, .adv_w = 224, .box_w = 13, .box_h = 13, .ofs_x = 0, .ofs_y = -1},
    {.bitmap_index = 40847, .adv_w = 224, .box_w = 13, .box_h = 13, .ofs_x = 0, .ofs_y = -1},
    {.bitmap_index = 40869, .adv_w = 224, .box_w = 13, .box_h = 13, .ofs_x = 0, .ofs_y = -1},
    {.bitmap_index = 40891, .adv_w = 224, .box_w = 12, .box_h = 13, .ofs_x = 1, .ofs_y = -1},
    {.bitmap_index = 40911, .adv_w = 224, .box_w = 13, .box_h = 14, .ofs_x = 0, .ofs_y = -2},
    {.bitmap_index = 40934, .adv_w = 224, .box_w = 13, .box_h = 13, .ofs_x = 0, .ofs_y = -1},
    {.bitmap_index = 40956, .adv_w = 224, .box_w = 13, .box_h = 12, .ofs_x = 0, .ofs_y = -1},
    {.bitmap_index = 40976, .adv_w = 224, .box_w = 12, .box_h = 13, .ofs_x = 1, .ofs_y = -1},
    {.bitmap_index = 40996, .adv_w = 224, .box_w = 14, .box_h = 13, .ofs_x = 0, .ofs_y = -1},
    {.bitmap_index = 41019, .adv_w = 224, .box_w = 13, .box_h = 13, .ofs_x = 1, .ofs_y = -1},
    {.bitmap_index = 41041, .adv_w = 224, .box_w = 12, .box_h = 14, .ofs_x = 1, .ofs_y = -2},
    {.bitmap_index = 41062, .adv_w = 224, .box_w = 13, .box_h = 13, .ofs_x = 0, .ofs_y = -1},
    {.bitmap_index = 41084, .adv_w = 224, .box_w = 14, .box_h = 12, .ofs_x = 0, .ofs_y = -1},
    {.bitmap_index = 41105, .adv_w = 224, .box_w = 12, .box_h = 13, .ofs_x = 1, .ofs_y = -1},
    {.bitmap_index = 41125, .adv_w = 224, .box_w = 12, .box_h = 14, .ofs_x = 1, .ofs_y = -2},
    {.bitmap_index = 41146, .adv_w = 224, .box_w = 13, .box_h = 13, .ofs_x = 0, .ofs_y = -1},
    {.bitmap_index = 41168, .adv_w = 224, .box_w = 13, .box_h = 13, .ofs_x = 0, .ofs_y = -1},
    {.bitmap_index = 41190, .adv_w = 224, .box_w = 13, .box_h = 13, .ofs_x = 1, .ofs_y = -1},
    {.bitmap_index = 41212, .adv_w = 224, .box_w = 14, .box_h = 13, .ofs_x = 0, .ofs_y = -1},
    {.bitmap_index = 41235, .adv_w = 224, .box_w = 13, .box_h = 13, .ofs_x = 0, .ofs_y = -1},
    {.bitmap_index = 41257, .adv_w = 224, .box_w = 13, .box_h = 12, .ofs_x = 0, .ofs_y = -1},
    {.bitmap_index = 41277, .adv_w = 224, .box_w = 13, .box_h = 13, .ofs_x = 0, .ofs_y = -1},
    {.bitmap_index = 41299, .adv_w = 224, .box_w = 13, .box_h = 12, .ofs_x = 0, .ofs_y = -1},
    {.bitmap_index = 41319, .adv_w = 224, .box_w = 13, .box_h = 12, .ofs_x = 1, .ofs_y = -1},
    {.bitmap_index = 41339, .adv_w = 224, .box_w = 14, .box_h = 13, .ofs_x = 0, .ofs_y = -1},
    {.bitmap_index = 41362, .adv_w = 224, .box_w = 13, .box_h = 12, .ofs_x = 1, .ofs_y = -1},
    {.bitmap_index = 41382, .adv_w = 224, .box_w = 13, .box_h = 13, .ofs_x = 1, .ofs_y = -1},
    {.bitmap_index = 41404, .adv_w = 224, .box_w = 13, .box_h = 13, .ofs_x = 0, .ofs_y = -1},
    {.bitmap_index = 41426, .adv_w = 224, .box_w = 12, .box_h = 13, .ofs_x = 1, .ofs_y = -1},
    {.bitmap_index = 41446, .adv_w = 224, .box_w = 12, .box_h = 13, .ofs_x = 1, .ofs_y = -1},
    {.bitmap_index = 41466, .adv_w = 224, .box_w = 13, .box_h = 13, .ofs_x = 0, .ofs_y = -1},
    {.bitmap_index = 41488, .adv_w = 224, .box_w = 13, .box_h = 13, .ofs_x = 0, .ofs_y = -1},
    {.bitmap_index = 41510, .adv_w = 224, .box_w = 13, .box_h = 13, .ofs_x = 0, .ofs_y = -1},
    {.bitmap_index = 41532, .adv_w = 224, .box_w = 13, .box_h = 12, .ofs_x = 1, .ofs_y = -1},
    {.bitmap_index = 41552, .adv_w = 224, .box_w = 13, .box_h = 13, .ofs_x = 1, .ofs_y = -1},
    {.bitmap_index = 41574, .adv_w = 224, .box_w = 13, .box_h = 13, .ofs_x = 0, .ofs_y = -1},
    {.bitmap_index = 41596, .adv_w = 224, .box_w = 12, .box_h = 13, .ofs_x = 1, .ofs_y = -1},
    {.bitmap_index = 41616, .adv_w = 224, .box_w = 13, .box_h = 13, .ofs_x = 0, .ofs_y = -1},
    {.bitmap_index = 41638, .adv_w = 224, .box_w = 13, .box_h = 13, .ofs_x = 0, .ofs_y = -1},
    {.bitmap_index = 41660, .adv_w = 224, .box_w = 13, .box_h = 13, .ofs_x = 0, .ofs_y = -1},
    {.bitmap_index = 41682, .adv_w = 224, .box_w = 12, .box_h = 13, .ofs_x = 1, .ofs_y = -1},
    {.bitmap_index = 41702, .adv_w = 224, .box_w = 12, .box_h = 13, .ofs_x = 1, .ofs_y = -1},
    {.bitmap_index = 41722, .adv_w = 224, .box_w = 12, .box_h = 13, .ofs_x = 1, .ofs_y = -1},
    {.bitmap_index = 41742, .adv_w = 224, .box_w = 14, .box_h = 12, .ofs_x = 0, .ofs_y = -1},
    {.bitmap_index = 41763, .adv_w = 224, .box_w = 13, .box_h = 13, .ofs_x = 0, .ofs_y = -1},
    {.bitmap_index = 41785, .adv_w = 224, .box_w = 13, .box_h = 13, .ofs_x = 0, .ofs_y = -1},
    {.bitmap_index = 41807, .adv_w = 224, .box_w = 14, .box_h = 13, .ofs_x = 0, .ofs_y = -1},
    {.bitmap_index = 41830, .adv_w = 224, .box_w = 13, .box_h = 13, .ofs_x = 0, .ofs_y = -1},
    {.bitmap_index = 41852, .adv_w = 224, .box_w = 13, .box_h = 13, .ofs_x = 1, .ofs_y = -1},
    {.bitmap_index = 41874, .adv_w = 224, .box_w = 12, .box_h = 13, .ofs_x = 1, .ofs_y = -1},
    {.bitmap_index = 41894, .adv_w = 224, .box_w = 13, .box_h = 12, .ofs_x = 0, .ofs_y = -1},
    {.bitmap_index = 41914, .adv_w = 224, .box_w = 13, .box_h = 13, .ofs_x = 0, .ofs_y = -1},
    {.bitmap_index = 41936, .adv_w = 224, .box_w = 12, .box_h = 13, .ofs_x = 0, .ofs_y = -1},
    {.bitmap_index = 41956, .adv_w = 224, .box_w = 13, .box_h = 13, .ofs_x = 0, .ofs_y = -1},
    {.bitmap_index = 41978, .adv_w = 224, .box_w = 13, .box_h = 12, .ofs_x = 0, .ofs_y = -1},
    {.bitmap_index = 41998, .adv_w = 224, .box_w = 13, .box_h = 13, .ofs_x = 0, .ofs_y = -1},
    {.bitmap_index = 42020, .adv_w = 224, .box_w = 13, .box_h = 13, .ofs_x = 0, .ofs_y = -1},
    {.bitmap_index = 42042, .adv_w = 224, .box_w = 13, .box_h = 13, .ofs_x = 0, .ofs_y = -1},
    {.bitmap_index = 42064, .adv_w = 224, .box_w = 13, .box_h = 13, .ofs_x = 0, .ofs_y = -1},
    {.bitmap_index = 42086, .adv_w = 224, .box_w = 13, .box_h = 13, .ofs_x = 0, .ofs_y = -1},
    {.bitmap_index = 42108, .adv_w = 224, .box_w = 13, .box_h = 13, .ofs_x = 0, .ofs_y = -1},
    {.bitmap_index = 42130, .adv_w = 224, .box_w = 14, .box_h = 13, .ofs_x = 0, .ofs_y = -1},
    {.bitmap_index = 42153, .adv_w = 224, .box_w = 13, .box_h = 13, .ofs_x = 0, .ofs_y = -1},
    {.bitmap_index = 42175, .adv_w = 224, .box_w = 13, .box_h = 13, .ofs_x = 0, .ofs_y = -1},
    {.bitmap_index = 42197, .adv_w = 224, .box_w = 13, .box_h = 12, .ofs_x = 0, .ofs_y = -1},
    {.bitmap_index = 42217, .adv_w = 224, .box_w = 13, .box_h = 12, .ofs_x = 0, .ofs_y = -1},
    {.bitmap_index = 42237, .adv_w = 224, .box_w = 13, .box_h = 13, .ofs_x = 0, .ofs_y = -1},
    {.bitmap_index = 42259, .adv_w = 224, .box_w = 13, .box_h = 12, .ofs_x = 0, .ofs_y = -1},
    {.bitmap_index = 42279, .adv_w = 224, .box_w = 13, .box_h = 13, .ofs_x = 0, .ofs_y = -1},
    {.bitmap_index = 42301, .adv_w = 224, .box_w = 13, .box_h = 13, .ofs_x = 0, .ofs_y = -1},
    {.bitmap_index = 42323, .adv_w = 224, .box_w = 12, .box_h = 12, .ofs_x = 1, .ofs_y = -1},
    {.bitmap_index = 42341, .adv_w = 224, .box_w = 13, .box_h = 13, .ofs_x = 1, .ofs_y = -1},
    {.bitmap_index = 42363, .adv_w = 224, .box_w = 13, .box_h = 13, .ofs_x = 1, .ofs_y = -1},
    {.bitmap_index = 42385, .adv_w = 224, .box_w = 13, .box_h = 12, .ofs_x = 0, .ofs_y = -1},
    {.bitmap_index = 42405, .adv_w = 224, .box_w = 13, .box_h = 13, .ofs_x = 0, .ofs_y = -1},
    {.bitmap_index = 42427, .adv_w = 224, .box_w = 12, .box_h = 13, .ofs_x = 1, .ofs_y = -1},
    {.bitmap_index = 42447, .adv_w = 224, .box_w = 13, .box_h = 13, .ofs_x = 0, .ofs_y = -1},
    {.bitmap_index = 42469, .adv_w = 224, .box_w = 13, .box_h = 12, .ofs_x = 0, .ofs_y = -1},
    {.bitmap_index = 42489, .adv_w = 224, .box_w = 13, .box_h = 11, .ofs_x = 0, .ofs_y = 0},
    {.bitmap_index = 42507, .adv_w = 224, .box_w = 12, .box_h = 13, .ofs_x = 1, .ofs_y = -1},
    {.bitmap_index = 42527, .adv_w = 224, .box_w = 12, .box_h = 12, .ofs_x = 1, .ofs_y = -1},
    {.bitmap_index = 42545, .adv_w = 224, .box_w = 13, .box_h = 12, .ofs_x = 0, .ofs_y = -1},
    {.bitmap_index = 42565, .adv_w = 224, .box_w = 13, .box_h = 14, .ofs_x = 1, .ofs_y = -2},
    {.bitmap_index = 42588, .adv_w = 224, .box_w = 13, .box_h = 12, .ofs_x = 1, .ofs_y = -1},
    {.bitmap_index = 42608, .adv_w = 224, .box_w = 13, .box_h = 12, .ofs_x = 1, .ofs_y = -1},
    {.bitmap_index = 42628, .adv_w = 224, .box_w = 13, .box_h = 13, .ofs_x = 1, .ofs_y = -1},
    {.bitmap_index = 42650, .adv_w = 224, .box_w = 13, .box_h = 13, .ofs_x = 1, .ofs_y = -1},
    {.bitmap_index = 42672, .adv_w = 224, .box_w = 13, .box_h = 13, .ofs_x = 1, .ofs_y = -1},
    {.bitmap_index = 42694, .adv_w = 224, .box_w = 13, .box_h = 12, .ofs_x = 1, .ofs_y = -1},
    {.bitmap_index = 42714, .adv_w = 224, .box_w = 14, .box_h = 13, .ofs_x = 0, .ofs_y = -1},
    {.bitmap_index = 42737, .adv_w = 224, .box_w = 14, .box_h = 13, .ofs_x = 0, .ofs_y = -1},
    {.bitmap_index = 42760, .adv_w = 224, .box_w = 13, .box_h = 14, .ofs_x = 1, .ofs_y = -2},
    {.bitmap_index = 42783, .adv_w = 224, .box_w = 13, .box_h = 13, .ofs_x = 1, .ofs_y = -1},
    {.bitmap_index = 42805, .adv_w = 224, .box_w = 13, .box_h = 13, .ofs_x = 0, .ofs_y = -1},
    {.bitmap_index = 42827, .adv_w = 224, .box_w = 13, .box_h = 12, .ofs_x = 1, .ofs_y = -1},
    {.bitmap_index = 42847, .adv_w = 224, .box_w = 13, .box_h = 13, .ofs_x = 1, .ofs_y = -1},
    {.bitmap_index = 42869, .adv_w = 224, .box_w = 13, .box_h = 13, .ofs_x = 1, .ofs_y = -1},
    {.bitmap_index = 42891, .adv_w = 224, .box_w = 13, .box_h = 12, .ofs_x = 1, .ofs_y = -1},
    {.bitmap_index = 42911, .adv_w = 224, .box_w = 14, .box_h = 13, .ofs_x = 1, .ofs_y = -1},
    {.bitmap_index = 42934, .adv_w = 224, .box_w = 12, .box_h = 12, .ofs_x = 1, .ofs_y = -1},
    {.bitmap_index = 42952, .adv_w = 224, .box_w = 13, .box_h = 13, .ofs_x = 1, .ofs_y = -1},
    {.bitmap_index = 42974, .adv_w = 224, .box_w = 13, .box_h = 13, .ofs_x = 1, .ofs_y = -1},
    {.bitmap_index = 42996, .adv_w = 224, .box_w = 13, .box_h = 12, .ofs_x = 1, .ofs_y = -1},
    {.bitmap_index = 43016, .adv_w = 224, .box_w = 13, .box_h = 12, .ofs_x = 1, .ofs_y = -1},
    {.bitmap_index = 43036, .adv_w = 224, .box_w = 13, .box_h = 13, .ofs_x = 1, .ofs_y = -1},
    {.bitmap_index = 43058, .adv_w = 224, .box_w = 13, .box_h = 13, .ofs_x = 0, .ofs_y = -1},
    {.bitmap_index = 43080, .adv_w = 224, .box_w = 14, .box_h = 13, .ofs_x = 0, .ofs_y = -1},
    {.bitmap_index = 43103, .adv_w = 224, .box_w = 13, .box_h = 13, .ofs_x = 1, .ofs_y = -1},
    {.bitmap_index = 43125, .adv_w = 224, .box_w = 13, .box_h = 13, .ofs_x = 1, .ofs_y = -1},
    {.bitmap_index = 43147, .adv_w = 224, .box_w = 13, .box_h = 13, .ofs_x = 1, .ofs_y = -1},
    {.bitmap_index = 43169, .adv_w = 224, .box_w = 12, .box_h = 12, .ofs_x = 1, .ofs_y = -1},
    {.bitmap_index = 43187, .adv_w = 224, .box_w = 12, .box_h = 13, .ofs_x = 1, .ofs_y = -1},
    {.bitmap_index = 43207, .adv_w = 224, .box_w = 12, .box_h = 13, .ofs_x = 1, .ofs_y = -1},
    {.bitmap_index = 43227, .adv_w = 224, .box_w = 12, .box_h = 13, .ofs_x = 1, .ofs_y = -1},
    {.bitmap_index = 43247, .adv_w = 224, .box_w = 13, .box_h = 13, .ofs_x = 0, .ofs_y = -1},
    {.bitmap_index = 43269, .adv_w = 224, .box_w = 13, .box_h = 13, .ofs_x = 0, .ofs_y = -1},
    {.bitmap_index = 43291, .adv_w = 224, .box_w = 13, .box_h = 13, .ofs_x = 0, .ofs_y = -1},
    {.bitmap_index = 43313, .adv_w = 224, .box_w = 13, .box_h = 13, .ofs_x = 1, .ofs_y = -1},
    {.bitmap_index = 43335, .adv_w = 224, .box_w = 13, .box_h = 12, .ofs_x = 0, .ofs_y = -1},
    {.bitmap_index = 43355, .adv_w = 224, .box_w = 12, .box_h = 12, .ofs_x = 0, .ofs_y = -1},
    {.bitmap_index = 43373, .adv_w = 224, .box_w = 12, .box_h = 12, .ofs_x = 1, .ofs_y = -1},
    {.bitmap_index = 43391, .adv_w = 224, .box_w = 12, .box_h = 13, .ofs_x = 1, .ofs_y = -1},
    {.bitmap_index = 43411, .adv_w = 224, .box_w = 11, .box_h = 12, .ofs_x = 1, .ofs_y = -1},
    {.bitmap_index = 43428, .adv_w = 224, .box_w = 11, .box_h = 13, .ofs_x = 2, .ofs_y = -1},
    {.bitmap_index = 43446, .adv_w = 224, .box_w = 11, .box_h = 12, .ofs_x = 2, .ofs_y = -1},
    {.bitmap_index = 43463, .adv_w = 224, .box_w = 11, .box_h = 13, .ofs_x = 2, .ofs_y = -1},
    {.bitmap_index = 43481, .adv_w = 224, .box_w = 11, .box_h = 13, .ofs_x = 2, .ofs_y = -1},
    {.bitmap_index = 43499, .adv_w = 224, .box_w = 12, .box_h = 12, .ofs_x = 0, .ofs_y = -1},
    {.bitmap_index = 43517, .adv_w = 224, .box_w = 12, .box_h = 13, .ofs_x = 1, .ofs_y = -1},
    {.bitmap_index = 43537, .adv_w = 224, .box_w = 11, .box_h = 12, .ofs_x = 1, .ofs_y = -1},
    {.bitmap_index = 43554, .adv_w = 224, .box_w = 12, .box_h = 13, .ofs_x = 1, .ofs_y = -1},
    {.bitmap_index = 43574, .adv_w = 224, .box_w = 14, .box_h = 12, .ofs_x = 0, .ofs_y = -1},
    {.bitmap_index = 43595, .adv_w = 224, .box_w = 12, .box_h = 12, .ofs_x = 1, .ofs_y = -1},
    {.bitmap_index = 43613, .adv_w = 224, .box_w = 13, .box_h = 13, .ofs_x = 1, .ofs_y = -1},
    {.bitmap_index = 43635, .adv_w = 224, .box_w = 12, .box_h = 13, .ofs_x = 1, .ofs_y = -1},
    {.bitmap_index = 43655, .adv_w = 224, .box_w = 12, .box_h = 12, .ofs_x = 1, .ofs_y = -1},
    {.bitmap_index = 43673, .adv_w = 224, .box_w = 13, .box_h = 13, .ofs_x = 1, .ofs_y = -1},
    {.bitmap_index = 43695, .adv_w = 224, .box_w = 12, .box_h = 13, .ofs_x = 1, .ofs_y = -1},
    {.bitmap_index = 43715, .adv_w = 224, .box_w = 12, .box_h = 13, .ofs_x = 1, .ofs_y = -1},
    {.bitmap_index = 43735, .adv_w = 224, .box_w = 13, .box_h = 12, .ofs_x = 1, .ofs_y = -1},
    {.bitmap_index = 43755, .adv_w = 224, .box_w = 12, .box_h = 13, .ofs_x = 1, .ofs_y = -1},
    {.bitmap_index = 43775, .adv_w = 224, .box_w = 12, .box_h = 12, .ofs_x = 1, .ofs_y = -1},
    {.bitmap_index = 43793, .adv_w = 224, .box_w = 13, .box_h = 13, .ofs_x = 0, .ofs_y = -1},
    {.bitmap_index = 43815, .adv_w = 224, .box_w = 13, .box_h = 13, .ofs_x = 1, .ofs_y = -1},
    {.bitmap_index = 43837, .adv_w = 224, .box_w = 13, .box_h = 13, .ofs_x = 1, .ofs_y = -1},
    {.bitmap_index = 43859, .adv_w = 224, .box_w = 13, .box_h = 13, .ofs_x = 1, .ofs_y = -1},
    {.bitmap_index = 43881, .adv_w = 224, .box_w = 13, .box_h = 14, .ofs_x = 1, .ofs_y = -2},
    {.bitmap_index = 43904, .adv_w = 224, .box_w = 13, .box_h = 13, .ofs_x = 1, .ofs_y = -1},
    {.bitmap_index = 43926, .adv_w = 224, .box_w = 13, .box_h = 13, .ofs_x = 1, .ofs_y = -1},
    {.bitmap_index = 43948, .adv_w = 224, .box_w = 13, .box_h = 13, .ofs_x = 1, .ofs_y = -1},
    {.bitmap_index = 43970, .adv_w = 224, .box_w = 13, .box_h = 12, .ofs_x = 1, .ofs_y = -1},
    {.bitmap_index = 43990, .adv_w = 224, .box_w = 13, .box_h = 12, .ofs_x = 1, .ofs_y = -1},
    {.bitmap_index = 44010, .adv_w = 224, .box_w = 13, .box_h = 12, .ofs_x = 1, .ofs_y = -1},
    {.bitmap_index = 44030, .adv_w = 224, .box_w = 13, .box_h = 14, .ofs_x = 1, .ofs_y = -2},
    {.bitmap_index = 44053, .adv_w = 224, .box_w = 13, .box_h = 13, .ofs_x = 1, .ofs_y = -1},
    {.bitmap_index = 44075, .adv_w = 224, .box_w = 13, .box_h = 13, .ofs_x = 1, .ofs_y = -1},
    {.bitmap_index = 44097, .adv_w = 224, .box_w = 12, .box_h = 13, .ofs_x = 1, .ofs_y = -1},
    {.bitmap_index = 44117, .adv_w = 224, .box_w = 13, .box_h = 14, .ofs_x = 1, .ofs_y = -2},
    {.bitmap_index = 44140, .adv_w = 224, .box_w = 12, .box_h = 12, .ofs_x = 1, .ofs_y = -1},
    {.bitmap_index = 44158, .adv_w = 224, .box_w = 12, .box_h = 13, .ofs_x = 1, .ofs_y = -1},
    {.bitmap_index = 44178, .adv_w = 224, .box_w = 13, .box_h = 14, .ofs_x = 1, .ofs_y = -2},
    {.bitmap_index = 44201, .adv_w = 224, .box_w = 12, .box_h = 13, .ofs_x = 1, .ofs_y = -1},
    {.bitmap_index = 44221, .adv_w = 224, .box_w = 13, .box_h = 13, .ofs_x = 1, .ofs_y = -1},
    {.bitmap_index = 44243, .adv_w = 224, .box_w = 13, .box_h = 12, .ofs_x = 1, .ofs_y = -1},
    {.bitmap_index = 44263, .adv_w = 224, .box_w = 13, .box_h = 12, .ofs_x = 1, .ofs_y = -1},
    {.bitmap_index = 44283, .adv_w = 224, .box_w = 13, .box_h = 14, .ofs_x = 1, .ofs_y = -2},
    {.bitmap_index = 44306, .adv_w = 224, .box_w = 13, .box_h = 12, .ofs_x = 1, .ofs_y = -1},
    {.bitmap_index = 44326, .adv_w = 224, .box_w = 12, .box_h = 13, .ofs_x = 1, .ofs_y = -1},
    {.bitmap_index = 44346, .adv_w = 224, .box_w = 13, .box_h = 13, .ofs_x = 1, .ofs_y = -1},
    {.bitmap_index = 44368, .adv_w = 224, .box_w = 13, .box_h = 13, .ofs_x = 1, .ofs_y = -1},
    {.bitmap_index = 44390, .adv_w = 224, .box_w = 13, .box_h = 14, .ofs_x = 1, .ofs_y = -2},
    {.bitmap_index = 44413, .adv_w = 224, .box_w = 13, .box_h = 13, .ofs_x = 1, .ofs_y = -1},
    {.bitmap_index = 44435, .adv_w = 224, .box_w = 13, .box_h = 13, .ofs_x = 1, .ofs_y = -1},
    {.bitmap_index = 44457, .adv_w = 224, .box_w = 12, .box_h = 12, .ofs_x = 0, .ofs_y = -1},
    {.bitmap_index = 44475, .adv_w = 224, .box_w = 13, .box_h = 13, .ofs_x = 0, .ofs_y = -1},
    {.bitmap_index = 44497, .adv_w = 224, .box_w = 13, .box_h = 13, .ofs_x = 0, .ofs_y = -1},
    {.bitmap_index = 44519, .adv_w = 224, .box_w = 13, .box_h = 13, .ofs_x = 1, .ofs_y = -1},
    {.bitmap_index = 44541, .adv_w = 224, .box_w = 13, .box_h = 13, .ofs_x = 0, .ofs_y = -1},
    {.bitmap_index = 44563, .adv_w = 224, .box_w = 13, .box_h = 13, .ofs_x = 0, .ofs_y = -1},
    {.bitmap_index = 44585, .adv_w = 224, .box_w = 12, .box_h = 13, .ofs_x = 1, .ofs_y = -1},
    {.bitmap_index = 44605, .adv_w = 224, .box_w = 10, .box_h = 12, .ofs_x = 2, .ofs_y = -1},
    {.bitmap_index = 44620, .adv_w = 224, .box_w = 12, .box_h = 12, .ofs_x = 1, .ofs_y = -1},
    {.bitmap_index = 44638, .adv_w = 224, .box_w = 12, .box_h = 13, .ofs_x = 0, .ofs_y = -1},
    {.bitmap_index = 44658, .adv_w = 224, .box_w = 12, .box_h = 13, .ofs_x = 1, .ofs_y = -1},
    {.bitmap_index = 44678, .adv_w = 224, .box_w = 12, .box_h = 13, .ofs_x = 1, .ofs_y = -1},
    {.bitmap_index = 44698, .adv_w = 224, .box_w = 12, .box_h = 13, .ofs_x = 1, .ofs_y = -1},
    {.bitmap_index = 44718, .adv_w = 224, .box_w = 14, .box_h = 13, .ofs_x = 0, .ofs_y = -1},
    {.bitmap_index = 44741, .adv_w = 224, .box_w = 14, .box_h = 13, .ofs_x = 0, .ofs_y = -1},
    {.bitmap_index = 44764, .adv_w = 224, .box_w = 13, .box_h = 10, .ofs_x = 1, .ofs_y = 0},
    {.bitmap_index = 44781, .adv_w = 224, .box_w = 13, .box_h = 13, .ofs_x = 0, .ofs_y = -1},
    {.bitmap_index = 44803, .adv_w = 224, .box_w = 13, .box_h = 13, .ofs_x = 0, .ofs_y = -1},
    {.bitmap_index = 44825, .adv_w = 224, .box_w = 13, .box_h = 12, .ofs_x = 0, .ofs_y = -1},
    {.bitmap_index = 44845, .adv_w = 224, .box_w = 13, .box_h = 13, .ofs_x = 0, .ofs_y = -1},
    {.bitmap_index = 44867, .adv_w = 224, .box_w = 13, .box_h = 13, .ofs_x = 0, .ofs_y = -1},
    {.bitmap_index = 44889, .adv_w = 224, .box_w = 12, .box_h = 13, .ofs_x = 1, .ofs_y = -1},
    {.bitmap_index = 44909, .adv_w = 224, .box_w = 13, .box_h = 13, .ofs_x = 0, .ofs_y = -1},
    {.bitmap_index = 44931, .adv_w = 224, .box_w = 12, .box_h = 13, .ofs_x = 1, .ofs_y = -1},
    {.bitmap_index = 44951, .adv_w = 224, .box_w = 12, .box_h = 13, .ofs_x = 1, .ofs_y = -1},
    {.bitmap_index = 44971, .adv_w = 224, .box_w = 13, .box_h = 13, .ofs_x = 0, .ofs_y = -1},
    {.bitmap_index = 44993, .adv_w = 224, .box_w = 13, .box_h = 12, .ofs_x = 0, .ofs_y = -1},
    {.bitmap_index = 45013, .adv_w = 224, .box_w = 13, .box_h = 13, .ofs_x = 1, .ofs_y = -1},
    {.bitmap_index = 45035, .adv_w = 224, .box_w = 13, .box_h = 13, .ofs_x = 0, .ofs_y = -1},
    {.bitmap_index = 45057, .adv_w = 224, .box_w = 13, .box_h = 12, .ofs_x = 0, .ofs_y = -1},
    {.bitmap_index = 45077, .adv_w = 224, .box_w = 9, .box_h = 12, .ofs_x = 2, .ofs_y = -1},
    {.bitmap_index = 45091, .adv_w = 224, .box_w = 13, .box_h = 12, .ofs_x = 1, .ofs_y = -1},
    {.bitmap_index = 45111, .adv_w = 224, .box_w = 12, .box_h = 13, .ofs_x = 1, .ofs_y = -1},
    {.bitmap_index = 45131, .adv_w = 224, .box_w = 13, .box_h = 13, .ofs_x = 1, .ofs_y = -1},
    {.bitmap_index = 45153, .adv_w = 224, .box_w = 12, .box_h = 13, .ofs_x = 1, .ofs_y = -1},
    {.bitmap_index = 45173, .adv_w = 224, .box_w = 13, .box_h = 13, .ofs_x = 1, .ofs_y = -1},
    {.bitmap_index = 45195, .adv_w = 224, .box_w = 12, .box_h = 13, .ofs_x = 1, .ofs_y = -1},
    {.bitmap_index = 45215, .adv_w = 224, .box_w = 12, .box_h = 13, .ofs_x = 1, .ofs_y = -1},
    {.bitmap_index = 45235, .adv_w = 224, .box_w = 13, .box_h = 13, .ofs_x = 0, .ofs_y = -1},
    {.bitmap_index = 45257, .adv_w = 224, .box_w = 12, .box_h = 12, .ofs_x = 0, .ofs_y = -1},
    {.bitmap_index = 45275, .adv_w = 224, .box_w = 12, .box_h = 12, .ofs_x = 1, .ofs_y = -1},
    {.bitmap_index = 45293, .adv_w = 224, .box_w = 12, .box_h = 13, .ofs_x = 1, .ofs_y = -1},
    {.bitmap_index = 45313, .adv_w = 224, .box_w = 13, .box_h = 12, .ofs_x = 1, .ofs_y = -1},
    {.bitmap_index = 45333, .adv_w = 224, .box_w = 13, .box_h = 13, .ofs_x = 1, .ofs_y = -1},
    {.bitmap_index = 45355, .adv_w = 224, .box_w = 13, .box_h = 13, .ofs_x = 1, .ofs_y = -1},
    {.bitmap_index = 45377, .adv_w = 224, .box_w = 12, .box_h = 11, .ofs_x = 1, .ofs_y = 0},
    {.bitmap_index = 45394, .adv_w = 224, .box_w = 13, .box_h = 13, .ofs_x = 1, .ofs_y = -1},
    {.bitmap_index = 45416, .adv_w = 224, .box_w = 13, .box_h = 12, .ofs_x = 1, .ofs_y = -1},
    {.bitmap_index = 45436, .adv_w = 224, .box_w = 13, .box_h = 13, .ofs_x = 0, .ofs_y = -1},
    {.bitmap_index = 45458, .adv_w = 224, .box_w = 13, .box_h = 13, .ofs_x = 1, .ofs_y = -1},
    {.bitmap_index = 45480, .adv_w = 224, .box_w = 12, .box_h = 13, .ofs_x = 1, .ofs_y = -1},
    {.bitmap_index = 45500, .adv_w = 224, .box_w = 12, .box_h = 13, .ofs_x = 1, .ofs_y = -1},
    {.bitmap_index = 45520, .adv_w = 224, .box_w = 13, .box_h = 13, .ofs_x = 1, .ofs_y = -1},
    {.bitmap_index = 45542, .adv_w = 224, .box_w = 13, .box_h = 13, .ofs_x = 1, .ofs_y = -1},
    {.bitmap_index = 45564, .adv_w = 224, .box_w = 13, .box_h = 13, .ofs_x = 1, .ofs_y = -1},
    {.bitmap_index = 45586, .adv_w = 224, .box_w = 12, .box_h = 13, .ofs_x = 1, .ofs_y = -1},
    {.bitmap_index = 45606, .adv_w = 224, .box_w = 12, .box_h = 13, .ofs_x = 1, .ofs_y = -1},
    {.bitmap_index = 45626, .adv_w = 224, .box_w = 12, .box_h = 13, .ofs_x = 1, .ofs_y = -1},
    {.bitmap_index = 45646, .adv_w = 224, .box_w = 13, .box_h = 13, .ofs_x = 1, .ofs_y = -1},
    {.bitmap_index = 45668, .adv_w = 224, .box_w = 13, .box_h = 13, .ofs_x = 1, .ofs_y = -1},
    {.bitmap_index = 45690, .adv_w = 224, .box_w = 13, .box_h = 12, .ofs_x = 1, .ofs_y = -1},
    {.bitmap_index = 45710, .adv_w = 224, .box_w = 12, .box_h = 13, .ofs_x = 1, .ofs_y = -1},
    {.bitmap_index = 45730, .adv_w = 224, .box_w = 13, .box_h = 13, .ofs_x = 1, .ofs_y = -1},
    {.bitmap_index = 45752, .adv_w = 224, .box_w = 12, .box_h = 13, .ofs_x = 1, .ofs_y = -1},
    {.bitmap_index = 45772, .adv_w = 224, .box_w = 12, .box_h = 13, .ofs_x = 1, .ofs_y = -1},
    {.bitmap_index = 45792, .adv_w = 224, .box_w = 12, .box_h = 13, .ofs_x = 1, .ofs_y = -1},
    {.bitmap_index = 45812, .adv_w = 224, .box_w = 12, .box_h = 12, .ofs_x = 1, .ofs_y = -1},
    {.bitmap_index = 45830, .adv_w = 224, .box_w = 12, .box_h = 13, .ofs_x = 1, .ofs_y = -1},
    {.bitmap_index = 45850, .adv_w = 224, .box_w = 12, .box_h = 13, .ofs_x = 0, .ofs_y = -1},
    {.bitmap_index = 45870, .adv_w = 224, .box_w = 12, .box_h = 13, .ofs_x = 1, .ofs_y = -1},
    {.bitmap_index = 45890, .adv_w = 224, .box_w = 13, .box_h = 13, .ofs_x = 1, .ofs_y = -1},
    {.bitmap_index = 45912, .adv_w = 224, .box_w = 13, .box_h = 13, .ofs_x = 1, .ofs_y = -1},
    {.bitmap_index = 45934, .adv_w = 224, .box_w = 13, .box_h = 13, .ofs_x = 0, .ofs_y = -1},
    {.bitmap_index = 45956, .adv_w = 224, .box_w = 13, .box_h = 12, .ofs_x = 0, .ofs_y = -1},
    {.bitmap_index = 45976, .adv_w = 224, .box_w = 13, .box_h = 12, .ofs_x = 1, .ofs_y = -1},
    {.bitmap_index = 45996, .adv_w = 224, .box_w = 12, .box_h = 13, .ofs_x = 1, .ofs_y = -1},
    {.bitmap_index = 46016, .adv_w = 224, .box_w = 12, .box_h = 12, .ofs_x = 1, .ofs_y = -1},
    {.bitmap_index = 46034, .adv_w = 224, .box_w = 12, .box_h = 13, .ofs_x = 1, .ofs_y = -1},
    {.bitmap_index = 46054, .adv_w = 224, .box_w = 12, .box_h = 12, .ofs_x = 1, .ofs_y = -1},
    {.bitmap_index = 46072, .adv_w = 224, .box_w = 13, .box_h = 13, .ofs_x = 1, .ofs_y = -1},
    {.bitmap_index = 46094, .adv_w = 224, .box_w = 13, .box_h = 12, .ofs_x = 1, .ofs_y = -1},
    {.bitmap_index = 46114, .adv_w = 224, .box_w = 13, .box_h = 13, .ofs_x = 1, .ofs_y = -1},
    {.bitmap_index = 46136, .adv_w = 224, .box_w = 13, .box_h = 12, .ofs_x = 1, .ofs_y = -1},
    {.bitmap_index = 46156, .adv_w = 224, .box_w = 12, .box_h = 12, .ofs_x = 1, .ofs_y = -1},
    {.bitmap_index = 46174, .adv_w = 224, .box_w = 12, .box_h = 13, .ofs_x = 1, .ofs_y = -1},
    {.bitmap_index = 46194, .adv_w = 224, .box_w = 13, .box_h = 12, .ofs_x = 0, .ofs_y = -1},
    {.bitmap_index = 46214, .adv_w = 224, .box_w = 12, .box_h = 13, .ofs_x = 1, .ofs_y = -1},
    {.bitmap_index = 46234, .adv_w = 224, .box_w = 12, .box_h = 13, .ofs_x = 1, .ofs_y = -1},
    {.bitmap_index = 46254, .adv_w = 224, .box_w = 12, .box_h = 13, .ofs_x = 1, .ofs_y = -1},
    {.bitmap_index = 46274, .adv_w = 224, .box_w = 13, .box_h = 12, .ofs_x = 1, .ofs_y = -1},
    {.bitmap_index = 46294, .adv_w = 224, .box_w = 12, .box_h = 13, .ofs_x = 1, .ofs_y = -1},
    {.bitmap_index = 46314, .adv_w = 224, .box_w = 13, .box_h = 13, .ofs_x = 0, .ofs_y = -1},
    {.bitmap_index = 46336, .adv_w = 224, .box_w = 13, .box_h = 12, .ofs_x = 1, .ofs_y = -1},
    {.bitmap_index = 46356, .adv_w = 224, .box_w = 12, .box_h = 13, .ofs_x = 1, .ofs_y = -1},
    {.bitmap_index = 46376, .adv_w = 224, .box_w = 12, .box_h = 12, .ofs_x = 1, .ofs_y = -1},
    {.bitmap_index = 46394, .adv_w = 224, .box_w = 12, .box_h = 12, .ofs_x = 1, .ofs_y = -1},
    {.bitmap_index = 46412, .adv_w = 224, .box_w = 13, .box_h = 12, .ofs_x = 1, .ofs_y = -1},
    {.bitmap_index = 46432, .adv_w = 224, .box_w = 13, .box_h = 12, .ofs_x = 1, .ofs_y = -1},
    {.bitmap_index = 46452, .adv_w = 224, .box_w = 12, .box_h = 13, .ofs_x = 1, .ofs_y = -1},
    {.bitmap_index = 46472, .adv_w = 224, .box_w = 13, .box_h = 13, .ofs_x = 1, .ofs_y = -1},
    {.bitmap_index = 46494, .adv_w = 224, .box_w = 12, .box_h = 13, .ofs_x = 1, .ofs_y = -1},
    {.bitmap_index = 46514, .adv_w = 224, .box_w = 13, .box_h = 13, .ofs_x = 0, .ofs_y = -1},
    {.bitmap_index = 46536, .adv_w = 224, .box_w = 12, .box_h = 13, .ofs_x = 1, .ofs_y = -1},
    {.bitmap_index = 46556, .adv_w = 224, .box_w = 12, .box_h = 13, .ofs_x = 1, .ofs_y = -1},
    {.bitmap_index = 46576, .adv_w = 224, .box_w = 13, .box_h = 13, .ofs_x = 1, .ofs_y = -1},
    {.bitmap_index = 46598, .adv_w = 224, .box_w = 13, .box_h = 13, .ofs_x = 1, .ofs_y = -1},
    {.bitmap_index = 46620, .adv_w = 224, .box_w = 13, .box_h = 13, .ofs_x = 0, .ofs_y = -1},
    {.bitmap_index = 46642, .adv_w = 224, .box_w = 13, .box_h = 13, .ofs_x = 0, .ofs_y = -1},
    {.bitmap_index = 46664, .adv_w = 224, .box_w = 13, .box_h = 12, .ofs_x = 1, .ofs_y = -1},
    {.bitmap_index = 46684, .adv_w = 224, .box_w = 13, .box_h = 13, .ofs_x = 1, .ofs_y = -1},
    {.bitmap_index = 46706, .adv_w = 224, .box_w = 13, .box_h = 13, .ofs_x = 0, .ofs_y = -1},
    {.bitmap_index = 46728, .adv_w = 224, .box_w = 13, .box_h = 13, .ofs_x = 1, .ofs_y = -1},
    {.bitmap_index = 46750, .adv_w = 224, .box_w = 13, .box_h = 12, .ofs_x = 0, .ofs_y = -1},
    {.bitmap_index = 46770, .adv_w = 224, .box_w = 12, .box_h = 13, .ofs_x = 1, .ofs_y = -1},
    {.bitmap_index = 46790, .adv_w = 224, .box_w = 13, .box_h = 13, .ofs_x = 1, .ofs_y = -1},
    {.bitmap_index = 46812, .adv_w = 224, .box_w = 12, .box_h = 12, .ofs_x = 1, .ofs_y = -1},
    {.bitmap_index = 46830, .adv_w = 224, .box_w = 12, .box_h = 13, .ofs_x = 1, .ofs_y = -1},
    {.bitmap_index = 46850, .adv_w = 224, .box_w = 14, .box_h = 13, .ofs_x = 0, .ofs_y = -1},
    {.bitmap_index = 46873, .adv_w = 224, .box_w = 13, .box_h = 12, .ofs_x = 1, .ofs_y = -1},
    {.bitmap_index = 46893, .adv_w = 224, .box_w = 12, .box_h = 13, .ofs_x = 1, .ofs_y = -1},
    {.bitmap_index = 46913, .adv_w = 224, .box_w = 13, .box_h = 12, .ofs_x = 1, .ofs_y = -1},
    {.bitmap_index = 46933, .adv_w = 224, .box_w = 12, .box_h = 13, .ofs_x = 1, .ofs_y = -1},
    {.bitmap_index = 46953, .adv_w = 224, .box_w = 12, .box_h = 13, .ofs_x = 1, .ofs_y = -1},
    {.bitmap_index = 46973, .adv_w = 224, .box_w = 12, .box_h = 13, .ofs_x = 1, .ofs_y = -1},
    {.bitmap_index = 46993, .adv_w = 224, .box_w = 13, .box_h = 13, .ofs_x = 1, .ofs_y = -1},
    {.bitmap_index = 47015, .adv_w = 224, .box_w = 13, .box_h = 12, .ofs_x = 1, .ofs_y = -1},
    {.bitmap_index = 47035, .adv_w = 224, .box_w = 13, .box_h = 13, .ofs_x = 0, .ofs_y = -1},
    {.bitmap_index = 47057, .adv_w = 224, .box_w = 13, .box_h = 13, .ofs_x = 1, .ofs_y = -1},
    {.bitmap_index = 47079, .adv_w = 224, .box_w = 13, .box_h = 13, .ofs_x = 0, .ofs_y = -1},
    {.bitmap_index = 47101, .adv_w = 224, .box_w = 12, .box_h = 13, .ofs_x = 1, .ofs_y = -1},
    {.bitmap_index = 47121, .adv_w = 224, .box_w = 12, .box_h = 13, .ofs_x = 1, .ofs_y = -1},
    {.bitmap_index = 47141, .adv_w = 224, .box_w = 13, .box_h = 13, .ofs_x = 0, .ofs_y = -1},
    {.bitmap_index = 47163, .adv_w = 224, .box_w = 12, .box_h = 13, .ofs_x = 1, .ofs_y = -1},
    {.bitmap_index = 47183, .adv_w = 224, .box_w = 13, .box_h = 13, .ofs_x = 1, .ofs_y = -1},
    {.bitmap_index = 47205, .adv_w = 224, .box_w = 12, .box_h = 13, .ofs_x = 1, .ofs_y = -1},
    {.bitmap_index = 47225, .adv_w = 224, .box_w = 12, .box_h = 13, .ofs_x = 1, .ofs_y = -1},
    {.bitmap_index = 47245, .adv_w = 224, .box_w = 13, .box_h = 13, .ofs_x = 1, .ofs_y = -1},
    {.bitmap_index = 47267, .adv_w = 224, .box_w = 12, .box_h = 13, .ofs_x = 1, .ofs_y = -1},
    {.bitmap_index = 47287, .adv_w = 224, .box_w = 12, .box_h = 13, .ofs_x = 1, .ofs_y = -1},
    {.bitmap_index = 47307, .adv_w = 224, .box_w = 13, .box_h = 13, .ofs_x = 1, .ofs_y = -1},
    {.bitmap_index = 47329, .adv_w = 224, .box_w = 14, .box_h = 13, .ofs_x = 0, .ofs_y = -1},
    {.bitmap_index = 47352, .adv_w = 224, .box_w = 12, .box_h = 13, .ofs_x = 1, .ofs_y = -1},
    {.bitmap_index = 47372, .adv_w = 224, .box_w = 13, .box_h = 13, .ofs_x = 1, .ofs_y = -1},
    {.bitmap_index = 47394, .adv_w = 224, .box_w = 13, .box_h = 13, .ofs_x = 1, .ofs_y = -1},
    {.bitmap_index = 47416, .adv_w = 224, .box_w = 13, .box_h = 13, .ofs_x = 1, .ofs_y = -1},
    {.bitmap_index = 47438, .adv_w = 224, .box_w = 13, .box_h = 13, .ofs_x = 1, .ofs_y = -1},
    {.bitmap_index = 47460, .adv_w = 224, .box_w = 12, .box_h = 13, .ofs_x = 1, .ofs_y = -1},
    {.bitmap_index = 47480, .adv_w = 224, .box_w = 12, .box_h = 13, .ofs_x = 1, .ofs_y = -1},
    {.bitmap_index = 47500, .adv_w = 224, .box_w = 13, .box_h = 13, .ofs_x = 0, .ofs_y = -1},
    {.bitmap_index = 47522, .adv_w = 224, .box_w = 13, .box_h = 13, .ofs_x = 1, .ofs_y = -1},
    {.bitmap_index = 47544, .adv_w = 224, .box_w = 13, .box_h = 13, .ofs_x = 1, .ofs_y = -1},
    {.bitmap_index = 47566, .adv_w = 224, .box_w = 13, .box_h = 13, .ofs_x = 1, .ofs_y = -1},
    {.bitmap_index = 47588, .adv_w = 224, .box_w = 13, .box_h = 13, .ofs_x = 0, .ofs_y = -1},
    {.bitmap_index = 47610, .adv_w = 224, .box_w = 12, .box_h = 13, .ofs_x = 1, .ofs_y = -1},
    {.bitmap_index = 47630, .adv_w = 224, .box_w = 13, .box_h = 13, .ofs_x = 1, .ofs_y = -1},
    {.bitmap_index = 47652, .adv_w = 224, .box_w = 13, .box_h = 12, .ofs_x = 1, .ofs_y = -1},
    {.bitmap_index = 47672, .adv_w = 224, .box_w = 12, .box_h = 13, .ofs_x = 1, .ofs_y = -1},
    {.bitmap_index = 47692, .adv_w = 224, .box_w = 13, .box_h = 13, .ofs_x = 1, .ofs_y = -1},
    {.bitmap_index = 47714, .adv_w = 224, .box_w = 13, .box_h = 12, .ofs_x = 1, .ofs_y = -1},
    {.bitmap_index = 47734, .adv_w = 224, .box_w = 13, .box_h = 13, .ofs_x = 1, .ofs_y = -1},
    {.bitmap_index = 47756, .adv_w = 224, .box_w = 13, .box_h = 13, .ofs_x = 1, .ofs_y = -1},
    {.bitmap_index = 47778, .adv_w = 224, .box_w = 13, .box_h = 12, .ofs_x = 0, .ofs_y = -1},
    {.bitmap_index = 47798, .adv_w = 224, .box_w = 13, .box_h = 13, .ofs_x = 0, .ofs_y = -1},
    {.bitmap_index = 47820, .adv_w = 224, .box_w = 13, .box_h = 13, .ofs_x = 1, .ofs_y = -1},
    {.bitmap_index = 47842, .adv_w = 224, .box_w = 12, .box_h = 13, .ofs_x = 1, .ofs_y = -1},
    {.bitmap_index = 47862, .adv_w = 224, .box_w = 12, .box_h = 13, .ofs_x = 1, .ofs_y = -1},
    {.bitmap_index = 47882, .adv_w = 224, .box_w = 13, .box_h = 13, .ofs_x = 0, .ofs_y = -1},
    {.bitmap_index = 47904, .adv_w = 224, .box_w = 13, .box_h = 13, .ofs_x = 1, .ofs_y = -1},
    {.bitmap_index = 47926, .adv_w = 224, .box_w = 13, .box_h = 13, .ofs_x = 1, .ofs_y = -1},
    {.bitmap_index = 47948, .adv_w = 224, .box_w = 13, .box_h = 13, .ofs_x = 1, .ofs_y = -1},
    {.bitmap_index = 47970, .adv_w = 224, .box_w = 13, .box_h = 13, .ofs_x = 1, .ofs_y = -1},
    {.bitmap_index = 47992, .adv_w = 224, .box_w = 13, .box_h = 13, .ofs_x = 1, .ofs_y = -1},
    {.bitmap_index = 48014, .adv_w = 224, .box_w = 12, .box_h = 13, .ofs_x = 1, .ofs_y = -1},
    {.bitmap_index = 48034, .adv_w = 224, .box_w = 12, .box_h = 13, .ofs_x = 1, .ofs_y = -1},
    {.bitmap_index = 48054, .adv_w = 224, .box_w = 12, .box_h = 13, .ofs_x = 1, .ofs_y = -1},
    {.bitmap_index = 48074, .adv_w = 224, .box_w = 12, .box_h = 14, .ofs_x = 1, .ofs_y = -2},
    {.bitmap_index = 48095, .adv_w = 224, .box_w = 13, .box_h = 12, .ofs_x = 0, .ofs_y = -1},
    {.bitmap_index = 48115, .adv_w = 224, .box_w = 12, .box_h = 13, .ofs_x = 1, .ofs_y = -1},
    {.bitmap_index = 48135, .adv_w = 224, .box_w = 12, .box_h = 13, .ofs_x = 1, .ofs_y = -1},
    {.bitmap_index = 48155, .adv_w = 224, .box_w = 12, .box_h = 13, .ofs_x = 1, .ofs_y = -1},
    {.bitmap_index = 48175, .adv_w = 224, .box_w = 12, .box_h = 13, .ofs_x = 1, .ofs_y = -1},
    {.bitmap_index = 48195, .adv_w = 224, .box_w = 12, .box_h = 13, .ofs_x = 1, .ofs_y = -1},
    {.bitmap_index = 48215, .adv_w = 224, .box_w = 12, .box_h = 13, .ofs_x = 1, .ofs_y = -1},
    {.bitmap_index = 48235, .adv_w = 224, .box_w = 13, .box_h = 13, .ofs_x = 1, .ofs_y = -1},
    {.bitmap_index = 48257, .adv_w = 224, .box_w = 12, .box_h = 13, .ofs_x = 1, .ofs_y = -1},
    {.bitmap_index = 48277, .adv_w = 224, .box_w = 12, .box_h = 13, .ofs_x = 1, .ofs_y = -1},
    {.bitmap_index = 48297, .adv_w = 224, .box_w = 13, .box_h = 13, .ofs_x = 0, .ofs_y = -1},
    {.bitmap_index = 48319, .adv_w = 224, .box_w = 12, .box_h = 13, .ofs_x = 1, .ofs_y = -1},
    {.bitmap_index = 48339, .adv_w = 224, .box_w = 12, .box_h = 13, .ofs_x = 1, .ofs_y = -1},
    {.bitmap_index = 48359, .adv_w = 224, .box_w = 13, .box_h = 12, .ofs_x = 0, .ofs_y = 0},
    {.bitmap_index = 48379, .adv_w = 224, .box_w = 12, .box_h = 12, .ofs_x = 1, .ofs_y = -1},
    {.bitmap_index = 48397, .adv_w = 224, .box_w = 13, .box_h = 13, .ofs_x = 1, .ofs_y = -1},
    {.bitmap_index = 48419, .adv_w = 224, .box_w = 12, .box_h = 13, .ofs_x = 1, .ofs_y = -1},
    {.bitmap_index = 48439, .adv_w = 224, .box_w = 12, .box_h = 13, .ofs_x = 1, .ofs_y = -1},
    {.bitmap_index = 48459, .adv_w = 224, .box_w = 13, .box_h = 13, .ofs_x = 0, .ofs_y = -1},
    {.bitmap_index = 48481, .adv_w = 224, .box_w = 13, .box_h = 13, .ofs_x = 1, .ofs_y = -1},
    {.bitmap_index = 48503, .adv_w = 224, .box_w = 13, .box_h = 13, .ofs_x = 0, .ofs_y = -1},
    {.bitmap_index = 48525, .adv_w = 224, .box_w = 12, .box_h = 12, .ofs_x = 1, .ofs_y = -1},
    {.bitmap_index = 48543, .adv_w = 224, .box_w = 13, .box_h = 13, .ofs_x = 1, .ofs_y = -1},
    {.bitmap_index = 48565, .adv_w = 224, .box_w = 13, .box_h = 13, .ofs_x = 0, .ofs_y = -1},
    {.bitmap_index = 48587, .adv_w = 224, .box_w = 13, .box_h = 12, .ofs_x = 0, .ofs_y = -1},
    {.bitmap_index = 48607, .adv_w = 224, .box_w = 13, .box_h = 12, .ofs_x = 0, .ofs_y = -1},
    {.bitmap_index = 48627, .adv_w = 224, .box_w = 13, .box_h = 13, .ofs_x = 1, .ofs_y = -1},
    {.bitmap_index = 48649, .adv_w = 224, .box_w = 13, .box_h = 13, .ofs_x = 1, .ofs_y = -1},
    {.bitmap_index = 48671, .adv_w = 224, .box_w = 12, .box_h = 12, .ofs_x = 1, .ofs_y = -1},
    {.bitmap_index = 48689, .adv_w = 224, .box_w = 13, .box_h = 12, .ofs_x = 0, .ofs_y = -1},
    {.bitmap_index = 48709, .adv_w = 224, .box_w = 13, .box_h = 13, .ofs_x = 0, .ofs_y = -1},
    {.bitmap_index = 48731, .adv_w = 224, .box_w = 12, .box_h = 13, .ofs_x = 0, .ofs_y = -1},
    {.bitmap_index = 48751, .adv_w = 224, .box_w = 13, .box_h = 12, .ofs_x = 1, .ofs_y = -1},
    {.bitmap_index = 48771, .adv_w = 224, .box_w = 12, .box_h = 12, .ofs_x = 1, .ofs_y = -1},
    {.bitmap_index = 48789, .adv_w = 224, .box_w = 12, .box_h = 13, .ofs_x = 1, .ofs_y = -1},
    {.bitmap_index = 48809, .adv_w = 224, .box_w = 13, .box_h = 13, .ofs_x = 0, .ofs_y = -1},
    {.bitmap_index = 48831, .adv_w = 224, .box_w = 13, .box_h = 13, .ofs_x = 0, .ofs_y = -1},
    {.bitmap_index = 48853, .adv_w = 224, .box_w = 12, .box_h = 13, .ofs_x = 1, .ofs_y = -1},
    {.bitmap_index = 48873, .adv_w = 224, .box_w = 12, .box_h = 13, .ofs_x = 1, .ofs_y = -1},
    {.bitmap_index = 48893, .adv_w = 224, .box_w = 12, .box_h = 13, .ofs_x = 1, .ofs_y = -1},
    {.bitmap_index = 48913, .adv_w = 224, .box_w = 13, .box_h = 13, .ofs_x = 1, .ofs_y = -1},
    {.bitmap_index = 48935, .adv_w = 224, .box_w = 13, .box_h = 13, .ofs_x = 1, .ofs_y = -1},
    {.bitmap_index = 48957, .adv_w = 224, .box_w = 12, .box_h = 12, .ofs_x = 1, .ofs_y = -1},
    {.bitmap_index = 48975, .adv_w = 224, .box_w = 12, .box_h = 13, .ofs_x = 1, .ofs_y = -1},
    {.bitmap_index = 48995, .adv_w = 224, .box_w = 13, .box_h = 13, .ofs_x = 0, .ofs_y = -1},
    {.bitmap_index = 49017, .adv_w = 224, .box_w = 13, .box_h = 13, .ofs_x = 1, .ofs_y = -1},
    {.bitmap_index = 49039, .adv_w = 224, .box_w = 13, .box_h = 13, .ofs_x = 1, .ofs_y = -1},
    {.bitmap_index = 49061, .adv_w = 224, .box_w = 12, .box_h = 13, .ofs_x = 1, .ofs_y = -1},
    {.bitmap_index = 49081, .adv_w = 224, .box_w = 12, .box_h = 13, .ofs_x = 1, .ofs_y = -1},
    {.bitmap_index = 49101, .adv_w = 224, .box_w = 13, .box_h = 13, .ofs_x = 1, .ofs_y = -1},
    {.bitmap_index = 49123, .adv_w = 224, .box_w = 14, .box_h = 13, .ofs_x = 0, .ofs_y = -1},
    {.bitmap_index = 49146, .adv_w = 224, .box_w = 12, .box_h = 14, .ofs_x = 1, .ofs_y = -2},
    {.bitmap_index = 49167, .adv_w = 224, .box_w = 12, .box_h = 13, .ofs_x = 1, .ofs_y = -1},
    {.bitmap_index = 49187, .adv_w = 224, .box_w = 13, .box_h = 13, .ofs_x = 0, .ofs_y = -1},
    {.bitmap_index = 49209, .adv_w = 224, .box_w = 13, .box_h = 13, .ofs_x = 1, .ofs_y = -1},
    {.bitmap_index = 49231, .adv_w = 224, .box_w = 12, .box_h = 13, .ofs_x = 1, .ofs_y = -1},
    {.bitmap_index = 49251, .adv_w = 224, .box_w = 13, .box_h = 13, .ofs_x = 0, .ofs_y = -1},
    {.bitmap_index = 49273, .adv_w = 224, .box_w = 12, .box_h = 12, .ofs_x = 1, .ofs_y = -1},
    {.bitmap_index = 49291, .adv_w = 224, .box_w = 13, .box_h = 13, .ofs_x = 0, .ofs_y = -1},
    {.bitmap_index = 49313, .adv_w = 224, .box_w = 12, .box_h = 13, .ofs_x = 1, .ofs_y = -1},
    {.bitmap_index = 49333, .adv_w = 224, .box_w = 13, .box_h = 13, .ofs_x = 0, .ofs_y = -1},
    {.bitmap_index = 49355, .adv_w = 224, .box_w = 13, .box_h = 13, .ofs_x = 0, .ofs_y = -1},
    {.bitmap_index = 49377, .adv_w = 224, .box_w = 13, .box_h = 13, .ofs_x = 0, .ofs_y = -1},
    {.bitmap_index = 49399, .adv_w = 224, .box_w = 13, .box_h = 13, .ofs_x = 0, .ofs_y = -1},
    {.bitmap_index = 49421, .adv_w = 224, .box_w = 13, .box_h = 13, .ofs_x = 1, .ofs_y = -1},
    {.bitmap_index = 49443, .adv_w = 224, .box_w = 13, .box_h = 13, .ofs_x = 1, .ofs_y = -1},
    {.bitmap_index = 49465, .adv_w = 224, .box_w = 13, .box_h = 14, .ofs_x = 1, .ofs_y = -2},
    {.bitmap_index = 49488, .adv_w = 224, .box_w = 13, .box_h = 13, .ofs_x = 0, .ofs_y = -1},
    {.bitmap_index = 49510, .adv_w = 224, .box_w = 12, .box_h = 13, .ofs_x = 1, .ofs_y = -1},
    {.bitmap_index = 49530, .adv_w = 224, .box_w = 12, .box_h = 13, .ofs_x = 1, .ofs_y = -1},
    {.bitmap_index = 49550, .adv_w = 224, .box_w = 12, .box_h = 14, .ofs_x = 1, .ofs_y = -2},
    {.bitmap_index = 49571, .adv_w = 224, .box_w = 13, .box_h = 13, .ofs_x = 1, .ofs_y = -1},
    {.bitmap_index = 49593, .adv_w = 224, .box_w = 13, .box_h = 13, .ofs_x = 1, .ofs_y = -1},
    {.bitmap_index = 49615, .adv_w = 224, .box_w = 13, .box_h = 13, .ofs_x = 1, .ofs_y = -1},
    {.bitmap_index = 49637, .adv_w = 224, .box_w = 12, .box_h = 13, .ofs_x = 1, .ofs_y = -1},
    {.bitmap_index = 49657, .adv_w = 224, .box_w = 13, .box_h = 13, .ofs_x = 1, .ofs_y = -1},
    {.bitmap_index = 49679, .adv_w = 224, .box_w = 12, .box_h = 12, .ofs_x = 1, .ofs_y = -1},
    {.bitmap_index = 49697, .adv_w = 224, .box_w = 12, .box_h = 13, .ofs_x = 1, .ofs_y = -1},
    {.bitmap_index = 49717, .adv_w = 224, .box_w = 12, .box_h = 13, .ofs_x = 1, .ofs_y = -1},
    {.bitmap_index = 49737, .adv_w = 224, .box_w = 12, .box_h = 14, .ofs_x = 1, .ofs_y = -2},
    {.bitmap_index = 49758, .adv_w = 224, .box_w = 13, .box_h = 13, .ofs_x = 1, .ofs_y = -1},
    {.bitmap_index = 49780, .adv_w = 224, .box_w = 12, .box_h = 13, .ofs_x = 1, .ofs_y = -1},
    {.bitmap_index = 49800, .adv_w = 224, .box_w = 13, .box_h = 13, .ofs_x = 1, .ofs_y = -1},
    {.bitmap_index = 49822, .adv_w = 224, .box_w = 13, .box_h = 13, .ofs_x = 0, .ofs_y = -1},
    {.bitmap_index = 49844, .adv_w = 224, .box_w = 12, .box_h = 13, .ofs_x = 1, .ofs_y = -1},
    {.bitmap_index = 49864, .adv_w = 224, .box_w = 13, .box_h = 13, .ofs_x = 1, .ofs_y = -1},
    {.bitmap_index = 49886, .adv_w = 224, .box_w = 12, .box_h = 13, .ofs_x = 1, .ofs_y = -1},
    {.bitmap_index = 49906, .adv_w = 224, .box_w = 13, .box_h = 13, .ofs_x = 1, .ofs_y = -1},
    {.bitmap_index = 49928, .adv_w = 224, .box_w = 13, .box_h = 12, .ofs_x = 0, .ofs_y = -1},
    {.bitmap_index = 49948, .adv_w = 224, .box_w = 12, .box_h = 13, .ofs_x = 1, .ofs_y = -1},
    {.bitmap_index = 49968, .adv_w = 224, .box_w = 13, .box_h = 13, .ofs_x = 1, .ofs_y = -1},
    {.bitmap_index = 49990, .adv_w = 224, .box_w = 12, .box_h = 13, .ofs_x = 1, .ofs_y = -1},
    {.bitmap_index = 50010, .adv_w = 224, .box_w = 12, .box_h = 13, .ofs_x = 1, .ofs_y = -1},
    {.bitmap_index = 50030, .adv_w = 224, .box_w = 12, .box_h = 13, .ofs_x = 1, .ofs_y = -1},
    {.bitmap_index = 50050, .adv_w = 224, .box_w = 13, .box_h = 13, .ofs_x = 1, .ofs_y = -1},
    {.bitmap_index = 50072, .adv_w = 224, .box_w = 12, .box_h = 13, .ofs_x = 1, .ofs_y = -1},
    {.bitmap_index = 50092, .adv_w = 224, .box_w = 12, .box_h = 13, .ofs_x = 1, .ofs_y = -1},
    {.bitmap_index = 50112, .adv_w = 224, .box_w = 13, .box_h = 13, .ofs_x = 1, .ofs_y = -1},
    {.bitmap_index = 50134, .adv_w = 224, .box_w = 12, .box_h = 12, .ofs_x = 1, .ofs_y = -1},
    {.bitmap_index = 50152, .adv_w = 224, .box_w = 12, .box_h = 13, .ofs_x = 1, .ofs_y = -1},
    {.bitmap_index = 50172, .adv_w = 224, .box_w = 13, .box_h = 13, .ofs_x = 1, .ofs_y = -1},
    {.bitmap_index = 50194, .adv_w = 224, .box_w = 12, .box_h = 13, .ofs_x = 0, .ofs_y = -1},
    {.bitmap_index = 50214, .adv_w = 224, .box_w = 13, .box_h = 11, .ofs_x = 1, .ofs_y = 0},
    {.bitmap_index = 50232, .adv_w = 224, .box_w = 13, .box_h = 13, .ofs_x = 1, .ofs_y = -1},
    {.bitmap_index = 50254, .adv_w = 224, .box_w = 12, .box_h = 13, .ofs_x = 1, .ofs_y = -1},
    {.bitmap_index = 50274, .adv_w = 224, .box_w = 13, .box_h = 13, .ofs_x = 0, .ofs_y = -1},
    {.bitmap_index = 50296, .adv_w = 224, .box_w = 13, .box_h = 13, .ofs_x = 1, .ofs_y = -1},
    {.bitmap_index = 50318, .adv_w = 224, .box_w = 12, .box_h = 13, .ofs_x = 1, .ofs_y = -1},
    {.bitmap_index = 50338, .adv_w = 224, .box_w = 12, .box_h = 13, .ofs_x = 1, .ofs_y = -1},
    {.bitmap_index = 50358, .adv_w = 224, .box_w = 13, .box_h = 13, .ofs_x = 1, .ofs_y = -1},
    {.bitmap_index = 50380, .adv_w = 224, .box_w = 12, .box_h = 12, .ofs_x = 1, .ofs_y = 0},
    {.bitmap_index = 50398, .adv_w = 224, .box_w = 12, .box_h = 13, .ofs_x = 1, .ofs_y = -1},
    {.bitmap_index = 50418, .adv_w = 224, .box_w = 12, .box_h = 13, .ofs_x = 1, .ofs_y = -1},
    {.bitmap_index = 50438, .adv_w = 224, .box_w = 13, .box_h = 13, .ofs_x = 1, .ofs_y = -1},
    {.bitmap_index = 50460, .adv_w = 224, .box_w = 13, .box_h = 13, .ofs_x = 0, .ofs_y = -1},
    {.bitmap_index = 50482, .adv_w = 224, .box_w = 13, .box_h = 12, .ofs_x = 0, .ofs_y = -1},
    {.bitmap_index = 50502, .adv_w = 224, .box_w = 13, .box_h = 13, .ofs_x = 0, .ofs_y = -1},
    {.bitmap_index = 50524, .adv_w = 224, .box_w = 12, .box_h = 12, .ofs_x = 1, .ofs_y = -1},
    {.bitmap_index = 50542, .adv_w = 224, .box_w = 12, .box_h = 13, .ofs_x = 1, .ofs_y = -1},
    {.bitmap_index = 50562, .adv_w = 224, .box_w = 13, .box_h = 13, .ofs_x = 0, .ofs_y = -1},
    {.bitmap_index = 50584, .adv_w = 224, .box_w = 12, .box_h = 13, .ofs_x = 1, .ofs_y = -1},
    {.bitmap_index = 50604, .adv_w = 224, .box_w = 13, .box_h = 13, .ofs_x = 0, .ofs_y = -1},
    {.bitmap_index = 50626, .adv_w = 224, .box_w = 12, .box_h = 13, .ofs_x = 1, .ofs_y = -1},
    {.bitmap_index = 50646, .adv_w = 224, .box_w = 13, .box_h = 13, .ofs_x = 0, .ofs_y = -1},
    {.bitmap_index = 50668, .adv_w = 224, .box_w = 13, .box_h = 13, .ofs_x = 0, .ofs_y = -1},
    {.bitmap_index = 50690, .adv_w = 224, .box_w = 14, .box_h = 12, .ofs_x = 0, .ofs_y = -1},
    {.bitmap_index = 50711, .adv_w = 224, .box_w = 13, .box_h = 13, .ofs_x = 0, .ofs_y = -1},
    {.bitmap_index = 50733, .adv_w = 224, .box_w = 12, .box_h = 13, .ofs_x = 0, .ofs_y = -1},
    {.bitmap_index = 50753, .adv_w = 224, .box_w = 13, .box_h = 13, .ofs_x = 0, .ofs_y = -1},
    {.bitmap_index = 50775, .adv_w = 224, .box_w = 13, .box_h = 13, .ofs_x = 0, .ofs_y = -1},
    {.bitmap_index = 50797, .adv_w = 224, .box_w = 13, .box_h = 13, .ofs_x = 0, .ofs_y = -1},
    {.bitmap_index = 50819, .adv_w = 224, .box_w = 13, .box_h = 13, .ofs_x = 0, .ofs_y = -1},
    {.bitmap_index = 50841, .adv_w = 224, .box_w = 12, .box_h = 13, .ofs_x = 1, .ofs_y = -1},
    {.bitmap_index = 50861, .adv_w = 224, .box_w = 13, .box_h = 13, .ofs_x = 0, .ofs_y = -1},
    {.bitmap_index = 50883, .adv_w = 224, .box_w = 13, .box_h = 13, .ofs_x = 1, .ofs_y = -1},
    {.bitmap_index = 50905, .adv_w = 224, .box_w = 13, .box_h = 13, .ofs_x = 0, .ofs_y = -1},
    {.bitmap_index = 50927, .adv_w = 224, .box_w = 13, .box_h = 13, .ofs_x = 1, .ofs_y = -1},
    {.bitmap_index = 50949, .adv_w = 224, .box_w = 13, .box_h = 13, .ofs_x = 0, .ofs_y = -1},
    {.bitmap_index = 50971, .adv_w = 224, .box_w = 13, .box_h = 13, .ofs_x = 0, .ofs_y = -1},
    {.bitmap_index = 50993, .adv_w = 224, .box_w = 13, .box_h = 13, .ofs_x = 0, .ofs_y = -1},
    {.bitmap_index = 51015, .adv_w = 224, .box_w = 12, .box_h = 13, .ofs_x = 0, .ofs_y = -1},
    {.bitmap_index = 51035, .adv_w = 224, .box_w = 13, .box_h = 13, .ofs_x = 1, .ofs_y = -1},
    {.bitmap_index = 51057, .adv_w = 224, .box_w = 13, .box_h = 12, .ofs_x = 1, .ofs_y = 0},
    {.bitmap_index = 51077, .adv_w = 224, .box_w = 13, .box_h = 13, .ofs_x = 0, .ofs_y = -1},
    {.bitmap_index = 51099, .adv_w = 224, .box_w = 13, .box_h = 13, .ofs_x = 0, .ofs_y = -1},
    {.bitmap_index = 51121, .adv_w = 224, .box_w = 13, .box_h = 13, .ofs_x = 0, .ofs_y = -1},
    {.bitmap_index = 51143, .adv_w = 224, .box_w = 13, .box_h = 13, .ofs_x = 0, .ofs_y = -1},
    {.bitmap_index = 51165, .adv_w = 224, .box_w = 13, .box_h = 13, .ofs_x = 1, .ofs_y = -1},
    {.bitmap_index = 51187, .adv_w = 224, .box_w = 13, .box_h = 13, .ofs_x = 1, .ofs_y = -1},
    {.bitmap_index = 51209, .adv_w = 224, .box_w = 12, .box_h = 13, .ofs_x = 1, .ofs_y = -1},
    {.bitmap_index = 51229, .adv_w = 224, .box_w = 13, .box_h = 12, .ofs_x = 0, .ofs_y = -1},
    {.bitmap_index = 51249, .adv_w = 224, .box_w = 12, .box_h = 13, .ofs_x = 1, .ofs_y = -1},
    {.bitmap_index = 51269, .adv_w = 224, .box_w = 13, .box_h = 13, .ofs_x = 0, .ofs_y = -1},
    {.bitmap_index = 51291, .adv_w = 224, .box_w = 13, .box_h = 13, .ofs_x = 1, .ofs_y = -1},
    {.bitmap_index = 51313, .adv_w = 224, .box_w = 13, .box_h = 13, .ofs_x = 1, .ofs_y = -1},
    {.bitmap_index = 51335, .adv_w = 224, .box_w = 14, .box_h = 13, .ofs_x = 0, .ofs_y = -1},
    {.bitmap_index = 51358, .adv_w = 224, .box_w = 13, .box_h = 13, .ofs_x = 0, .ofs_y = -1},
    {.bitmap_index = 51380, .adv_w = 224, .box_w = 13, .box_h = 13, .ofs_x = 1, .ofs_y = -1},
    {.bitmap_index = 51402, .adv_w = 224, .box_w = 13, .box_h = 13, .ofs_x = 0, .ofs_y = -1},
    {.bitmap_index = 51424, .adv_w = 224, .box_w = 12, .box_h = 14, .ofs_x = 1, .ofs_y = -2},
    {.bitmap_index = 51445, .adv_w = 224, .box_w = 13, .box_h = 13, .ofs_x = 0, .ofs_y = -1},
    {.bitmap_index = 51467, .adv_w = 224, .box_w = 13, .box_h = 13, .ofs_x = 0, .ofs_y = -1},
    {.bitmap_index = 51489, .adv_w = 224, .box_w = 12, .box_h = 13, .ofs_x = 1, .ofs_y = -1},
    {.bitmap_index = 51509, .adv_w = 224, .box_w = 13, .box_h = 13, .ofs_x = 0, .ofs_y = -1},
    {.bitmap_index = 51531, .adv_w = 224, .box_w = 13, .box_h = 13, .ofs_x = 0, .ofs_y = -1},
    {.bitmap_index = 51553, .adv_w = 224, .box_w = 13, .box_h = 13, .ofs_x = 1, .ofs_y = -1},
    {.bitmap_index = 51575, .adv_w = 224, .box_w = 13, .box_h = 14, .ofs_x = 0, .ofs_y = -2},
    {.bitmap_index = 51598, .adv_w = 224, .box_w = 12, .box_h = 13, .ofs_x = 1, .ofs_y = -1},
    {.bitmap_index = 51618, .adv_w = 224, .box_w = 13, .box_h = 12, .ofs_x = 1, .ofs_y = -1},
    {.bitmap_index = 51638, .adv_w = 224, .box_w = 13, .box_h = 12, .ofs_x = 0, .ofs_y = -1},
    {.bitmap_index = 51658, .adv_w = 224, .box_w = 13, .box_h = 12, .ofs_x = 0, .ofs_y = -1},
    {.bitmap_index = 51678, .adv_w = 224, .box_w = 13, .box_h = 13, .ofs_x = 0, .ofs_y = -1},
    {.bitmap_index = 51700, .adv_w = 224, .box_w = 13, .box_h = 13, .ofs_x = 0, .ofs_y = -1},
    {.bitmap_index = 51722, .adv_w = 224, .box_w = 13, .box_h = 12, .ofs_x = 1, .ofs_y = 0},
    {.bitmap_index = 51742, .adv_w = 224, .box_w = 13, .box_h = 13, .ofs_x = 0, .ofs_y = -1},
    {.bitmap_index = 51764, .adv_w = 224, .box_w = 13, .box_h = 13, .ofs_x = 1, .ofs_y = -1},
    {.bitmap_index = 51786, .adv_w = 224, .box_w = 12, .box_h = 12, .ofs_x = 1, .ofs_y = -1},
    {.bitmap_index = 51804, .adv_w = 224, .box_w = 12, .box_h = 12, .ofs_x = 1, .ofs_y = -1},
    {.bitmap_index = 51822, .adv_w = 224, .box_w = 11, .box_h = 12, .ofs_x = 2, .ofs_y = -1},
    {.bitmap_index = 51839, .adv_w = 224, .box_w = 12, .box_h = 12, .ofs_x = 1, .ofs_y = -1},
    {.bitmap_index = 51857, .adv_w = 224, .box_w = 12, .box_h = 12, .ofs_x = 1, .ofs_y = -1},
    {.bitmap_index = 51875, .adv_w = 224, .box_w = 12, .box_h = 12, .ofs_x = 1, .ofs_y = -1},
    {.bitmap_index = 51893, .adv_w = 224, .box_w = 12, .box_h = 12, .ofs_x = 1, .ofs_y = -1},
    {.bitmap_index = 51911, .adv_w = 224, .box_w = 12, .box_h = 12, .ofs_x = 1, .ofs_y = -1},
    {.bitmap_index = 51929, .adv_w = 224, .box_w = 12, .box_h = 12, .ofs_x = 1, .ofs_y = -1},
    {.bitmap_index = 51947, .adv_w = 224, .box_w = 13, .box_h = 12, .ofs_x = 1, .ofs_y = -1},
    {.bitmap_index = 51967, .adv_w = 224, .box_w = 13, .box_h = 13, .ofs_x = 1, .ofs_y = -1},
    {.bitmap_index = 51989, .adv_w = 224, .box_w = 13, .box_h = 13, .ofs_x = 0, .ofs_y = -1},
    {.bitmap_index = 52011, .adv_w = 224, .box_w = 12, .box_h = 13, .ofs_x = 1, .ofs_y = -1},
    {.bitmap_index = 52031, .adv_w = 224, .box_w = 12, .box_h = 13, .ofs_x = 1, .ofs_y = -1},
    {.bitmap_index = 52051, .adv_w = 224, .box_w = 13, .box_h = 13, .ofs_x = 0, .ofs_y = -1},
    {.bitmap_index = 52073, .adv_w = 224, .box_w = 12, .box_h = 13, .ofs_x = 1, .ofs_y = -1},
    {.bitmap_index = 52093, .adv_w = 224, .box_w = 12, .box_h = 12, .ofs_x = 0, .ofs_y = -1},
    {.bitmap_index = 52111, .adv_w = 224, .box_w = 13, .box_h = 13, .ofs_x = 0, .ofs_y = -1},
    {.bitmap_index = 52133, .adv_w = 224, .box_w = 13, .box_h = 13, .ofs_x = 1, .ofs_y = -1},
    {.bitmap_index = 52155, .adv_w = 224, .box_w = 12, .box_h = 13, .ofs_x = 1, .ofs_y = -1},
    {.bitmap_index = 52175, .adv_w = 224, .box_w = 13, .box_h = 13, .ofs_x = 1, .ofs_y = -1},
    {.bitmap_index = 52197, .adv_w = 224, .box_w = 13, .box_h = 13, .ofs_x = 1, .ofs_y = -1},
    {.bitmap_index = 52219, .adv_w = 224, .box_w = 13, .box_h = 12, .ofs_x = 0, .ofs_y = -1},
    {.bitmap_index = 52239, .adv_w = 224, .box_w = 13, .box_h = 13, .ofs_x = 0, .ofs_y = -1},
    {.bitmap_index = 52261, .adv_w = 224, .box_w = 14, .box_h = 13, .ofs_x = 0, .ofs_y = -1},
    {.bitmap_index = 52284, .adv_w = 224, .box_w = 12, .box_h = 13, .ofs_x = 1, .ofs_y = -1},
    {.bitmap_index = 52304, .adv_w = 224, .box_w = 13, .box_h = 12, .ofs_x = 1, .ofs_y = -1},
    {.bitmap_index = 52324, .adv_w = 224, .box_w = 12, .box_h = 13, .ofs_x = 1, .ofs_y = -1},
    {.bitmap_index = 52344, .adv_w = 224, .box_w = 13, .box_h = 13, .ofs_x = 0, .ofs_y = -1},
    {.bitmap_index = 52366, .adv_w = 224, .box_w = 12, .box_h = 13, .ofs_x = 1, .ofs_y = -1},
    {.bitmap_index = 52386, .adv_w = 224, .box_w = 13, .box_h = 13, .ofs_x = 0, .ofs_y = -1},
    {.bitmap_index = 52408, .adv_w = 224, .box_w = 13, .box_h = 12, .ofs_x = 1, .ofs_y = -1},
    {.bitmap_index = 52428, .adv_w = 224, .box_w = 13, .box_h = 12, .ofs_x = 0, .ofs_y = -1},
    {.bitmap_index = 52448, .adv_w = 224, .box_w = 12, .box_h = 13, .ofs_x = 1, .ofs_y = -1},
    {.bitmap_index = 52468, .adv_w = 224, .box_w = 13, .box_h = 13, .ofs_x = 1, .ofs_y = -1},
    {.bitmap_index = 52490, .adv_w = 224, .box_w = 13, .box_h = 13, .ofs_x = 0, .ofs_y = -1},
    {.bitmap_index = 52512, .adv_w = 224, .box_w = 13, .box_h = 13, .ofs_x = 1, .ofs_y = -1},
    {.bitmap_index = 52534, .adv_w = 224, .box_w = 13, .box_h = 13, .ofs_x = 1, .ofs_y = -1},
    {.bitmap_index = 52556, .adv_w = 224, .box_w = 12, .box_h = 12, .ofs_x = 1, .ofs_y = -1},
    {.bitmap_index = 52574, .adv_w = 224, .box_w = 12, .box_h = 13, .ofs_x = 1, .ofs_y = -1},
    {.bitmap_index = 52594, .adv_w = 224, .box_w = 13, .box_h = 13, .ofs_x = 1, .ofs_y = -1},
    {.bitmap_index = 52616, .adv_w = 224, .box_w = 13, .box_h = 13, .ofs_x = 1, .ofs_y = -1},
    {.bitmap_index = 52638, .adv_w = 224, .box_w = 12, .box_h = 13, .ofs_x = 1, .ofs_y = -1},
    {.bitmap_index = 52658, .adv_w = 224, .box_w = 14, .box_h = 13, .ofs_x = 0, .ofs_y = -2},
    {.bitmap_index = 52681, .adv_w = 224, .box_w = 13, .box_h = 13, .ofs_x = 1, .ofs_y = -1},
    {.bitmap_index = 52703, .adv_w = 224, .box_w = 12, .box_h = 13, .ofs_x = 1, .ofs_y = -1},
    {.bitmap_index = 52723, .adv_w = 224, .box_w = 13, .box_h = 12, .ofs_x = 0, .ofs_y = -1},
    {.bitmap_index = 52743, .adv_w = 224, .box_w = 13, .box_h = 12, .ofs_x = 1, .ofs_y = -1},
    {.bitmap_index = 52763, .adv_w = 224, .box_w = 13, .box_h = 13, .ofs_x = 1, .ofs_y = -1},
    {.bitmap_index = 52785, .adv_w = 224, .box_w = 13, .box_h = 12, .ofs_x = 1, .ofs_y = -1},
    {.bitmap_index = 52805, .adv_w = 224, .box_w = 13, .box_h = 13, .ofs_x = 1, .ofs_y = -1},
    {.bitmap_index = 52827, .adv_w = 224, .box_w = 12, .box_h = 13, .ofs_x = 1, .ofs_y = -1},
    {.bitmap_index = 52847, .adv_w = 224, .box_w = 13, .box_h = 13, .ofs_x = 1, .ofs_y = -1},
    {.bitmap_index = 52869, .adv_w = 224, .box_w = 13, .box_h = 13, .ofs_x = 0, .ofs_y = -1},
    {.bitmap_index = 52891, .adv_w = 224, .box_w = 11, .box_h = 13, .ofs_x = 1, .ofs_y = -1},
    {.bitmap_index = 52909, .adv_w = 224, .box_w = 13, .box_h = 13, .ofs_x = 0, .ofs_y = -1},
    {.bitmap_index = 52931, .adv_w = 224, .box_w = 13, .box_h = 12, .ofs_x = 0, .ofs_y = -1},
    {.bitmap_index = 52951, .adv_w = 224, .box_w = 11, .box_h = 13, .ofs_x = 2, .ofs_y = -1},
    {.bitmap_index = 52969, .adv_w = 224, .box_w = 13, .box_h = 13, .ofs_x = 0, .ofs_y = -1},
    {.bitmap_index = 52991, .adv_w = 224, .box_w = 13, .box_h = 13, .ofs_x = 0, .ofs_y = -1},
    {.bitmap_index = 53013, .adv_w = 224, .box_w = 13, .box_h = 12, .ofs_x = 0, .ofs_y = -1},
    {.bitmap_index = 53033, .adv_w = 224, .box_w = 13, .box_h = 12, .ofs_x = 0, .ofs_y = -1},
    {.bitmap_index = 53053, .adv_w = 224, .box_w = 13, .box_h = 12, .ofs_x = 0, .ofs_y = -1},
    {.bitmap_index = 53073, .adv_w = 224, .box_w = 13, .box_h = 12, .ofs_x = 0, .ofs_y = -1},
    {.bitmap_index = 53093, .adv_w = 224, .box_w = 14, .box_h = 13, .ofs_x = 0, .ofs_y = -1},
    {.bitmap_index = 53116, .adv_w = 224, .box_w = 14, .box_h = 13, .ofs_x = 0, .ofs_y = -1},
    {.bitmap_index = 53139, .adv_w = 224, .box_w = 13, .box_h = 12, .ofs_x = 0, .ofs_y = -1},
    {.bitmap_index = 53159, .adv_w = 224, .box_w = 12, .box_h = 12, .ofs_x = 0, .ofs_y = -1},
    {.bitmap_index = 53177, .adv_w = 224, .box_w = 13, .box_h = 13, .ofs_x = 0, .ofs_y = -1},
    {.bitmap_index = 53199, .adv_w = 224, .box_w = 13, .box_h = 13, .ofs_x = 0, .ofs_y = -1},
    {.bitmap_index = 53221, .adv_w = 224, .box_w = 12, .box_h = 13, .ofs_x = 1, .ofs_y = -1},
    {.bitmap_index = 53241, .adv_w = 224, .box_w = 12, .box_h = 13, .ofs_x = 1, .ofs_y = -1},
    {.bitmap_index = 53261, .adv_w = 224, .box_w = 12, .box_h = 12, .ofs_x = 1, .ofs_y = -1},
    {.bitmap_index = 53279, .adv_w = 224, .box_w = 13, .box_h = 13, .ofs_x = 0, .ofs_y = -1},
    {.bitmap_index = 53301, .adv_w = 224, .box_w = 12, .box_h = 12, .ofs_x = 2, .ofs_y = -1},
    {.bitmap_index = 53319, .adv_w = 224, .box_w = 13, .box_h = 13, .ofs_x = 0, .ofs_y = -1},
    {.bitmap_index = 53341, .adv_w = 224, .box_w = 14, .box_h = 13, .ofs_x = 0, .ofs_y = -1},
    {.bitmap_index = 53364, .adv_w = 224, .box_w = 13, .box_h = 13, .ofs_x = 0, .ofs_y = -1},
    {.bitmap_index = 53386, .adv_w = 224, .box_w = 10, .box_h = 12, .ofs_x = 2, .ofs_y = -1},
    {.bitmap_index = 53401, .adv_w = 224, .box_w = 13, .box_h = 12, .ofs_x = 0, .ofs_y = -1},
    {.bitmap_index = 53421, .adv_w = 224, .box_w = 13, .box_h = 13, .ofs_x = 1, .ofs_y = -1},
    {.bitmap_index = 53443, .adv_w = 224, .box_w = 13, .box_h = 13, .ofs_x = 0, .ofs_y = -1},
    {.bitmap_index = 53465, .adv_w = 224, .box_w = 13, .box_h = 13, .ofs_x = 0, .ofs_y = -1},
    {.bitmap_index = 53487, .adv_w = 224, .box_w = 13, .box_h = 12, .ofs_x = 0, .ofs_y = -1},
    {.bitmap_index = 53507, .adv_w = 224, .box_w = 14, .box_h = 13, .ofs_x = 0, .ofs_y = -1},
    {.bitmap_index = 53530, .adv_w = 224, .box_w = 14, .box_h = 13, .ofs_x = 0, .ofs_y = -1},
    {.bitmap_index = 53553, .adv_w = 224, .box_w = 12, .box_h = 13, .ofs_x = 1, .ofs_y = -1},
    {.bitmap_index = 53573, .adv_w = 224, .box_w = 13, .box_h = 13, .ofs_x = 0, .ofs_y = -1},
    {.bitmap_index = 53595, .adv_w = 224, .box_w = 14, .box_h = 13, .ofs_x = 0, .ofs_y = -1},
    {.bitmap_index = 53618, .adv_w = 224, .box_w = 13, .box_h = 13, .ofs_x = 0, .ofs_y = -1},
    {.bitmap_index = 53640, .adv_w = 224, .box_w = 13, .box_h = 13, .ofs_x = 0, .ofs_y = -1},
    {.bitmap_index = 53662, .adv_w = 224, .box_w = 13, .box_h = 13, .ofs_x = 0, .ofs_y = -1},
    {.bitmap_index = 53684, .adv_w = 224, .box_w = 13, .box_h = 13, .ofs_x = 0, .ofs_y = -1},
    {.bitmap_index = 53706, .adv_w = 224, .box_w = 13, .box_h = 13, .ofs_x = 0, .ofs_y = -1},
    {.bitmap_index = 53728, .adv_w = 224, .box_w = 13, .box_h = 13, .ofs_x = 0, .ofs_y = -1},
    {.bitmap_index = 53750, .adv_w = 224, .box_w = 13, .box_h = 13, .ofs_x = 0, .ofs_y = -1},
    {.bitmap_index = 53772, .adv_w = 224, .box_w = 14, .box_h = 13, .ofs_x = 0, .ofs_y = -1},
    {.bitmap_index = 53795, .adv_w = 224, .box_w = 14, .box_h = 13, .ofs_x = 0, .ofs_y = -1},
    {.bitmap_index = 53818, .adv_w = 224, .box_w = 13, .box_h = 13, .ofs_x = 0, .ofs_y = -1},
    {.bitmap_index = 53840, .adv_w = 224, .box_w = 14, .box_h = 13, .ofs_x = 0, .ofs_y = -1},
    {.bitmap_index = 53863, .adv_w = 224, .box_w = 13, .box_h = 13, .ofs_x = 0, .ofs_y = -1},
    {.bitmap_index = 53885, .adv_w = 224, .box_w = 13, .box_h = 12, .ofs_x = 0, .ofs_y = -1},
    {.bitmap_index = 53905, .adv_w = 224, .box_w = 13, .box_h = 13, .ofs_x = 0, .ofs_y = -1},
    {.bitmap_index = 53927, .adv_w = 224, .box_w = 13, .box_h = 13, .ofs_x = 0, .ofs_y = -1},
    {.bitmap_index = 53949, .adv_w = 224, .box_w = 13, .box_h = 13, .ofs_x = 0, .ofs_y = -1},
    {.bitmap_index = 53971, .adv_w = 224, .box_w = 13, .box_h = 13, .ofs_x = 0, .ofs_y = -1},
    {.bitmap_index = 53993, .adv_w = 224, .box_w = 13, .box_h = 13, .ofs_x = 0, .ofs_y = -1},
    {.bitmap_index = 54015, .adv_w = 224, .box_w = 14, .box_h = 13, .ofs_x = 0, .ofs_y = -1},
    {.bitmap_index = 54038, .adv_w = 224, .box_w = 13, .box_h = 13, .ofs_x = 0, .ofs_y = -1},
    {.bitmap_index = 54060, .adv_w = 224, .box_w = 13, .box_h = 13, .ofs_x = 0, .ofs_y = -1},
    {.bitmap_index = 54082, .adv_w = 224, .box_w = 13, .box_h = 13, .ofs_x = 0, .ofs_y = -1},
    {.bitmap_index = 54104, .adv_w = 224, .box_w = 13, .box_h = 13, .ofs_x = 1, .ofs_y = -1},
    {.bitmap_index = 54126, .adv_w = 224, .box_w = 14, .box_h = 13, .ofs_x = 0, .ofs_y = -1},
    {.bitmap_index = 54149, .adv_w = 224, .box_w = 14, .box_h = 13, .ofs_x = 0, .ofs_y = -1},
    {.bitmap_index = 54172, .adv_w = 224, .box_w = 13, .box_h = 12, .ofs_x = 0, .ofs_y = -1},
    {.bitmap_index = 54192, .adv_w = 224, .box_w = 14, .box_h = 12, .ofs_x = 0, .ofs_y = -1},
    {.bitmap_index = 54213, .adv_w = 224, .box_w = 14, .box_h = 12, .ofs_x = 0, .ofs_y = -1},
    {.bitmap_index = 54234, .adv_w = 224, .box_w = 13, .box_h = 13, .ofs_x = 0, .ofs_y = -1},
    {.bitmap_index = 54256, .adv_w = 224, .box_w = 13, .box_h = 13, .ofs_x = 0, .ofs_y = -1},
    {.bitmap_index = 54278, .adv_w = 224, .box_w = 14, .box_h = 13, .ofs_x = 0, .ofs_y = -1},
    {.bitmap_index = 54301, .adv_w = 224, .box_w = 14, .box_h = 13, .ofs_x = 0, .ofs_y = -1},
    {.bitmap_index = 54324, .adv_w = 224, .box_w = 14, .box_h = 12, .ofs_x = 0, .ofs_y = -1},
    {.bitmap_index = 54345, .adv_w = 224, .box_w = 13, .box_h = 13, .ofs_x = 0, .ofs_y = -1},
    {.bitmap_index = 54367, .adv_w = 224, .box_w = 13, .box_h = 13, .ofs_x = 0, .ofs_y = -1},
    {.bitmap_index = 54389, .adv_w = 224, .box_w = 12, .box_h = 13, .ofs_x = 1, .ofs_y = -1},
    {.bitmap_index = 54409, .adv_w = 224, .box_w = 13, .box_h = 12, .ofs_x = 0, .ofs_y = -1},
    {.bitmap_index = 54429, .adv_w = 224, .box_w = 13, .box_h = 13, .ofs_x = 0, .ofs_y = -1},
    {.bitmap_index = 54451, .adv_w = 224, .box_w = 13, .box_h = 13, .ofs_x = 0, .ofs_y = -1},
    {.bitmap_index = 54473, .adv_w = 224, .box_w = 14, .box_h = 13, .ofs_x = 0, .ofs_y = -1},
    {.bitmap_index = 54496, .adv_w = 224, .box_w = 13, .box_h = 13, .ofs_x = 0, .ofs_y = -1},
    {.bitmap_index = 54518, .adv_w = 224, .box_w = 14, .box_h = 13, .ofs_x = 0, .ofs_y = -1},
    {.bitmap_index = 54541, .adv_w = 224, .box_w = 13, .box_h = 12, .ofs_x = 0, .ofs_y = -1},
    {.bitmap_index = 54561, .adv_w = 224, .box_w = 13, .box_h = 13, .ofs_x = 0, .ofs_y = -1},
    {.bitmap_index = 54583, .adv_w = 224, .box_w = 14, .box_h = 12, .ofs_x = 0, .ofs_y = -1},
    {.bitmap_index = 54604, .adv_w = 224, .box_w = 11, .box_h = 11, .ofs_x = 2, .ofs_y = 0},
    {.bitmap_index = 54620, .adv_w = 224, .box_w = 10, .box_h = 13, .ofs_x = 2, .ofs_y = -1},
    {.bitmap_index = 54637, .adv_w = 224, .box_w = 12, .box_h = 13, .ofs_x = 1, .ofs_y = -1},
    {.bitmap_index = 54657, .adv_w = 224, .box_w = 13, .box_h = 12, .ofs_x = 0, .ofs_y = -1},
    {.bitmap_index = 54677, .adv_w = 224, .box_w = 13, .box_h = 14, .ofs_x = 1, .ofs_y = -2},
    {.bitmap_index = 54700, .adv_w = 224, .box_w = 11, .box_h = 13, .ofs_x = 2, .ofs_y = -1},
    {.bitmap_index = 54718, .adv_w = 224, .box_w = 12, .box_h = 13, .ofs_x = 1, .ofs_y = -1},
    {.bitmap_index = 54738, .adv_w = 224, .box_w = 11, .box_h = 12, .ofs_x = 1, .ofs_y = -1},
    {.bitmap_index = 54755, .adv_w = 224, .box_w = 13, .box_h = 13, .ofs_x = 0, .ofs_y = -1},
    {.bitmap_index = 54777, .adv_w = 224, .box_w = 13, .box_h = 13, .ofs_x = 1, .ofs_y = -1},
    {.bitmap_index = 54799, .adv_w = 224, .box_w = 13, .box_h = 13, .ofs_x = 1, .ofs_y = -1},
    {.bitmap_index = 54821, .adv_w = 224, .box_w = 14, .box_h = 13, .ofs_x = 0, .ofs_y = -1},
    {.bitmap_index = 54844, .adv_w = 224, .box_w = 13, .box_h = 13, .ofs_x = 1, .ofs_y = -1},
    {.bitmap_index = 54866, .adv_w = 224, .box_w = 13, .box_h = 13, .ofs_x = 1, .ofs_y = -1},
    {.bitmap_index = 54888, .adv_w = 224, .box_w = 13, .box_h = 13, .ofs_x = 1, .ofs_y = -1},
    {.bitmap_index = 54910, .adv_w = 224, .box_w = 13, .box_h = 12, .ofs_x = 1, .ofs_y = -1},
    {.bitmap_index = 54930, .adv_w = 224, .box_w = 13, .box_h = 13, .ofs_x = 1, .ofs_y = -1},
    {.bitmap_index = 54952, .adv_w = 224, .box_w = 13, .box_h = 13, .ofs_x = 1, .ofs_y = -1},
    {.bitmap_index = 54974, .adv_w = 224, .box_w = 14, .box_h = 13, .ofs_x = 1, .ofs_y = -1},
    {.bitmap_index = 54997, .adv_w = 224, .box_w = 13, .box_h = 13, .ofs_x = 0, .ofs_y = -1},
    {.bitmap_index = 55019, .adv_w = 224, .box_w = 12, .box_h = 13, .ofs_x = 1, .ofs_y = -1},
    {.bitmap_index = 55039, .adv_w = 224, .box_w = 13, .box_h = 12, .ofs_x = 0, .ofs_y = -1},
    {.bitmap_index = 55059, .adv_w = 224, .box_w = 12, .box_h = 13, .ofs_x = 1, .ofs_y = -1},
    {.bitmap_index = 55079, .adv_w = 224, .box_w = 13, .box_h = 13, .ofs_x = 0, .ofs_y = -1},
    {.bitmap_index = 55101, .adv_w = 224, .box_w = 14, .box_h = 13, .ofs_x = 0, .ofs_y = -1},
    {.bitmap_index = 55124, .adv_w = 224, .box_w = 12, .box_h = 13, .ofs_x = 2, .ofs_y = -2},
    {.bitmap_index = 55144, .adv_w = 224, .box_w = 13, .box_h = 12, .ofs_x = 0, .ofs_y = -1},
    {.bitmap_index = 55164, .adv_w = 224, .box_w = 12, .box_h = 13, .ofs_x = 0, .ofs_y = -1},
    {.bitmap_index = 55184, .adv_w = 224, .box_w = 13, .box_h = 13, .ofs_x = 1, .ofs_y = -1},
    {.bitmap_index = 55206, .adv_w = 224, .box_w = 12, .box_h = 13, .ofs_x = 1, .ofs_y = -1},
    {.bitmap_index = 55226, .adv_w = 224, .box_w = 12, .box_h = 13, .ofs_x = 1, .ofs_y = -1},
    {.bitmap_index = 55246, .adv_w = 224, .box_w = 12, .box_h = 13, .ofs_x = 1, .ofs_y = -1},
    {.bitmap_index = 55266, .adv_w = 224, .box_w = 12, .box_h = 13, .ofs_x = 1, .ofs_y = -1},
    {.bitmap_index = 55286, .adv_w = 224, .box_w = 12, .box_h = 13, .ofs_x = 1, .ofs_y = -1},
    {.bitmap_index = 55306, .adv_w = 224, .box_w = 12, .box_h = 12, .ofs_x = 1, .ofs_y = 0},
    {.bitmap_index = 55324, .adv_w = 224, .box_w = 12, .box_h = 14, .ofs_x = 1, .ofs_y = -2},
    {.bitmap_index = 55345, .adv_w = 224, .box_w = 12, .box_h = 13, .ofs_x = 1, .ofs_y = -1},
    {.bitmap_index = 55365, .adv_w = 224, .box_w = 12, .box_h = 13, .ofs_x = 1, .ofs_y = -1},
    {.bitmap_index = 55385, .adv_w = 224, .box_w = 12, .box_h = 13, .ofs_x = 1, .ofs_y = -1},
    {.bitmap_index = 55405, .adv_w = 224, .box_w = 12, .box_h = 13, .ofs_x = 1, .ofs_y = -1},
    {.bitmap_index = 55425, .adv_w = 224, .box_w = 12, .box_h = 13, .ofs_x = 1, .ofs_y = -1},
    {.bitmap_index = 55445, .adv_w = 224, .box_w = 12, .box_h = 13, .ofs_x = 1, .ofs_y = -1},
    {.bitmap_index = 55465, .adv_w = 224, .box_w = 12, .box_h = 13, .ofs_x = 1, .ofs_y = -1},
    {.bitmap_index = 55485, .adv_w = 224, .box_w = 12, .box_h = 13, .ofs_x = 1, .ofs_y = -1},
    {.bitmap_index = 55505, .adv_w = 224, .box_w = 12, .box_h = 13, .ofs_x = 1, .ofs_y = -1},
    {.bitmap_index = 55525, .adv_w = 224, .box_w = 12, .box_h = 13, .ofs_x = 1, .ofs_y = -1},
    {.bitmap_index = 55545, .adv_w = 224, .box_w = 12, .box_h = 13, .ofs_x = 1, .ofs_y = -1},
    {.bitmap_index = 55565, .adv_w = 224, .box_w = 12, .box_h = 13, .ofs_x = 1, .ofs_y = -1},
    {.bitmap_index = 55585, .adv_w = 224, .box_w = 12, .box_h = 13, .ofs_x = 1, .ofs_y = -1},
    {.bitmap_index = 55605, .adv_w = 224, .box_w = 12, .box_h = 13, .ofs_x = 1, .ofs_y = -1},
    {.bitmap_index = 55625, .adv_w = 224, .box_w = 12, .box_h = 13, .ofs_x = 1, .ofs_y = -1},
    {.bitmap_index = 55645, .adv_w = 224, .box_w = 12, .box_h = 13, .ofs_x = 1, .ofs_y = -1},
    {.bitmap_index = 55665, .adv_w = 224, .box_w = 12, .box_h = 13, .ofs_x = 1, .ofs_y = -1},
    {.bitmap_index = 55685, .adv_w = 224, .box_w = 12, .box_h = 13, .ofs_x = 1, .ofs_y = -1},
    {.bitmap_index = 55705, .adv_w = 224, .box_w = 12, .box_h = 13, .ofs_x = 1, .ofs_y = -1},
    {.bitmap_index = 55725, .adv_w = 224, .box_w = 13, .box_h = 13, .ofs_x = 0, .ofs_y = -1},
    {.bitmap_index = 55747, .adv_w = 224, .box_w = 12, .box_h = 13, .ofs_x = 1, .ofs_y = -1},
    {.bitmap_index = 55767, .adv_w = 224, .box_w = 12, .box_h = 13, .ofs_x = 1, .ofs_y = -1},
    {.bitmap_index = 55787, .adv_w = 224, .box_w = 12, .box_h = 13, .ofs_x = 1, .ofs_y = -1},
    {.bitmap_index = 55807, .adv_w = 224, .box_w = 13, .box_h = 13, .ofs_x = 0, .ofs_y = -1},
    {.bitmap_index = 55829, .adv_w = 224, .box_w = 12, .box_h = 13, .ofs_x = 1, .ofs_y = -1},
    {.bitmap_index = 55849, .adv_w = 224, .box_w = 12, .box_h = 13, .ofs_x = 1, .ofs_y = -1},
    {.bitmap_index = 55869, .adv_w = 224, .box_w = 12, .box_h = 13, .ofs_x = 1, .ofs_y = -1},
    {.bitmap_index = 55889, .adv_w = 224, .box_w = 12, .box_h = 13, .ofs_x = 1, .ofs_y = -1},
    {.bitmap_index = 55909, .adv_w = 224, .box_w = 12, .box_h = 13, .ofs_x = 1, .ofs_y = -1},
    {.bitmap_index = 55929, .adv_w = 224, .box_w = 12, .box_h = 13, .ofs_x = 1, .ofs_y = -1},
    {.bitmap_index = 55949, .adv_w = 224, .box_w = 12, .box_h = 13, .ofs_x = 1, .ofs_y = -1},
    {.bitmap_index = 55969, .adv_w = 224, .box_w = 12, .box_h = 14, .ofs_x = 1, .ofs_y = -2},
    {.bitmap_index = 55990, .adv_w = 224, .box_w = 12, .box_h = 13, .ofs_x = 1, .ofs_y = -1},
    {.bitmap_index = 56010, .adv_w = 224, .box_w = 12, .box_h = 13, .ofs_x = 1, .ofs_y = -1},
    {.bitmap_index = 56030, .adv_w = 224, .box_w = 12, .box_h = 13, .ofs_x = 1, .ofs_y = -1},
    {.bitmap_index = 56050, .adv_w = 224, .box_w = 12, .box_h = 13, .ofs_x = 1, .ofs_y = -1},
    {.bitmap_index = 56070, .adv_w = 224, .box_w = 12, .box_h = 13, .ofs_x = 1, .ofs_y = -1},
    {.bitmap_index = 56090, .adv_w = 224, .box_w = 12, .box_h = 13, .ofs_x = 1, .ofs_y = -1},
    {.bitmap_index = 56110, .adv_w = 224, .box_w = 12, .box_h = 13, .ofs_x = 0, .ofs_y = -1},
    {.bitmap_index = 56130, .adv_w = 224, .box_w = 12, .box_h = 13, .ofs_x = 1, .ofs_y = -1},
    {.bitmap_index = 56150, .adv_w = 224, .box_w = 12, .box_h = 13, .ofs_x = 1, .ofs_y = -1},
    {.bitmap_index = 56170, .adv_w = 224, .box_w = 12, .box_h = 13, .ofs_x = 1, .ofs_y = -1},
    {.bitmap_index = 56190, .adv_w = 224, .box_w = 12, .box_h = 13, .ofs_x = 1, .ofs_y = -1},
    {.bitmap_index = 56210, .adv_w = 224, .box_w = 12, .box_h = 13, .ofs_x = 1, .ofs_y = -1},
    {.bitmap_index = 56230, .adv_w = 224, .box_w = 12, .box_h = 13, .ofs_x = 1, .ofs_y = -1},
    {.bitmap_index = 56250, .adv_w = 224, .box_w = 12, .box_h = 13, .ofs_x = 1, .ofs_y = -1},
    {.bitmap_index = 56270, .adv_w = 224, .box_w = 12, .box_h = 13, .ofs_x = 1, .ofs_y = -1},
    {.bitmap_index = 56290, .adv_w = 224, .box_w = 12, .box_h = 13, .ofs_x = 1, .ofs_y = -1},
    {.bitmap_index = 56310, .adv_w = 224, .box_w = 12, .box_h = 13, .ofs_x = 1, .ofs_y = -1},
    {.bitmap_index = 56330, .adv_w = 224, .box_w = 12, .box_h = 13, .ofs_x = 1, .ofs_y = -1},
    {.bitmap_index = 56350, .adv_w = 224, .box_w = 12, .box_h = 13, .ofs_x = 1, .ofs_y = -1},
    {.bitmap_index = 56370, .adv_w = 224, .box_w = 12, .box_h = 13, .ofs_x = 1, .ofs_y = -1},
    {.bitmap_index = 56390, .adv_w = 224, .box_w = 12, .box_h = 13, .ofs_x = 1, .ofs_y = -1},
    {.bitmap_index = 56410, .adv_w = 224, .box_w = 12, .box_h = 13, .ofs_x = 1, .ofs_y = -1},
    {.bitmap_index = 56430, .adv_w = 224, .box_w = 12, .box_h = 13, .ofs_x = 1, .ofs_y = -1},
    {.bitmap_index = 56450, .adv_w = 224, .box_w = 12, .box_h = 13, .ofs_x = 1, .ofs_y = -1},
    {.bitmap_index = 56470, .adv_w = 224, .box_w = 12, .box_h = 13, .ofs_x = 1, .ofs_y = -1},
    {.bitmap_index = 56490, .adv_w = 224, .box_w = 12, .box_h = 13, .ofs_x = 1, .ofs_y = -1},
    {.bitmap_index = 56510, .adv_w = 224, .box_w = 12, .box_h = 13, .ofs_x = 1, .ofs_y = -1},
    {.bitmap_index = 56530, .adv_w = 224, .box_w = 12, .box_h = 13, .ofs_x = 1, .ofs_y = -1},
    {.bitmap_index = 56550, .adv_w = 224, .box_w = 12, .box_h = 13, .ofs_x = 1, .ofs_y = -1},
    {.bitmap_index = 56570, .adv_w = 224, .box_w = 12, .box_h = 13, .ofs_x = 1, .ofs_y = -1},
    {.bitmap_index = 56590, .adv_w = 224, .box_w = 12, .box_h = 13, .ofs_x = 1, .ofs_y = -1},
    {.bitmap_index = 56610, .adv_w = 224, .box_w = 12, .box_h = 13, .ofs_x = 1, .ofs_y = -1},
    {.bitmap_index = 56630, .adv_w = 224, .box_w = 12, .box_h = 13, .ofs_x = 1, .ofs_y = -1},
    {.bitmap_index = 56650, .adv_w = 224, .box_w = 12, .box_h = 13, .ofs_x = 1, .ofs_y = -1},
    {.bitmap_index = 56670, .adv_w = 224, .box_w = 12, .box_h = 13, .ofs_x = 1, .ofs_y = -1},
    {.bitmap_index = 56690, .adv_w = 224, .box_w = 12, .box_h = 13, .ofs_x = 1, .ofs_y = -1},
    {.bitmap_index = 56710, .adv_w = 224, .box_w = 12, .box_h = 13, .ofs_x = 1, .ofs_y = -1},
    {.bitmap_index = 56730, .adv_w = 224, .box_w = 12, .box_h = 13, .ofs_x = 1, .ofs_y = -1},
    {.bitmap_index = 56750, .adv_w = 224, .box_w = 12, .box_h = 13, .ofs_x = 1, .ofs_y = -1},
    {.bitmap_index = 56770, .adv_w = 224, .box_w = 13, .box_h = 13, .ofs_x = 1, .ofs_y = -1},
    {.bitmap_index = 56792, .adv_w = 224, .box_w = 12, .box_h = 13, .ofs_x = 1, .ofs_y = -1},
    {.bitmap_index = 56812, .adv_w = 224, .box_w = 12, .box_h = 13, .ofs_x = 1, .ofs_y = -1},
    {.bitmap_index = 56832, .adv_w = 224, .box_w = 12, .box_h = 14, .ofs_x = 1, .ofs_y = -2},
    {.bitmap_index = 56853, .adv_w = 224, .box_w = 12, .box_h = 13, .ofs_x = 1, .ofs_y = -1},
    {.bitmap_index = 56873, .adv_w = 224, .box_w = 12, .box_h = 13, .ofs_x = 1, .ofs_y = -1},
    {.bitmap_index = 56893, .adv_w = 224, .box_w = 13, .box_h = 13, .ofs_x = 1, .ofs_y = -1},
    {.bitmap_index = 56915, .adv_w = 224, .box_w = 12, .box_h = 13, .ofs_x = 1, .ofs_y = -1},
    {.bitmap_index = 56935, .adv_w = 224, .box_w = 12, .box_h = 13, .ofs_x = 1, .ofs_y = -1},
    {.bitmap_index = 56955, .adv_w = 224, .box_w = 12, .box_h = 13, .ofs_x = 1, .ofs_y = -1},
    {.bitmap_index = 56975, .adv_w = 224, .box_w = 12, .box_h = 13, .ofs_x = 1, .ofs_y = -1},
    {.bitmap_index = 56995, .adv_w = 224, .box_w = 12, .box_h = 13, .ofs_x = 1, .ofs_y = -1},
    {.bitmap_index = 57015, .adv_w = 224, .box_w = 12, .box_h = 13, .ofs_x = 1, .ofs_y = -1},
    {.bitmap_index = 57035, .adv_w = 224, .box_w = 12, .box_h = 13, .ofs_x = 1, .ofs_y = -1},
    {.bitmap_index = 57055, .adv_w = 224, .box_w = 12, .box_h = 13, .ofs_x = 1, .ofs_y = -1},
    {.bitmap_index = 57075, .adv_w = 224, .box_w = 12, .box_h = 13, .ofs_x = 1, .ofs_y = -1},
    {.bitmap_index = 57095, .adv_w = 224, .box_w = 12, .box_h = 13, .ofs_x = 1, .ofs_y = -1},
    {.bitmap_index = 57115, .adv_w = 224, .box_w = 12, .box_h = 13, .ofs_x = 1, .ofs_y = -1},
    {.bitmap_index = 57135, .adv_w = 224, .box_w = 12, .box_h = 13, .ofs_x = 1, .ofs_y = -1},
    {.bitmap_index = 57155, .adv_w = 224, .box_w = 13, .box_h = 13, .ofs_x = 1, .ofs_y = -1},
    {.bitmap_index = 57177, .adv_w = 224, .box_w = 12, .box_h = 13, .ofs_x = 1, .ofs_y = -1},
    {.bitmap_index = 57197, .adv_w = 224, .box_w = 12, .box_h = 13, .ofs_x = 1, .ofs_y = -1},
    {.bitmap_index = 57217, .adv_w = 224, .box_w = 12, .box_h = 13, .ofs_x = 1, .ofs_y = -1},
    {.bitmap_index = 57237, .adv_w = 224, .box_w = 12, .box_h = 13, .ofs_x = 1, .ofs_y = -1},
    {.bitmap_index = 57257, .adv_w = 224, .box_w = 12, .box_h = 13, .ofs_x = 1, .ofs_y = -1},
    {.bitmap_index = 57277, .adv_w = 224, .box_w = 12, .box_h = 13, .ofs_x = 1, .ofs_y = -1},
    {.bitmap_index = 57297, .adv_w = 224, .box_w = 12, .box_h = 13, .ofs_x = 1, .ofs_y = -1},
    {.bitmap_index = 57317, .adv_w = 224, .box_w = 12, .box_h = 13, .ofs_x = 1, .ofs_y = -1},
    {.bitmap_index = 57337, .adv_w = 224, .box_w = 12, .box_h = 13, .ofs_x = 1, .ofs_y = -1},
    {.bitmap_index = 57357, .adv_w = 224, .box_w = 12, .box_h = 13, .ofs_x = 1, .ofs_y = -1},
    {.bitmap_index = 57377, .adv_w = 224, .box_w = 12, .box_h = 14, .ofs_x = 1, .ofs_y = -2},
    {.bitmap_index = 57398, .adv_w = 224, .box_w = 12, .box_h = 13, .ofs_x = 1, .ofs_y = -1},
    {.bitmap_index = 57418, .adv_w = 224, .box_w = 12, .box_h = 13, .ofs_x = 1, .ofs_y = -1},
    {.bitmap_index = 57438, .adv_w = 224, .box_w = 12, .box_h = 13, .ofs_x = 1, .ofs_y = -1},
    {.bitmap_index = 57458, .adv_w = 224, .box_w = 12, .box_h = 13, .ofs_x = 1, .ofs_y = -1},
    {.bitmap_index = 57478, .adv_w = 224, .box_w = 12, .box_h = 13, .ofs_x = 1, .ofs_y = -1},
    {.bitmap_index = 57498, .adv_w = 224, .box_w = 12, .box_h = 13, .ofs_x = 1, .ofs_y = -1},
    {.bitmap_index = 57518, .adv_w = 224, .box_w = 12, .box_h = 13, .ofs_x = 1, .ofs_y = -1},
    {.bitmap_index = 57538, .adv_w = 224, .box_w = 12, .box_h = 13, .ofs_x = 1, .ofs_y = -1},
    {.bitmap_index = 57558, .adv_w = 224, .box_w = 12, .box_h = 13, .ofs_x = 1, .ofs_y = -1},
    {.bitmap_index = 57578, .adv_w = 224, .box_w = 12, .box_h = 13, .ofs_x = 1, .ofs_y = -1},
    {.bitmap_index = 57598, .adv_w = 224, .box_w = 12, .box_h = 13, .ofs_x = 1, .ofs_y = -1},
    {.bitmap_index = 57618, .adv_w = 224, .box_w = 12, .box_h = 13, .ofs_x = 1, .ofs_y = -1},
    {.bitmap_index = 57638, .adv_w = 224, .box_w = 12, .box_h = 13, .ofs_x = 1, .ofs_y = -1},
    {.bitmap_index = 57658, .adv_w = 224, .box_w = 12, .box_h = 13, .ofs_x = 1, .ofs_y = -1},
    {.bitmap_index = 57678, .adv_w = 224, .box_w = 13, .box_h = 13, .ofs_x = 0, .ofs_y = -1},
    {.bitmap_index = 57700, .adv_w = 224, .box_w = 13, .box_h = 13, .ofs_x = 0, .ofs_y = -1},
    {.bitmap_index = 57722, .adv_w = 224, .box_w = 13, .box_h = 13, .ofs_x = 0, .ofs_y = -1},
    {.bitmap_index = 57744, .adv_w = 224, .box_w = 12, .box_h = 13, .ofs_x = 1, .ofs_y = -1},
    {.bitmap_index = 57764, .adv_w = 224, .box_w = 12, .box_h = 13, .ofs_x = 1, .ofs_y = -1},
    {.bitmap_index = 57784, .adv_w = 224, .box_w = 13, .box_h = 13, .ofs_x = 0, .ofs_y = -1},
    {.bitmap_index = 57806, .adv_w = 224, .box_w = 12, .box_h = 13, .ofs_x = 1, .ofs_y = -1},
    {.bitmap_index = 57826, .adv_w = 224, .box_w = 12, .box_h = 13, .ofs_x = 1, .ofs_y = -1},
    {.bitmap_index = 57846, .adv_w = 224, .box_w = 13, .box_h = 13, .ofs_x = 1, .ofs_y = -1},
    {.bitmap_index = 57868, .adv_w = 224, .box_w = 13, .box_h = 13, .ofs_x = 1, .ofs_y = -1},
    {.bitmap_index = 57890, .adv_w = 224, .box_w = 12, .box_h = 13, .ofs_x = 1, .ofs_y = -1},
    {.bitmap_index = 57910, .adv_w = 224, .box_w = 12, .box_h = 13, .ofs_x = 1, .ofs_y = -1},
    {.bitmap_index = 57930, .adv_w = 224, .box_w = 13, .box_h = 13, .ofs_x = 1, .ofs_y = -1},
    {.bitmap_index = 57952, .adv_w = 224, .box_w = 13, .box_h = 12, .ofs_x = 0, .ofs_y = -1},
    {.bitmap_index = 57972, .adv_w = 224, .box_w = 12, .box_h = 12, .ofs_x = 1, .ofs_y = 0},
    {.bitmap_index = 57990, .adv_w = 224, .box_w = 12, .box_h = 13, .ofs_x = 1, .ofs_y = -2},
    {.bitmap_index = 58010, .adv_w = 224, .box_w = 14, .box_h = 13, .ofs_x = 0, .ofs_y = -1},
    {.bitmap_index = 58033, .adv_w = 224, .box_w = 13, .box_h = 13, .ofs_x = 1, .ofs_y = -1},
    {.bitmap_index = 58055, .adv_w = 224, .box_w = 14, .box_h = 13, .ofs_x = 0, .ofs_y = -1},
    {.bitmap_index = 58078, .adv_w = 224, .box_w = 13, .box_h = 13, .ofs_x = 1, .ofs_y = -1},
    {.bitmap_index = 58100, .adv_w = 224, .box_w = 13, .box_h = 13, .ofs_x = 1, .ofs_y = -1},
    {.bitmap_index = 58122, .adv_w = 224, .box_w = 12, .box_h = 13, .ofs_x = 1, .ofs_y = -1},
    {.bitmap_index = 58142, .adv_w = 224, .box_w = 13, .box_h = 13, .ofs_x = 0, .ofs_y = -1},
    {.bitmap_index = 58164, .adv_w = 224, .box_w = 12, .box_h = 13, .ofs_x = 1, .ofs_y = -2},
    {.bitmap_index = 58184, .adv_w = 224, .box_w = 13, .box_h = 13, .ofs_x = 1, .ofs_y = -1},
    {.bitmap_index = 58206, .adv_w = 224, .box_w = 13, .box_h = 13, .ofs_x = 1, .ofs_y = -1},
    {.bitmap_index = 58228, .adv_w = 224, .box_w = 13, .box_h = 13, .ofs_x = 0, .ofs_y = -2},
    {.bitmap_index = 58250, .adv_w = 224, .box_w = 13, .box_h = 13, .ofs_x = 1, .ofs_y = -1},
    {.bitmap_index = 58272, .adv_w = 224, .box_w = 13, .box_h = 13, .ofs_x = 1, .ofs_y = -1},
    {.bitmap_index = 58294, .adv_w = 224, .box_w = 12, .box_h = 13, .ofs_x = 1, .ofs_y = -1},
    {.bitmap_index = 58314, .adv_w = 224, .box_w = 12, .box_h = 13, .ofs_x = 1, .ofs_y = -1},
    {.bitmap_index = 58334, .adv_w = 224, .box_w = 12, .box_h = 13, .ofs_x = 1, .ofs_y = -1},
    {.bitmap_index = 58354, .adv_w = 224, .box_w = 13, .box_h = 13, .ofs_x = 1, .ofs_y = -1},
    {.bitmap_index = 58376, .adv_w = 224, .box_w = 14, .box_h = 13, .ofs_x = 0, .ofs_y = -2},
    {.bitmap_index = 58399, .adv_w = 224, .box_w = 13, .box_h = 13, .ofs_x = 0, .ofs_y = -1},
    {.bitmap_index = 58421, .adv_w = 224, .box_w = 12, .box_h = 13, .ofs_x = 1, .ofs_y = -1},
    {.bitmap_index = 58441, .adv_w = 224, .box_w = 13, .box_h = 13, .ofs_x = 1, .ofs_y = -1},
    {.bitmap_index = 58463, .adv_w = 224, .box_w = 13, .box_h = 13, .ofs_x = 0, .ofs_y = -1},
    {.bitmap_index = 58485, .adv_w = 224, .box_w = 12, .box_h = 14, .ofs_x = 1, .ofs_y = -2},
    {.bitmap_index = 58506, .adv_w = 224, .box_w = 12, .box_h = 13, .ofs_x = 1, .ofs_y = -1},
    {.bitmap_index = 58526, .adv_w = 224, .box_w = 14, .box_h = 13, .ofs_x = 0, .ofs_y = -1},
    {.bitmap_index = 58549, .adv_w = 224, .box_w = 12, .box_h = 12, .ofs_x = 1, .ofs_y = -1},
    {.bitmap_index = 58567, .adv_w = 224, .box_w = 14, .box_h = 13, .ofs_x = 0, .ofs_y = -1},
    {.bitmap_index = 58590, .adv_w = 224, .box_w = 13, .box_h = 13, .ofs_x = 1, .ofs_y = -1},
    {.bitmap_index = 58612, .adv_w = 224, .box_w = 13, .box_h = 13, .ofs_x = 1, .ofs_y = -1},
    {.bitmap_index = 58634, .adv_w = 224, .box_w = 12, .box_h = 13, .ofs_x = 1, .ofs_y = -1},
    {.bitmap_index = 58654, .adv_w = 224, .box_w = 13, .box_h = 13, .ofs_x = 1, .ofs_y = -1},
    {.bitmap_index = 58676, .adv_w = 224, .box_w = 13, .box_h = 13, .ofs_x = 1, .ofs_y = -1},
    {.bitmap_index = 58698, .adv_w = 224, .box_w = 13, .box_h = 13, .ofs_x = 0, .ofs_y = -1},
    {.bitmap_index = 58720, .adv_w = 224, .box_w = 12, .box_h = 14, .ofs_x = 1, .ofs_y = -2},
    {.bitmap_index = 58741, .adv_w = 224, .box_w = 13, .box_h = 13, .ofs_x = 1, .ofs_y = -1},
    {.bitmap_index = 58763, .adv_w = 224, .box_w = 13, .box_h = 13, .ofs_x = 1, .ofs_y = -1},
    {.bitmap_index = 58785, .adv_w = 224, .box_w = 12, .box_h = 13, .ofs_x = 1, .ofs_y = -1},
    {.bitmap_index = 58805, .adv_w = 224, .box_w = 13, .box_h = 13, .ofs_x = 1, .ofs_y = -1},
    {.bitmap_index = 58827, .adv_w = 224, .box_w = 14, .box_h = 13, .ofs_x = 0, .ofs_y = -1},
    {.bitmap_index = 58850, .adv_w = 224, .box_w = 12, .box_h = 13, .ofs_x = 1, .ofs_y = -1},
    {.bitmap_index = 58870, .adv_w = 224, .box_w = 14, .box_h = 13, .ofs_x = 0, .ofs_y = -1},
    {.bitmap_index = 58893, .adv_w = 224, .box_w = 12, .box_h = 13, .ofs_x = 1, .ofs_y = -1},
    {.bitmap_index = 58913, .adv_w = 224, .box_w = 14, .box_h = 13, .ofs_x = 0, .ofs_y = -1},
    {.bitmap_index = 58936, .adv_w = 224, .box_w = 13, .box_h = 13, .ofs_x = 0, .ofs_y = -1},
    {.bitmap_index = 58958, .adv_w = 224, .box_w = 13, .box_h = 13, .ofs_x = 1, .ofs_y = -1},
    {.bitmap_index = 58980, .adv_w = 224, .box_w = 12, .box_h = 13, .ofs_x = 1, .ofs_y = -1},
    {.bitmap_index = 59000, .adv_w = 224, .box_w = 13, .box_h = 13, .ofs_x = 1, .ofs_y = -1},
    {.bitmap_index = 59022, .adv_w = 224, .box_w = 13, .box_h = 13, .ofs_x = 1, .ofs_y = -1},
    {.bitmap_index = 59044, .adv_w = 224, .box_w = 13, .box_h = 13, .ofs_x = 1, .ofs_y = -1},
    {.bitmap_index = 59066, .adv_w = 224, .box_w = 13, .box_h = 13, .ofs_x = 1, .ofs_y = -1},
    {.bitmap_index = 59088, .adv_w = 224, .box_w = 13, .box_h = 13, .ofs_x = 1, .ofs_y = -1},
    {.bitmap_index = 59110, .adv_w = 224, .box_w = 13, .box_h = 13, .ofs_x = 1, .ofs_y = -1},
    {.bitmap_index = 59132, .adv_w = 224, .box_w = 12, .box_h = 13, .ofs_x = 1, .ofs_y = -1},
    {.bitmap_index = 59152, .adv_w = 224, .box_w = 13, .box_h = 14, .ofs_x = 1, .ofs_y = -2},
    {.bitmap_index = 59175, .adv_w = 224, .box_w = 12, .box_h = 13, .ofs_x = 1, .ofs_y = -1},
    {.bitmap_index = 59195, .adv_w = 224, .box_w = 12, .box_h = 13, .ofs_x = 1, .ofs_y = -1},
    {.bitmap_index = 59215, .adv_w = 224, .box_w = 13, .box_h = 12, .ofs_x = 1, .ofs_y = 0},
    {.bitmap_index = 59235, .adv_w = 224, .box_w = 14, .box_h = 13, .ofs_x = 0, .ofs_y = -1},
    {.bitmap_index = 59258, .adv_w = 224, .box_w = 13, .box_h = 13, .ofs_x = 1, .ofs_y = -1},
    {.bitmap_index = 59280, .adv_w = 224, .box_w = 13, .box_h = 13, .ofs_x = 0, .ofs_y = -1},
    {.bitmap_index = 59302, .adv_w = 224, .box_w = 13, .box_h = 13, .ofs_x = 0, .ofs_y = -1},
    {.bitmap_index = 59324, .adv_w = 224, .box_w = 13, .box_h = 13, .ofs_x = 0, .ofs_y = -1},
    {.bitmap_index = 59346, .adv_w = 224, .box_w = 13, .box_h = 13, .ofs_x = 0, .ofs_y = -1},
    {.bitmap_index = 59368, .adv_w = 224, .box_w = 13, .box_h = 13, .ofs_x = 0, .ofs_y = -1},
    {.bitmap_index = 59390, .adv_w = 224, .box_w = 12, .box_h = 13, .ofs_x = 1, .ofs_y = -2},
    {.bitmap_index = 59410, .adv_w = 224, .box_w = 13, .box_h = 13, .ofs_x = 0, .ofs_y = -1},
    {.bitmap_index = 59432, .adv_w = 224, .box_w = 12, .box_h = 14, .ofs_x = 1, .ofs_y = -2},
    {.bitmap_index = 59453, .adv_w = 224, .box_w = 13, .box_h = 12, .ofs_x = 1, .ofs_y = -1},
    {.bitmap_index = 59473, .adv_w = 224, .box_w = 13, .box_h = 12, .ofs_x = 1, .ofs_y = -1},
    {.bitmap_index = 59493, .adv_w = 224, .box_w = 14, .box_h = 13, .ofs_x = 0, .ofs_y = -1},
    {.bitmap_index = 59516, .adv_w = 224, .box_w = 12, .box_h = 13, .ofs_x = 1, .ofs_y = -1},
    {.bitmap_index = 59536, .adv_w = 224, .box_w = 12, .box_h = 13, .ofs_x = 1, .ofs_y = -1},
    {.bitmap_index = 59556, .adv_w = 224, .box_w = 14, .box_h = 13, .ofs_x = 0, .ofs_y = -1},
    {.bitmap_index = 59579, .adv_w = 224, .box_w = 14, .box_h = 13, .ofs_x = 0, .ofs_y = -1},
    {.bitmap_index = 59602, .adv_w = 224, .box_w = 13, .box_h = 13, .ofs_x = 1, .ofs_y = -1},
    {.bitmap_index = 59624, .adv_w = 224, .box_w = 13, .box_h = 13, .ofs_x = 0, .ofs_y = -1},
    {.bitmap_index = 59646, .adv_w = 224, .box_w = 13, .box_h = 12, .ofs_x = 1, .ofs_y = -1},
    {.bitmap_index = 59666, .adv_w = 224, .box_w = 13, .box_h = 13, .ofs_x = 0, .ofs_y = -1},
    {.bitmap_index = 59688, .adv_w = 224, .box_w = 13, .box_h = 13, .ofs_x = 0, .ofs_y = -1},
    {.bitmap_index = 59710, .adv_w = 224, .box_w = 13, .box_h = 13, .ofs_x = 0, .ofs_y = -1},
    {.bitmap_index = 59732, .adv_w = 224, .box_w = 12, .box_h = 13, .ofs_x = 1, .ofs_y = -1},
    {.bitmap_index = 59752, .adv_w = 224, .box_w = 13, .box_h = 13, .ofs_x = 0, .ofs_y = -1},
    {.bitmap_index = 59774, .adv_w = 224, .box_w = 13, .box_h = 13, .ofs_x = 1, .ofs_y = -1},
    {.bitmap_index = 59796, .adv_w = 224, .box_w = 13, .box_h = 13, .ofs_x = 0, .ofs_y = -1},
    {.bitmap_index = 59818, .adv_w = 224, .box_w = 13, .box_h = 14, .ofs_x = 0, .ofs_y = -2},
    {.bitmap_index = 59841, .adv_w = 224, .box_w = 13, .box_h = 13, .ofs_x = 0, .ofs_y = -1},
    {.bitmap_index = 59863, .adv_w = 224, .box_w = 12, .box_h = 13, .ofs_x = 1, .ofs_y = -1},
    {.bitmap_index = 59883, .adv_w = 224, .box_w = 13, .box_h = 13, .ofs_x = 0, .ofs_y = -1},
    {.bitmap_index = 59905, .adv_w = 224, .box_w = 13, .box_h = 13, .ofs_x = 0, .ofs_y = -1},
    {.bitmap_index = 59927, .adv_w = 224, .box_w = 12, .box_h = 14, .ofs_x = 1, .ofs_y = -2},
    {.bitmap_index = 59948, .adv_w = 224, .box_w = 14, .box_h = 13, .ofs_x = 0, .ofs_y = -1},
    {.bitmap_index = 59971, .adv_w = 224, .box_w = 13, .box_h = 13, .ofs_x = 0, .ofs_y = -1},
    {.bitmap_index = 59993, .adv_w = 224, .box_w = 14, .box_h = 13, .ofs_x = 0, .ofs_y = -1},
    {.bitmap_index = 60016, .adv_w = 224, .box_w = 12, .box_h = 13, .ofs_x = 1, .ofs_y = -1},
    {.bitmap_index = 60036, .adv_w = 224, .box_w = 12, .box_h = 13, .ofs_x = 1, .ofs_y = -1},
    {.bitmap_index = 60056, .adv_w = 224, .box_w = 13, .box_h = 13, .ofs_x = 0, .ofs_y = -1},
    {.bitmap_index = 60078, .adv_w = 224, .box_w = 14, .box_h = 13, .ofs_x = 0, .ofs_y = -1},
    {.bitmap_index = 60101, .adv_w = 224, .box_w = 13, .box_h = 13, .ofs_x = 0, .ofs_y = -1},
    {.bitmap_index = 60123, .adv_w = 224, .box_w = 12, .box_h = 12, .ofs_x = 1, .ofs_y = -1},
    {.bitmap_index = 60141, .adv_w = 224, .box_w = 13, .box_h = 12, .ofs_x = 0, .ofs_y = -1},
    {.bitmap_index = 60161, .adv_w = 224, .box_w = 12, .box_h = 12, .ofs_x = 1, .ofs_y = -1},
    {.bitmap_index = 60179, .adv_w = 224, .box_w = 13, .box_h = 12, .ofs_x = 1, .ofs_y = -1},
    {.bitmap_index = 60199, .adv_w = 224, .box_w = 13, .box_h = 12, .ofs_x = 0, .ofs_y = -1},
    {.bitmap_index = 60219, .adv_w = 224, .box_w = 13, .box_h = 13, .ofs_x = 1, .ofs_y = -1},
    {.bitmap_index = 60241, .adv_w = 224, .box_w = 13, .box_h = 13, .ofs_x = 1, .ofs_y = -1},
    {.bitmap_index = 60263, .adv_w = 224, .box_w = 13, .box_h = 13, .ofs_x = 1, .ofs_y = -1},
    {.bitmap_index = 60285, .adv_w = 224, .box_w = 13, .box_h = 13, .ofs_x = 1, .ofs_y = -1},
    {.bitmap_index = 60307, .adv_w = 224, .box_w = 12, .box_h = 12, .ofs_x = 1, .ofs_y = -1},
    {.bitmap_index = 60325, .adv_w = 224, .box_w = 12, .box_h = 13, .ofs_x = 1, .ofs_y = -1},
    {.bitmap_index = 60345, .adv_w = 224, .box_w = 13, .box_h = 13, .ofs_x = 0, .ofs_y = -1},
    {.bitmap_index = 60367, .adv_w = 224, .box_w = 13, .box_h = 13, .ofs_x = 0, .ofs_y = -1},
    {.bitmap_index = 60389, .adv_w = 224, .box_w = 13, .box_h = 13, .ofs_x = 1, .ofs_y = -1},
    {.bitmap_index = 60411, .adv_w = 224, .box_w = 13, .box_h = 12, .ofs_x = 0, .ofs_y = -1},
    {.bitmap_index = 60431, .adv_w = 224, .box_w = 12, .box_h = 13, .ofs_x = 1, .ofs_y = -1},
    {.bitmap_index = 60451, .adv_w = 224, .box_w = 12, .box_h = 13, .ofs_x = 1, .ofs_y = -1},
    {.bitmap_index = 60471, .adv_w = 224, .box_w = 12, .box_h = 13, .ofs_x = 1, .ofs_y = -1},
    {.bitmap_index = 60491, .adv_w = 224, .box_w = 13, .box_h = 13, .ofs_x = 0, .ofs_y = -1},
    {.bitmap_index = 60513, .adv_w = 224, .box_w = 12, .box_h = 13, .ofs_x = 1, .ofs_y = -1},
    {.bitmap_index = 60533, .adv_w = 224, .box_w = 12, .box_h = 13, .ofs_x = 1, .ofs_y = -1},
    {.bitmap_index = 60553, .adv_w = 224, .box_w = 13, .box_h = 13, .ofs_x = 1, .ofs_y = -1},
    {.bitmap_index = 60575, .adv_w = 224, .box_w = 13, .box_h = 13, .ofs_x = 1, .ofs_y = -1},
    {.bitmap_index = 60597, .adv_w = 224, .box_w = 13, .box_h = 13, .ofs_x = 1, .ofs_y = -1},
    {.bitmap_index = 60619, .adv_w = 224, .box_w = 12, .box_h = 13, .ofs_x = 1, .ofs_y = -1},
    {.bitmap_index = 60639, .adv_w = 224, .box_w = 12, .box_h = 12, .ofs_x = 1, .ofs_y = -1},
    {.bitmap_index = 60657, .adv_w = 224, .box_w = 13, .box_h = 13, .ofs_x = 1, .ofs_y = -2},
    {.bitmap_index = 60679, .adv_w = 224, .box_w = 12, .box_h = 12, .ofs_x = 1, .ofs_y = -1},
    {.bitmap_index = 60697, .adv_w = 224, .box_w = 13, .box_h = 13, .ofs_x = 1, .ofs_y = -1},
    {.bitmap_index = 60719, .adv_w = 224, .box_w = 13, .box_h = 13, .ofs_x = 1, .ofs_y = -1},
    {.bitmap_index = 60741, .adv_w = 224, .box_w = 12, .box_h = 13, .ofs_x = 1, .ofs_y = -1},
    {.bitmap_index = 60761, .adv_w = 224, .box_w = 13, .box_h = 13, .ofs_x = 1, .ofs_y = -1},
    {.bitmap_index = 60783, .adv_w = 224, .box_w = 13, .box_h = 12, .ofs_x = 1, .ofs_y = -1},
    {.bitmap_index = 60803, .adv_w = 224, .box_w = 13, .box_h = 13, .ofs_x = 1, .ofs_y = -1},
    {.bitmap_index = 60825, .adv_w = 224, .box_w = 13, .box_h = 12, .ofs_x = 1, .ofs_y = -1},
    {.bitmap_index = 60845, .adv_w = 224, .box_w = 13, .box_h = 12, .ofs_x = 1, .ofs_y = -1},
    {.bitmap_index = 60865, .adv_w = 224, .box_w = 14, .box_h = 12, .ofs_x = 0, .ofs_y = -1},
    {.bitmap_index = 60886, .adv_w = 224, .box_w = 13, .box_h = 12, .ofs_x = 1, .ofs_y = -1},
    {.bitmap_index = 60906, .adv_w = 224, .box_w = 12, .box_h = 12, .ofs_x = 1, .ofs_y = -1},
    {.bitmap_index = 60924, .adv_w = 224, .box_w = 12, .box_h = 13, .ofs_x = 1, .ofs_y = -1},
    {.bitmap_index = 60944, .adv_w = 224, .box_w = 13, .box_h = 13, .ofs_x = 1, .ofs_y = -1},
    {.bitmap_index = 60966, .adv_w = 224, .box_w = 13, .box_h = 12, .ofs_x = 1, .ofs_y = -1},
    {.bitmap_index = 60986, .adv_w = 224, .box_w = 12, .box_h = 12, .ofs_x = 1, .ofs_y = -1},
    {.bitmap_index = 61004, .adv_w = 224, .box_w = 13, .box_h = 13, .ofs_x = 1, .ofs_y = -1},
    {.bitmap_index = 61026, .adv_w = 224, .box_w = 13, .box_h = 12, .ofs_x = 1, .ofs_y = -1},
    {.bitmap_index = 61046, .adv_w = 224, .box_w = 12, .box_h = 12, .ofs_x = 1, .ofs_y = -1},
    {.bitmap_index = 61064, .adv_w = 224, .box_w = 13, .box_h = 12, .ofs_x = 1, .ofs_y = -1},
    {.bitmap_index = 61084, .adv_w = 224, .box_w = 12, .box_h = 12, .ofs_x = 1, .ofs_y = -1},
    {.bitmap_index = 61102, .adv_w = 224, .box_w = 13, .box_h = 12, .ofs_x = 1, .ofs_y = -1},
    {.bitmap_index = 61122, .adv_w = 224, .box_w = 13, .box_h = 13, .ofs_x = 1, .ofs_y = -1},
    {.bitmap_index = 61144, .adv_w = 224, .box_w = 13, .box_h = 13, .ofs_x = 1, .ofs_y = -1},
    {.bitmap_index = 61166, .adv_w = 224, .box_w = 13, .box_h = 13, .ofs_x = 0, .ofs_y = -1},
    {.bitmap_index = 61188, .adv_w = 224, .box_w = 13, .box_h = 12, .ofs_x = 1, .ofs_y = -1},
    {.bitmap_index = 61208, .adv_w = 224, .box_w = 13, .box_h = 13, .ofs_x = 0, .ofs_y = -1},
    {.bitmap_index = 61230, .adv_w = 224, .box_w = 13, .box_h = 13, .ofs_x = 1, .ofs_y = -1},
    {.bitmap_index = 61252, .adv_w = 224, .box_w = 13, .box_h = 13, .ofs_x = 1, .ofs_y = -1},
    {.bitmap_index = 61274, .adv_w = 224, .box_w = 12, .box_h = 14, .ofs_x = 1, .ofs_y = -2},
    {.bitmap_index = 61295, .adv_w = 224, .box_w = 13, .box_h = 13, .ofs_x = 1, .ofs_y = -1},
    {.bitmap_index = 61317, .adv_w = 224, .box_w = 13, .box_h = 13, .ofs_x = 0, .ofs_y = -1},
    {.bitmap_index = 61339, .adv_w = 224, .box_w = 13, .box_h = 12, .ofs_x = 1, .ofs_y = -1},
    {.bitmap_index = 61359, .adv_w = 224, .box_w = 13, .box_h = 12, .ofs_x = 1, .ofs_y = -1},
    {.bitmap_index = 61379, .adv_w = 224, .box_w = 13, .box_h = 12, .ofs_x = 1, .ofs_y = -1},
    {.bitmap_index = 61399, .adv_w = 224, .box_w = 13, .box_h = 13, .ofs_x = 1, .ofs_y = -1},
    {.bitmap_index = 61421, .adv_w = 224, .box_w = 13, .box_h = 13, .ofs_x = 1, .ofs_y = -1},
    {.bitmap_index = 61443, .adv_w = 224, .box_w = 13, .box_h = 13, .ofs_x = 1, .ofs_y = -1},
    {.bitmap_index = 61465, .adv_w = 224, .box_w = 12, .box_h = 12, .ofs_x = 1, .ofs_y = -1},
    {.bitmap_index = 61483, .adv_w = 224, .box_w = 12, .box_h = 13, .ofs_x = 1, .ofs_y = -1},
    {.bitmap_index = 61503, .adv_w = 224, .box_w = 13, .box_h = 13, .ofs_x = 1, .ofs_y = -1},
    {.bitmap_index = 61525, .adv_w = 224, .box_w = 13, .box_h = 13, .ofs_x = 1, .ofs_y = -1},
    {.bitmap_index = 61547, .adv_w = 224, .box_w = 13, .box_h = 13, .ofs_x = 1, .ofs_y = -1},
    {.bitmap_index = 61569, .adv_w = 224, .box_w = 12, .box_h = 13, .ofs_x = 1, .ofs_y = -1},
    {.bitmap_index = 61589, .adv_w = 224, .box_w = 13, .box_h = 12, .ofs_x = 1, .ofs_y = -1},
    {.bitmap_index = 61609, .adv_w = 224, .box_w = 12, .box_h = 12, .ofs_x = 1, .ofs_y = -1},
    {.bitmap_index = 61627, .adv_w = 224, .box_w = 12, .box_h = 12, .ofs_x = 1, .ofs_y = -1},
    {.bitmap_index = 61645, .adv_w = 224, .box_w = 13, .box_h = 13, .ofs_x = 1, .ofs_y = -1},
    {.bitmap_index = 61667, .adv_w = 224, .box_w = 13, .box_h = 13, .ofs_x = 1, .ofs_y = -1},
    {.bitmap_index = 61689, .adv_w = 224, .box_w = 13, .box_h = 13, .ofs_x = 1, .ofs_y = -1},
    {.bitmap_index = 61711, .adv_w = 224, .box_w = 13, .box_h = 13, .ofs_x = 1, .ofs_y = -1},
    {.bitmap_index = 61733, .adv_w = 224, .box_w = 13, .box_h = 13, .ofs_x = 1, .ofs_y = -1},
    {.bitmap_index = 61755, .adv_w = 224, .box_w = 12, .box_h = 13, .ofs_x = 1, .ofs_y = -1},
    {.bitmap_index = 61775, .adv_w = 224, .box_w = 13, .box_h = 13, .ofs_x = 0, .ofs_y = -1},
    {.bitmap_index = 61797, .adv_w = 224, .box_w = 13, .box_h = 13, .ofs_x = 1, .ofs_y = -1},
    {.bitmap_index = 61819, .adv_w = 224, .box_w = 13, .box_h = 12, .ofs_x = 1, .ofs_y = -1},
    {.bitmap_index = 61839, .adv_w = 224, .box_w = 13, .box_h = 12, .ofs_x = 1, .ofs_y = -1},
    {.bitmap_index = 61859, .adv_w = 224, .box_w = 13, .box_h = 14, .ofs_x = 0, .ofs_y = -2},
    {.bitmap_index = 61882, .adv_w = 224, .box_w = 13, .box_h = 13, .ofs_x = 0, .ofs_y = -1},
    {.bitmap_index = 61904, .adv_w = 224, .box_w = 13, .box_h = 13, .ofs_x = 0, .ofs_y = -1},
    {.bitmap_index = 61926, .adv_w = 224, .box_w = 13, .box_h = 13, .ofs_x = 1, .ofs_y = -1},
    {.bitmap_index = 61948, .adv_w = 224, .box_w = 13, .box_h = 13, .ofs_x = 1, .ofs_y = -1},
    {.bitmap_index = 61970, .adv_w = 224, .box_w = 13, .box_h = 13, .ofs_x = 0, .ofs_y = -1},
    {.bitmap_index = 61992, .adv_w = 224, .box_w = 13, .box_h = 13, .ofs_x = 1, .ofs_y = -1},
    {.bitmap_index = 62014, .adv_w = 224, .box_w = 13, .box_h = 13, .ofs_x = 1, .ofs_y = -2},
    {.bitmap_index = 62036, .adv_w = 224, .box_w = 13, .box_h = 12, .ofs_x = 1, .ofs_y = -1},
    {.bitmap_index = 62056, .adv_w = 224, .box_w = 13, .box_h = 13, .ofs_x = 1, .ofs_y = -1},
    {.bitmap_index = 62078, .adv_w = 224, .box_w = 13, .box_h = 13, .ofs_x = 0, .ofs_y = -1},
    {.bitmap_index = 62100, .adv_w = 224, .box_w = 14, .box_h = 13, .ofs_x = 0, .ofs_y = -1},
    {.bitmap_index = 62123, .adv_w = 224, .box_w = 13, .box_h = 13, .ofs_x = 1, .ofs_y = -1},
    {.bitmap_index = 62145, .adv_w = 224, .box_w = 12, .box_h = 12, .ofs_x = 1, .ofs_y = -1},
    {.bitmap_index = 62163, .adv_w = 224, .box_w = 13, .box_h = 13, .ofs_x = 1, .ofs_y = -1},
    {.bitmap_index = 62185, .adv_w = 224, .box_w = 13, .box_h = 13, .ofs_x = 0, .ofs_y = -1},
    {.bitmap_index = 62207, .adv_w = 224, .box_w = 12, .box_h = 13, .ofs_x = 1, .ofs_y = -1},
    {.bitmap_index = 62227, .adv_w = 224, .box_w = 13, .box_h = 13, .ofs_x = 1, .ofs_y = -1},
    {.bitmap_index = 62249, .adv_w = 224, .box_w = 12, .box_h = 13, .ofs_x = 1, .ofs_y = -1},
    {.bitmap_index = 62269, .adv_w = 224, .box_w = 13, .box_h = 13, .ofs_x = 1, .ofs_y = -1},
    {.bitmap_index = 62291, .adv_w = 224, .box_w = 13, .box_h = 13, .ofs_x = 1, .ofs_y = -1},
    {.bitmap_index = 62313, .adv_w = 224, .box_w = 12, .box_h = 12, .ofs_x = 1, .ofs_y = -1},
    {.bitmap_index = 62331, .adv_w = 224, .box_w = 12, .box_h = 13, .ofs_x = 1, .ofs_y = -1},
    {.bitmap_index = 62351, .adv_w = 224, .box_w = 12, .box_h = 13, .ofs_x = 1, .ofs_y = -1},
    {.bitmap_index = 62371, .adv_w = 224, .box_w = 12, .box_h = 12, .ofs_x = 1, .ofs_y = -1},
    {.bitmap_index = 62389, .adv_w = 224, .box_w = 14, .box_h = 13, .ofs_x = 0, .ofs_y = -1},
    {.bitmap_index = 62412, .adv_w = 224, .box_w = 12, .box_h = 13, .ofs_x = 1, .ofs_y = -1},
    {.bitmap_index = 62432, .adv_w = 224, .box_w = 12, .box_h = 14, .ofs_x = 2, .ofs_y = -2},
    {.bitmap_index = 62453, .adv_w = 224, .box_w = 13, .box_h = 13, .ofs_x = 0, .ofs_y = -1},
    {.bitmap_index = 62475, .adv_w = 224, .box_w = 13, .box_h = 13, .ofs_x = 0, .ofs_y = -1},
    {.bitmap_index = 62497, .adv_w = 224, .box_w = 13, .box_h = 13, .ofs_x = 1, .ofs_y = -1},
    {.bitmap_index = 62519, .adv_w = 224, .box_w = 12, .box_h = 14, .ofs_x = 1, .ofs_y = -2},
    {.bitmap_index = 62540, .adv_w = 224, .box_w = 14, .box_h = 13, .ofs_x = 0, .ofs_y = -1},
    {.bitmap_index = 62563, .adv_w = 224, .box_w = 13, .box_h = 13, .ofs_x = 1, .ofs_y = -1},
    {.bitmap_index = 62585, .adv_w = 224, .box_w = 12, .box_h = 12, .ofs_x = 1, .ofs_y = -1},
    {.bitmap_index = 62603, .adv_w = 224, .box_w = 14, .box_h = 13, .ofs_x = 0, .ofs_y = -1},
    {.bitmap_index = 62626, .adv_w = 224, .box_w = 13, .box_h = 13, .ofs_x = 0, .ofs_y = -1},
    {.bitmap_index = 62648, .adv_w = 224, .box_w = 13, .box_h = 13, .ofs_x = 0, .ofs_y = -1},
    {.bitmap_index = 62670, .adv_w = 224, .box_w = 12, .box_h = 12, .ofs_x = 1, .ofs_y = -1},
    {.bitmap_index = 62688, .adv_w = 224, .box_w = 12, .box_h = 13, .ofs_x = 1, .ofs_y = -1},
    {.bitmap_index = 62708, .adv_w = 224, .box_w = 13, .box_h = 13, .ofs_x = 0, .ofs_y = -1},
    {.bitmap_index = 62730, .adv_w = 224, .box_w = 13, .box_h = 13, .ofs_x = 0, .ofs_y = -1},
    {.bitmap_index = 62752, .adv_w = 224, .box_w = 12, .box_h = 13, .ofs_x = 1, .ofs_y = -1},
    {.bitmap_index = 62772, .adv_w = 224, .box_w = 13, .box_h = 13, .ofs_x = 1, .ofs_y = -1},
    {.bitmap_index = 62794, .adv_w = 224, .box_w = 12, .box_h = 13, .ofs_x = 1, .ofs_y = -1},
    {.bitmap_index = 62814, .adv_w = 224, .box_w = 13, .box_h = 13, .ofs_x = 1, .ofs_y = -1},
    {.bitmap_index = 62836, .adv_w = 224, .box_w = 11, .box_h = 13, .ofs_x = 1, .ofs_y = -1},
    {.bitmap_index = 62854, .adv_w = 224, .box_w = 13, .box_h = 13, .ofs_x = 0, .ofs_y = -1},
    {.bitmap_index = 62876, .adv_w = 224, .box_w = 12, .box_h = 12, .ofs_x = 1, .ofs_y = -1},
    {.bitmap_index = 62894, .adv_w = 224, .box_w = 14, .box_h = 13, .ofs_x = 0, .ofs_y = -1},
    {.bitmap_index = 62917, .adv_w = 224, .box_w = 13, .box_h = 13, .ofs_x = 1, .ofs_y = -1},
    {.bitmap_index = 62939, .adv_w = 224, .box_w = 14, .box_h = 13, .ofs_x = 0, .ofs_y = -1},
    {.bitmap_index = 62962, .adv_w = 224, .box_w = 13, .box_h = 13, .ofs_x = 0, .ofs_y = -1},
    {.bitmap_index = 62984, .adv_w = 224, .box_w = 13, .box_h = 13, .ofs_x = 1, .ofs_y = -1},
    {.bitmap_index = 63006, .adv_w = 224, .box_w = 13, .box_h = 13, .ofs_x = 1, .ofs_y = -1},
    {.bitmap_index = 63028, .adv_w = 224, .box_w = 14, .box_h = 13, .ofs_x = 0, .ofs_y = -1},
    {.bitmap_index = 63051, .adv_w = 224, .box_w = 14, .box_h = 13, .ofs_x = 0, .ofs_y = -1},
    {.bitmap_index = 63074, .adv_w = 224, .box_w = 13, .box_h = 13, .ofs_x = 0, .ofs_y = -1},
    {.bitmap_index = 63096, .adv_w = 224, .box_w = 13, .box_h = 13, .ofs_x = 1, .ofs_y = -1},
    {.bitmap_index = 63118, .adv_w = 224, .box_w = 14, .box_h = 12, .ofs_x = 0, .ofs_y = -1},
    {.bitmap_index = 63139, .adv_w = 224, .box_w = 14, .box_h = 13, .ofs_x = 0, .ofs_y = -1},
    {.bitmap_index = 63162, .adv_w = 224, .box_w = 13, .box_h = 13, .ofs_x = 1, .ofs_y = -1},
    {.bitmap_index = 63184, .adv_w = 224, .box_w = 13, .box_h = 13, .ofs_x = 1, .ofs_y = -1},
    {.bitmap_index = 63206, .adv_w = 224, .box_w = 13, .box_h = 13, .ofs_x = 0, .ofs_y = -1},
    {.bitmap_index = 63228, .adv_w = 224, .box_w = 12, .box_h = 13, .ofs_x = 1, .ofs_y = -1},
    {.bitmap_index = 63248, .adv_w = 224, .box_w = 12, .box_h = 13, .ofs_x = 1, .ofs_y = -1},
    {.bitmap_index = 63268, .adv_w = 224, .box_w = 13, .box_h = 13, .ofs_x = 0, .ofs_y = -1},
    {.bitmap_index = 63290, .adv_w = 224, .box_w = 13, .box_h = 13, .ofs_x = 0, .ofs_y = -1},
    {.bitmap_index = 63312, .adv_w = 224, .box_w = 13, .box_h = 13, .ofs_x = 0, .ofs_y = -1},
    {.bitmap_index = 63334, .adv_w = 224, .box_w = 12, .box_h = 13, .ofs_x = 1, .ofs_y = -1},
    {.bitmap_index = 63354, .adv_w = 224, .box_w = 13, .box_h = 13, .ofs_x = 1, .ofs_y = -1},
    {.bitmap_index = 63376, .adv_w = 224, .box_w = 13, .box_h = 13, .ofs_x = 1, .ofs_y = -1},
    {.bitmap_index = 63398, .adv_w = 224, .box_w = 12, .box_h = 13, .ofs_x = 1, .ofs_y = -1},
    {.bitmap_index = 63418, .adv_w = 224, .box_w = 13, .box_h = 13, .ofs_x = 1, .ofs_y = -1},
    {.bitmap_index = 63440, .adv_w = 224, .box_w = 13, .box_h = 13, .ofs_x = 1, .ofs_y = -1},
    {.bitmap_index = 63462, .adv_w = 224, .box_w = 13, .box_h = 13, .ofs_x = 1, .ofs_y = -1},
    {.bitmap_index = 63484, .adv_w = 224, .box_w = 13, .box_h = 13, .ofs_x = 1, .ofs_y = -1},
    {.bitmap_index = 63506, .adv_w = 224, .box_w = 13, .box_h = 13, .ofs_x = 1, .ofs_y = -1},
    {.bitmap_index = 63528, .adv_w = 224, .box_w = 13, .box_h = 13, .ofs_x = 1, .ofs_y = -1},
    {.bitmap_index = 63550, .adv_w = 224, .box_w = 13, .box_h = 13, .ofs_x = 1, .ofs_y = -1},
    {.bitmap_index = 63572, .adv_w = 224, .box_w = 13, .box_h = 13, .ofs_x = 1, .ofs_y = -1},
    {.bitmap_index = 63594, .adv_w = 224, .box_w = 13, .box_h = 13, .ofs_x = 0, .ofs_y = -1},
    {.bitmap_index = 63616, .adv_w = 224, .box_w = 13, .box_h = 13, .ofs_x = 1, .ofs_y = -1},
    {.bitmap_index = 63638, .adv_w = 224, .box_w = 13, .box_h = 12, .ofs_x = 0, .ofs_y = -1},
    {.bitmap_index = 63658, .adv_w = 224, .box_w = 13, .box_h = 12, .ofs_x = 0, .ofs_y = -1},
    {.bitmap_index = 63678, .adv_w = 224, .box_w = 13, .box_h = 13, .ofs_x = 0, .ofs_y = -1},
    {.bitmap_index = 63700, .adv_w = 224, .box_w = 13, .box_h = 12, .ofs_x = 0, .ofs_y = -1},
    {.bitmap_index = 63720, .adv_w = 224, .box_w = 13, .box_h = 13, .ofs_x = 0, .ofs_y = -1},
    {.bitmap_index = 63742, .adv_w = 224, .box_w = 13, .box_h = 13, .ofs_x = 0, .ofs_y = -1},
    {.bitmap_index = 63764, .adv_w = 224, .box_w = 13, .box_h = 13, .ofs_x = 0, .ofs_y = -1},
    {.bitmap_index = 63786, .adv_w = 224, .box_w = 13, .box_h = 13, .ofs_x = 0, .ofs_y = -1},
    {.bitmap_index = 63808, .adv_w = 224, .box_w = 14, .box_h = 12, .ofs_x = 0, .ofs_y = -1},
    {.bitmap_index = 63829, .adv_w = 224, .box_w = 13, .box_h = 12, .ofs_x = 0, .ofs_y = -1},
    {.bitmap_index = 63849, .adv_w = 224, .box_w = 13, .box_h = 12, .ofs_x = 0, .ofs_y = -1},
    {.bitmap_index = 63869, .adv_w = 224, .box_w = 14, .box_h = 13, .ofs_x = 0, .ofs_y = -1},
    {.bitmap_index = 63892, .adv_w = 224, .box_w = 13, .box_h = 13, .ofs_x = 0, .ofs_y = -1},
    {.bitmap_index = 63914, .adv_w = 224, .box_w = 13, .box_h = 13, .ofs_x = 0, .ofs_y = -1},
    {.bitmap_index = 63936, .adv_w = 224, .box_w = 13, .box_h = 13, .ofs_x = 0, .ofs_y = -1},
    {.bitmap_index = 63958, .adv_w = 224, .box_w = 13, .box_h = 13, .ofs_x = 0, .ofs_y = -1},
    {.bitmap_index = 63980, .adv_w = 224, .box_w = 13, .box_h = 12, .ofs_x = 0, .ofs_y = -1},
    {.bitmap_index = 64000, .adv_w = 224, .box_w = 13, .box_h = 12, .ofs_x = 0, .ofs_y = -1},
    {.bitmap_index = 64020, .adv_w = 224, .box_w = 14, .box_h = 13, .ofs_x = 0, .ofs_y = -1},
    {.bitmap_index = 64043, .adv_w = 224, .box_w = 13, .box_h = 12, .ofs_x = 0, .ofs_y = -1},
    {.bitmap_index = 64063, .adv_w = 224, .box_w = 13, .box_h = 12, .ofs_x = 1, .ofs_y = -1},
    {.bitmap_index = 64083, .adv_w = 224, .box_w = 14, .box_h = 13, .ofs_x = 0, .ofs_y = -1},
    {.bitmap_index = 64106, .adv_w = 224, .box_w = 14, .box_h = 13, .ofs_x = 0, .ofs_y = -1},
    {.bitmap_index = 64129, .adv_w = 224, .box_w = 13, .box_h = 12, .ofs_x = 0, .ofs_y = -1},
    {.bitmap_index = 64149, .adv_w = 224, .box_w = 14, .box_h = 13, .ofs_x = 0, .ofs_y = -1},
    {.bitmap_index = 64172, .adv_w = 224, .box_w = 13, .box_h = 12, .ofs_x = 0, .ofs_y = -1},
    {.bitmap_index = 64192, .adv_w = 224, .box_w = 13, .box_h = 12, .ofs_x = 0, .ofs_y = -1},
    {.bitmap_index = 64212, .adv_w = 224, .box_w = 12, .box_h = 13, .ofs_x = 1, .ofs_y = -1},
    {.bitmap_index = 64232, .adv_w = 224, .box_w = 13, .box_h = 12, .ofs_x = 0, .ofs_y = -1},
    {.bitmap_index = 64252, .adv_w = 224, .box_w = 12, .box_h = 13, .ofs_x = 1, .ofs_y = -1},
    {.bitmap_index = 64272, .adv_w = 224, .box_w = 13, .box_h = 13, .ofs_x = 0, .ofs_y = -1},
    {.bitmap_index = 64294, .adv_w = 224, .box_w = 13, .box_h = 12, .ofs_x = 1, .ofs_y = -1},
    {.bitmap_index = 64314, .adv_w = 224, .box_w = 12, .box_h = 13, .ofs_x = 1, .ofs_y = -1},
    {.bitmap_index = 64334, .adv_w = 224, .box_w = 12, .box_h = 12, .ofs_x = 1, .ofs_y = -1},
    {.bitmap_index = 64352, .adv_w = 224, .box_w = 13, .box_h = 13, .ofs_x = 1, .ofs_y = -1},
    {.bitmap_index = 64374, .adv_w = 224, .box_w = 14, .box_h = 12, .ofs_x = 0, .ofs_y = -1},
    {.bitmap_index = 64395, .adv_w = 224, .box_w = 13, .box_h = 13, .ofs_x = 0, .ofs_y = -1},
    {.bitmap_index = 64417, .adv_w = 224, .box_w = 13, .box_h = 13, .ofs_x = 0, .ofs_y = -1},
    {.bitmap_index = 64439, .adv_w = 224, .box_w = 12, .box_h = 13, .ofs_x = 1, .ofs_y = -1},
    {.bitmap_index = 64459, .adv_w = 224, .box_w = 13, .box_h = 13, .ofs_x = 1, .ofs_y = -1},
    {.bitmap_index = 64481, .adv_w = 224, .box_w = 13, .box_h = 13, .ofs_x = 1, .ofs_y = -1},
    {.bitmap_index = 64503, .adv_w = 224, .box_w = 13, .box_h = 13, .ofs_x = 1, .ofs_y = -1},
    {.bitmap_index = 64525, .adv_w = 224, .box_w = 12, .box_h = 13, .ofs_x = 1, .ofs_y = -1},
    {.bitmap_index = 64545, .adv_w = 224, .box_w = 13, .box_h = 13, .ofs_x = 1, .ofs_y = -1},
    {.bitmap_index = 64567, .adv_w = 224, .box_w = 13, .box_h = 13, .ofs_x = 1, .ofs_y = -1},
    {.bitmap_index = 64589, .adv_w = 224, .box_w = 12, .box_h = 14, .ofs_x = 1, .ofs_y = -2},
    {.bitmap_index = 64610, .adv_w = 224, .box_w = 12, .box_h = 13, .ofs_x = 1, .ofs_y = -1},
    {.bitmap_index = 64630, .adv_w = 224, .box_w = 12, .box_h = 13, .ofs_x = 1, .ofs_y = -1},
    {.bitmap_index = 64650, .adv_w = 224, .box_w = 13, .box_h = 13, .ofs_x = 1, .ofs_y = -1},
    {.bitmap_index = 64672, .adv_w = 224, .box_w = 13, .box_h = 13, .ofs_x = 1, .ofs_y = -1},
    {.bitmap_index = 64694, .adv_w = 224, .box_w = 13, .box_h = 13, .ofs_x = 1, .ofs_y = -1},
    {.bitmap_index = 64716, .adv_w = 224, .box_w = 13, .box_h = 13, .ofs_x = 1, .ofs_y = -1},
    {.bitmap_index = 64738, .adv_w = 224, .box_w = 12, .box_h = 13, .ofs_x = 1, .ofs_y = -1},
    {.bitmap_index = 64758, .adv_w = 224, .box_w = 13, .box_h = 13, .ofs_x = 0, .ofs_y = -1},
    {.bitmap_index = 64780, .adv_w = 224, .box_w = 13, .box_h = 13, .ofs_x = 1, .ofs_y = -1},
    {.bitmap_index = 64802, .adv_w = 224, .box_w = 13, .box_h = 13, .ofs_x = 1, .ofs_y = -1},
    {.bitmap_index = 64824, .adv_w = 224, .box_w = 13, .box_h = 12, .ofs_x = 1, .ofs_y = -1},
    {.bitmap_index = 64844, .adv_w = 224, .box_w = 13, .box_h = 13, .ofs_x = 1, .ofs_y = -1},
    {.bitmap_index = 64866, .adv_w = 224, .box_w = 13, .box_h = 13, .ofs_x = 1, .ofs_y = -1},
    {.bitmap_index = 64888, .adv_w = 224, .box_w = 13, .box_h = 13, .ofs_x = 1, .ofs_y = -1},
    {.bitmap_index = 64910, .adv_w = 224, .box_w = 13, .box_h = 12, .ofs_x = 1, .ofs_y = -1},
    {.bitmap_index = 64930, .adv_w = 224, .box_w = 12, .box_h = 13, .ofs_x = 1, .ofs_y = -1},
    {.bitmap_index = 64950, .adv_w = 224, .box_w = 12, .box_h = 13, .ofs_x = 1, .ofs_y = -1},
    {.bitmap_index = 64970, .adv_w = 224, .box_w = 13, .box_h = 13, .ofs_x = 0, .ofs_y = -1},
    {.bitmap_index = 64992, .adv_w = 224, .box_w = 13, .box_h = 13, .ofs_x = 0, .ofs_y = -1},
    {.bitmap_index = 65014, .adv_w = 224, .box_w = 13, .box_h = 13, .ofs_x = 1, .ofs_y = -1},
    {.bitmap_index = 65036, .adv_w = 224, .box_w = 13, .box_h = 13, .ofs_x = 1, .ofs_y = -1},
    {.bitmap_index = 65058, .adv_w = 224, .box_w = 13, .box_h = 13, .ofs_x = 1, .ofs_y = -1},
    {.bitmap_index = 65080, .adv_w = 224, .box_w = 12, .box_h = 13, .ofs_x = 1, .ofs_y = -1},
    {.bitmap_index = 65100, .adv_w = 224, .box_w = 13, .box_h = 12, .ofs_x = 1, .ofs_y = -1},
    {.bitmap_index = 65120, .adv_w = 224, .box_w = 13, .box_h = 12, .ofs_x = 0, .ofs_y = -1},
    {.bitmap_index = 65140, .adv_w = 224, .box_w = 13, .box_h = 13, .ofs_x = 0, .ofs_y = -1},
    {.bitmap_index = 65162, .adv_w = 224, .box_w = 13, .box_h = 13, .ofs_x = 0, .ofs_y = -1},
    {.bitmap_index = 65184, .adv_w = 224, .box_w = 13, .box_h = 13, .ofs_x = 1, .ofs_y = -1},
    {.bitmap_index = 65206, .adv_w = 224, .box_w = 13, .box_h = 12, .ofs_x = 1, .ofs_y = -1},
    {.bitmap_index = 65226, .adv_w = 224, .box_w = 13, .box_h = 12, .ofs_x = 1, .ofs_y = -1},
    {.bitmap_index = 65246, .adv_w = 224, .box_w = 12, .box_h = 13, .ofs_x = 1, .ofs_y = -1},
    {.bitmap_index = 65266, .adv_w = 224, .box_w = 13, .box_h = 12, .ofs_x = 1, .ofs_y = -1},
    {.bitmap_index = 65286, .adv_w = 224, .box_w = 12, .box_h = 13, .ofs_x = 1, .ofs_y = -1},
    {.bitmap_index = 65306, .adv_w = 224, .box_w = 13, .box_h = 12, .ofs_x = 1, .ofs_y = -1},
    {.bitmap_index = 65326, .adv_w = 224, .box_w = 13, .box_h = 13, .ofs_x = 1, .ofs_y = -1},
    {.bitmap_index = 65348, .adv_w = 224, .box_w = 13, .box_h = 12, .ofs_x = 1, .ofs_y = -1},
    {.bitmap_index = 65368, .adv_w = 224, .box_w = 13, .box_h = 13, .ofs_x = 1, .ofs_y = -1},
    {.bitmap_index = 65390, .adv_w = 224, .box_w = 13, .box_h = 13, .ofs_x = 0, .ofs_y = -1},
    {.bitmap_index = 65412, .adv_w = 224, .box_w = 13, .box_h = 13, .ofs_x = 0, .ofs_y = -1},
    {.bitmap_index = 65434, .adv_w = 224, .box_w = 13, .box_h = 13, .ofs_x = 1, .ofs_y = -1},
    {.bitmap_index = 65456, .adv_w = 224, .box_w = 12, .box_h = 12, .ofs_x = 1, .ofs_y = -1},
    {.bitmap_index = 65474, .adv_w = 224, .box_w = 13, .box_h = 12, .ofs_x = 1, .ofs_y = -1},
    {.bitmap_index = 65494, .adv_w = 224, .box_w = 13, .box_h = 13, .ofs_x = 1, .ofs_y = -1},
    {.bitmap_index = 65516, .adv_w = 224, .box_w = 13, .box_h = 13, .ofs_x = 0, .ofs_y = -1},
    {.bitmap_index = 65538, .adv_w = 224, .box_w = 13, .box_h = 12, .ofs_x = 1, .ofs_y = -1},
    {.bitmap_index = 65558, .adv_w = 224, .box_w = 13, .box_h = 13, .ofs_x = 0, .ofs_y = -1},
    {.bitmap_index = 65580, .adv_w = 224, .box_w = 13, .box_h = 13, .ofs_x = 1, .ofs_y = -1},
    {.bitmap_index = 65602, .adv_w = 224, .box_w = 14, .box_h = 13, .ofs_x = 0, .ofs_y = -1},
    {.bitmap_index = 65625, .adv_w = 224, .box_w = 13, .box_h = 13, .ofs_x = 0, .ofs_y = -1},
    {.bitmap_index = 65647, .adv_w = 224, .box_w = 13, .box_h = 13, .ofs_x = 1, .ofs_y = -1},
    {.bitmap_index = 65669, .adv_w = 224, .box_w = 13, .box_h = 12, .ofs_x = 1, .ofs_y = -1},
    {.bitmap_index = 65689, .adv_w = 224, .box_w = 13, .box_h = 13, .ofs_x = 0, .ofs_y = -1},
    {.bitmap_index = 65711, .adv_w = 224, .box_w = 13, .box_h = 12, .ofs_x = 0, .ofs_y = -1},
    {.bitmap_index = 65731, .adv_w = 224, .box_w = 14, .box_h = 13, .ofs_x = 1, .ofs_y = -1},
    {.bitmap_index = 65754, .adv_w = 224, .box_w = 13, .box_h = 12, .ofs_x = 1, .ofs_y = -1},
    {.bitmap_index = 65774, .adv_w = 224, .box_w = 13, .box_h = 13, .ofs_x = 1, .ofs_y = -1},
    {.bitmap_index = 65796, .adv_w = 224, .box_w = 13, .box_h = 13, .ofs_x = 1, .ofs_y = -1},
    {.bitmap_index = 65818, .adv_w = 224, .box_w = 13, .box_h = 13, .ofs_x = 1, .ofs_y = -1},
    {.bitmap_index = 65840, .adv_w = 224, .box_w = 13, .box_h = 12, .ofs_x = 0, .ofs_y = -1},
    {.bitmap_index = 65860, .adv_w = 224, .box_w = 13, .box_h = 13, .ofs_x = 1, .ofs_y = -1},
    {.bitmap_index = 65882, .adv_w = 224, .box_w = 13, .box_h = 13, .ofs_x = 1, .ofs_y = -1},
    {.bitmap_index = 65904, .adv_w = 224, .box_w = 13, .box_h = 12, .ofs_x = 0, .ofs_y = -1},
    {.bitmap_index = 65924, .adv_w = 224, .box_w = 13, .box_h = 12, .ofs_x = 1, .ofs_y = -1},
    {.bitmap_index = 65944, .adv_w = 224, .box_w = 13, .box_h = 13, .ofs_x = 0, .ofs_y = -1},
    {.bitmap_index = 65966, .adv_w = 224, .box_w = 14, .box_h = 13, .ofs_x = 0, .ofs_y = -1},
    {.bitmap_index = 65989, .adv_w = 224, .box_w = 13, .box_h = 12, .ofs_x = 0, .ofs_y = -1},
    {.bitmap_index = 66009, .adv_w = 224, .box_w = 13, .box_h = 13, .ofs_x = 1, .ofs_y = -1},
    {.bitmap_index = 66031, .adv_w = 224, .box_w = 13, .box_h = 13, .ofs_x = 1, .ofs_y = -1},
    {.bitmap_index = 66053, .adv_w = 224, .box_w = 13, .box_h = 13, .ofs_x = 1, .ofs_y = -1},
    {.bitmap_index = 66075, .adv_w = 224, .box_w = 14, .box_h = 13, .ofs_x = 0, .ofs_y = -1},
    {.bitmap_index = 66098, .adv_w = 224, .box_w = 13, .box_h = 13, .ofs_x = 1, .ofs_y = -1},
    {.bitmap_index = 66120, .adv_w = 224, .box_w = 13, .box_h = 12, .ofs_x = 1, .ofs_y = -1},
    {.bitmap_index = 66140, .adv_w = 224, .box_w = 13, .box_h = 12, .ofs_x = 1, .ofs_y = -1},
    {.bitmap_index = 66160, .adv_w = 224, .box_w = 13, .box_h = 13, .ofs_x = 1, .ofs_y = -1},
    {.bitmap_index = 66182, .adv_w = 224, .box_w = 13, .box_h = 13, .ofs_x = 0, .ofs_y = -1},
    {.bitmap_index = 66204, .adv_w = 224, .box_w = 13, .box_h = 12, .ofs_x = 1, .ofs_y = -1},
    {.bitmap_index = 66224, .adv_w = 224, .box_w = 13, .box_h = 12, .ofs_x = 0, .ofs_y = -1},
    {.bitmap_index = 66244, .adv_w = 224, .box_w = 13, .box_h = 12, .ofs_x = 0, .ofs_y = -1},
    {.bitmap_index = 66264, .adv_w = 224, .box_w = 12, .box_h = 13, .ofs_x = 1, .ofs_y = -1},
    {.bitmap_index = 66284, .adv_w = 224, .box_w = 13, .box_h = 13, .ofs_x = 0, .ofs_y = -1},
    {.bitmap_index = 66306, .adv_w = 224, .box_w = 13, .box_h = 13, .ofs_x = 1, .ofs_y = -1},
    {.bitmap_index = 66328, .adv_w = 224, .box_w = 13, .box_h = 13, .ofs_x = 1, .ofs_y = -1},
    {.bitmap_index = 66350, .adv_w = 224, .box_w = 13, .box_h = 13, .ofs_x = 0, .ofs_y = -1},
    {.bitmap_index = 66372, .adv_w = 224, .box_w = 12, .box_h = 12, .ofs_x = 1, .ofs_y = -1},
    {.bitmap_index = 66390, .adv_w = 224, .box_w = 14, .box_h = 13, .ofs_x = 1, .ofs_y = -1},
    {.bitmap_index = 66413, .adv_w = 224, .box_w = 13, .box_h = 13, .ofs_x = 0, .ofs_y = -1},
    {.bitmap_index = 66435, .adv_w = 224, .box_w = 13, .box_h = 13, .ofs_x = 0, .ofs_y = -1},
    {.bitmap_index = 66457, .adv_w = 224, .box_w = 12, .box_h = 12, .ofs_x = 2, .ofs_y = -1},
    {.bitmap_index = 66475, .adv_w = 224, .box_w = 12, .box_h = 12, .ofs_x = 1, .ofs_y = -1},
    {.bitmap_index = 66493, .adv_w = 224, .box_w = 12, .box_h = 12, .ofs_x = 1, .ofs_y = -1},
    {.bitmap_index = 66511, .adv_w = 224, .box_w = 12, .box_h = 12, .ofs_x = 1, .ofs_y = -1},
    {.bitmap_index = 66529, .adv_w = 224, .box_w = 13, .box_h = 13, .ofs_x = 1, .ofs_y = -1},
    {.bitmap_index = 66551, .adv_w = 224, .box_w = 13, .box_h = 12, .ofs_x = 0, .ofs_y = -1},
    {.bitmap_index = 66571, .adv_w = 224, .box_w = 12, .box_h = 13, .ofs_x = 1, .ofs_y = -1},
    {.bitmap_index = 66591, .adv_w = 224, .box_w = 12, .box_h = 13, .ofs_x = 1, .ofs_y = -1},
    {.bitmap_index = 66611, .adv_w = 224, .box_w = 12, .box_h = 13, .ofs_x = 1, .ofs_y = -1},
    {.bitmap_index = 66631, .adv_w = 224, .box_w = 12, .box_h = 13, .ofs_x = 1, .ofs_y = -1},
    {.bitmap_index = 66651, .adv_w = 224, .box_w = 12, .box_h = 13, .ofs_x = 1, .ofs_y = -1},
    {.bitmap_index = 66671, .adv_w = 224, .box_w = 12, .box_h = 13, .ofs_x = 1, .ofs_y = -1},
    {.bitmap_index = 66691, .adv_w = 224, .box_w = 12, .box_h = 13, .ofs_x = 1, .ofs_y = -1},
    {.bitmap_index = 66711, .adv_w = 224, .box_w = 12, .box_h = 13, .ofs_x = 1, .ofs_y = -1},
    {.bitmap_index = 66731, .adv_w = 224, .box_w = 13, .box_h = 13, .ofs_x = 1, .ofs_y = -1},
    {.bitmap_index = 66753, .adv_w = 224, .box_w = 13, .box_h = 12, .ofs_x = 0, .ofs_y = -1},
    {.bitmap_index = 66773, .adv_w = 224, .box_w = 12, .box_h = 13, .ofs_x = 1, .ofs_y = -1},
    {.bitmap_index = 66793, .adv_w = 224, .box_w = 13, .box_h = 12, .ofs_x = 1, .ofs_y = -1},
    {.bitmap_index = 66813, .adv_w = 224, .box_w = 13, .box_h = 13, .ofs_x = 0, .ofs_y = -1},
    {.bitmap_index = 66835, .adv_w = 224, .box_w = 13, .box_h = 12, .ofs_x = 1, .ofs_y = -1},
    {.bitmap_index = 66855, .adv_w = 224, .box_w = 13, .box_h = 12, .ofs_x = 1, .ofs_y = -1},
    {.bitmap_index = 66875, .adv_w = 224, .box_w = 13, .box_h = 13, .ofs_x = 1, .ofs_y = -1},
    {.bitmap_index = 66897, .adv_w = 224, .box_w = 13, .box_h = 12, .ofs_x = 1, .ofs_y = -1},
    {.bitmap_index = 66917, .adv_w = 224, .box_w = 13, .box_h = 13, .ofs_x = 1, .ofs_y = -1},
    {.bitmap_index = 66939, .adv_w = 224, .box_w = 12, .box_h = 13, .ofs_x = 1, .ofs_y = -1},
    {.bitmap_index = 66959, .adv_w = 224, .box_w = 12, .box_h = 13, .ofs_x = 1, .ofs_y = -1},
    {.bitmap_index = 66979, .adv_w = 224, .box_w = 13, .box_h = 13, .ofs_x = 1, .ofs_y = -1},
    {.bitmap_index = 67001, .adv_w = 224, .box_w = 13, .box_h = 13, .ofs_x = 1, .ofs_y = -1},
    {.bitmap_index = 67023, .adv_w = 224, .box_w = 13, .box_h = 13, .ofs_x = 0, .ofs_y = -1},
    {.bitmap_index = 67045, .adv_w = 224, .box_w = 13, .box_h = 13, .ofs_x = 1, .ofs_y = -1},
    {.bitmap_index = 67067, .adv_w = 224, .box_w = 13, .box_h = 13, .ofs_x = 1, .ofs_y = -1},
    {.bitmap_index = 67089, .adv_w = 224, .box_w = 13, .box_h = 13, .ofs_x = 1, .ofs_y = -1},
    {.bitmap_index = 67111, .adv_w = 224, .box_w = 13, .box_h = 13, .ofs_x = 1, .ofs_y = -1},
    {.bitmap_index = 67133, .adv_w = 224, .box_w = 13, .box_h = 12, .ofs_x = 1, .ofs_y = -1},
    {.bitmap_index = 67153, .adv_w = 224, .box_w = 12, .box_h = 13, .ofs_x = 1, .ofs_y = -1},
    {.bitmap_index = 67173, .adv_w = 224, .box_w = 12, .box_h = 13, .ofs_x = 1, .ofs_y = -1},
    {.bitmap_index = 67193, .adv_w = 224, .box_w = 13, .box_h = 12, .ofs_x = 0, .ofs_y = -1},
    {.bitmap_index = 67213, .adv_w = 224, .box_w = 12, .box_h = 13, .ofs_x = 1, .ofs_y = -1},
    {.bitmap_index = 67233, .adv_w = 224, .box_w = 13, .box_h = 12, .ofs_x = 1, .ofs_y = -1},
    {.bitmap_index = 67253, .adv_w = 224, .box_w = 13, .box_h = 12, .ofs_x = 0, .ofs_y = -1},
    {.bitmap_index = 67273, .adv_w = 224, .box_w = 14, .box_h = 13, .ofs_x = 0, .ofs_y = -1},
    {.bitmap_index = 67296, .adv_w = 224, .box_w = 12, .box_h = 13, .ofs_x = 1, .ofs_y = -1},
    {.bitmap_index = 67316, .adv_w = 224, .box_w = 12, .box_h = 13, .ofs_x = 1, .ofs_y = -1},
    {.bitmap_index = 67336, .adv_w = 224, .box_w = 13, .box_h = 13, .ofs_x = 1, .ofs_y = -1},
    {.bitmap_index = 67358, .adv_w = 224, .box_w = 12, .box_h = 13, .ofs_x = 1, .ofs_y = -1},
    {.bitmap_index = 67378, .adv_w = 224, .box_w = 12, .box_h = 13, .ofs_x = 1, .ofs_y = -1},
    {.bitmap_index = 67398, .adv_w = 224, .box_w = 13, .box_h = 13, .ofs_x = 1, .ofs_y = -1},
    {.bitmap_index = 67420, .adv_w = 224, .box_w = 12, .box_h = 12, .ofs_x = 1, .ofs_y = 0},
    {.bitmap_index = 67438, .adv_w = 224, .box_w = 12, .box_h = 13, .ofs_x = 1, .ofs_y = -1},
    {.bitmap_index = 67458, .adv_w = 224, .box_w = 13, .box_h = 13, .ofs_x = 1, .ofs_y = -1},
    {.bitmap_index = 67480, .adv_w = 224, .box_w = 12, .box_h = 13, .ofs_x = 1, .ofs_y = -1},
    {.bitmap_index = 67500, .adv_w = 224, .box_w = 12, .box_h = 13, .ofs_x = 1, .ofs_y = -1},
    {.bitmap_index = 67520, .adv_w = 224, .box_w = 12, .box_h = 13, .ofs_x = 1, .ofs_y = -1},
    {.bitmap_index = 67540, .adv_w = 224, .box_w = 12, .box_h = 13, .ofs_x = 1, .ofs_y = -1},
    {.bitmap_index = 67560, .adv_w = 224, .box_w = 12, .box_h = 13, .ofs_x = 1, .ofs_y = -1},
    {.bitmap_index = 67580, .adv_w = 224, .box_w = 13, .box_h = 13, .ofs_x = 1, .ofs_y = -1},
    {.bitmap_index = 67602, .adv_w = 224, .box_w = 12, .box_h = 13, .ofs_x = 1, .ofs_y = -1},
    {.bitmap_index = 67622, .adv_w = 224, .box_w = 12, .box_h = 13, .ofs_x = 1, .ofs_y = -1},
    {.bitmap_index = 67642, .adv_w = 224, .box_w = 13, .box_h = 13, .ofs_x = 1, .ofs_y = -1},
    {.bitmap_index = 67664, .adv_w = 224, .box_w = 12, .box_h = 13, .ofs_x = 1, .ofs_y = -1},
    {.bitmap_index = 67684, .adv_w = 224, .box_w = 12, .box_h = 13, .ofs_x = 1, .ofs_y = -1},
    {.bitmap_index = 67704, .adv_w = 224, .box_w = 13, .box_h = 13, .ofs_x = 1, .ofs_y = -1},
    {.bitmap_index = 67726, .adv_w = 224, .box_w = 13, .box_h = 13, .ofs_x = 1, .ofs_y = -1},
    {.bitmap_index = 67748, .adv_w = 224, .box_w = 12, .box_h = 13, .ofs_x = 1, .ofs_y = -1},
    {.bitmap_index = 67768, .adv_w = 224, .box_w = 12, .box_h = 13, .ofs_x = 1, .ofs_y = -1},
    {.bitmap_index = 67788, .adv_w = 224, .box_w = 12, .box_h = 13, .ofs_x = 1, .ofs_y = -1},
    {.bitmap_index = 67808, .adv_w = 224, .box_w = 13, .box_h = 13, .ofs_x = 1, .ofs_y = -1},
    {.bitmap_index = 67830, .adv_w = 224, .box_w = 12, .box_h = 13, .ofs_x = 1, .ofs_y = -1},
    {.bitmap_index = 67850, .adv_w = 224, .box_w = 13, .box_h = 13, .ofs_x = 1, .ofs_y = -1},
    {.bitmap_index = 67872, .adv_w = 224, .box_w = 13, .box_h = 13, .ofs_x = 1, .ofs_y = -1},
    {.bitmap_index = 67894, .adv_w = 224, .box_w = 12, .box_h = 13, .ofs_x = 1, .ofs_y = -1},
    {.bitmap_index = 67914, .adv_w = 224, .box_w = 12, .box_h = 13, .ofs_x = 1, .ofs_y = -1},
    {.bitmap_index = 67934, .adv_w = 224, .box_w = 13, .box_h = 13, .ofs_x = 1, .ofs_y = -1},
    {.bitmap_index = 67956, .adv_w = 224, .box_w = 12, .box_h = 13, .ofs_x = 1, .ofs_y = -1},
    {.bitmap_index = 67976, .adv_w = 224, .box_w = 13, .box_h = 13, .ofs_x = 1, .ofs_y = -1},
    {.bitmap_index = 67998, .adv_w = 224, .box_w = 13, .box_h = 13, .ofs_x = 1, .ofs_y = -1},
    {.bitmap_index = 68020, .adv_w = 224, .box_w = 12, .box_h = 13, .ofs_x = 1, .ofs_y = -1},
    {.bitmap_index = 68040, .adv_w = 224, .box_w = 14, .box_h = 13, .ofs_x = 0, .ofs_y = -1},
    {.bitmap_index = 68063, .adv_w = 224, .box_w = 12, .box_h = 13, .ofs_x = 1, .ofs_y = -1},
    {.bitmap_index = 68083, .adv_w = 224, .box_w = 13, .box_h = 12, .ofs_x = 1, .ofs_y = -1},
    {.bitmap_index = 68103, .adv_w = 224, .box_w = 13, .box_h = 13, .ofs_x = 1, .ofs_y = -1},
    {.bitmap_index = 68125, .adv_w = 224, .box_w = 13, .box_h = 13, .ofs_x = 1, .ofs_y = -1},
    {.bitmap_index = 68147, .adv_w = 224, .box_w = 12, .box_h = 13, .ofs_x = 1, .ofs_y = -1},
    {.bitmap_index = 68167, .adv_w = 224, .box_w = 12, .box_h = 13, .ofs_x = 1, .ofs_y = -1},
    {.bitmap_index = 68187, .adv_w = 224, .box_w = 13, .box_h = 13, .ofs_x = 1, .ofs_y = -1},
    {.bitmap_index = 68209, .adv_w = 224, .box_w = 13, .box_h = 13, .ofs_x = 1, .ofs_y = -1},
    {.bitmap_index = 68231, .adv_w = 224, .box_w = 13, .box_h = 13, .ofs_x = 1, .ofs_y = -1},
    {.bitmap_index = 68253, .adv_w = 224, .box_w = 12, .box_h = 13, .ofs_x = 1, .ofs_y = -1},
    {.bitmap_index = 68273, .adv_w = 224, .box_w = 13, .box_h = 13, .ofs_x = 1, .ofs_y = -1},
    {.bitmap_index = 68295, .adv_w = 224, .box_w = 13, .box_h = 13, .ofs_x = 1, .ofs_y = -1},
    {.bitmap_index = 68317, .adv_w = 224, .box_w = 12, .box_h = 13, .ofs_x = 1, .ofs_y = -1},
    {.bitmap_index = 68337, .adv_w = 224, .box_w = 12, .box_h = 13, .ofs_x = 1, .ofs_y = -1},
    {.bitmap_index = 68357, .adv_w = 224, .box_w = 13, .box_h = 13, .ofs_x = 1, .ofs_y = -1},
    {.bitmap_index = 68379, .adv_w = 224, .box_w = 13, .box_h = 13, .ofs_x = 1, .ofs_y = -1},
    {.bitmap_index = 68401, .adv_w = 224, .box_w = 12, .box_h = 13, .ofs_x = 1, .ofs_y = -1},
    {.bitmap_index = 68421, .adv_w = 224, .box_w = 12, .box_h = 13, .ofs_x = 1, .ofs_y = -1},
    {.bitmap_index = 68441, .adv_w = 224, .box_w = 13, .box_h = 13, .ofs_x = 1, .ofs_y = -1},
    {.bitmap_index = 68463, .adv_w = 224, .box_w = 13, .box_h = 13, .ofs_x = 1, .ofs_y = -1},
    {.bitmap_index = 68485, .adv_w = 224, .box_w = 13, .box_h = 13, .ofs_x = 1, .ofs_y = -1},
    {.bitmap_index = 68507, .adv_w = 224, .box_w = 13, .box_h = 14, .ofs_x = 1, .ofs_y = -2},
    {.bitmap_index = 68530, .adv_w = 224, .box_w = 13, .box_h = 14, .ofs_x = 1, .ofs_y = -2},
    {.bitmap_index = 68553, .adv_w = 224, .box_w = 13, .box_h = 13, .ofs_x = 1, .ofs_y = -1},
    {.bitmap_index = 68575, .adv_w = 224, .box_w = 13, .box_h = 13, .ofs_x = 1, .ofs_y = -1},
    {.bitmap_index = 68597, .adv_w = 224, .box_w = 13, .box_h = 13, .ofs_x = 1, .ofs_y = -1},
    {.bitmap_index = 68619, .adv_w = 224, .box_w = 13, .box_h = 12, .ofs_x = 1, .ofs_y = -1},
    {.bitmap_index = 68639, .adv_w = 224, .box_w = 13, .box_h = 13, .ofs_x = 1, .ofs_y = -1},
    {.bitmap_index = 68661, .adv_w = 224, .box_w = 13, .box_h = 15, .ofs_x = 1, .ofs_y = -2},
    {.bitmap_index = 68686, .adv_w = 224, .box_w = 12, .box_h = 13, .ofs_x = 1, .ofs_y = -1},
    {.bitmap_index = 68706, .adv_w = 224, .box_w = 11, .box_h = 13, .ofs_x = 1, .ofs_y = -1},
    {.bitmap_index = 68724, .adv_w = 224, .box_w = 12, .box_h = 12, .ofs_x = 1, .ofs_y = -1},
    {.bitmap_index = 68742, .adv_w = 224, .box_w = 12, .box_h = 13, .ofs_x = 1, .ofs_y = -1},
    {.bitmap_index = 68762, .adv_w = 224, .box_w = 11, .box_h = 13, .ofs_x = 1, .ofs_y = -1},
    {.bitmap_index = 68780, .adv_w = 224, .box_w = 12, .box_h = 12, .ofs_x = 1, .ofs_y = -1},
    {.bitmap_index = 68798, .adv_w = 224, .box_w = 12, .box_h = 13, .ofs_x = 1, .ofs_y = -1},
    {.bitmap_index = 68818, .adv_w = 224, .box_w = 12, .box_h = 12, .ofs_x = 1, .ofs_y = -1},
    {.bitmap_index = 68836, .adv_w = 224, .box_w = 11, .box_h = 13, .ofs_x = 1, .ofs_y = -1},
    {.bitmap_index = 68854, .adv_w = 224, .box_w = 11, .box_h = 13, .ofs_x = 1, .ofs_y = -1},
    {.bitmap_index = 68872, .adv_w = 224, .box_w = 11, .box_h = 13, .ofs_x = 1, .ofs_y = -1},
    {.bitmap_index = 68890, .adv_w = 224, .box_w = 12, .box_h = 13, .ofs_x = 1, .ofs_y = -1},
    {.bitmap_index = 68910, .adv_w = 224, .box_w = 11, .box_h = 12, .ofs_x = 1, .ofs_y = -1},
    {.bitmap_index = 68927, .adv_w = 224, .box_w = 11, .box_h = 13, .ofs_x = 1, .ofs_y = -1},
    {.bitmap_index = 68945, .adv_w = 224, .box_w = 11, .box_h = 13, .ofs_x = 1, .ofs_y = -1},
    {.bitmap_index = 68963, .adv_w = 224, .box_w = 11, .box_h = 13, .ofs_x = 1, .ofs_y = -1},
    {.bitmap_index = 68981, .adv_w = 224, .box_w = 11, .box_h = 13, .ofs_x = 1, .ofs_y = -1},
    {.bitmap_index = 68999, .adv_w = 224, .box_w = 11, .box_h = 13, .ofs_x = 1, .ofs_y = -1},
    {.bitmap_index = 69017, .adv_w = 224, .box_w = 12, .box_h = 12, .ofs_x = 1, .ofs_y = -1},
    {.bitmap_index = 69035, .adv_w = 224, .box_w = 12, .box_h = 13, .ofs_x = 1, .ofs_y = -1},
    {.bitmap_index = 69055, .adv_w = 224, .box_w = 12, .box_h = 13, .ofs_x = 1, .ofs_y = -1},
    {.bitmap_index = 69075, .adv_w = 224, .box_w = 12, .box_h = 13, .ofs_x = 1, .ofs_y = -1},
    {.bitmap_index = 69095, .adv_w = 224, .box_w = 13, .box_h = 13, .ofs_x = 1, .ofs_y = -1},
    {.bitmap_index = 69117, .adv_w = 224, .box_w = 12, .box_h = 13, .ofs_x = 1, .ofs_y = -1},
    {.bitmap_index = 69137, .adv_w = 224, .box_w = 11, .box_h = 12, .ofs_x = 1, .ofs_y = -1},
    {.bitmap_index = 69154, .adv_w = 224, .box_w = 12, .box_h = 12, .ofs_x = 1, .ofs_y = -1},
    {.bitmap_index = 69172, .adv_w = 224, .box_w = 12, .box_h = 13, .ofs_x = 1, .ofs_y = -1},
    {.bitmap_index = 69192, .adv_w = 224, .box_w = 12, .box_h = 13, .ofs_x = 1, .ofs_y = -1},
    {.bitmap_index = 69212, .adv_w = 224, .box_w = 12, .box_h = 12, .ofs_x = 1, .ofs_y = -1},
    {.bitmap_index = 69230, .adv_w = 224, .box_w = 12, .box_h = 12, .ofs_x = 1, .ofs_y = -1},
    {.bitmap_index = 69248, .adv_w = 224, .box_w = 12, .box_h = 13, .ofs_x = 1, .ofs_y = -1},
    {.bitmap_index = 69268, .adv_w = 224, .box_w = 12, .box_h = 12, .ofs_x = 1, .ofs_y = -1},
    {.bitmap_index = 69286, .adv_w = 224, .box_w = 13, .box_h = 13, .ofs_x = 1, .ofs_y = -1},
    {.bitmap_index = 69308, .adv_w = 224, .box_w = 13, .box_h = 13, .ofs_x = 1, .ofs_y = -1},
    {.bitmap_index = 69330, .adv_w = 224, .box_w = 12, .box_h = 12, .ofs_x = 1, .ofs_y = -1},
    {.bitmap_index = 69348, .adv_w = 224, .box_w = 13, .box_h = 12, .ofs_x = 1, .ofs_y = -1},
    {.bitmap_index = 69368, .adv_w = 224, .box_w = 13, .box_h = 13, .ofs_x = 1, .ofs_y = -1},
    {.bitmap_index = 69390, .adv_w = 224, .box_w = 12, .box_h = 12, .ofs_x = 1, .ofs_y = -1},
    {.bitmap_index = 69408, .adv_w = 224, .box_w = 13, .box_h = 13, .ofs_x = 1, .ofs_y = -1},
    {.bitmap_index = 69430, .adv_w = 224, .box_w = 13, .box_h = 13, .ofs_x = 1, .ofs_y = -1},
    {.bitmap_index = 69452, .adv_w = 224, .box_w = 12, .box_h = 13, .ofs_x = 1, .ofs_y = -1},
    {.bitmap_index = 69472, .adv_w = 224, .box_w = 13, .box_h = 13, .ofs_x = 1, .ofs_y = -1},
    {.bitmap_index = 69494, .adv_w = 224, .box_w = 12, .box_h = 12, .ofs_x = 1, .ofs_y = -1},
    {.bitmap_index = 69512, .adv_w = 224, .box_w = 12, .box_h = 13, .ofs_x = 1, .ofs_y = -1},
    {.bitmap_index = 69532, .adv_w = 224, .box_w = 12, .box_h = 13, .ofs_x = 1, .ofs_y = -1},
    {.bitmap_index = 69552, .adv_w = 224, .box_w = 13, .box_h = 13, .ofs_x = 1, .ofs_y = -1},
    {.bitmap_index = 69574, .adv_w = 224, .box_w = 12, .box_h = 13, .ofs_x = 1, .ofs_y = -1},
    {.bitmap_index = 69594, .adv_w = 224, .box_w = 12, .box_h = 13, .ofs_x = 1, .ofs_y = -1},
    {.bitmap_index = 69614, .adv_w = 224, .box_w = 12, .box_h = 12, .ofs_x = 1, .ofs_y = -1},
    {.bitmap_index = 69632, .adv_w = 224, .box_w = 13, .box_h = 13, .ofs_x = 1, .ofs_y = -1},
    {.bitmap_index = 69654, .adv_w = 224, .box_w = 12, .box_h = 13, .ofs_x = 1, .ofs_y = -1},
    {.bitmap_index = 69674, .adv_w = 224, .box_w = 12, .box_h = 12, .ofs_x = 1, .ofs_y = -1},
    {.bitmap_index = 69692, .adv_w = 224, .box_w = 13, .box_h = 12, .ofs_x = 1, .ofs_y = -1},
    {.bitmap_index = 69712, .adv_w = 224, .box_w = 12, .box_h = 12, .ofs_x = 1, .ofs_y = -1},
    {.bitmap_index = 69730, .adv_w = 224, .box_w = 12, .box_h = 13, .ofs_x = 1, .ofs_y = -1},
    {.bitmap_index = 69750, .adv_w = 224, .box_w = 12, .box_h = 13, .ofs_x = 1, .ofs_y = -1},
    {.bitmap_index = 69770, .adv_w = 224, .box_w = 12, .box_h = 13, .ofs_x = 1, .ofs_y = -1},
    {.bitmap_index = 69790, .adv_w = 224, .box_w = 13, .box_h = 13, .ofs_x = 0, .ofs_y = -1},
    {.bitmap_index = 69812, .adv_w = 224, .box_w = 13, .box_h = 12, .ofs_x = 1, .ofs_y = -1},
    {.bitmap_index = 69832, .adv_w = 224, .box_w = 13, .box_h = 13, .ofs_x = 0, .ofs_y = -1},
    {.bitmap_index = 69854, .adv_w = 224, .box_w = 13, .box_h = 12, .ofs_x = 1, .ofs_y = -1},
    {.bitmap_index = 69874, .adv_w = 224, .box_w = 12, .box_h = 13, .ofs_x = 1, .ofs_y = -1},
    {.bitmap_index = 69894, .adv_w = 224, .box_w = 13, .box_h = 13, .ofs_x = 0, .ofs_y = -1},
    {.bitmap_index = 69916, .adv_w = 224, .box_w = 13, .box_h = 13, .ofs_x = 0, .ofs_y = -1},
    {.bitmap_index = 69938, .adv_w = 224, .box_w = 13, .box_h = 13, .ofs_x = 0, .ofs_y = -1},
    {.bitmap_index = 69960, .adv_w = 224, .box_w = 13, .box_h = 13, .ofs_x = 0, .ofs_y = -1},
    {.bitmap_index = 69982, .adv_w = 224, .box_w = 13, .box_h = 13, .ofs_x = 0, .ofs_y = -1},
    {.bitmap_index = 70004, .adv_w = 224, .box_w = 13, .box_h = 13, .ofs_x = 0, .ofs_y = -1},
    {.bitmap_index = 70026, .adv_w = 224, .box_w = 13, .box_h = 12, .ofs_x = 0, .ofs_y = -1},
    {.bitmap_index = 70046, .adv_w = 224, .box_w = 11, .box_h = 12, .ofs_x = 1, .ofs_y = -1},
    {.bitmap_index = 70063, .adv_w = 224, .box_w = 12, .box_h = 12, .ofs_x = 0, .ofs_y = -1},
    {.bitmap_index = 70081, .adv_w = 224, .box_w = 13, .box_h = 12, .ofs_x = 0, .ofs_y = -1},
    {.bitmap_index = 70101, .adv_w = 224, .box_w = 11, .box_h = 12, .ofs_x = 1, .ofs_y = -1},
    {.bitmap_index = 70118, .adv_w = 224, .box_w = 12, .box_h = 12, .ofs_x = 1, .ofs_y = -1},
    {.bitmap_index = 70136, .adv_w = 224, .box_w = 13, .box_h = 12, .ofs_x = 0, .ofs_y = -1},
    {.bitmap_index = 70156, .adv_w = 224, .box_w = 12, .box_h = 12, .ofs_x = 1, .ofs_y = -1},
    {.bitmap_index = 70174, .adv_w = 224, .box_w = 14, .box_h = 12, .ofs_x = 0, .ofs_y = -1},
    {.bitmap_index = 70195, .adv_w = 224, .box_w = 13, .box_h = 12, .ofs_x = 1, .ofs_y = -1},
    {.bitmap_index = 70215, .adv_w = 224, .box_w = 12, .box_h = 12, .ofs_x = 1, .ofs_y = -1},
    {.bitmap_index = 70233, .adv_w = 224, .box_w = 12, .box_h = 12, .ofs_x = 1, .ofs_y = -1},
    {.bitmap_index = 70251, .adv_w = 224, .box_w = 12, .box_h = 12, .ofs_x = 1, .ofs_y = -1},
    {.bitmap_index = 70269, .adv_w = 224, .box_w = 12, .box_h = 12, .ofs_x = 1, .ofs_y = -1},
    {.bitmap_index = 70287, .adv_w = 224, .box_w = 12, .box_h = 12, .ofs_x = 1, .ofs_y = -1},
    {.bitmap_index = 70305, .adv_w = 224, .box_w = 12, .box_h = 12, .ofs_x = 1, .ofs_y = -1},
    {.bitmap_index = 70323, .adv_w = 224, .box_w = 13, .box_h = 12, .ofs_x = 0, .ofs_y = -1},
    {.bitmap_index = 70343, .adv_w = 224, .box_w = 12, .box_h = 13, .ofs_x = 1, .ofs_y = -1},
    {.bitmap_index = 70363, .adv_w = 224, .box_w = 13, .box_h = 13, .ofs_x = 1, .ofs_y = -1},
    {.bitmap_index = 70385, .adv_w = 224, .box_w = 13, .box_h = 13, .ofs_x = 1, .ofs_y = -1},
    {.bitmap_index = 70407, .adv_w = 224, .box_w = 12, .box_h = 13, .ofs_x = 1, .ofs_y = -1},
    {.bitmap_index = 70427, .adv_w = 224, .box_w = 12, .box_h = 13, .ofs_x = 1, .ofs_y = -1},
    {.bitmap_index = 70447, .adv_w = 224, .box_w = 12, .box_h = 12, .ofs_x = 1, .ofs_y = -1},
    {.bitmap_index = 70465, .adv_w = 224, .box_w = 12, .box_h = 12, .ofs_x = 1, .ofs_y = -1},
    {.bitmap_index = 70483, .adv_w = 224, .box_w = 13, .box_h = 13, .ofs_x = 0, .ofs_y = -1},
    {.bitmap_index = 70505, .adv_w = 224, .box_w = 13, .box_h = 13, .ofs_x = 1, .ofs_y = -1},
    {.bitmap_index = 70527, .adv_w = 224, .box_w = 13, .box_h = 13, .ofs_x = 1, .ofs_y = -1},
    {.bitmap_index = 70549, .adv_w = 224, .box_w = 13, .box_h = 13, .ofs_x = 1, .ofs_y = -1},
    {.bitmap_index = 70571, .adv_w = 224, .box_w = 13, .box_h = 13, .ofs_x = 0, .ofs_y = -1},
    {.bitmap_index = 70593, .adv_w = 224, .box_w = 13, .box_h = 13, .ofs_x = 0, .ofs_y = -1},
    {.bitmap_index = 70615, .adv_w = 224, .box_w = 12, .box_h = 13, .ofs_x = 1, .ofs_y = -1},
    {.bitmap_index = 70635, .adv_w = 224, .box_w = 13, .box_h = 13, .ofs_x = 0, .ofs_y = -1},
    {.bitmap_index = 70657, .adv_w = 224, .box_w = 12, .box_h = 13, .ofs_x = 1, .ofs_y = -1},
    {.bitmap_index = 70677, .adv_w = 224, .box_w = 13, .box_h = 13, .ofs_x = 0, .ofs_y = -1},
    {.bitmap_index = 70699, .adv_w = 224, .box_w = 12, .box_h = 13, .ofs_x = 1, .ofs_y = -1},
    {.bitmap_index = 70719, .adv_w = 224, .box_w = 12, .box_h = 13, .ofs_x = 1, .ofs_y = -1},
    {.bitmap_index = 70739, .adv_w = 224, .box_w = 12, .box_h = 13, .ofs_x = 1, .ofs_y = -2},
    {.bitmap_index = 70759, .adv_w = 224, .box_w = 13, .box_h = 13, .ofs_x = 1, .ofs_y = -2},
    {.bitmap_index = 70781, .adv_w = 224, .box_w = 13, .box_h = 12, .ofs_x = 1, .ofs_y = -1},
    {.bitmap_index = 70801, .adv_w = 224, .box_w = 13, .box_h = 12, .ofs_x = 1, .ofs_y = -1},
    {.bitmap_index = 70821, .adv_w = 224, .box_w = 14, .box_h = 12, .ofs_x = 0, .ofs_y = -1},
    {.bitmap_index = 70842, .adv_w = 224, .box_w = 13, .box_h = 12, .ofs_x = 0, .ofs_y = -1},
    {.bitmap_index = 70862, .adv_w = 224, .box_w = 13, .box_h = 12, .ofs_x = 1, .ofs_y = -1},
    {.bitmap_index = 70882, .adv_w = 224, .box_w = 13, .box_h = 12, .ofs_x = 0, .ofs_y = -1},
    {.bitmap_index = 70902, .adv_w = 224, .box_w = 13, .box_h = 13, .ofs_x = 1, .ofs_y = -1},
    {.bitmap_index = 70924, .adv_w = 224, .box_w = 13, .box_h = 12, .ofs_x = 0, .ofs_y = -1},
    {.bitmap_index = 70944, .adv_w = 224, .box_w = 13, .box_h = 12, .ofs_x = 0, .ofs_y = -1},
    {.bitmap_index = 70964, .adv_w = 224, .box_w = 13, .box_h = 12, .ofs_x = 1, .ofs_y = -1},
    {.bitmap_index = 70984, .adv_w = 224, .box_w = 13, .box_h = 13, .ofs_x = 0, .ofs_y = -1},
    {.bitmap_index = 71006, .adv_w = 224, .box_w = 13, .box_h = 13, .ofs_x = 0, .ofs_y = -1},
    {.bitmap_index = 71028, .adv_w = 224, .box_w = 13, .box_h = 13, .ofs_x = 0, .ofs_y = -1},
    {.bitmap_index = 71050, .adv_w = 224, .box_w = 14, .box_h = 12, .ofs_x = 0, .ofs_y = -1},
    {.bitmap_index = 71071, .adv_w = 224, .box_w = 13, .box_h = 13, .ofs_x = 1, .ofs_y = -1},
    {.bitmap_index = 71093, .adv_w = 224, .box_w = 13, .box_h = 13, .ofs_x = 1, .ofs_y = -1},
    {.bitmap_index = 71115, .adv_w = 224, .box_w = 13, .box_h = 13, .ofs_x = 1, .ofs_y = -1},
    {.bitmap_index = 71137, .adv_w = 224, .box_w = 13, .box_h = 13, .ofs_x = 1, .ofs_y = -1},
    {.bitmap_index = 71159, .adv_w = 224, .box_w = 13, .box_h = 12, .ofs_x = 1, .ofs_y = -1},
    {.bitmap_index = 71179, .adv_w = 224, .box_w = 13, .box_h = 12, .ofs_x = 1, .ofs_y = -1},
    {.bitmap_index = 71199, .adv_w = 224, .box_w = 14, .box_h = 13, .ofs_x = 0, .ofs_y = -1},
    {.bitmap_index = 71222, .adv_w = 224, .box_w = 12, .box_h = 13, .ofs_x = 1, .ofs_y = -1},
    {.bitmap_index = 71242, .adv_w = 224, .box_w = 14, .box_h = 13, .ofs_x = 0, .ofs_y = -1},
    {.bitmap_index = 71265, .adv_w = 224, .box_w = 13, .box_h = 13, .ofs_x = 1, .ofs_y = -1},
    {.bitmap_index = 71287, .adv_w = 224, .box_w = 14, .box_h = 12, .ofs_x = 0, .ofs_y = -1},
    {.bitmap_index = 71308, .adv_w = 224, .box_w = 13, .box_h = 13, .ofs_x = 1, .ofs_y = -1},
    {.bitmap_index = 71330, .adv_w = 224, .box_w = 13, .box_h = 12, .ofs_x = 1, .ofs_y = -1},
    {.bitmap_index = 71350, .adv_w = 224, .box_w = 12, .box_h = 12, .ofs_x = 1, .ofs_y = -1},
    {.bitmap_index = 71368, .adv_w = 224, .box_w = 14, .box_h = 13, .ofs_x = 0, .ofs_y = -1},
    {.bitmap_index = 71391, .adv_w = 224, .box_w = 14, .box_h = 14, .ofs_x = 0, .ofs_y = -2},
    {.bitmap_index = 71416, .adv_w = 224, .box_w = 13, .box_h = 13, .ofs_x = 1, .ofs_y = -1},
    {.bitmap_index = 71438, .adv_w = 224, .box_w = 13, .box_h = 13, .ofs_x = 0, .ofs_y = -1},
    {.bitmap_index = 71460, .adv_w = 224, .box_w = 13, .box_h = 13, .ofs_x = 1, .ofs_y = -1},
    {.bitmap_index = 71482, .adv_w = 224, .box_w = 13, .box_h = 13, .ofs_x = 0, .ofs_y = -1},
    {.bitmap_index = 71504, .adv_w = 224, .box_w = 13, .box_h = 13, .ofs_x = 0, .ofs_y = -1},
    {.bitmap_index = 71526, .adv_w = 224, .box_w = 13, .box_h = 13, .ofs_x = 0, .ofs_y = -1},
    {.bitmap_index = 71548, .adv_w = 224, .box_w = 12, .box_h = 13, .ofs_x = 1, .ofs_y = -1},
    {.bitmap_index = 71568, .adv_w = 224, .box_w = 13, .box_h = 13, .ofs_x = 0, .ofs_y = -1},
    {.bitmap_index = 71590, .adv_w = 224, .box_w = 13, .box_h = 13, .ofs_x = 1, .ofs_y = -1},
    {.bitmap_index = 71612, .adv_w = 224, .box_w = 13, .box_h = 13, .ofs_x = 0, .ofs_y = -1},
    {.bitmap_index = 71634, .adv_w = 224, .box_w = 13, .box_h = 13, .ofs_x = 0, .ofs_y = -1},
    {.bitmap_index = 71656, .adv_w = 224, .box_w = 13, .box_h = 13, .ofs_x = 0, .ofs_y = -1},
    {.bitmap_index = 71678, .adv_w = 224, .box_w = 12, .box_h = 13, .ofs_x = 0, .ofs_y = -1},
    {.bitmap_index = 71698, .adv_w = 224, .box_w = 13, .box_h = 13, .ofs_x = 0, .ofs_y = -1},
    {.bitmap_index = 71720, .adv_w = 224, .box_w = 14, .box_h = 13, .ofs_x = 0, .ofs_y = -1},
    {.bitmap_index = 71743, .adv_w = 224, .box_w = 13, .box_h = 13, .ofs_x = 0, .ofs_y = -1},
    {.bitmap_index = 71765, .adv_w = 224, .box_w = 13, .box_h = 13, .ofs_x = 0, .ofs_y = -1},
    {.bitmap_index = 71787, .adv_w = 224, .box_w = 13, .box_h = 12, .ofs_x = 0, .ofs_y = -1},
    {.bitmap_index = 71807, .adv_w = 224, .box_w = 13, .box_h = 13, .ofs_x = 1, .ofs_y = -1},
    {.bitmap_index = 71829, .adv_w = 224, .box_w = 12, .box_h = 13, .ofs_x = 1, .ofs_y = -1},
    {.bitmap_index = 71849, .adv_w = 224, .box_w = 12, .box_h = 12, .ofs_x = 1, .ofs_y = -1},
    {.bitmap_index = 71867, .adv_w = 224, .box_w = 13, .box_h = 13, .ofs_x = 0, .ofs_y = -1},
    {.bitmap_index = 71889, .adv_w = 224, .box_w = 12, .box_h = 12, .ofs_x = 1, .ofs_y = -1},
    {.bitmap_index = 71907, .adv_w = 224, .box_w = 13, .box_h = 13, .ofs_x = 1, .ofs_y = -1},
    {.bitmap_index = 71929, .adv_w = 224, .box_w = 13, .box_h = 12, .ofs_x = 0, .ofs_y = -1},
    {.bitmap_index = 71949, .adv_w = 224, .box_w = 13, .box_h = 12, .ofs_x = 1, .ofs_y = -1},
    {.bitmap_index = 71969, .adv_w = 224, .box_w = 13, .box_h = 13, .ofs_x = 0, .ofs_y = -1},
    {.bitmap_index = 71991, .adv_w = 224, .box_w = 13, .box_h = 13, .ofs_x = 0, .ofs_y = -1},
    {.bitmap_index = 72013, .adv_w = 224, .box_w = 12, .box_h = 13, .ofs_x = 1, .ofs_y = -1},
    {.bitmap_index = 72033, .adv_w = 224, .box_w = 13, .box_h = 12, .ofs_x = 0, .ofs_y = -1},
    {.bitmap_index = 72053, .adv_w = 224, .box_w = 13, .box_h = 13, .ofs_x = 0, .ofs_y = -1},
    {.bitmap_index = 72075, .adv_w = 224, .box_w = 12, .box_h = 13, .ofs_x = 1, .ofs_y = -1},
    {.bitmap_index = 72095, .adv_w = 224, .box_w = 11, .box_h = 12, .ofs_x = 1, .ofs_y = -1},
    {.bitmap_index = 72112, .adv_w = 224, .box_w = 13, .box_h = 12, .ofs_x = 1, .ofs_y = -1},
    {.bitmap_index = 72132, .adv_w = 224, .box_w = 13, .box_h = 13, .ofs_x = 0, .ofs_y = -1},
    {.bitmap_index = 72154, .adv_w = 224, .box_w = 13, .box_h = 13, .ofs_x = 0, .ofs_y = -1},
    {.bitmap_index = 72176, .adv_w = 224, .box_w = 13, .box_h = 13, .ofs_x = 0, .ofs_y = -1},
    {.bitmap_index = 72198, .adv_w = 224, .box_w = 12, .box_h = 13, .ofs_x = 1, .ofs_y = -1},
    {.bitmap_index = 72218, .adv_w = 224, .box_w = 13, .box_h = 13, .ofs_x = 0, .ofs_y = -1},
    {.bitmap_index = 72240, .adv_w = 224, .box_w = 12, .box_h = 13, .ofs_x = 1, .ofs_y = -1},
    {.bitmap_index = 72260, .adv_w = 224, .box_w = 13, .box_h = 12, .ofs_x = 0, .ofs_y = -1},
    {.bitmap_index = 72280, .adv_w = 224, .box_w = 13, .box_h = 12, .ofs_x = 1, .ofs_y = -1},
    {.bitmap_index = 72300, .adv_w = 224, .box_w = 12, .box_h = 12, .ofs_x = 1, .ofs_y = -1},
    {.bitmap_index = 72318, .adv_w = 224, .box_w = 12, .box_h = 12, .ofs_x = 1, .ofs_y = -1},
    {.bitmap_index = 72336, .adv_w = 224, .box_w = 13, .box_h = 12, .ofs_x = 1, .ofs_y = -1},
    {.bitmap_index = 72356, .adv_w = 224, .box_w = 12, .box_h = 13, .ofs_x = 1, .ofs_y = -1},
    {.bitmap_index = 72376, .adv_w = 224, .box_w = 13, .box_h = 12, .ofs_x = 1, .ofs_y = -1},
    {.bitmap_index = 72396, .adv_w = 224, .box_w = 12, .box_h = 12, .ofs_x = 1, .ofs_y = -1},
    {.bitmap_index = 72414, .adv_w = 224, .box_w = 13, .box_h = 13, .ofs_x = 1, .ofs_y = -1},
    {.bitmap_index = 72436, .adv_w = 224, .box_w = 13, .box_h = 12, .ofs_x = 1, .ofs_y = -1},
    {.bitmap_index = 72456, .adv_w = 224, .box_w = 13, .box_h = 12, .ofs_x = 1, .ofs_y = -1},
    {.bitmap_index = 72476, .adv_w = 224, .box_w = 13, .box_h = 13, .ofs_x = 1, .ofs_y = -1},
    {.bitmap_index = 72498, .adv_w = 224, .box_w = 13, .box_h = 13, .ofs_x = 1, .ofs_y = -1},
    {.bitmap_index = 72520, .adv_w = 224, .box_w = 12, .box_h = 12, .ofs_x = 1, .ofs_y = 0},
    {.bitmap_index = 72538, .adv_w = 224, .box_w = 13, .box_h = 13, .ofs_x = 0, .ofs_y = -1},
    {.bitmap_index = 72560, .adv_w = 224, .box_w = 14, .box_h = 13, .ofs_x = 0, .ofs_y = -1},
    {.bitmap_index = 72583, .adv_w = 224, .box_w = 13, .box_h = 13, .ofs_x = 0, .ofs_y = -1},
    {.bitmap_index = 72605, .adv_w = 224, .box_w = 13, .box_h = 13, .ofs_x = 0, .ofs_y = -1},
    {.bitmap_index = 72627, .adv_w = 224, .box_w = 13, .box_h = 13, .ofs_x = 0, .ofs_y = -1},
    {.bitmap_index = 72649, .adv_w = 224, .box_w = 13, .box_h = 13, .ofs_x = 0, .ofs_y = -1},
    {.bitmap_index = 72671, .adv_w = 224, .box_w = 13, .box_h = 13, .ofs_x = 0, .ofs_y = -1},
    {.bitmap_index = 72693, .adv_w = 224, .box_w = 12, .box_h = 13, .ofs_x = 1, .ofs_y = -1},
    {.bitmap_index = 72713, .adv_w = 224, .box_w = 13, .box_h = 13, .ofs_x = 0, .ofs_y = -1},
    {.bitmap_index = 72735, .adv_w = 224, .box_w = 12, .box_h = 12, .ofs_x = 1, .ofs_y = -1},
    {.bitmap_index = 72753, .adv_w = 224, .box_w = 13, .box_h = 13, .ofs_x = 0, .ofs_y = -1},
    {.bitmap_index = 72775, .adv_w = 224, .box_w = 13, .box_h = 13, .ofs_x = 0, .ofs_y = -1},
    {.bitmap_index = 72797, .adv_w = 224, .box_w = 12, .box_h = 13, .ofs_x = 1, .ofs_y = -1},
    {.bitmap_index = 72817, .adv_w = 224, .box_w = 13, .box_h = 13, .ofs_x = 1, .ofs_y = -1},
    {.bitmap_index = 72839, .adv_w = 224, .box_w = 13, .box_h = 13, .ofs_x = 1, .ofs_y = -1},
    {.bitmap_index = 72861, .adv_w = 224, .box_w = 13, .box_h = 12, .ofs_x = 1, .ofs_y = -1},
    {.bitmap_index = 72881, .adv_w = 224, .box_w = 13, .box_h = 13, .ofs_x = 0, .ofs_y = -1},
    {.bitmap_index = 72903, .adv_w = 224, .box_w = 12, .box_h = 13, .ofs_x = 1, .ofs_y = -1},
    {.bitmap_index = 72923, .adv_w = 224, .box_w = 13, .box_h = 13, .ofs_x = 0, .ofs_y = -1},
    {.bitmap_index = 72945, .adv_w = 224, .box_w = 13, .box_h = 12, .ofs_x = 0, .ofs_y = -1},
    {.bitmap_index = 72965, .adv_w = 224, .box_w = 13, .box_h = 13, .ofs_x = 1, .ofs_y = -1},
    {.bitmap_index = 72987, .adv_w = 224, .box_w = 12, .box_h = 13, .ofs_x = 1, .ofs_y = -1},
    {.bitmap_index = 73007, .adv_w = 224, .box_w = 12, .box_h = 13, .ofs_x = 1, .ofs_y = -1},
    {.bitmap_index = 73027, .adv_w = 224, .box_w = 13, .box_h = 13, .ofs_x = 1, .ofs_y = -1},
    {.bitmap_index = 73049, .adv_w = 224, .box_w = 13, .box_h = 13, .ofs_x = 0, .ofs_y = -1},
    {.bitmap_index = 73071, .adv_w = 224, .box_w = 14, .box_h = 13, .ofs_x = 0, .ofs_y = -1},
    {.bitmap_index = 73094, .adv_w = 224, .box_w = 13, .box_h = 13, .ofs_x = 0, .ofs_y = -1},
    {.bitmap_index = 73116, .adv_w = 224, .box_w = 14, .box_h = 13, .ofs_x = 0, .ofs_y = -1},
    {.bitmap_index = 73139, .adv_w = 224, .box_w = 13, .box_h = 13, .ofs_x = 1, .ofs_y = -1},
    {.bitmap_index = 73161, .adv_w = 224, .box_w = 12, .box_h = 13, .ofs_x = 1, .ofs_y = -1},
    {.bitmap_index = 73181, .adv_w = 224, .box_w = 13, .box_h = 13, .ofs_x = 0, .ofs_y = -1},
    {.bitmap_index = 73203, .adv_w = 224, .box_w = 13, .box_h = 13, .ofs_x = 1, .ofs_y = -1},
    {.bitmap_index = 73225, .adv_w = 224, .box_w = 13, .box_h = 13, .ofs_x = 0, .ofs_y = -1},
    {.bitmap_index = 73247, .adv_w = 224, .box_w = 13, .box_h = 14, .ofs_x = 1, .ofs_y = -2},
    {.bitmap_index = 73270, .adv_w = 224, .box_w = 13, .box_h = 13, .ofs_x = 1, .ofs_y = -1},
    {.bitmap_index = 73292, .adv_w = 224, .box_w = 12, .box_h = 12, .ofs_x = 1, .ofs_y = -1},
    {.bitmap_index = 73310, .adv_w = 224, .box_w = 12, .box_h = 12, .ofs_x = 1, .ofs_y = -1},
    {.bitmap_index = 73328, .adv_w = 224, .box_w = 13, .box_h = 14, .ofs_x = 0, .ofs_y = -2},
    {.bitmap_index = 73351, .adv_w = 224, .box_w = 14, .box_h = 14, .ofs_x = 0, .ofs_y = -2},
    {.bitmap_index = 73376, .adv_w = 224, .box_w = 12, .box_h = 12, .ofs_x = 1, .ofs_y = -1},
    {.bitmap_index = 73394, .adv_w = 224, .box_w = 13, .box_h = 13, .ofs_x = 1, .ofs_y = -1},
    {.bitmap_index = 73416, .adv_w = 224, .box_w = 11, .box_h = 13, .ofs_x = 2, .ofs_y = -1},
    {.bitmap_index = 73434, .adv_w = 224, .box_w = 12, .box_h = 13, .ofs_x = 1, .ofs_y = -1},
    {.bitmap_index = 73454, .adv_w = 224, .box_w = 12, .box_h = 13, .ofs_x = 1, .ofs_y = -1},
    {.bitmap_index = 73474, .adv_w = 224, .box_w = 13, .box_h = 13, .ofs_x = 1, .ofs_y = -1},
    {.bitmap_index = 73496, .adv_w = 224, .box_w = 13, .box_h = 13, .ofs_x = 1, .ofs_y = -1},
    {.bitmap_index = 73518, .adv_w = 224, .box_w = 12, .box_h = 13, .ofs_x = 1, .ofs_y = -1},
    {.bitmap_index = 73538, .adv_w = 224, .box_w = 14, .box_h = 13, .ofs_x = 0, .ofs_y = -1}
};

/*---------------------
 *  CHARACTER MAPPING
 *--------------------*/

static const uint16_t unicode_list_3[] = {
    0x0, 0x1, 0x3, 0x7, 0x8, 0x9, 0xa, 0xb,
    0xd, 0xe, 0x10, 0x11, 0x13, 0x14, 0x16, 0x18,
    0x19, 0x1a, 0x1b, 0x1c, 0x1d, 0x22, 0x24, 0x25,
    0x27, 0x2a, 0x2d, 0x30, 0x32, 0x34, 0x38, 0x39,
    0x3a, 0x3b, 0x3d, 0x3e, 0x43, 0x45, 0x48, 0x49,
    0x4b, 0x4c, 0x4d, 0x4e, 0x4f, 0x50, 0x52, 0x53,
    0x54, 0x56, 0x58, 0x59, 0x5d, 0x5e, 0x5f, 0x60,
    0x61, 0x66, 0x70, 0x71, 0x73, 0x7e, 0x86, 0x88,
    0x89, 0x8b, 0x8c, 0x8e, 0x8f, 0x91, 0x92, 0x94,
    0x95, 0x9a, 0x9b, 0xa1, 0xa4, 0xa5, 0xa6, 0xa7,
    0xa9, 0xab, 0xac, 0xad, 0xae, 0xb2, 0xba, 0xbf,
    0xc0, 0xc1, 0xc5, 0xc6, 0xc7, 0xca, 0xcb, 0xcd,
    0xce, 0xd1, 0xd3, 0xd4, 0xd6, 0xd7, 0xd8, 0xd9,
    0xdf, 0xe3, 0xe4, 0xe5, 0xea, 0xec, 0xf0, 0xf2,
    0xf6, 0xf7, 0xfb, 0xfd, 0xff, 0x101, 0x10a, 0x10d,
    0x10f, 0x110, 0x111, 0x117, 0x118, 0x119, 0x11a, 0x11e,
    0x11f, 0x120, 0x124, 0x126, 0x12a, 0x12f, 0x130, 0x134,
    0x136, 0x138, 0x13a, 0x13c, 0x143, 0x146, 0x14d, 0x14e,
    0x14f, 0x151, 0x153, 0x155, 0x159, 0x15b, 0x15c, 0x160,
    0x163, 0x169, 0x170, 0x173, 0x17f, 0x184, 0x188, 0x18b,
    0x18d, 0x19b, 0x19d, 0x1a0, 0x1a3, 0x1a5, 0x1a6, 0x1a7,
    0x1a8, 0x1ae, 0x1af, 0x1b5, 0x1bf, 0x1c3, 0x1c4, 0x1ca,
    0x1cf, 0x1d0, 0x1d7, 0x1d8, 0x1dd, 0x1e1, 0x1e9, 0x1ed,
    0x1ee, 0x1ef, 0x1f1, 0x1fa, 0x20d, 0x212, 0x214, 0x218,
    0x219, 0x21a, 0x21f, 0x221, 0x226, 0x23a, 0x23c, 0x23e,
    0x247, 0x24e, 0x24f, 0x25a, 0x25c, 0x265, 0x276, 0x277,
    0x27f, 0x280, 0x285, 0x28d, 0x2a8, 0x2ac, 0x2b2, 0x2bb,
    0x2cf, 0x2da, 0x2e7, 0x2f5, 0x2fb, 0x312, 0x321, 0x33f,
    0x341, 0x343, 0x344, 0x345, 0x346, 0x348, 0x349, 0x34b,
    0x34d, 0x351, 0x354, 0x35a, 0x35c, 0x362, 0x365, 0x368,
    0x36b, 0x36c, 0x36d, 0x370, 0x371, 0x373, 0x374, 0x375,
    0x376, 0x377, 0x378, 0x37b, 0x37c, 0x37d, 0x380, 0x385,
    0x388, 0x38c, 0x38d, 0x392, 0x395, 0x397, 0x399, 0x39b,
    0x39c, 0x3a0, 0x3a4, 0x3ac, 0x3af, 0x3b0, 0x3b2, 0x3b3,
    0x3b5, 0x3b6, 0x3b7, 0x3bb, 0x3c0, 0x3c4, 0x3c6, 0x3c9,
    0x3cc, 0x3cf, 0x3d1, 0x3db, 0x3dd, 0x3e0, 0x3e1, 0x3e4,
    0x3eb, 0x3ed, 0x3ef, 0x3f0, 0x3f3, 0x3f6, 0x3f8, 0x3f9,
    0x3fa, 0x3fb, 0x3fd, 0x3ff, 0x400, 0x401, 0x403, 0x406,
    0x407, 0x40a, 0x411, 0x412, 0x417, 0x418, 0x419, 0x41a,
    0x41b, 0x41d, 0x420, 0x424, 0x428, 0x429, 0x42b, 0x42e,
    0x430, 0x436, 0x437, 0x438, 0x439, 0x43a, 0x43b, 0x43d,
    0x442, 0x443, 0x44a, 0x44d, 0x451, 0x454, 0x456, 0x465,
    0x467, 0x469, 0x46a, 0x46f, 0x472, 0x47f, 0x488, 0x49b,
    0x49d, 0x49e, 0x49f, 0x4a0, 0x4a1, 0x4a3, 0x4a8, 0x4a9,
    0x4aa, 0x4ab, 0x4b1, 0x4b2, 0x4b3, 0x4bf, 0x4c3, 0x4c7,
    0x4c9, 0x4cb, 0x4d2, 0x4d8, 0x4df, 0x4e4, 0x4fa, 0x4fe,
    0x4ff, 0x500, 0x505, 0x506, 0x508, 0x515, 0x516, 0x517,
    0x519, 0x520, 0x523, 0x52a, 0x539, 0x53a, 0x53b, 0x53e,
    0x53f, 0x541, 0x543, 0x547, 0x548, 0x54a, 0x54e, 0x54f,
    0x551, 0x552, 0x553, 0x555, 0x556, 0x557, 0x55a, 0x55c,
    0x560, 0x561, 0x562, 0x564, 0x566, 0x567, 0x56b, 0x570,
    0x571, 0x573, 0x574, 0x575, 0x577, 0x578, 0x57f, 0x582,
    0x585, 0x586, 0x589, 0x58b, 0x58c, 0x595, 0x598, 0x59a,
    0x59f, 0x5a2, 0x5a6, 0x5a8, 0x5bb, 0x5bf, 0x5c1, 0x5c2,
    0x5c8, 0x5c9, 0x5ca, 0x5cb, 0x5cc, 0x5cd, 0x5d1, 0x5d4,
    0x5d6, 0x5d7, 0x5d8, 0x5d9, 0x5db, 0x5e0, 0x5e3, 0x5e4,
    0x5e5, 0x5e6, 0x5e8, 0x5ea, 0x5eb, 0x5ec, 0x5ed, 0x5ee,
    0x5ef, 0x5f0, 0x5f2, 0x5f3, 0x5f6, 0x5f7, 0x5f8, 0x5f9,
    0x5fc, 0x5fd, 0x601, 0x603, 0x604, 0x606, 0x608, 0x609,
    0x60a, 0x60c, 0x60d, 0x60e, 0x60f, 0x610, 0x611, 0x613,
    0x615, 0x617, 0x61b, 0x61d, 0x61e, 0x61f, 0x620, 0x626,
    0x627, 0x628, 0x629, 0x62b, 0x62c, 0x62d, 0x62e, 0x62f,
    0x631, 0x634, 0x635, 0x638, 0x639, 0x63b, 0x63c, 0x640,
    0x646, 0x648, 0x64a, 0x650, 0x655, 0x658, 0x65b, 0x65c,
    0x662, 0x668, 0x673, 0x675, 0x67b, 0x67c, 0x67d, 0x686,
    0x68c, 0x68f, 0x690, 0x692, 0x695, 0x696, 0x699, 0x6a7,
    0x6a8, 0x6aa, 0x6ac, 0x6b1, 0x6b3, 0x6b8, 0x6bd, 0x6c0,
    0x6c1, 0x6c4, 0x6c6, 0x6c8, 0x6cd, 0x6ce, 0x6d1, 0x6d7,
    0x6df, 0x6e5, 0x6e8, 0x6e9, 0x6ea, 0x6ed, 0x6ee, 0x6f2,
    0x6fa, 0x6fc, 0x701, 0x706, 0x707, 0x709, 0x710, 0x720,
    0x724, 0x727, 0x72c, 0x72e, 0x72f, 0x731, 0x73e, 0x743,
    0x744, 0x746, 0x74a, 0x761, 0x764, 0x765, 0x766, 0x770,
    0x778, 0x77c, 0x782, 0x784, 0x787, 0x789, 0x78a, 0x798,
    0x79c, 0x79d, 0x7a7, 0x7b3, 0x7b7, 0x7bb, 0x7c5, 0x7d3,
    0x7dc, 0x7e1, 0x7e4, 0x7e6, 0x7fd, 0x800, 0x801, 0x809,
    0x831, 0x832, 0x834, 0x836, 0x839, 0x83f, 0x868, 0x869,
    0x86a, 0x88e, 0x8a3, 0x8b7, 0x8bc, 0x8ca, 0x8da, 0x8db,
    0x8de, 0x8e0, 0x8e2, 0x8e4, 0x8ed, 0x8f0, 0x8f1, 0x8f4,
    0x8fa, 0x8fd, 0x8fe, 0x903, 0x906, 0x908, 0x91f, 0x923,
    0x928, 0x930, 0x93a, 0x93e, 0x940, 0x947, 0x94a, 0x94e,
    0x94f, 0x950, 0x951, 0x957, 0x95a, 0x95b, 0x95d, 0x95e,
    0x95f, 0x960, 0x961, 0x964, 0x966, 0x96a, 0x96f, 0x977,
    0x982, 0x983, 0x984, 0x98b, 0x992, 0x99b, 0x9a2, 0x9a6,
    0x9ab, 0x9ae, 0x9c2, 0x9c3, 0x9cb, 0x9ce, 0x9df, 0x9e0,
    0x9f9, 0x9fa, 0xa02, 0xa06, 0xa15, 0xa21, 0xa24, 0xa2a,
    0xa30, 0xa35, 0xa4c, 0xa51, 0xa54, 0xa58, 0xa5e, 0xa6b,
    0xa83, 0xa85, 0xa93, 0xa99, 0xa9e, 0xaa8, 0xaa9, 0xac1,
    0xad5, 0xae4, 0xaeb, 0xaee, 0xaf0, 0xaf3, 0xaf6, 0xaf9,
    0xb04, 0xb07, 0xb0d, 0xb0f, 0xb15, 0xb16, 0xb1a, 0xb1c,
    0xb1f, 0xb27, 0xb29, 0xb2a, 0xb2b, 0xb2d, 0xb2e, 0xb2f,
    0xb31, 0xb34, 0xb37, 0xb38, 0xb39, 0xb3a, 0xb44, 0xb47,
    0xb48, 0xb49, 0xb4b, 0xb4f, 0xb51, 0xb54, 0xb55, 0xb56,
    0xb57, 0xb60, 0xb62, 0xb65, 0xb73, 0xb74, 0xb76, 0xb78,
    0xb79, 0xb7d, 0xb82, 0xb84, 0xb86, 0xb87, 0xb88, 0xb92,
    0xb93, 0xb96, 0xb99, 0xba5, 0xba8, 0xbb9, 0xbbb, 0xbc6,
    0xbca, 0xbcb, 0xbd0, 0xbd1, 0xbd3, 0xbd4, 0xbda, 0xbdc,
    0xbe5, 0xbe8, 0xbfb, 0xbff, 0xc01, 0xc03, 0xc04, 0xc07,
    0xc18, 0xc1c, 0xc29, 0xc31, 0xc36, 0xc46, 0xc49, 0xc5a,
    0xc74, 0xc76, 0xc7f, 0xc92, 0xc9a, 0xcb3, 0xcc1, 0xcc2,
    0xcc9, 0xccc, 0xce1, 0xce9, 0xd09, 0xd50, 0xd54, 0xd55,
    0xd57, 0xd58, 0xd59, 0xd5d, 0xd5f, 0xd63, 0xd64, 0xd66,
    0xd69, 0xd75, 0xd7d, 0xd81, 0xd83, 0xd85, 0xd87, 0xd88,
    0xd89, 0xd8b, 0xd8c, 0xd8f, 0xd97, 0xd98, 0xd99, 0xd9a,
    0xd9b, 0xd9c, 0xd9d, 0xd9e, 0xda0, 0xda1, 0xda2, 0xda3,
    0xda4, 0xda6, 0xdaa, 0xdab, 0xdb0, 0xdb3, 0xdb4, 0xdb5,
    0xdb6, 0xdb9, 0xdbd, 0xdbe, 0xdbf, 0xdc2, 0xdc4, 0xdc6,
    0xdc7, 0xdcc, 0xdd2, 0xdd3, 0xddd, 0xdde, 0xddf, 0xde1,
    0xde5, 0xde8, 0xdf8, 0xdf9, 0xdfa, 0xdfb, 0xdfc, 0xdff,
    0xe01, 0xe04, 0xe06, 0xe09, 0xe0a, 0xe0f, 0xe11, 0xe14,
    0xe16, 0xe18, 0xe1a, 0xe1d, 0xe24, 0xe31, 0xe38, 0xe3a,
    0xe3c, 0xe3d, 0xe3e, 0xe3f, 0xe40, 0xe41, 0xe42, 0xe45,
    0xe48, 0xe49, 0xe4a, 0xe4b, 0xe4e, 0xe4f, 0xe51, 0xe55,
    0xe5e, 0xe60, 0xe61, 0xe65, 0xe6f, 0xe71, 0xe79, 0xe7f,
    0xe81, 0xe82, 0xe94, 0xe96, 0xe97, 0xe9b, 0xea9, 0xead,
    0xeb3, 0xeb8, 0xee1, 0xee6, 0xeed, 0xef0, 0xefb, 0xf07,
    0xf0e, 0xf14, 0xf16, 0xf29, 0xf2d, 0xf4c, 0xfcd, 0xfdd,
    0xfde, 0xfe1, 0xfe2, 0xfe5, 0xfe6, 0xfe7, 0xfe8, 0xfe9,
    0xfeb, 0xfee, 0xff1, 0xff2, 0xff4, 0xff7, 0xffe, 0x1001,
    0x1002, 0x1003, 0x1005, 0x1006, 0x1008, 0x100c, 0x1010, 0x1015,
    0x1016, 0x1018, 0x101a, 0x101c, 0x101d, 0x1026, 0x102d, 0x102e,
    0x1038, 0x103d, 0x1045, 0x104c, 0x1054, 0x1055, 0x1062, 0x1072,
    0x1073, 0x1074, 0x1076, 0x1078, 0x107b, 0x107c, 0x107d, 0x107f,
    0x1084, 0x1086, 0x1087, 0x108a, 0x108f, 0x1090, 0x1093, 0x1094,
    0x1095, 0x1097, 0x1099, 0x109c, 0x109e, 0x109f, 0x10a6, 0x10a7,
    0x10ad, 0x10b5, 0x10b6, 0x10b7, 0x10b8, 0x10c9, 0x10ca, 0x10d3,
    0x10f6, 0x10f7, 0x10fa, 0x1100, 0x1102, 0x1103, 0x1104, 0x110a,
    0x110f, 0x1113, 0x1115, 0x111b, 0x111f, 0x1120, 0x1125, 0x1126,
    0x1127, 0x112f, 0x1131, 0x1139, 0x113a, 0x1152, 0x1153, 0x1155,
    0x1162, 0x1164, 0x1169, 0x116a, 0x116c, 0x116d, 0x1170, 0x1171,
    0x1179, 0x117b, 0x117c, 0x1180, 0x1181, 0x1184, 0x1185, 0x1188,
    0x118a, 0x118b, 0x1190, 0x1192, 0x1197, 0x1198, 0x1199, 0x11a1,
    0x11aa, 0x11ae, 0x11b7, 0x11bd, 0x11c3, 0x11c5, 0x11c6, 0x11cc,
    0x11cd, 0x11d7, 0x11d8, 0x11d9, 0x11e0, 0x11e7, 0x11eb, 0x11f1,
    0x11f5, 0x11fd, 0x11ff, 0x1200, 0x1201, 0x120e, 0x1212, 0x1214,
    0x1215, 0x1216, 0x121c, 0x121d, 0x1220, 0x1225, 0x1227, 0x1228,
    0x122a, 0x122f, 0x123b, 0x1243, 0x124b, 0x124d, 0x1250, 0x1252,
    0x1255, 0x1262, 0x1264, 0x1268, 0x1269, 0x126c, 0x126d, 0x126f,
    0x1270, 0x1273, 0x1276, 0x127c, 0x1284, 0x1289, 0x128d, 0x1294,
    0x129f, 0x12a0, 0x12a3, 0x12a6, 0x12a8, 0x12ac, 0x12af, 0x12b2,
    0x12b4, 0x12bc, 0x12c5, 0x12ca, 0x12cb, 0x12d1, 0x12d5, 0x12dc,
    0x12e0, 0x12e6, 0x12e7, 0x12e8, 0x12e9, 0x12eb, 0x12ed, 0x12ef,
    0x12f0, 0x12f3, 0x12f6, 0x12f9, 0x1301, 0x1308, 0x1309, 0x130f,
    0x1315, 0x131a, 0x131f, 0x1324, 0x1327, 0x133f, 0x1348, 0x134c,
    0x134e, 0x1355, 0x1362, 0x1367, 0x1368, 0x1370, 0x1377, 0x138b,
    0x138e, 0x1394, 0x13a8, 0x13be, 0x13c2, 0x13c8, 0x13ca, 0x13d2,
    0x13e6, 0x1408, 0x140f, 0x1410, 0x1411, 0x1412, 0x1416, 0x1418,
    0x141a, 0x142a, 0x1433, 0x1434, 0x1437, 0x143f, 0x1440, 0x1441,
    0x1447, 0x144b, 0x144d, 0x144e, 0x1451, 0x1452, 0x1453, 0x1454,
    0x1458, 0x145b, 0x1463, 0x1467, 0x1469, 0x146b, 0x146c, 0x146d,
    0x146e, 0x146f, 0x1470, 0x1473, 0x1476, 0x1479, 0x147c, 0x147e,
    0x147f, 0x1480, 0x1484, 0x148a, 0x1491, 0x1492, 0x1493, 0x1495,
    0x1496, 0x1497, 0x1498, 0x149a, 0x149b, 0x14a0, 0x14a1, 0x14a2,
    0x14a4, 0x14a5, 0x14ab, 0x14ac, 0x14b1, 0x14b5, 0x14b9, 0x14bc,
    0x14bd, 0x14c2, 0x14c4, 0x14c5, 0x14c6, 0x14c7, 0x14c9, 0x14cc,
    0x14cd, 0x14d0, 0x14d2, 0x14d3, 0x14d4, 0x14d6, 0x14d7, 0x14d8,
    0x14d9, 0x14db, 0x14dc, 0x14df, 0x14e2, 0x14e3, 0x14e5, 0x14e6,
    0x14e7, 0x14e8, 0x14e9, 0x14ec, 0x14ed, 0x14ef, 0x14f1, 0x14f3,
    0x14f4, 0x14f7, 0x14fc, 0x14fe, 0x14ff, 0x1501, 0x1502, 0x1507,
    0x1509, 0x150e, 0x1511, 0x1516, 0x151a, 0x151f, 0x1520, 0x1521,
    0x1523, 0x1524, 0x1525, 0x1528, 0x152a, 0x152b, 0x152f, 0x153a,
    0x153d, 0x1542, 0x1545, 0x1546, 0x1549, 0x154c, 0x154d, 0x154e,
    0x154f, 0x1550, 0x1555, 0x155e, 0x155f, 0x1561, 0x1562, 0x1563,
    0x1567, 0x156e, 0x1576, 0x1577, 0x157a, 0x157b, 0x1580, 0x1582,
    0x1588, 0x1589, 0x158c, 0x158f, 0x1590, 0x1592, 0x1596, 0x1598,
    0x15a0, 0x15a2, 0x15a5, 0x15a7, 0x15a8, 0x15a9, 0x15aa, 0x15b0,
    0x15b7, 0x15b8, 0x15ba, 0x15c9, 0x15cd, 0x15cf, 0x15d0, 0x15d2,
    0x15d6, 0x15e1, 0x15e3, 0x15e9, 0x15ea, 0x15ed, 0x15f4, 0x15fd,
    0x1600, 0x1601, 0x1602, 0x1605, 0x160f, 0x1613, 0x1614, 0x161c,
    0x161e, 0x162a, 0x162c, 0x162d, 0x163a, 0x1644, 0x1646, 0x1647,
    0x164a, 0x1654, 0x1658, 0x1667, 0x1669, 0x1678, 0x1679, 0x1687,
    0x1691, 0x1692, 0x1695, 0x169e, 0x16a4, 0x16a9, 0x16ac, 0x16ad,
    0x16ae, 0x16b0, 0x16b5, 0x16bc, 0x16c2, 0x16c5, 0x16cd, 0x16ce,
    0x16d2, 0x16e6, 0x1700, 0x1712, 0x1718, 0x172f, 0x1736, 0x1739,
    0x173b, 0x173e, 0x173f, 0x1745, 0x1748, 0x174c, 0x174f, 0x1751,
    0x1759, 0x175b, 0x175e, 0x1762, 0x1763, 0x1766, 0x176c, 0x1770,
    0x1772, 0x1774, 0x1777, 0x1787, 0x178b, 0x1791, 0x1797, 0x1799,
    0x179c, 0x179f, 0x17a4, 0x17a5, 0x17a7, 0x17a9, 0x17ad, 0x17af,
    0x17b0, 0x17b9, 0x17bd, 0x17c1, 0x17c5, 0x17cb, 0x17cf, 0x17d7,
    0x17e0, 0x17e2, 0x17e5, 0x17e6, 0x17e7, 0x17e8, 0x17e9, 0x17ec,
    0x17ed, 0x17f1, 0x17f6, 0x17f7, 0x17fa, 0x1802, 0x1806, 0x180c,
    0x180e, 0x180f, 0x1813, 0x1814, 0x1819, 0x181f, 0x1820, 0x1825,
    0x1827, 0x1828, 0x182d, 0x182f, 0x1835, 0x183c, 0x183e, 0x1843,
    0x184b, 0x184c, 0x1852, 0x1853, 0x1855, 0x185a, 0x1864, 0x1866,
    0x1868, 0x186e, 0x186f, 0x1870, 0x1874, 0x1876, 0x187a, 0x187e,
    0x1882, 0x1887, 0x1891, 0x1896, 0x1897, 0x18ae, 0x18b4, 0x18d9,
    0x18f2, 0x18f4, 0x18f9, 0x18fc, 0x18fe, 0x18ff, 0x1900, 0x1908,
    0x1909, 0x190b, 0x190d, 0x1917, 0x191b, 0x191d, 0x191f, 0x1926,
    0x1928, 0x192a, 0x192b, 0x192c, 0x192f, 0x1931, 0x1934, 0x1935,
    0x193a, 0x193d, 0x1940, 0x1942, 0x1943, 0x1946, 0x1948, 0x1949,
    0x194e, 0x194f, 0x1950, 0x1951, 0x1956, 0x195c, 0x195f, 0x1960,
    0x1961, 0x1965, 0x1968, 0x196d, 0x196f, 0x1970, 0x197e, 0x197f,
    0x1981, 0x1984, 0x1989, 0x1990, 0x1995, 0x1997, 0x199a, 0x199c,
    0x199d, 0x19a2, 0x19a3, 0x19aa, 0x19ab, 0x19af, 0x19b6, 0x19b7,
    0x19c4, 0x19cf, 0x19d0, 0x19d1, 0x19d2, 0x19d3, 0x19d4, 0x19dc,
    0x19e0, 0x19e5, 0x19ec, 0x19f1, 0x19f3, 0x19f4, 0x19ff, 0x1a05,
    0x1a07, 0x1a08, 0x1a0b, 0x1a0f, 0x1a11, 0x1a13, 0x1a16, 0x1a17,
    0x1a21, 0x1a2a, 0x1a37, 0x1a38, 0x1a39, 0x1a3c, 0x1a3d, 0x1a42,
    0x1a43, 0x1a45, 0x1a46, 0x1a48, 0x1a4c, 0x1a50, 0x1a51, 0x1a63,
    0x1a65, 0x1a66, 0x1a68, 0x1a69, 0x1a76, 0x1a81, 0x1a85, 0x1a86,
    0x1a97, 0x1aa2, 0x1aa6, 0x1aa7, 0x1aa8, 0x1aad, 0x1aaf, 0x1ab0,
    0x1ab3, 0x1ac0, 0x1ac9, 0x1acb, 0x1acd, 0x1ad2, 0x1ad5, 0x1ad8,
    0x1ada, 0x1ae0, 0x1aee, 0x1af1, 0x1af5, 0x1afa, 0x1b05, 0x1b0d,
    0x1b0e, 0x1b12, 0x1b2d, 0x1b30, 0x1b3f, 0x1b54, 0x1b5a, 0x1b5e,
    0x1b63, 0x1b77, 0x1b7c, 0x1b82, 0x1b84, 0x1b86, 0x1b94, 0x1b95,
    0x1b9b, 0x1b9c, 0x1ba8, 0x1bb4, 0x1bd0, 0x1bfd, 0x1c0a, 0x1c1f,
    0x1c21, 0x1c2a, 0x1c31, 0x1c44, 0x1c58, 0x1c59, 0x1c61, 0x1c71,
    0x1c80, 0x1c90, 0x1ca9, 0x1cac, 0x1d20, 0x1d21, 0x1d22, 0x1d23,
    0x1d27, 0x1d32, 0x1d3a, 0x1d3e, 0x1d47, 0x1d49, 0x1d4c, 0x1d62,
    0x1d63, 0x1d64, 0x1d65, 0x1d66, 0x1d67, 0x1d6a, 0x1d79, 0x1d7b,
    0x1d7c, 0x1d83, 0x1d89, 0x1d8a, 0x1d8b, 0x1d96, 0x1db4, 0x1db5,
    0x1db7, 0x1dbf, 0x1dc1, 0x1dc5, 0x1dcd, 0x1dcf, 0x1dd2, 0x1dd4,
    0x1dd5, 0x1dd9, 0x1ddb, 0x1de1, 0x1deb, 0x1def, 0x1e0f, 0x1e11,
    0x1e13, 0x1e14, 0x1e1b, 0x1e22, 0x1e27, 0x1e28, 0x1e2e, 0x1e2f,
    0x1e34, 0x1e38, 0x1e41, 0x1e42, 0x1e47, 0x1e49, 0x1e57, 0x1e5b,
    0x1e5e, 0x1e5f, 0x1e60, 0x1e61, 0x1e64, 0x1e6a, 0x1e70, 0x1e79,
    0x1e7d, 0x1e83, 0x1e88, 0x1e89, 0x1e90, 0x1e99, 0x1e9b, 0x1e9f,
    0x1ea1, 0x1ea5, 0x1ea6, 0x1ea7, 0x1eaa, 0x1eab, 0x1eae, 0x1eb3,
    0x1eb8, 0x1eb9, 0x1ebb, 0x1ebc, 0x1ebd, 0x1ebe, 0x1ebf, 0x1ec4,
    0x1ec9, 0x1eca, 0x1ecc, 0x1ed5, 0x1edb, 0x1ede, 0x1ee1, 0x1ee2,
    0x1ee3, 0x1ee5, 0x1ee8, 0x1eea, 0x1ef0, 0x1ef3, 0x1ef5, 0x1efb,
    0x1efc, 0x1efd, 0x1f01, 0x1f0b, 0x1f12, 0x1f17, 0x1f1b, 0x1f1e,
    0x1f25, 0x1f2a, 0x1f32, 0x1f3b, 0x1f3c, 0x1f3d, 0x1f3e, 0x1f41,
    0x1f45, 0x1f46, 0x1f47, 0x1f4a, 0x1f4b, 0x1f4e, 0x1f51, 0x1f53,
    0x1f59, 0x1f66, 0x1f69, 0x1f6a, 0x1f6e, 0x1f74, 0x1f77, 0x1f78,
    0x1f82, 0x1f88, 0x1f89, 0x1f8c, 0x1f8e, 0x1f95, 0x1f9b, 0x1f9d,
    0x1fa1, 0x1fa3, 0x1fa4, 0x1fa6, 0x1fa7, 0x1fa8, 0x1fa9, 0x1fae,
    0x1faf, 0x1fb2, 0x1fb5, 0x1fc0, 0x1fc6, 0x1fcb, 0x1fcc, 0x1fd1,
    0x1fd8, 0x1fe1, 0x1fe4, 0x1feb, 0x1fee, 0x1ff1, 0x1ff3, 0x1ff7,
    0x1ff9, 0x1ffb, 0x2005, 0x200a, 0x2010, 0x2014, 0x2017, 0x2020,
    0x2021, 0x2023, 0x2024, 0x2029, 0x202f, 0x2034, 0x2038, 0x203a,
    0x2043, 0x2056, 0x2058, 0x207e, 0x207f, 0x2083, 0x2085, 0x2089,
    0x2090, 0x209c, 0x20a2, 0x20aa, 0x20af, 0x20b6, 0x20ba, 0x20cb,
    0x20d1, 0x20d3, 0x20d4, 0x20da, 0x20de, 0x20e1, 0x20e4, 0x20e5,
    0x20e8, 0x20e9, 0x20f4, 0x2102, 0x2106, 0x210f, 0x2113, 0x2114,
    0x2120, 0x2129, 0x212b, 0x2131, 0x213e, 0x2158, 0x215c, 0x2166,
    0x216d, 0x216e, 0x2184, 0x2188, 0x218e, 0x219c, 0x21a1, 0x21b3,
    0x21c0, 0x21d2, 0x2211, 0x224c, 0x226b, 0x226d, 0x226f, 0x2270,
    0x2275, 0x2276, 0x2278, 0x227c, 0x227e, 0x227f, 0x2289, 0x228a,
    0x228e, 0x2292, 0x2295, 0x22ab, 0x22ac, 0x22ad, 0x22ae, 0x22b8,
    0x22b9, 0x22bc, 0x22c1, 0x22c2, 0x22c8, 0x22d8, 0x22d9, 0x22db,
    0x22df, 0x22e4, 0x22e6, 0x22e7, 0x22eb, 0x22ed, 0x22f9, 0x230a,
    0x2315, 0x2319, 0x231a, 0x2326, 0x2330, 0x2336, 0x234c, 0x234e,
    0x235e, 0x2364, 0x2367, 0x236e, 0x2384, 0x238a, 0x238f, 0x2394,
    0x2399, 0x239f, 0x23ac, 0x23c3, 0x23ce, 0x23d5, 0x23e5, 0x2406,
    0x242a, 0x242c, 0x2431, 0x2435, 0x2436, 0x2437, 0x2438, 0x2439,
    0x243d, 0x2447, 0x2448, 0x244c, 0x244d, 0x2459, 0x245b, 0x2461,
    0x2462, 0x2467, 0x2469, 0x2472, 0x2475, 0x2479, 0x247a, 0x2480,
    0x2481, 0x24ac, 0x24af, 0x24b6, 0x24b9, 0x24c2, 0x24c8, 0x24d0,
    0x24d7, 0x24de, 0x24e0, 0x24e1, 0x24ec, 0x24ed, 0x24ee, 0x24f0,
    0x24f1, 0x24f8, 0x24fc, 0x250e, 0x2516, 0x251b, 0x251c, 0x2529,
    0x252a, 0x252b, 0x252c, 0x252e, 0x2534, 0x253e, 0x253f, 0x2584,
    0x2587, 0x2589, 0x258b, 0x2596, 0x259b, 0x25a9, 0x25ab, 0x25af,
    0x25b0, 0x25b2, 0x25b7, 0x25bb, 0x25ca, 0x25cd, 0x25e0, 0x25ed,
    0x2603, 0x2605, 0x2606, 0x2609, 0x2610, 0x2622, 0x2633, 0x2634,
    0x263c, 0x265e, 0x265f, 0x2670, 0x2683, 0x26a7, 0x26dc, 0x26e2,
    0x26e3, 0x26e4, 0x26e6, 0x26ee, 0x26f6, 0x26f7, 0x2718, 0x271a,
    0x271c, 0x271f, 0x2725, 0x2728, 0x2729, 0x272b, 0x2730, 0x2731,
    0x2732, 0x2733, 0x2735, 0x2737, 0x2738, 0x273b, 0x2745, 0x274c,
    0x274f, 0x2754, 0x2759, 0x275c, 0x2765, 0x2766, 0x276a, 0x2774,
    0x2778, 0x2786, 0x278f, 0x2791, 0x2797, 0x2799, 0x279a, 0x279f,
    0x27a4, 0x27ab, 0x27ae, 0x27af, 0x27b2, 0x27b9, 0x27bc, 0x27be,
    0x27c5, 0x27c7, 0x27ca, 0x27d2, 0x27d5, 0x27d8, 0x27db, 0x27e2,
    0x27ea, 0x27f0, 0x27f4, 0x27f9, 0x281f, 0x2824, 0x2826, 0x2829,
    0x282a, 0x282b, 0x2838, 0x283e, 0x284c, 0x285e, 0x2863, 0x287b,
    0x287d, 0x287e, 0x2882, 0x2884, 0x2886, 0x2887, 0x28ae, 0x28b1,
    0x28bf, 0x28c5, 0x28c6, 0x28c8, 0x28ca, 0x28cf, 0x28d0, 0x28d1,
    0x28d2, 0x28d4, 0x28d6, 0x28d7, 0x28d8, 0x28db, 0x28df, 0x28ee,
    0x28ef, 0x28f2, 0x28f4, 0x28f8, 0x28f9, 0x28fc, 0x28fe, 0x2901,
    0x2909, 0x290b, 0x291f, 0x2920, 0x2928, 0x292f, 0x2936, 0x2937,
    0x293c, 0x2940, 0x2941, 0x295b, 0x2961, 0x2963, 0x2966, 0x296c,
    0x2979, 0x2984, 0x298e, 0x2992, 0x29a7, 0x29aa, 0x29ac, 0x29ad,
    0x29b3, 0x29bb, 0x29d7, 0x29db, 0x29e2, 0x29e5, 0x29e9, 0x29eb,
    0x29ed, 0x29ee, 0x29f3, 0x29fe, 0x29ff, 0x2a01, 0x2a02, 0x2a0c,
    0x2a0d, 0x2a14, 0x2a16, 0x2a1a, 0x2a30, 0x2a34, 0x2a38, 0x2a3e,
    0x2a40, 0x2a45, 0x2a55, 0x2a5d, 0x2a6b, 0x2a6c, 0x2a6e, 0x2a7c,
    0x2a89, 0x2a8c, 0x2a8d, 0x2a8e, 0x2a91, 0x2a97, 0x2a98, 0x2a9f,
    0x2aa7, 0x2ab0, 0x2ab1, 0x2ab3, 0x2ab4, 0x2abe, 0x2ac1, 0x2ac5,
    0x2ad5, 0x2ae8, 0x2af7, 0x2b01, 0x2b3a, 0x2b3c, 0x2b3e, 0x2b48,
    0x2b56, 0x2b5d, 0x2b5e, 0x2b5f, 0x2b60, 0x2b65, 0x2b68, 0x2b6d,
    0x2b77, 0x2b78, 0x2b80, 0x2b81, 0x2b8f, 0x2bbb, 0x2bbd, 0x2bbe,
    0x2bc0, 0x2bc1, 0x2bc3, 0x2bc6, 0x2bc9, 0x2bcb, 0x2bcd, 0x2bd1,
    0x2bd2, 0x2bd5, 0x2bd8, 0x2bdf, 0x2be4, 0x2be6, 0x2be7, 0x2be9,
    0x2beb, 0x2bef, 0x2bf0, 0x2bf8, 0x2bfb, 0x2bfd, 0x2c00, 0x2c0b,
    0x2c0d, 0x2c0e, 0x2c1a, 0x2c20, 0x2c33, 0x2c3b, 0x2c3c, 0x2c3d,
    0x2c3f, 0x2c46, 0x2c57, 0x2c74, 0x2c76, 0x2c77, 0x2c7a, 0x2c7f,
    0x2c81, 0x2c83, 0x2c84, 0x2c8d, 0x2c91, 0x2c92, 0x2c96, 0x2c97,
    0x2c98, 0x2c9c, 0x2c9d, 0x2c9f, 0x2ca5, 0x2cbf, 0x2ccb, 0x2cd6,
    0x2cd9, 0x2cde, 0x2cdf, 0x2ce0, 0x2ce3, 0x2ce5, 0x2ced, 0x2cef,
    0x2cf9, 0x2cff, 0x2d06, 0x2d0b, 0x2d11, 0x2d14, 0x2d19, 0x2d1b,
    0x2d24, 0x2d26, 0x2d28, 0x2d2c, 0x2d3c, 0x2d49, 0x2d4b, 0x2d4f,
    0x2d50, 0x2d51, 0x2d52, 0x2d54, 0x2d56, 0x2d5b, 0x2d5d, 0x2d77,
    0x2d79, 0x2d7e, 0x2d80, 0x2d8d, 0x2d95, 0x2d97, 0x2da1, 0x2da9,
    0x2dab, 0x2dad, 0x2db1, 0x2dc7, 0x2dd3, 0x2dd9, 0x2de1, 0x2dee,
    0x2df1, 0x2df7, 0x2e07, 0x2e38, 0x2e3f, 0x2e4d, 0x2e73, 0x2e7b,
    0x2e7d, 0x2e89, 0x2e92, 0x2e97, 0x2e98, 0x2e9f, 0x2ea4, 0x2ea5,
    0x2eaa, 0x2eae, 0x2eb1, 0x2eb9, 0x2ebe, 0x2eca, 0x2ed5, 0x2ed6,
    0x2ed9, 0x2edc, 0x2edf, 0x2ee0, 0x2eef, 0x2efb, 0x2f0a, 0x2f20,
    0x2f22, 0x2f27, 0x2f2b, 0x2f2f, 0x2f6e, 0x3041, 0x30a0, 0x30a2,
    0x30a4, 0x30a6, 0x30a7, 0x30aa, 0x30ab, 0x30ac, 0x30af, 0x30b1,
    0x30b2, 0x30b3, 0x30b5, 0x30b7, 0x30b8, 0x30b9, 0x30ba, 0x30bd,
    0x30bf, 0x30c3, 0x30c4, 0x30c5, 0x30c6, 0x30c7, 0x30c8, 0x30ca,
    0x30cd, 0x30ce, 0x30cf, 0x30d1, 0x30d2, 0x30d3, 0x30d5, 0x30d8,
    0x30d9, 0x30dc, 0x30dd, 0x30de, 0x30df, 0x30e2, 0x30e3, 0x30e7,
    0x30e9, 0x30ea, 0x30ed, 0x30f0, 0x30f3, 0x30f4, 0x30f5, 0x30f7,
    0x30f8, 0x30fc, 0x30fd, 0x30ff, 0x3100, 0x3105, 0x3106, 0x310e,
    0x3113, 0x3114, 0x3115, 0x3116, 0x3118, 0x311a, 0x311d, 0x3120,
    0x3124, 0x3128, 0x3129, 0x312d, 0x3130, 0x3134, 0x3138, 0x313a,
    0x3150, 0x3151, 0x3155, 0x3157, 0x315a, 0x3162, 0x3169, 0x316a,
    0x316e, 0x3172, 0x318a, 0x318e, 0x3194, 0x319e, 0x31a1, 0x31a4,
    0x31b9, 0x31bd, 0x31c1, 0x31c5, 0x31ce, 0x31d4, 0x31d8, 0x31e0,
    0x31e9, 0x31f0, 0x31fb, 0x31fc, 0x3200, 0x3201, 0x3203, 0x3205,
    0x320c, 0x320d, 0x3210, 0x3215, 0x3217, 0x3218, 0x3219, 0x3233,
    0x3238, 0x323b, 0x323d, 0x323f, 0x3242, 0x324a, 0x324b, 0x324c,
    0x3254, 0x3258, 0x325a, 0x326a, 0x3283, 0x3284, 0x3286, 0x3289,
    0x328b, 0x328c, 0x3296, 0x3298, 0x329a, 0x329b, 0x329d, 0x32a0,
    0x32a1, 0x32a2, 0x32a4, 0x32a5, 0x32a9, 0x32aa, 0x32ae, 0x32af,
    0x32b2, 0x32b4, 0x32ba, 0x32be, 0x32bf, 0x32c0, 0x32c1, 0x32c3,
    0x32c6, 0x32cc, 0x32ce, 0x32d6, 0x32da, 0x32dc, 0x32de, 0x32e1,
    0x32e7, 0x32ef, 0x32f0, 0x32f3, 0x32f6, 0x32f8, 0x32fd, 0x3302,
    0x3306, 0x3309, 0x330a, 0x330f, 0x3310, 0x3311, 0x3313, 0x3316,
    0x331a, 0x332f, 0x3331, 0x3338, 0x333e, 0x334a, 0x334b, 0x334c,
    0x3350, 0x3354, 0x3355, 0x3365, 0x336e, 0x3370, 0x3379, 0x337a,
    0x337b, 0x337e, 0x337f, 0x3380, 0x338a, 0x338f, 0x3398, 0x339b,
    0x339c, 0x339d, 0x33a8, 0x33b3, 0x33c0, 0x33c2, 0x33ca, 0x33e3,
    0x33ea, 0x33ed, 0x33f3, 0x33f4, 0x33fc, 0x3400, 0x3405, 0x3406,
    0x340c, 0x340d, 0x3412, 0x3414, 0x341e, 0x341f, 0x342a, 0x342c,
    0x3430, 0x3431, 0x3435, 0x3436, 0x3437, 0x3439, 0x3447, 0x3458,
    0x346f, 0x3470, 0x3472, 0x3473, 0x347a, 0x347e, 0x3482, 0x348b,
    0x348d, 0x3492, 0x3499, 0x349c, 0x349d, 0x34a5, 0x34a6, 0x34ac,
    0x34ad, 0x34af, 0x34b1, 0x34b3, 0x34b9, 0x34bd, 0x34c7, 0x34cd,
    0x34cf, 0x34d4, 0x34d7, 0x34db, 0x34de, 0x34df, 0x34e5, 0x34e6,
    0x34eb, 0x34f1, 0x34f9, 0x3501, 0x3502, 0x3503, 0x3504, 0x3505,
    0x3509, 0x350e, 0x3527, 0x352b, 0x352c, 0x3534, 0x3535, 0x3536,
    0x3538, 0x3546, 0x3549, 0x3550, 0x3552, 0x3554, 0x355a, 0x355e,
    0x3560, 0x3561, 0x3563, 0x3564, 0x3567, 0x356f, 0x3577, 0x3578,
    0x3589, 0x35ab, 0x35b1, 0x35b2, 0x35b7, 0x35b9, 0x35ba, 0x35bd,
    0x35c7, 0x35ca, 0x35cc, 0x35dc, 0x35e0, 0x35e9, 0x35f1, 0x35f2,
    0x3604, 0x360c, 0x360d, 0x360e, 0x361d, 0x3624, 0x3625, 0x3627,
    0x3628, 0x363d, 0x3657, 0x365b, 0x3661, 0x3663, 0x366b, 0x366c,
    0x3671, 0x3675, 0x3682, 0x368b, 0x3699, 0x369c, 0x36b2, 0x36b8,
    0x36bf, 0x36c4, 0x36c9, 0x36d6, 0x36dd, 0x36ec, 0x3711, 0x3713,
    0x3717, 0x371a, 0x372b, 0x372c, 0x373c, 0x373d, 0x3749, 0x374a,
    0x3774, 0x377e, 0x3784, 0x3787, 0x379b, 0x37aa, 0x37af, 0x37cf,
    0x37d0, 0x37d5, 0x37e4, 0x37fb, 0x3811, 0x3838, 0x384e, 0x384f,
    0x3850, 0x3851, 0x385a, 0x386b, 0x3871, 0x3879, 0x387d, 0x387e,
    0x3880, 0x3881, 0x3882, 0x388a, 0x388c, 0x3893, 0x3895, 0x389c,
    0x38a3, 0x38a4, 0x38aa, 0x38af, 0x38c0, 0x38c6, 0x38c7, 0x38c9,
    0x38cb, 0x38d4, 0x38d9, 0x38db, 0x38e4, 0x38ee, 0x38f9, 0x38fe,
    0x3900, 0x3902, 0x3908, 0x3912, 0x3913, 0x3915, 0x3917, 0x3918,
    0x391c, 0x3921, 0x393b, 0x3947, 0x3949, 0x394c, 0x394e, 0x3957,
    0x3959, 0x3960, 0x3974, 0x3976, 0x3983, 0x398d, 0x399f, 0x39ba,
    0x39c0, 0x39c6, 0x39cb, 0x39e5, 0x39f9, 0x3a15, 0x3a22, 0x3a40,
    0x3a45, 0x3a4c, 0x3a4d, 0x3a54, 0x3a57, 0x3a59, 0x3a61, 0x3a63,
    0x3a65, 0x3a68, 0x3a69, 0x3a6b, 0x3a6c, 0x3a70, 0x3a77, 0x3a81,
    0x3a84, 0x3a8b, 0x3a8d, 0x3a92, 0x3a96, 0x3a9c, 0x3aab, 0x3aad,
    0x3ab1, 0x3ac1, 0x3ac2, 0x3ac5, 0x3ac6, 0x3ad5, 0x3ad9, 0x3ae4,
    0x3af3, 0x3af8, 0x3af9, 0x3b02, 0x3b10, 0x3b12, 0x3b25, 0x3b2a,
    0x3b5f, 0x3b7f, 0x3b81, 0x3b86, 0x3bc1, 0x3bc2, 0x3bc4, 0x3bc5,
    0x3bc6, 0x3bc8, 0x3bc9, 0x3bd2, 0x3be3, 0x3be6, 0x3c00, 0x3c89,
    0x3c8a, 0x3c93, 0x3d66, 0x3d6c, 0x3da1, 0x3da2, 0x3da4, 0x3da5,
    0x3da8, 0x3da9, 0x3dad, 0x3dae, 0x3daf, 0x3db0, 0x3db2, 0x3db3,
    0x3db6, 0x3db8, 0x3db9, 0x3dba, 0x3dbc, 0x3dbd, 0x3dbe, 0x3dbf,
    0x3dc0, 0x3dc1, 0x3dc4, 0x3dc5, 0x3dc6, 0x3dc8, 0x3dc9, 0x3dca,
    0x3dcd, 0x3dd1, 0x3dd5, 0x3dd7, 0x3dda, 0x3ddd, 0x3dde, 0x3de1,
    0x3de2, 0x3de5, 0x3de6, 0x3deb, 0x3dec, 0x3ded, 0x3def, 0x3df1,
    0x3df2, 0x3df4, 0x3df5, 0x3df7, 0x3df8, 0x3dfa, 0x3dfb, 0x3dfd,
    0x3dfe, 0x3e01, 0x3e03, 0x3e05, 0x3e06, 0x3e08, 0x3e0a, 0x3e0b,
    0x3e0d, 0x3e0e, 0x3e10, 0x3e12, 0x3e13, 0x3e1a, 0x3e1c, 0x3e22,
    0x3e23, 0x3e24, 0x3e26, 0x3e28, 0x3e2c, 0x3e2d, 0x3e31, 0x3e34,
    0x3e37, 0x3e41, 0x3e46, 0x3e4c, 0x3e61, 0x3e6a, 0x3e6b, 0x3e79,
    0x3e7a, 0x3e8c, 0x3f1d, 0x3f1e, 0x3f1f
};

static const uint16_t unicode_list_5[] = {
    0x0, 0x1, 0x3, 0x4, 0x5, 0x6, 0x8, 0xa,
    0xb, 0xd, 0xe, 0xf, 0x10, 0x16, 0x17, 0x18,
    0x1a, 0x1b, 0x1c, 0x20, 0x22, 0x24, 0x26, 0x27,
    0x2a, 0x2c, 0x2d, 0x2e, 0x30, 0x32, 0x37, 0x3c,
    0x40, 0x41, 0x42, 0x43, 0x4d, 0x51, 0x56, 0x57,
    0x6b, 0x6f, 0x7f, 0x80, 0x8a, 0x8f, 0x97, 0x98,
    0x9d, 0xa7, 0xa9, 0xab, 0xb4, 0xb6, 0xbb, 0xbf,
    0xc1, 0xc3, 0xc6, 0xd6, 0xdb, 0xee, 0xf5, 0xf6,
    0xfd, 0x10e, 0x110, 0x114, 0x117, 0x132, 0x138, 0x139,
    0x13e, 0x14d, 0x15b, 0x177, 0x178, 0x17b, 0x17e, 0x186,
    0x232, 0x233, 0x234, 0x235, 0x238, 0x23a, 0x23b, 0x23c,
    0x240, 0x247, 0x249, 0x24b, 0x24f, 0x251, 0x252, 0x254,
    0x255, 0x25c, 0x25d, 0x25f, 0x261, 0x262, 0x265, 0x267,
    0x268, 0x26a, 0x26b, 0x26f, 0x274, 0x275, 0x277, 0x27c,
    0x27d, 0x285, 0x289, 0x28a, 0x28d, 0x28e, 0x290, 0x291,
    0x293, 0x294, 0x29a, 0x29c, 0x29d, 0x2a0, 0x2a4, 0x2a5,
    0x2a7, 0x2a8, 0x2a9, 0x2aa, 0x2ab, 0x2b7, 0x2bc, 0x2c3,
    0x2c5, 0x2c9, 0x2cc, 0x2cd, 0x2ce, 0x2cf, 0x2d2, 0x2d5,
    0x2d6, 0x2db, 0x2dc, 0x2de, 0x2e0, 0x2e3, 0x2e6, 0x2e7,
    0x2e9, 0x2ea, 0x2eb, 0x2ec, 0x2ee, 0x2fa, 0x304, 0x307,
    0x308, 0x30a, 0x30e, 0x313, 0x319, 0x31b, 0x31f, 0x323,
    0x32f, 0x331, 0x339, 0x33a, 0x341, 0x34b, 0x34c, 0x35d,
    0x35f, 0x36e, 0x36f, 0x372, 0x376, 0x37a, 0x387, 0x38d,
    0x396, 0x39a, 0x39d, 0x3b4, 0x3b9, 0x3c9, 0x3e5, 0x418,
    0x419, 0x41e, 0x423, 0x429, 0x42f, 0x431, 0x436, 0x438,
    0x43d, 0x441, 0x443, 0x444, 0x44b, 0x453, 0x455, 0x457,
    0x45e, 0x493, 0x496, 0x498, 0x499, 0x49a, 0x49b, 0x49d,
    0x540, 0x754, 0x755, 0x75f, 0x765, 0x769, 0x76a, 0x76b,
    0x76c, 0x76e, 0x771, 0x772, 0x773, 0x775, 0x77a, 0x77d,
    0x77f, 0x787, 0x78a, 0x78d, 0x78f, 0x791, 0x792, 0x79c,
    0x7a7, 0x7a8, 0x7a9, 0x7ad, 0x7af, 0x7b9, 0x7be, 0x7c2,
    0x7c4, 0x7c6, 0x7ca, 0x7cc, 0x7cd, 0x7d0, 0x7d1, 0x7d4,
    0x7d5, 0x7d7, 0x7d8, 0x7dc, 0x7e5, 0x7e6, 0x7ed, 0x7ef,
    0x7f0, 0x7f1, 0x7f2, 0x7f4, 0x7f9, 0x7fa, 0x7fb, 0x7fc,
    0x805, 0x807, 0x80c, 0x813, 0x816, 0x81c, 0x828, 0x82f,
    0x83c, 0x842, 0x84b, 0x8b4, 0x8b6, 0x8b9, 0x8ba, 0x8bb,
    0x8bc, 0x8be, 0x8c0, 0x8c3, 0x8c4, 0x8c5, 0x8c6, 0x8c7,
    0x8c9, 0x8cc, 0x8cd, 0x8d1, 0x8da, 0x8dc, 0x8e0, 0x8eb,
    0x8fd, 0x8fe, 0x8ff, 0x900, 0x901, 0x902, 0x907, 0x90b,
    0x910, 0x911, 0x912, 0x914, 0x917, 0x918, 0x919, 0x91c,
    0x921, 0x92d, 0x92e, 0x930, 0x934, 0x935, 0x936, 0x941,
    0x942, 0x943, 0x951, 0x952, 0x95b, 0x95c, 0x960, 0x964,
    0x965, 0x968, 0x973, 0x982, 0x98a, 0x98c, 0x98d, 0x990,
    0x991, 0x992, 0x993, 0x998, 0x99b, 0x9a1, 0x9b4, 0x9b6,
    0x9bf, 0x9c2, 0x9c3, 0x9c5, 0x9ca, 0x9cc, 0x9d3, 0x9d5,
    0x9d9, 0x9da, 0x9e8, 0x9ea, 0x9fe, 0xa04, 0xa05, 0xa1e,
    0xa22, 0xa25, 0xa2a, 0xa2c, 0xa2d, 0xa2e, 0xa35, 0xa40,
    0xa42, 0xa57, 0xa59, 0xa6c, 0xa79, 0xab3, 0xab5, 0xab9,
    0xabf, 0xac1, 0xb41, 0xb42, 0xb43, 0xb45, 0xb46, 0xb47,
    0xb49, 0xb4a, 0xb4b, 0xb4d, 0xb4e, 0xb50, 0xb51, 0xb52,
    0xb53, 0xb54, 0xb56, 0xb5d, 0xb5f, 0xb62, 0xb63, 0xb64,
    0xb68, 0xb69, 0xb6c, 0xb70, 0xb9a, 0xb9e, 0xba4, 0xbaa,
    0xbab, 0xbdc, 0xc31, 0xc39, 0xc3a, 0xc3c, 0xc3d, 0xc3e,
    0xc41, 0xc42, 0xc46, 0xc48, 0xc4b, 0xc4d, 0xc51, 0xc52,
    0xc57, 0xc59, 0xc5b, 0xc5e, 0xc62, 0xc65, 0xd38, 0xd3a,
    0xd3b, 0xd3c, 0xd3d, 0xd3f, 0xd40, 0xd42, 0xd45, 0xd47,
    0xd48, 0xd4a, 0xd4e, 0xd50, 0xd52, 0xd53, 0xd58, 0xd5b,
    0xd5d, 0xd63, 0xd66, 0xd6d, 0xd70, 0xd74, 0xd9f, 0xda4,
    0xddf, 0xe08, 0xe0d, 0xe0e, 0xe10, 0xe1b, 0xe20, 0xf48,
    0xf4d, 0xf68, 0xf70, 0xf77, 0xf84, 0xf90, 0xf99, 0xfa2,
    0xfaa, 0x10eb, 0x10ec, 0x10ed, 0x10ef, 0x10f1, 0x10f2, 0x10f9,
    0x10fb, 0x10ff, 0x1101, 0x1109, 0x110b, 0x110f, 0x1111, 0x1115,
    0x1116, 0x111b, 0x1130, 0x1132, 0x113c, 0x114b, 0x1172, 0x1184,
    0x1187, 0x1190, 0x1199, 0x119a, 0x119d, 0x11a0, 0x11a4, 0x11da,
    0x11df, 0x11ec, 0x1207, 0x121c, 0x124b, 0x1250, 0x1265, 0x126b
};

/*Collect the unicode lists and glyph_id offsets*/
static const lv_font_fmt_txt_cmap_t cmaps[] =
{
    {
        .range_start = 32, .range_length = 1, .glyph_id_start = 1,
        .unicode_list = NULL, .glyph_id_ofs_list = NULL, .list_length = 0, .type = LV_FONT_FMT_TXT_CMAP_FORMAT0_TINY
    },
    {
        .range_start = 34, .range_length = 60, .glyph_id_start = 2,
        .unicode_list = NULL, .glyph_id_ofs_list = NULL, .list_length = 0, .type = LV_FONT_FMT_TXT_CMAP_FORMAT0_TINY
    },
    {
        .range_start = 95, .range_length = 32, .glyph_id_start = 62,
        .unicode_list = NULL, .glyph_id_ofs_list = NULL, .list_length = 0, .type = LV_FONT_FMT_TXT_CMAP_FORMAT0_TINY
    },
    {
        .range_start = 19968, .range_length = 16160, .glyph_id_start = 94,
        .unicode_list = unicode_list_3, .glyph_id_ofs_list = NULL, .list_length = 2965, .type = LV_FONT_FMT_TXT_CMAP_SPARSE_TINY
    },
    {
        .range_start = 36129, .range_length = 17, .glyph_id_start = 3059,
        .unicode_list = NULL, .glyph_id_ofs_list = NULL, .list_length = 0, .type = LV_FONT_FMT_TXT_CMAP_FORMAT0_TINY
    },
    {
        .range_start = 36148, .range_length = 4716, .glyph_id_start = 3076,
        .unicode_list = unicode_list_5, .glyph_id_ofs_list = NULL, .list_length = 520, .type = LV_FONT_FMT_TXT_CMAP_SPARSE_TINY
    }
};

/*-----------------
 *    KERNING
 *----------------*/


/*Pair left and right glyphs for kerning*/
static const uint16_t kern_pair_glyph_ids[] =
{
    2, 12,
    2, 14,
    2, 33,
    2, 42,
    2, 51,
    2, 56,
    2, 66,
    2, 67,
    2, 68,
    2, 78,
    2, 80,
    2, 82,
    7, 12,
    7, 14,
    7, 33,
    7, 42,
    7, 51,
    7, 56,
    7, 66,
    7, 67,
    7, 68,
    7, 78,
    7, 80,
    7, 82,
    8, 42,
    8, 73,
    12, 2,
    12, 7,
    12, 10,
    12, 52,
    12, 53,
    12, 54,
    12, 55,
    12, 57,
    12, 66,
    12, 67,
    12, 68,
    12, 73,
    12, 78,
    12, 80,
    12, 83,
    12, 85,
    12, 86,
    12, 88,
    13, 42,
    13, 51,
    13, 52,
    13, 54,
    13, 55,
    13, 56,
    13, 57,
    13, 58,
    13, 83,
    13, 85,
    13, 87,
    14, 2,
    14, 7,
    14, 10,
    14, 52,
    14, 53,
    14, 54,
    14, 55,
    14, 57,
    14, 66,
    14, 67,
    14, 68,
    14, 73,
    14, 78,
    14, 80,
    14, 83,
    14, 85,
    14, 86,
    14, 88,
    15, 33,
    15, 35,
    15, 39,
    15, 42,
    15, 47,
    15, 49,
    15, 64,
    15, 66,
    15, 67,
    15, 68,
    15, 70,
    15, 72,
    15, 73,
    15, 78,
    15, 80,
    15, 83,
    15, 84,
    26, 10,
    26, 57,
    26, 73,
    27, 10,
    27, 57,
    27, 73,
    33, 2,
    33, 7,
    33, 10,
    33, 31,
    33, 33,
    33, 35,
    33, 39,
    33, 47,
    33, 49,
    33, 52,
    33, 53,
    33, 54,
    33, 56,
    33, 57,
    33, 58,
    33, 60,
    33, 64,
    33, 69,
    33, 82,
    33, 83,
    33, 84,
    33, 85,
    33, 86,
    33, 87,
    33, 88,
    34, 10,
    34, 42,
    34, 51,
    34, 52,
    34, 54,
    34, 55,
    34, 56,
    34, 57,
    34, 58,
    34, 83,
    34, 85,
    34, 86,
    34, 87,
    34, 88,
    35, 13,
    35, 35,
    35, 39,
    35, 42,
    35, 47,
    35, 49,
    35, 51,
    35, 52,
    35, 53,
    35, 54,
    35, 55,
    35, 56,
    35, 57,
    35, 58,
    35, 70,
    35, 83,
    35, 84,
    35, 85,
    35, 86,
    35, 88,
    36, 10,
    36, 15,
    36, 33,
    36, 42,
    36, 52,
    36, 54,
    36, 55,
    36, 56,
    36, 57,
    36, 58,
    36, 87,
    36, 89,
    37, 66,
    37, 67,
    37, 68,
    37, 78,
    37, 80,
    37, 83,
    37, 85,
    37, 87,
    37, 88,
    38, 12,
    38, 14,
    38, 15,
    38, 33,
    38, 35,
    38, 39,
    38, 42,
    38, 47,
    38, 49,
    38, 51,
    38, 54,
    38, 55,
    38, 56,
    38, 58,
    38, 64,
    38, 66,
    38, 67,
    38, 68,
    38, 70,
    38, 76,
    38, 77,
    38, 78,
    38, 79,
    38, 80,
    38, 81,
    38, 82,
    38, 83,
    38, 84,
    38, 85,
    38, 86,
    38, 87,
    38, 88,
    38, 89,
    39, 10,
    39, 33,
    39, 52,
    39, 54,
    39, 55,
    42, 12,
    42, 14,
    42, 42,
    43, 2,
    43, 7,
    43, 10,
    43, 13,
    43, 31,
    43, 33,
    43, 35,
    43, 39,
    43, 47,
    43, 49,
    43, 51,
    43, 52,
    43, 53,
    43, 54,
    43, 55,
    43, 57,
    43, 66,
    43, 67,
    43, 68,
    43, 73,
    43, 78,
    43, 80,
    43, 83,
    43, 84,
    43, 85,
    43, 86,
    43, 87,
    43, 88,
    43, 89,
    44, 2,
    44, 7,
    44, 10,
    44, 13,
    44, 31,
    44, 33,
    44, 35,
    44, 39,
    44, 47,
    44, 49,
    44, 51,
    44, 52,
    44, 53,
    44, 54,
    44, 55,
    44, 57,
    44, 60,
    44, 66,
    44, 67,
    44, 68,
    44, 69,
    44, 70,
    44, 78,
    44, 80,
    44, 83,
    44, 84,
    44, 85,
    44, 86,
    44, 88,
    47, 10,
    47, 15,
    47, 33,
    47, 42,
    47, 52,
    47, 54,
    47, 55,
    47, 56,
    47, 57,
    47, 58,
    47, 87,
    47, 89,
    48, 12,
    48, 13,
    48, 14,
    48, 15,
    48, 33,
    48, 42,
    48, 51,
    48, 52,
    48, 56,
    48, 57,
    48, 58,
    48, 64,
    48, 66,
    48, 67,
    48, 68,
    48, 70,
    48, 78,
    48, 80,
    48, 82,
    48, 87,
    48, 89,
    49, 10,
    49, 15,
    49, 33,
    49, 42,
    49, 52,
    49, 54,
    49, 55,
    49, 56,
    49, 57,
    49, 58,
    49, 87,
    49, 89,
    50, 10,
    50, 13,
    50, 33,
    50, 42,
    50, 51,
    50, 52,
    50, 54,
    50, 55,
    50, 56,
    50, 58,
    50, 64,
    50, 66,
    50, 67,
    50, 68,
    50, 70,
    50, 78,
    50, 80,
    50, 87,
    50, 89,
    51, 10,
    51, 13,
    51, 42,
    51, 51,
    51, 52,
    51, 57,
    51, 83,
    52, 12,
    52, 13,
    52, 14,
    52, 15,
    52, 26,
    52, 27,
    52, 33,
    52, 35,
    52, 39,
    52, 42,
    52, 47,
    52, 49,
    52, 51,
    52, 56,
    52, 57,
    52, 58,
    52, 64,
    52, 66,
    52, 67,
    52, 68,
    52, 69,
    52, 70,
    52, 76,
    52, 77,
    52, 78,
    52, 79,
    52, 80,
    52, 81,
    52, 82,
    52, 83,
    52, 84,
    52, 85,
    52, 86,
    52, 87,
    52, 88,
    52, 89,
    53, 12,
    53, 14,
    53, 15,
    53, 33,
    53, 42,
    53, 51,
    53, 54,
    53, 56,
    53, 57,
    53, 64,
    53, 70,
    53, 82,
    53, 87,
    54, 12,
    54, 13,
    54, 14,
    54, 15,
    54, 33,
    54, 35,
    54, 39,
    54, 42,
    54, 47,
    54, 49,
    54, 51,
    54, 53,
    54, 54,
    54, 58,
    54, 64,
    54, 66,
    54, 67,
    54, 68,
    54, 70,
    54, 76,
    54, 77,
    54, 78,
    54, 79,
    54, 80,
    54, 81,
    54, 82,
    54, 84,
    54, 85,
    54, 86,
    54, 87,
    54, 88,
    54, 89,
    55, 12,
    55, 13,
    55, 14,
    55, 15,
    55, 35,
    55, 39,
    55, 42,
    55, 47,
    55, 49,
    55, 51,
    55, 58,
    55, 64,
    55, 70,
    55, 89,
    56, 2,
    56, 7,
    56, 10,
    56, 13,
    56, 33,
    56, 35,
    56, 39,
    56, 47,
    56, 49,
    56, 51,
    56, 52,
    56, 53,
    56, 64,
    56, 66,
    56, 67,
    56, 68,
    56, 69,
    56, 78,
    56, 80,
    56, 83,
    56, 84,
    56, 85,
    56, 86,
    56, 87,
    56, 88,
    56, 89,
    57, 12,
    57, 13,
    57, 14,
    57, 15,
    57, 26,
    57, 27,
    57, 31,
    57, 33,
    57, 35,
    57, 39,
    57, 42,
    57, 47,
    57, 49,
    57, 51,
    57, 52,
    57, 53,
    57, 58,
    57, 64,
    57, 66,
    57, 67,
    57, 68,
    57, 70,
    57, 76,
    57, 77,
    57, 78,
    57, 79,
    57, 80,
    57, 81,
    57, 82,
    57, 83,
    57, 84,
    57, 85,
    57, 86,
    57, 87,
    57, 88,
    57, 89,
    58, 13,
    58, 33,
    58, 35,
    58, 39,
    58, 42,
    58, 47,
    58, 49,
    58, 51,
    58, 53,
    58, 54,
    58, 55,
    58, 57,
    58, 58,
    58, 64,
    58, 66,
    58, 67,
    58, 68,
    58, 69,
    58, 70,
    58, 78,
    58, 80,
    58, 83,
    58, 84,
    58, 85,
    58, 86,
    58, 87,
    58, 88,
    59, 42,
    59, 73,
    60, 52,
    60, 53,
    60, 54,
    60, 55,
    60, 57,
    60, 70,
    60, 73,
    60, 85,
    60, 86,
    60, 88,
    64, 10,
    64, 31,
    64, 52,
    64, 54,
    64, 55,
    64, 57,
    64, 83,
    65, 2,
    65, 7,
    65, 10,
    65, 12,
    65, 13,
    65, 14,
    65, 31,
    65, 52,
    65, 54,
    65, 56,
    65, 57,
    65, 60,
    65, 64,
    65, 83,
    65, 85,
    65, 86,
    65, 87,
    65, 88,
    65, 89,
    66, 13,
    66, 52,
    66, 54,
    66, 57,
    66, 64,
    66, 66,
    66, 67,
    66, 68,
    66, 70,
    66, 78,
    66, 80,
    66, 83,
    66, 85,
    66, 86,
    66, 87,
    66, 88,
    68, 10,
    68, 13,
    68, 31,
    68, 42,
    68, 51,
    68, 52,
    68, 54,
    68, 55,
    68, 57,
    68, 60,
    68, 64,
    68, 70,
    68, 83,
    68, 85,
    68, 86,
    68, 87,
    68, 88,
    69, 2,
    69, 7,
    69, 9,
    69, 12,
    69, 13,
    69, 14,
    69, 15,
    69, 31,
    69, 52,
    69, 54,
    69, 55,
    69, 56,
    69, 57,
    69, 60,
    69, 61,
    69, 64,
    69, 66,
    69, 67,
    69, 68,
    69, 70,
    69, 73,
    69, 78,
    69, 80,
    69, 82,
    69, 85,
    69, 87,
    69, 89,
    69, 92,
    70, 9,
    70, 10,
    70, 15,
    70, 31,
    70, 52,
    70, 57,
    70, 61,
    70, 64,
    70, 66,
    70, 67,
    70, 68,
    70, 73,
    70, 78,
    70, 80,
    70, 85,
    70, 86,
    70, 88,
    70, 89,
    70, 92,
    71, 10,
    71, 31,
    71, 52,
    71, 54,
    71, 57,
    74, 10,
    74, 12,
    74, 13,
    74, 14,
    74, 26,
    74, 27,
    74, 31,
    74, 52,
    74, 57,
    74, 64,
    74, 66,
    74, 67,
    74, 68,
    74, 70,
    74, 73,
    74, 78,
    74, 80,
    74, 83,
    74, 84,
    74, 87,
    74, 89,
    75, 73,
    76, 10,
    76, 31,
    76, 52,
    76, 54,
    76, 57,
    77, 10,
    77, 31,
    77, 52,
    77, 54,
    77, 57,
    78, 2,
    78, 7,
    78, 10,
    78, 12,
    78, 13,
    78, 14,
    78, 31,
    78, 52,
    78, 54,
    78, 56,
    78, 57,
    78, 60,
    78, 64,
    78, 83,
    78, 85,
    78, 86,
    78, 87,
    78, 88,
    78, 89,
    79, 2,
    79, 7,
    79, 10,
    79, 12,
    79, 13,
    79, 14,
    79, 31,
    79, 52,
    79, 54,
    79, 56,
    79, 57,
    79, 60,
    79, 64,
    79, 83,
    79, 85,
    79, 86,
    79, 87,
    79, 88,
    79, 89,
    80, 10,
    80, 52,
    80, 54,
    80, 57,
    81, 12,
    81, 13,
    81, 14,
    81, 15,
    81, 26,
    81, 27,
    81, 33,
    81, 42,
    81, 58,
    81, 60,
    81, 64,
    81, 66,
    81, 67,
    81, 68,
    81, 70,
    81, 78,
    81, 80,
    81, 82,
    81, 85,
    81, 86,
    81, 88,
    81, 89,
    82, 10,
    82, 13,
    82, 31,
    82, 52,
    82, 54,
    82, 57,
    82, 83,
    83, 12,
    83, 13,
    83, 14,
    83, 15,
    83, 26,
    83, 27,
    83, 31,
    83, 52,
    83, 57,
    83, 64,
    83, 66,
    83, 67,
    83, 68,
    83, 70,
    83, 78,
    83, 80,
    83, 82,
    83, 83,
    83, 87,
    84, 10,
    84, 52,
    84, 54,
    84, 57,
    85, 10,
    85, 12,
    85, 13,
    85, 14,
    85, 15,
    85, 33,
    85, 42,
    85, 52,
    85, 54,
    85, 57,
    85, 58,
    85, 64,
    85, 66,
    85, 67,
    85, 68,
    85, 73,
    85, 78,
    85, 80,
    85, 89,
    86, 10,
    86, 12,
    86, 14,
    86, 15,
    86, 33,
    86, 42,
    86, 52,
    86, 54,
    86, 56,
    86, 57,
    86, 64,
    86, 66,
    86, 67,
    86, 68,
    86, 73,
    86, 78,
    86, 80,
    86, 89,
    87, 10,
    87, 12,
    87, 13,
    87, 14,
    87, 27,
    87, 35,
    87, 39,
    87, 47,
    87, 49,
    87, 51,
    87, 52,
    87, 54,
    87, 56,
    87, 57,
    87, 64,
    87, 66,
    87, 67,
    87, 68,
    87, 78,
    87, 80,
    87, 83,
    88, 12,
    88, 14,
    88, 15,
    88, 42,
    88, 52,
    88, 54,
    88, 56,
    88, 57,
    88, 64,
    88, 66,
    88, 67,
    88, 68,
    88, 73,
    88, 78,
    88, 80,
    88, 87,
    88, 89,
    89, 13,
    89, 52,
    89, 57,
    89, 64,
    89, 66,
    89, 67,
    89, 68,
    89, 70,
    89, 78,
    89, 80,
    89, 84,
    89, 85,
    89, 88,
    90, 42,
    90, 73
};

/* Kerning between the respective left and right glyphs
 * 4.4 format which needs to scaled with `kern_scale`*/
static const int8_t kern_pair_values[] =
{
    -29, -29, -14, -24, -2, -2, -7, -7,
    -7, -7, -7, -5, -29, -29, -14, -24,
    -2, -2, -7, -7, -7, -7, -7, -5,
    -5, 20, -24, -24, -34, -25, -5, -16,
    -9, -23, -3, -3, -3, 6, -3, -3,
    -11, -9, -6, -5, -5, -4, -12, -5,
    -2, -7, -17, -5, -6, -2, -3, -24,
    -24, -34, -25, -5, -16, -9, -23, -3,
    -3, -3, 6, -3, -3, -11, -9, -6,
    -5, -10, -2, -2, -20, -2, -2, -6,
    -8, -8, -8, -2, 6, 6, -8, -8,
    2, -5, -12, -6, 1, -12, -6, 1,
    -14, -14, -24, -6, -2, -2, -2, -2,
    -2, -14, -4, -3, 1, -3, -2, -10,
    6, -2, 6, -3, -2, -2, -1, -1,
    -2, -8, -4, -3, -6, -1, -1, -1,
    -3, -1, -2, -3, -2, -2, -3, -6,
    -7, -7, -2, -7, -7, -6, -4, -3,
    -1, -1, -1, -2, -2, -5, -7, -2,
    -3, -2, -3, -9, -4, -2, -10, -6,
    -2, -2, -4, -5, -5, -3, -2, -2,
    -2, -2, -2, -2, -6, -2, -8, -2,
    -18, -18, -17, -9, -2, -2, -35, -2,
    -2, -5, 1, 1, -6, -8, -9, -3,
    -3, -3, -6, -5, -5, -3, -5, -3,
    -5, -5, -2, -4, -5, -4, -6, -4,
    -7, -7, -1, -5, -3, -1, -6, -6,
    -10, -5, -5, -10, -7, -2, -2, -5,
    -5, -5, -5, -2, -4, -3, -3, -2,
    -4, -2, -2, -2, -2, -2, -2, -8,
    -4, -5, -4, -4, -5, -3, -22, -22,
    -38, -13, -8, 1, -6, -6, -6, -6,
    -6, -30, -7, -19, -14, -19, -20, -3,
    -3, -3, -3, -1, -3, -3, -5, -2,
    -9, -9, -9, -9, -4, -2, -10, -6,
    -2, -2, -4, -5, -5, -3, -2, -28,
    -8, -28, -19, -13, -37, -2, -6, -6,
    -2, -19, -11, -6, -6, -6, -8, -6,
    -6, -2, -3, -5, -9, -4, -2, -10,
    -6, -2, -2, -4, -5, -5, -3, -2,
    -2, -8, -1, -4, -3, -3, 1, 2,
    -1, -2, -1, -2, -2, -2, -1, -2,
    -2, -2, -2, -4, 3, -3, -3, -5,
    -3, -6, -27, -18, -27, -22, -5, -5,
    -10, -6, -6, -32, -6, -6, -10, -5,
    -3, -13, -18, -17, -17, -17, -4, -18,
    -12, -12, -17, -12, -17, -12, -15, -4,
    -12, -8, -9, -10, -8, -19, -4, -4,
    -8, -4, -12, -2, -1, -2, -3, -1,
    -2, -1, -2, -16, -5, -16, -12, -3,
    -2, -2, -18, -2, -2, -2, -2, 2,
    -5, -6, -4, -4, -4, -5, -5, -5,
    -4, -5, -4, -5, -3, -8, -2, -2,
    -4, -2, -6, -9, -2, -9, -7, -2,
    -2, -16, -2, -2, -2, -2, -4, -3,
    -2, -2, -2, -2, -7, 1, -4, -4,
    -4, -4, -3, -5, -2, -2, -2, -2,
    -2, -4, -2, -2, -4, -2, -4, -3,
    -2, -4, -3, -23, -17, -23, -17, -6,
    -6, -2, -3, -3, -3, -25, -3, -3,
    -4, -3, -2, -6, -17, -10, -10, -10,
    -15, -10, -10, -10, -10, -10, -10, -10,
    -7, -9, -3, -6, -9, -3, -12, -9,
    -2, -5, -5, -8, -5, -5, -8, -2,
    -2, -2, -3, -4, -4, -5, -5, -5,
    -5, -4, -5, -5, -3, -6, -4, -4,
    -6, -4, -5, 20, -22, -7, -13, -7,
    -18, 8, 18, -5, -2, 3, -13, -3,
    -6, -4, -1, -6, -3, -7, -7, -6,
    -2, 2, -2, -3, -14, -5, -1, -12,
    -6, -4, -4, -1, -1, -4, -1, -1,
    -5, -5, -3, -6, -2, -5, -5, -5,
    -2, -5, -5, -2, 2, 2, 2, 2,
    -9, 2, -2, -5, -5, -6, -4, -2,
    -6, -5, -4, -2, -2, 1, 1, -2,
    1, 10, 10, 12, -13, -3, -13, -4,
    6, 12, 17, 12, 8, 15, 16, 12,
    -5, -2, -2, -2, -4, -2, -2, -2,
    -1, 3, -1, -3, 12, 4, -8, 12,
    -9, -6, -3, 4, -4, -3, -3, -3,
    9, -3, -3, -1, -1, 4, -3, 4,
    -9, -2, -6, -2, -4, -5, 3, -11,
    3, 3, 3, -3, -9, -3, -2, -4,
    -4, -4, -2, -2, -4, -4, -5, -3,
    -2, -2, 2, -9, -2, -6, -2, -4,
    -9, -2, -6, -2, -4, -7, -7, -6,
    -2, 2, -2, -3, -14, -5, -1, -12,
    -6, -4, -4, -1, -1, -4, -1, -1,
    -7, -7, -6, -2, 2, -2, -3, -14,
    -5, -1, -12, -6, -4, -4, -1, -1,
    -4, -1, -1, -6, -5, -3, -8, -14,
    -6, -14, -9, 6, 6, -3, -14, -2,
    3, -6, -2, -2, -2, -2, -2, -2,
    -1, 6, 5, 6, -1, -12, 2, -3,
    -6, -2, -5, -5, 2, -6, 2, 2,
    4, 4, -6, -3, -1, -5, -3, -3,
    -3, -2, -3, -3, -2, -5, -4, -6,
    -5, -3, -8, -3, -9, -2, -9, -5,
    -3, -10, -5, -2, -3, -2, -5, -1,
    -1, -1, -2, -1, -1, -6, -3, -10,
    -10, -2, -1, -8, -6, -2, -3, -6,
    -2, -1, -1, -1, -2, -1, -1, -4,
    -6, 2, -3, -2, 2, -2, -2, -2,
    -2, -1, -8, -4, -2, -9, -2, -4,
    -4, -4, -4, -4, -6, -9, -9, -4,
    -10, -5, -1, -1, -2, -5, -1, -1,
    -1, -2, -1, -1, -3, -6, -4, -6,
    -7, -6, -2, -2, -2, -2, -2, -2,
    -2, -1, -1, -5, 20
};

/*Collect the kern pair's data in one place*/
static const lv_font_fmt_txt_kern_pair_t kern_pairs =
{
    .glyph_ids = kern_pair_glyph_ids,
    .values = kern_pair_values,
    .pair_cnt = 869,
    .glyph_ids_size = 1
};

/*--------------------
 *  ALL CUSTOM DATA
 *--------------------*/

#if LVGL_VERSION_MAJOR == 8
/*Store all the custom data of the font*/
static  lv_font_fmt_txt_glyph_cache_t cache;
#endif

#if LVGL_VERSION_MAJOR >= 8
static const lv_font_fmt_txt_dsc_t font_dsc = {
#else
static lv_font_fmt_txt_dsc_t font_dsc = {
#endif
    .glyph_bitmap = glyph_bitmap,
    .glyph_dsc = glyph_dsc,
    .cmaps = cmaps,
    .kern_dsc = &kern_pairs,
    .kern_scale = 16,
    .cmap_num = 6,
    .bpp = 1,
    .kern_classes = 0,
    .bitmap_format = 0,
#if LVGL_VERSION_MAJOR == 8
    .cache = &cache
#endif
};



/*-----------------
 *  PUBLIC FONT
 *----------------*/

/*Initialize a public general font descriptor*/
#if LVGL_VERSION_MAJOR >= 8
const lv_font_t my_chinese_font = {
#else
lv_font_t my_chinese_font = {
#endif
    .get_glyph_dsc = lv_font_get_glyph_dsc_fmt_txt,    /*Function pointer to get glyph's data*/
    .get_glyph_bitmap = lv_font_get_bitmap_fmt_txt,    /*Function pointer to get glyph's bitmap*/
    .line_height = 17,          /*The maximum line height required by the font*/
    .base_line = 4,             /*Baseline measured from the bottom of the line*/
#if !(LVGL_VERSION_MAJOR == 6 && LVGL_VERSION_MINOR == 0)
    .subpx = LV_FONT_SUBPX_NONE,
#endif
#if LV_VERSION_CHECK(7, 4, 0) || LVGL_VERSION_MAJOR >= 8
    .underline_position = -2,
    .underline_thickness = 1,
#endif
    .dsc = &font_dsc,          /*The custom font data. Will be accessed by `get_glyph_bitmap/dsc` */
#if LV_VERSION_CHECK(8, 2, 0) || LVGL_VERSION_MAJOR >= 9
    .fallback = NULL,
#endif
    .user_data = NULL,
};



#endif /*#if MY_CHINESE_FONT*/

